energy,dos
-4.995,4.504554835095442e-11
-4.994375585974123,4.2410250801040336e-11
-4.993751171948247,4.0342260008421324e-11
-4.99312675792237,3.854995560978744e-11
-4.9925023438964935,3.677805867037307e-11
-4.991877929870617,3.5294637365711654e-11
-4.991253515844741,3.3996522461884155e-11
-4.990629101818864,3.284761557719972e-11
-4.990004687792987,3.173145596487942e-11
-4.989380273767111,3.088755083474642e-11
-4.988755859741234,3.0084597847784666e-11
-4.988131445715357,2.921143195244524e-11
-4.98750703168948,2.8552609054688104e-11
-4.986882617663604,2.7741422257745536e-11
-4.986258203637727,2.706868835566121e-11
-4.9856337896118506,2.6661506522593038e-11
-4.985009375585975,2.5960004157838652e-11
-4.984384961560098,2.557279136116577e-11
-4.983760547534221,2.497755852185803e-11
-4.983136133508344,2.4476555960510124e-11
-4.982511719482468,2.400362971124306e-11
-4.981887305456591,2.3604993371633093e-11
-4.981262891430714,2.3175157482775493e-11
-4.980638477404838,2.29161598638721e-11
-4.980014063378961,2.2561702350901407e-11
-4.9793896493530845,2.2149440950041932e-11
-4.9787652353272085,2.1847600867423807e-11
-4.978140821301332,2.1530907930246056e-11
-4.977516407275455,2.1166894293664252e-11
-4.976891993249578,2.0841848687697566e-11
-4.976267579223702,2.0695292090727564e-11
-4.975643165197825,2.0367458530884067e-11
-4.975018751171948,2.0172688732066485e-11
-4.974394337146072,1.99370138676315e-11
-4.973769923120195,1.9665150125273473e-11
-4.973145509094318,1.9490565765416108e-11
-4.9725210950684415,1.9125616881285594e-11
-4.9718966810425655,1.9077464499826955e-11
-4.971272267016689,1.8711658160197623e-11
-4.970647852990812,1.8584400720738367e-11
-4.970023438964936,1.840985735351139e-11
-4.969399024939059,1.8120109081283862e-11
-4.968774610913182,1.7978109876510594e-11
-4.968150196887305,1.7786671710735772e-11
-4.967525782861429,1.7665581992818106e-11
-4.966901368835552,1.7481170939880705e-11
-4.9662769548096755,1.73881138564736e-11
-4.9656525407837995,1.708000598090689e-11
-4.965028126757923,1.6962212816336074e-11
-4.964403712732046,1.6840199670384277e-11
-4.963779298706169,1.6773644456743192e-11
-4.963154884680293,1.6543170775557656e-11
-4.962530470654416,1.6391626306313317e-11
-4.961906056628539,1.6393488386994354e-11
-4.961281642602663,1.610116952742736e-11
-4.960657228576786,1.6033816956311294e-11
-4.960032814550909,1.5955032324265166e-11
-4.9594084005250325,1.5776155457288703e-11
-4.9587839864991565,1.5650351948249466e-11
-4.95815957247328,1.5541419070946548e-11
-4.957535158447403,1.544580168448513e-11
-4.956910744421527,1.5328162391413328e-11
-4.95628633039565,1.516600284360978e-11
-4.955661916369773,1.512415833866981e-11
-4.955037502343896,1.4995837886630517e-11
-4.95441308831802,1.4866445401265198e-11
-4.953788674292143,1.48267659701941e-11
-4.953164260266266,1.468739474423883e-11
-4.9525398462403905,1.4569175066564096e-11
-4.951915432214514,1.4475650532546831e-11
-4.951291018188637,1.4402022312691168e-11
-4.950666604162761,1.429898529575607e-11
-4.950042190136884,1.4211858998941134e-11
-4.949417776111007,1.4092060002701856e-11
-4.94879336208513,1.409105416671445e-11
-4.948168948059254,1.3951586673385857e-11
-4.947544534033377,1.3873533407488796e-11
-4.9469201200075,1.369772314786314e-11
-4.946295705981624,1.3689939301494787e-11
-4.9456712919557475,1.3609372742600737e-11
-4.945046877929871,1.3534745471135058e-11
-4.944422463903994,1.3442872809281784e-11
-4.943798049878118,1.3384361441849708e-11
-4.943173635852241,1.3288330578933795e-11
-4.942549221826364,1.3317796707804656e-11
-4.941924807800488,1.3169847428279393e-11
-4.941300393774611,1.3135020028638342e-11
-4.940675979748734,1.3085170887289072e-11
-4.940051565722857,1.3006189362051609e-11
-4.939427151696981,1.290906791443364e-11
-4.938802737671105,1.284762167727396e-11
-4.938178323645228,1.2758257978503623e-11
-4.937553909619352,1.2748434565500855e-11
-4.936929495593475,1.2626901376112756e-11
-4.936305081567598,1.2584142648139343e-11
-4.935680667541721,1.2504505996267778e-11
-4.935056253515845,1.2426958151725957e-11
-4.934431839489968,1.2364980117951883e-11
-4.933807425464091,1.2288689508987119e-11
-4.933183011438215,1.2254661803568117e-11
-4.9325585974123385,1.2227839881702176e-11
-4.931934183386462,1.2174409626098535e-11
-4.931309769360585,1.2086008798482665e-11
-4.930685355334709,1.2031130893639136e-11
-4.930060941308832,1.1955032707692138e-11
-4.929436527282955,1.196327076116625e-11
-4.928812113257079,1.1897651944289293e-11
-4.928187699231202,1.1834147173766223e-11
-4.927563285205325,1.1756284407311156e-11
-4.926938871179448,1.1754331043343573e-11
-4.926314457153572,1.168169213176383e-11
-4.9256900431276955,1.1621773506509516e-11
-4.925065629101819,1.1597220693500545e-11
-4.924441215075943,1.1515890991267707e-11
-4.923816801050066,1.1496862473031946e-11
-4.923192387024189,1.1407653737063997e-11
-4.922567972998312,1.138715487326429e-11
-4.921943558972436,1.135328114762862e-11
-4.921319144946559,1.1267955517001899e-11
-4.920694730920682,1.1266062072653155e-11
-4.920070316894806,1.1207480856259407e-11
-4.9194459028689295,1.1142028517025782e-11
-4.918821488843053,1.1126566819207342e-11
-4.918197074817177,1.106629409857246e-11
-4.9175726607913,1.1068787286979305e-11
-4.916948246765423,1.098203189329375e-11
-4.916323832739546,1.0973651673575164e-11
-4.91569941871367,1.090969542389405e-11
-4.915075004687793,1.0869712872364519e-11
-4.914450590661916,1.081929346447841e-11
-4.91382617663604,1.0797510747405828e-11
-4.913201762610163,1.0762027470578547e-11
-4.9125773485842865,1.0674552992263717e-11
-4.91195293455841,1.0677931540317032e-11
-4.911328520532534,1.0632518062638695e-11
-4.910704106506657,1.0570931077824305e-11
-4.91007969248078,1.0546538288110896e-11
-4.909455278454904,1.0495596679984556e-11
-4.908830864429027,1.0470005318380443e-11
-4.90820645040315,1.0484176827784845e-11
-4.907582036377273,1.037767799197483e-11
-4.906957622351397,1.0391420722936465e-11
-4.9063332083255204,1.0368108863175844e-11
-4.905708794299644,1.029817687511602e-11
-4.905084380273768,1.0278081331614841e-11
-4.904459966247891,1.0204660095590833e-11
-4.903835552222014,1.0226026032111581e-11
-4.903211138196137,1.0163253873154299e-11
-4.902586724170261,1.01274133443572e-11
-4.901962310144384,1.011510489145709e-11
-4.901337896118507,1.0038789010175582e-11
-4.900713482092631,1.007244778979241e-11
-4.900089068066754,1.0021231278047145e-11
-4.8994646540408775,9.947967849822996e-12
-4.898840240015001,9.920385305102663e-12
-4.898215825989125,9.922359812968801e-12
-4.897591411963248,9.889310257509768e-12
-4.896966997937371,9.870423822785313e-12
-4.896342583911495,9.809158393776401e-12
-4.895718169885618,9.745721342835686e-12
-4.895093755859741,9.746205664820652e-12
-4.894469341833865,9.713247686442909e-12
-4.893844927807988,9.722633208458703e-12
-4.893220513782111,9.684361530006414e-12
-4.8925960997562346,9.678949477798539e-12
-4.891971685730359,9.587734469232418e-12
-4.891347271704482,9.575723702665859e-12
-4.890722857678605,9.581216567971517e-12
-4.890098443652729,9.53484744887018e-12
-4.889474029626852,9.468391460503534e-12
-4.888849615600975,9.487188096028586e-12
-4.888225201575098,9.449706923933246e-12
-4.887600787549222,9.40072789508686e-12
-4.886976373523345,9.365876387158047e-12
-4.8863519594974685,9.363079383214346e-12
-4.8857275454715925,9.37146415318435e-12
-4.885103131445716,9.334633041459046e-12
-4.884478717419839,9.325002789233886e-12
-4.883854303393962,9.252730543940836e-12
-4.883229889368086,9.259154436408962e-12
-4.882605475342209,9.184022161536426e-12
-4.881981061316332,9.176136471572198e-12
-4.881356647290456,9.14825807653022e-12
-4.880732233264579,9.129448216550934e-12
-4.880107819238702,9.125106771182539e-12
-4.8794834052128255,9.111885794867397e-12
-4.8788589911869495,9.076246614951352e-12
-4.878234577161073,9.016026898745037e-12
-4.877610163135196,9.024968105542327e-12
-4.87698574910932,8.966482075696787e-12
-4.876361335083443,8.95538547116712e-12
-4.875736921057566,8.941459198070255e-12
-4.875112507031689,8.9475470978687e-12
-4.874488093005813,8.917618774315131e-12
-4.873863678979936,8.89492300027999e-12
-4.8732392649540595,8.867179114657042e-12
-4.8726148509281835,8.82040642352498e-12
-4.871990436902307,8.792511902392837e-12
-4.87136602287643,8.824026098823186e-12
-4.870741608850553,8.75214493191193e-12
-4.870117194824677,8.724256845079917e-12
-4.8694927807988,8.725013723888566e-12
-4.868868366772923,8.663378344657789e-12
-4.868243952747047,8.721306841605225e-12
-4.86761953872117,8.621587768027068e-12
-4.866995124695293,8.632976443684976e-12
-4.8663707106694165,8.612093121686653e-12
-4.8657462966435405,8.607653027607884e-12
-4.865121882617664,8.555993933767366e-12
-4.864497468591787,8.577378933767708e-12
-4.863873054565911,8.52235298377467e-12
-4.863248640540034,8.46793350759785e-12
-4.862624226514157,8.490292480388589e-12
-4.861999812488281,8.513871035012011e-12
-4.861375398462404,8.45095446538852e-12
-4.860750984436527,8.43653344414524e-12
-4.86012657041065,8.38662908730066e-12
-4.8595021563847745,8.424048997591322e-12
-4.858877742358898,8.390114564263684e-12
-4.858253328333021,8.355529930402101e-12
-4.857628914307145,8.34376421083808e-12
-4.857004500281268,8.3115966028708e-12
-4.856380086255391,8.295859903120068e-12
-4.855755672229514,8.322775574534776e-12
-4.855131258203638,8.232229328905054e-12
-4.854506844177761,8.245131763593461e-12
-4.853882430151884,8.234763409180377e-12
-4.853258016126008,8.2092404225554e-12
-4.8526336021001315,8.190655092626187e-12
-4.852009188074255,8.199675452603444e-12
-4.851384774048378,8.19325123593617e-12
-4.850760360022502,8.14743457426563e-12
-4.850135945996625,8.119099148624325e-12
-4.849511531970748,8.092339207049283e-12
-4.848887117944872,8.136617689756531e-12
-4.848262703918995,8.066440273731974e-12
-4.847638289893118,8.07097050856744e-12
-4.847013875867241,8.049957842422393e-12
-4.846389461841365,8.01589496727877e-12
-4.845765047815489,7.972845909560152e-12
-4.845140633789612,8.003193884648261e-12
-4.844516219763736,7.974251033813672e-12
-4.843891805737859,7.954360429303753e-12
-4.843267391711982,7.933184902873157e-12
-4.842642977686105,7.9065590698035e-12
-4.842018563660229,7.898084174923613e-12
-4.841394149634352,7.893300880258401e-12
-4.840769735608475,7.850430557970012e-12
-4.840145321582599,7.841305421879974e-12
-4.8395209075567225,7.877980873733754e-12
-4.838896493530846,7.839913959303956e-12
-4.83827207950497,7.802942139397991e-12
-4.837647665479093,7.789345375301027e-12
-4.837023251453216,7.807192201292275e-12
-4.836398837427339,7.767602868674299e-12
-4.835774423401463,7.756949845966559e-12
-4.835150009375586,7.712428426146392e-12
-4.834525595349709,7.701668347522384e-12
-4.833901181323833,7.713520456021736e-12
-4.833276767297956,7.70994620659974e-12
-4.8326523532720795,7.694254283259404e-12
-4.832027939246203,7.686068281032988e-12
-4.831403525220327,7.668598563058981e-12
-4.83077911119445,7.625731185351139e-12
-4.830154697168573,7.62706077288945e-12
-4.829530283142697,7.641227108613784e-12
-4.82890586911682,7.609520513238566e-12
-4.828281455090943,7.57049982326527e-12
-4.827657041065066,7.567056275808831e-12
-4.82703262703919,7.578614532095039e-12
-4.8264082130133135,7.539420216086949e-12
-4.825783798987437,7.513294905559672e-12
-4.825159384961561,7.524885686264099e-12
-4.824534970935684,7.487959084633205e-12
-4.823910556909807,7.529878442696675e-12
-4.82328614288393,7.47904369173371e-12
-4.822661728858054,7.461741945756562e-12
-4.822037314832177,7.460499382295601e-12
-4.8214129008063,7.427163295282832e-12
-4.820788486780424,7.444942455704595e-12
-4.820164072754547,7.393878804987834e-12
-4.8195396587286705,7.412539838688947e-12
-4.818915244702794,7.396210228404375e-12
-4.818290830676918,7.381351202420075e-12
-4.817666416651041,7.379246100719953e-12
-4.817042002625164,7.355033411298633e-12
-4.816417588599288,7.381145044332197e-12
-4.815793174573411,7.341736838768122e-12
-4.815168760547534,7.32743887973234e-12
-4.814544346521657,7.276689982151722e-12
-4.813919932495781,7.297800450070861e-12
-4.813295518469904,7.292880514041215e-12
-4.812671104444028,7.262948849108242e-12
-4.812046690418152,7.244128958507839e-12
-4.811422276392275,7.240990186982178e-12
-4.810797862366398,7.2061159477323075e-12
-4.810173448340521,7.1921271338431916e-12
-4.809549034314645,7.214546919246069e-12
-4.808924620288768,7.208510560531015e-12
-4.808300206262891,7.1900525816920345e-12
-4.807675792237015,7.174841403412881e-12
-4.807051378211138,7.16527127079062e-12
-4.8064269641852615,7.139735076771919e-12
-4.805802550159385,7.140641144669023e-12
-4.805178136133509,7.140833594937596e-12
-4.804553722107632,7.125204185115157e-12
-4.803929308081755,7.12412695927131e-12
-4.803304894055879,7.120458938109456e-12
-4.802680480030002,7.092335090334514e-12
-4.802056066004125,7.079816749249796e-12
-4.801431651978249,7.063078621612453e-12
-4.800807237952372,7.07171342806914e-12
-4.800182823926495,7.05605612028458e-12
-4.7995584099006185,7.031239746634161e-12
-4.798933995874743,7.007635538216659e-12
-4.798309581848866,7.0220066620484555e-12
-4.797685167822989,7.0207614633016496e-12
-4.797060753797113,6.965079183446034e-12
-4.796436339771236,7.0004286173064055e-12
-4.795811925745359,6.9755716250881546e-12
-4.795187511719482,6.966840928155499e-12
-4.794563097693606,6.9474059577298714e-12
-4.793938683667729,6.9190821415307365e-12
-4.7933142696418525,6.913444787787457e-12
-4.7926898556159765,6.910440774223019e-12
-4.7920654415901,6.9328179060494105e-12
-4.791441027564223,6.908696985476374e-12
-4.790816613538346,6.907177277865255e-12
-4.79019219951247,6.879042460066845e-12
-4.789567785486593,6.865977971980733e-12
-4.788943371460716,6.889132421691128e-12
-4.78831895743484,6.844178939931643e-12
-4.787694543408963,6.853296925481239e-12
-4.787070129383086,6.853574573009476e-12
-4.7864457153572095,6.853577994454894e-12
-4.7858213013313335,6.8405427243600916e-12
-4.785196887305457,6.808283767731159e-12
-4.78457247327958,6.7993859622869185e-12
-4.783948059253704,6.807576539741535e-12
-4.783323645227827,6.769399728690832e-12
-4.78269923120195,6.777018398403666e-12
-4.782074817176074,6.7689593550010596e-12
-4.781450403150197,6.762225899501309e-12
-4.78082598912432,6.7799343084246155e-12
-4.7802015750984435,6.734347381224018e-12
-4.7795771610725675,6.743078474498871e-12
-4.778952747046691,6.696435573698508e-12
-4.778328333020814,6.741068338050328e-12
-4.777703918994938,6.705724392876176e-12
-4.777079504969061,6.667937603115845e-12
-4.776455090943184,6.703497605546806e-12
-4.775830676917307,6.682132598981499e-12
-4.775206262891431,6.689200539154385e-12
-4.774581848865554,6.681130765004456e-12
-4.773957434839677,6.6245374629967726e-12
-4.773333020813801,6.66103308490482e-12
-4.7727086067879245,6.636333293092519e-12
-4.772084192762048,6.645988549343088e-12
-4.771459778736171,6.621781452447966e-12
-4.770835364710295,6.647595015653487e-12
-4.770210950684418,6.6168503704633375e-12
-4.769586536658541,6.627186511668255e-12
-4.768962122632665,6.599207805476258e-12
-4.768337708606788,6.6042025250751106e-12
-4.767713294580911,6.581469274912357e-12
-4.767088880555034,6.562454006445992e-12
-4.7664644665291585,6.594415403815793e-12
-4.765840052503282,6.572946526477548e-12
-4.765215638477405,6.5599773464414934e-12
-4.764591224451529,6.535483447623241e-12
-4.763966810425652,6.5508563755277196e-12
-4.763342396399775,6.5169156703884224e-12
-4.762717982373898,6.546402320969861e-12
-4.762093568348022,6.519757292967709e-12
-4.761469154322145,6.527053479157078e-12
-4.760844740296268,6.501612799773387e-12
-4.760220326270392,6.489159066800936e-12
-4.7595959122445155,6.5031007752841746e-12
-4.758971498218639,6.483076826842399e-12
-4.758347084192762,6.47797813464785e-12
-4.757722670166886,6.4728596216441276e-12
-4.757098256141009,6.458391790919589e-12
-4.756473842115132,6.484736699833497e-12
-4.755849428089256,6.465646432365351e-12
-4.755225014063379,6.443792030214221e-12
-4.754600600037502,6.440714535853016e-12
-4.753976186011625,6.43413805821565e-12
-4.753351771985749,6.406924447219728e-12
-4.752727357959873,6.432229442883654e-12
-4.752102943933996,6.435536988282329e-12
-4.75147852990812,6.388009403908509e-12
-4.750854115882243,6.378706265941332e-12
-4.750229701856366,6.371481873174187e-12
-4.749605287830489,6.4088327024181206e-12
-4.748980873804613,6.411619490052345e-12
-4.748356459778736,6.38813164568445e-12
-4.747732045752859,6.364060402976024e-12
-4.747107631726983,6.334070082952426e-12
-4.7464832177011065,6.358300259663879e-12
-4.74585880367523,6.3676073956162076e-12
-4.745234389649354,6.333416296819421e-12
-4.744609975623477,6.3511568788365986e-12
-4.7439855615976,6.337148665413062e-12
-4.743361147571723,6.324384906542824e-12
-4.742736733545847,6.310524139317239e-12
-4.74211231951997,6.324842379908624e-12
-4.741487905494093,6.348265692834837e-12
-4.740863491468217,6.326433002322496e-12
-4.74023907744234,6.308219616006248e-12
-4.7396146634164635,6.271849016351808e-12
-4.738990249390587,6.313181504763365e-12
-4.738365835364711,6.29738657177544e-12
-4.737741421338834,6.274538966582743e-12
-4.737117007312957,6.275788339346813e-12
-4.736492593287081,6.263913233930321e-12
-4.735868179261204,6.285184493691988e-12
-4.735243765235327,6.260905672926846e-12
-4.73461935120945,6.260728089840467e-12
-4.733994937183574,6.257928704096511e-12
-4.7333705231576975,6.256822582923449e-12
-4.732746109131821,6.219092035919287e-12
-4.732121695105945,6.2281676257887114e-12
-4.731497281080068,6.222601860786806e-12
-4.730872867054191,6.223122751742883e-12
-4.730248453028314,6.227951866049759e-12
-4.729624039002438,6.210496898134951e-12
-4.728999624976561,6.212687175465476e-12
-4.728375210950684,6.196619629590972e-12
-4.727750796924808,6.1977726058324526e-12
-4.727126382898931,6.212593529653463e-12
-4.7265019688730545,6.177203572363182e-12
-4.7258775548471785,6.208010718857629e-12
-4.725253140821302,6.188453822923436e-12
-4.724628726795425,6.1712234495632955e-12
-4.724004312769548,6.163129182917286e-12
-4.723379898743672,6.193472935244014e-12
-4.722755484717795,6.177316392225713e-12
-4.722131070691918,6.176743241257e-12
-4.721506656666042,6.163992045276399e-12
-4.720882242640165,6.142849241506058e-12
-4.720257828614288,6.140433924476254e-12
-4.719633414588412,6.13651530477477e-12
-4.719009000562536,6.158361148924005e-12
-4.718384586536659,6.146255951254581e-12
-4.717760172510782,6.1140780875826545e-12
-4.717135758484906,6.143008943840016e-12
-4.716511344459029,6.145416767435549e-12
-4.715886930433152,6.122902372101974e-12
-4.715262516407275,6.125642547749929e-12
-4.714638102381399,6.100736376102875e-12
-4.714013688355522,6.142338668693698e-12
-4.7133892743296455,6.104218431320255e-12
-4.7127648603037695,6.126223821768145e-12
-4.712140446277893,6.118878631111824e-12
-4.711516032252016,6.101543402858244e-12
-4.710891618226139,6.090220247291594e-12
-4.710267204200263,6.093714055075606e-12
-4.709642790174386,6.10232450262265e-12
-4.709018376148509,6.0701608754830635e-12
-4.708393962122633,6.1102662067419935e-12
-4.707769548096756,6.083963591040936e-12
-4.707145134070879,6.0793609969371354e-12
-4.7065207200450025,6.079118702427334e-12
-4.705896306019127,6.070717054777641e-12
-4.70527189199325,6.048586193625162e-12
-4.704647477967373,6.0614754843913094e-12
-4.704023063941497,6.091391209900223e-12
-4.70339864991562,6.04941601271911e-12
-4.702774235889743,6.073441187467441e-12
-4.702149821863866,6.07293329718494e-12
-4.70152540783799,6.041248500122039e-12
-4.700900993812113,6.061722485324552e-12
-4.7002765797862365,6.061665709903015e-12
-4.6996521657603605,6.050966719504859e-12
-4.699027751734484,6.067645227378543e-12
-4.698403337708607,6.025346253552217e-12
-4.69777892368273,6.055364994311253e-12
-4.697154509656854,6.052976435743885e-12
-4.696530095630977,6.0395897081661475e-12
-4.6959056816051,6.038659972237142e-12
-4.695281267579224,6.020200130435545e-12
-4.694656853553347,6.038500231482575e-12
-4.69403243952747,6.038155608149143e-12
-4.6934080255015935,6.0332871585469996e-12
-4.6927836114757175,6.021701253285408e-12
-4.692159197449841,6.0192189749345894e-12
-4.691534783423964,6.012585346868181e-12
-4.690910369398088,6.015797405750574e-12
-4.690285955372211,6.0336913959989685e-12
-4.689661541346334,6.033492486897171e-12
-4.689037127320457,6.030611550911461e-12
-4.688412713294581,6.009598238954414e-12
-4.687788299268704,6.007585436628418e-12
-4.6871638852428275,6.010451777923381e-12
-4.6865394712169515,6.01445106749779e-12
-4.685915057191075,6.010383418368039e-12
-4.685290643165198,6.004216426019751e-12
-4.684666229139322,5.9982405988876384e-12
-4.684041815113445,6.030578836897033e-12
-4.683417401087568,6.015702344322862e-12
-4.682792987061691,6.0027803401217665e-12
-4.682168573035815,6.019295259351784e-12
-4.681544159009938,6.0158879575612145e-12
-4.680919744984061,5.9958195879208955e-12
-4.680295330958185,5.994058824345529e-12
-4.6796709169323085,5.9844981318776654e-12
-4.679046502906432,5.994828656905865e-12
-4.678422088880555,6.00224676819408e-12
-4.677797674854679,5.988328764941077e-12
-4.677173260828802,5.9907018115214665e-12
-4.676548846802925,5.987772834186616e-12
-4.675924432777049,6.0110036249932305e-12
-4.675300018751172,6.0099378701139905e-12
-4.674675604725295,6.001749968149485e-12
-4.674051190699418,6.009360599530657e-12
-4.6734267766735424,5.979519467605362e-12
-4.672802362647666,6.022753409470682e-12
-4.672177948621789,5.9750732652825425e-12
-4.671553534595913,6.011822797923636e-12
-4.670929120570036,5.9945929676749735e-12
-4.670304706544159,5.9837981433187145e-12
-4.669680292518283,5.984500672025698e-12
-4.669055878492406,6.003289193341473e-12
-4.668431464466529,5.992405361304149e-12
-4.667807050440652,5.990651174936707e-12
-4.667182636414776,6.024321089949808e-12
-4.6665582223888995,6.002695415826379e-12
-4.665933808363023,6.008405426818749e-12
-4.665309394337147,5.9822539656617704e-12
-4.66468498031127,5.999914816934879e-12
-4.664060566285393,6.002068184313279e-12
-4.663436152259516,5.9946224453268895e-12
-4.66281173823364,5.974497171770314e-12
-4.662187324207763,6.003107101416582e-12
-4.661562910181886,6.0025534064255706e-12
-4.66093849615601,5.996396006319857e-12
-4.660314082130133,5.988895523233744e-12
-4.6596896681042566,6.002274529842872e-12
-4.65906525407838,5.981944287309482e-12
-4.658440840052504,5.9840649213009936e-12
-4.657816426026627,6.006622107391818e-12
-4.65719201200075,5.98431947780664e-12
-4.656567597974874,5.980055193827345e-12
-4.655943183948997,6.010383793462728e-12
-4.65531876992312,5.998482495189861e-12
-4.654694355897243,6.003834225554912e-12
-4.654069941871367,6.016065736764788e-12
-4.6534455278454905,5.996814335496367e-12
-4.652821113819614,6.0351659529073465e-12
-4.652196699793738,6.005560416992546e-12
-4.651572285767861,6.026269259086489e-12
-4.650947871741984,6.021948383956888e-12
-4.650323457716107,6.015739205633733e-12
-4.649699043690231,6.029822644854085e-12
-4.649074629664354,6.024563058974542e-12
-4.648450215638477,6.0201057048489774e-12
-4.647825801612601,6.02226041372637e-12
-4.647201387586724,6.035191729875766e-12
-4.6465769735608475,6.013079066358864e-12
-4.645952559534971,6.0363049748910526e-12
-4.645328145509095,6.034686978321724e-12
-4.644703731483218,6.008378834805435e-12
-4.644079317457341,6.0594768054532275e-12
-4.643454903431465,6.0591598847085576e-12
-4.642830489405588,6.0326558756900624e-12
-4.642206075379711,6.0320443364286205e-12
-4.641581661353834,6.016607619231721e-12
-4.640957247327958,6.058994056519208e-12
-4.6403328333020815,6.016687032570903e-12
-4.639708419276205,6.0484652368894745e-12
-4.639084005250329,6.062056003665888e-12
-4.638459591224452,6.074738123605868e-12
-4.637835177198575,6.045027095522222e-12
-4.637210763172698,6.064519777607212e-12
-4.636586349146822,6.073862822262774e-12
-4.635961935120945,6.08072954910257e-12
-4.635337521095068,6.091190460793462e-12
-4.634713107069192,6.078242692881388e-12
-4.634088693043315,6.099270645755804e-12
-4.6334642790174385,6.1004589544672885e-12
-4.632839864991562,6.0758475671256925e-12
-4.632215450965686,6.084689125715279e-12
-4.631591036939809,6.10522099013357e-12
-4.630966622913932,6.097105291796955e-12
-4.630342208888056,6.097160771128042e-12
-4.629717794862179,6.089155151727912e-12
-4.629093380836302,6.106388836317696e-12
-4.628468966810426,6.104000833814317e-12
-4.627844552784549,6.109480842831376e-12
-4.627220138758672,6.1185605048684725e-12
-4.626595724732796,6.133671357471913e-12
-4.62597131070692,6.119537516536691e-12
-4.625346896681043,6.131598889084702e-12
-4.624722482655166,6.126878285267041e-12
-4.62409806862929,6.15163986812235e-12
-4.623473654603413,6.139356619055384e-12
-4.622849240577536,6.142977051109096e-12
-4.622224826551659,6.1470276505815736e-12
-4.621600412525783,6.1493069800829595e-12
-4.620975998499906,6.15390901377505e-12
-4.6203515844740295,6.1549972561624014e-12
-4.6197271704481535,6.184463841873962e-12
-4.619102756422277,6.168874310390278e-12
-4.6184783423964,6.1920553633187185e-12
-4.617853928370523,6.1794151463606856e-12
-4.617229514344647,6.193759590769495e-12
-4.61660510031877,6.19703435838257e-12
-4.615980686292893,6.222524902619133e-12
-4.615356272267017,6.217564218187631e-12
-4.61473185824114,6.210238975354778e-12
-4.614107444215263,6.233589582034056e-12
-4.6134830301893865,6.196129948215083e-12
-4.612858616163511,6.222248602132211e-12
-4.612234202137634,6.221286403633161e-12
-4.611609788111757,6.2429844410809815e-12
-4.610985374085881,6.233709162502428e-12
-4.610360960060004,6.263629126835822e-12
-4.609736546034127,6.292533375425729e-12
-4.609112132008251,6.2621336013357046e-12
-4.608487717982374,6.2855298487278605e-12
-4.607863303956497,6.259170370067123e-12
-4.6072388899306205,6.291922869562756e-12
-4.6066144759047445,6.285329270953417e-12
-4.605990061878868,6.289983379822227e-12
-4.605365647852991,6.306150650266106e-12
-4.604741233827115,6.2850241170632264e-12
-4.604116819801238,6.338477757034926e-12
-4.603492405775361,6.316898622746344e-12
-4.602867991749484,6.346854336802633e-12
-4.602243577723608,6.333262737646664e-12
-4.601619163697731,6.323944012526431e-12
-4.600994749671854,6.372772917631651e-12
-4.600370335645978,6.362156256510685e-12
-4.5997459216201015,6.39373735214293e-12
-4.599121507594225,6.356917141232971e-12
-4.598497093568348,6.382576438530741e-12
-4.597872679542472,6.373667125383048e-12
-4.597248265516595,6.383304707979602e-12
-4.596623851490718,6.433430625403009e-12
-4.595999437464842,6.401064678523639e-12
-4.595375023438965,6.430416985241701e-12
-4.594750609413088,6.4454218894249916e-12
-4.5941261953872115,6.444795353260228e-12
-4.5935017813613355,6.472514122645192e-12
-4.592877367335459,6.437278756016998e-12
-4.592252953309582,6.4861968671860725e-12
-4.591628539283706,6.458849221135403e-12
-4.591004125257829,6.484337952496078e-12
-4.590379711231952,6.5072742531876855e-12
-4.589755297206075,6.5027774352256794e-12
-4.589130883180199,6.507786626647917e-12
-4.588506469154322,6.49418266495538e-12
-4.587882055128445,6.503829922005046e-12
-4.587257641102569,6.544746107681381e-12
-4.5866332270766925,6.537352873551076e-12
-4.586008813050816,6.561775196744298e-12
-4.585384399024939,6.568694547484109e-12
-4.584759984999063,6.560846598543164e-12
-4.584135570973186,6.589059914644943e-12
-4.583511156947309,6.584641915858662e-12
-4.582886742921433,6.6143388903524375e-12
-4.582262328895556,6.618697472938082e-12
-4.581637914869679,6.6216749040905935e-12
-4.581013500843802,6.633994857562993e-12
-4.5803890868179264,6.646989411522413e-12
-4.57976467279205,6.657437430364857e-12
-4.579140258766173,6.667612965782173e-12
-4.578515844740297,6.690465500171443e-12
-4.57789143071442,6.713005832137008e-12
-4.577267016688543,6.690079615599066e-12
-4.576642602662666,6.714336668211426e-12
-4.57601818863679,6.739661179840488e-12
-4.575393774610913,6.718477165667036e-12
-4.574769360585036,6.759890134894071e-12
-4.57414494655916,6.748491169453023e-12
-4.5735205325332835,6.757218652464729e-12
-4.572896118507407,6.7786048784784825e-12
-4.57227170448153,6.800820353427052e-12
-4.571647290455654,6.816177863033275e-12
-4.571022876429777,6.816645565964592e-12
-4.5703984624039,6.8148894384349935e-12
-4.569774048378024,6.839880808427875e-12
-4.569149634352147,6.862956925703292e-12
-4.56852522032627,6.878000429677776e-12
-4.567900806300394,6.927062581159858e-12
-4.567276392274517,6.9064526727594475e-12
-4.5666519782486406,6.9242908006645724e-12
-4.566027564222764,6.929501383238073e-12
-4.565403150196888,6.937754682421041e-12
-4.564778736171011,6.9684396360198386e-12
-4.564154322145134,6.968998313959636e-12
-4.563529908119258,6.965431179037091e-12
-4.562905494093381,7.016140121861468e-12
-4.562281080067504,7.0034948950432e-12
-4.561656666041627,7.04396390238458e-12
-4.561032252015751,7.0471858844024716e-12
-4.5604078379898745,7.039626748057829e-12
-4.559783423963998,7.067789307468736e-12
-4.559159009938122,7.09313890937111e-12
-4.558534595912245,7.1021072708519566e-12
-4.557910181886368,7.125973603977966e-12
-4.557285767860491,7.145270749451962e-12
-4.556661353834615,7.130021542394174e-12
-4.556036939808738,7.178075404866246e-12
-4.555412525782861,7.1767027514401775e-12
-4.554788111756985,7.185906152938328e-12
-4.554163697731108,7.216500041476633e-12
-4.5535392837052315,7.225901888421268e-12
-4.5529148696793555,7.238421993001916e-12
-4.552290455653479,7.287552050742873e-12
-4.551666041627602,7.285417743816353e-12
-4.551041627601725,7.299649074767541e-12
-4.550417213575849,7.333088786564396e-12
-4.549792799549972,7.322110591012845e-12
-4.549168385524095,7.342250345692438e-12
-4.548543971498219,7.388587452302785e-12
-4.547919557472342,7.393073286837686e-12
-4.5472951434464655,7.426550078954266e-12
-4.546670729420589,7.452901557061853e-12
-4.546046315394713,7.436474630486164e-12
-4.545421901368836,7.475219403769043e-12
-4.544797487342959,7.505485790840639e-12
-4.544173073317083,7.51598574915767e-12
-4.543548659291206,7.524436487998828e-12
-4.542924245265329,7.56267415322449e-12
-4.542299831239452,7.572603731170812e-12
-4.541675417213576,7.573892250009277e-12
-4.541051003187699,7.624151991771708e-12
-4.5404265891618225,7.611762471808659e-12
-4.5398021751359465,7.653612694884307e-12
-4.53917776111007,7.694418636575459e-12
-4.538553347084193,7.669380699971452e-12
-4.537928933058316,7.698459982965998e-12
-4.53730451903244,7.752979916796358e-12
-4.536680105006563,7.74059191125196e-12
-4.536055690980686,7.766636597510235e-12
-4.53543127695481,7.821041257261079e-12
-4.534806862928933,7.821304667586699e-12
-4.534182448903056,7.837396071837201e-12
-4.53355803487718,7.899032404832924e-12
-4.532933620851304,7.878307171612376e-12
-4.532309206825427,7.887132397713796e-12
-4.53168479279955,7.957313976084757e-12
-4.531060378773674,7.956910154005398e-12
-4.530435964747797,7.968911899440483e-12
-4.52981155072192,8.028944424113645e-12
-4.529187136696043,8.053379595156667e-12
-4.528562722670167,8.037615833012981e-12
-4.52793830864429,8.078730462286702e-12
-4.5273138946184135,8.1178777148435e-12
-4.5266894805925375,8.127206131063319e-12
-4.526065066566661,8.172233181085809e-12
-4.525440652540784,8.202708805512627e-12
-4.524816238514907,8.222449582192809e-12
-4.524191824489031,8.23433346468231e-12
-4.523567410463154,8.275923182727e-12
-4.522942996437277,8.288523866065184e-12
-4.522318582411401,8.30617761922154e-12
-4.521694168385524,8.354738120021138e-12
-4.521069754359647,8.40267256935353e-12
-4.5204453403337705,8.399359643265514e-12
-4.519820926307895,8.424491749581862e-12
-4.519196512282018,8.481325552457793e-12
-4.518572098256141,8.475066315655105e-12
-4.517947684230265,8.52052135371851e-12
-4.517323270204388,8.56541093080525e-12
-4.516698856178511,8.56372340758664e-12
-4.516074442152634,8.591030117183783e-12
-4.515450028126758,8.667400295380171e-12
-4.514825614100881,8.685884346104385e-12
-4.5142012000750045,8.709775546793652e-12
-4.5135767860491285,8.759672853531224e-12
-4.512952372023252,8.783456827761937e-12
-4.512327957997375,8.786301824034635e-12
-4.511703543971499,8.840782139812059e-12
-4.511079129945622,8.875366708992662e-12
-4.510454715919745,8.896026775532507e-12
-4.509830301893868,8.89084300029792e-12
-4.509205887867992,8.98676045259065e-12
-4.508581473842115,9.010063993187266e-12
-4.507957059816238,9.02872064787731e-12
-4.507332645790362,9.067794802139933e-12
-4.5067082317644855,9.128338466414959e-12
-4.506083817738609,9.159488135378727e-12
-4.505459403712732,9.15526252977593e-12
-4.504834989686856,9.207489876022406e-12
-4.504210575660979,9.253796381389132e-12
-4.503586161635102,9.275711775948892e-12
-4.502961747609226,9.315573448283888e-12
-4.502337333583349,9.371132756350739e-12
-4.501712919557472,9.392106611162506e-12
-4.5010885055315955,9.415348382517859e-12
-4.5004640915057195,9.474735464462257e-12
-4.499839677479843,9.51149060056348e-12
-4.499215263453966,9.561039050168452e-12
-4.49859084942809,9.576058674434576e-12
-4.497966435402213,9.671080632518173e-12
-4.497342021376336,9.706039166268076e-12
-4.49671760735046,9.702281183229087e-12
-4.496093193324583,9.75380421959e-12
-4.495468779298706,9.833466254659574e-12
-4.494844365272829,9.884129299625174e-12
-4.494219951246953,9.878598443672145e-12
-4.4935955372210765,9.951294927507178e-12
-4.4929711231952,1.0021011390313838e-11
-4.492346709169324,1.0012477501157946e-11
-4.491722295143447,1.0048837285416547e-11
-4.49109788111757,1.0124332939770198e-11
-4.490473467091693,1.0186913230101617e-11
-4.489849053065817,1.0203182795019813e-11
-4.48922463903994,1.0256563346626506e-11
-4.488600225014063,1.0318048132853637e-11
-4.487975810988187,1.0364988175369845e-11
-4.4873513969623104,1.0389691883903077e-11
-4.486726982936434,1.0438776900313944e-11
-4.486102568910557,1.0536748076810171e-11
-4.485478154884681,1.0568466401417872e-11
-4.484853740858804,1.0580292405825191e-11
-4.484229326832927,1.0642357729388369e-11
-4.483604912807051,1.0733699191284322e-11
-4.482980498781174,1.075747312457209e-11
-4.482356084755297,1.0785755416601565e-11
-4.48173167072942,1.0858395653692038e-11
-4.481107256703544,1.0957650818479302e-11
-4.4804828426776675,1.1007399281522627e-11
-4.479858428651791,1.1013938055295109e-11
-4.479234014625915,1.1071188284292491e-11
-4.478609600600038,1.1147450072072628e-11
-4.477985186574161,1.1191741694139037e-11
-4.477360772548284,1.1233561202829658e-11
-4.476736358522408,1.1320369551392369e-11
-4.476111944496531,1.1390047112125924e-11
-4.475487530470654,1.1423523520559396e-11
-4.474863116444778,1.1461527453987626e-11
-4.474238702418901,1.1554664815856318e-11
-4.4736142883930246,1.1648914788675428e-11
-4.472989874367148,1.1676354708085136e-11
-4.472365460341272,1.1710316751337019e-11
-4.471741046315395,1.1799789270817939e-11
-4.471116632289518,1.1892883278868714e-11
-4.470492218263642,1.1934531697249647e-11
-4.469867804237765,1.1952383111174314e-11
-4.469243390211888,1.2057454905736421e-11
-4.468618976186011,1.214587531539287e-11
-4.467994562160135,1.2211159591308247e-11
-4.4673701481342585,1.2238900913008816e-11
-4.466745734108382,1.2320849131194844e-11
-4.466121320082506,1.2438641974643663e-11
-4.465496906056629,1.2519983506633219e-11
-4.464872492030752,1.2534648387807102e-11
-4.464248078004875,1.2606338484337248e-11
-4.463623663978999,1.2714301308675265e-11
-4.462999249953122,1.2797362336842282e-11
-4.462374835927245,1.2849380431315162e-11
-4.461750421901369,1.2900476196183766e-11
-4.461126007875492,1.300731245417914e-11
-4.4605015938496155,1.3121771784914443e-11
-4.459877179823739,1.3164280096709493e-11
-4.459252765797863,1.3195983424321406e-11
-4.458628351771986,1.3295380214793942e-11
-4.458003937746109,1.3423318588997968e-11
-4.457379523720233,1.3503500456833082e-11
-4.456755109694356,1.3547902151905569e-11
-4.456130695668479,1.3618372180704063e-11
-4.455506281642602,1.374076316915993e-11
-4.454881867616726,1.3858921422769011e-11
-4.4542574535908495,1.391154536455682e-11
-4.453633039564973,1.397975801749349e-11
-4.453008625539097,1.4105892119889213e-11
-4.45238421151322,1.4215662644302752e-11
-4.451759797487343,1.428639242633085e-11
-4.451135383461466,1.4345768864436093e-11
-4.45051096943559,1.4432527771342655e-11
-4.449886555409713,1.4557832463132126e-11
-4.449262141383836,1.4677115737476956e-11
-4.44863772735796,1.4732430775743553e-11
-4.448013313332083,1.481152341799795e-11
-4.4473888993062065,1.494594694021766e-11
-4.4467644852803305,1.5083831080194885e-11
-4.446140071254454,1.5174559675282702e-11
-4.445515657228577,1.522926631259439e-11
-4.444891243202701,1.53192914791058e-11
-4.444266829176824,1.546741762088568e-11
-4.443642415150947,1.558743501714713e-11
-4.44301800112507,1.5678687141732715e-11
-4.442393587099194,1.5749787249778382e-11
-4.441769173073317,1.587072401600278e-11
-4.44114475904744,1.6031284920835223e-11
-4.4405203450215645,1.614953563870577e-11
-4.439895930995688,1.6237332601537436e-11
-4.439271516969811,1.6325843605784107e-11
-4.438647102943934,1.6471689581298343e-11
-4.438022688918058,1.664061816386778e-11
-4.437398274892181,1.674119747795834e-11
-4.436773860866304,1.6806829862422468e-11
-4.436149446840428,1.6909279525566786e-11
-4.435525032814551,1.709411737665912e-11
-4.434900618788674,1.7266168660915074e-11
-4.4342762047627975,1.7380443140980446e-11
-4.4336517907369215,1.7444179731664954e-11
-4.433027376711045,1.756346919216559e-11
-4.432402962685168,1.7747166217975703e-11
-4.431778548659292,1.793262081311426e-11
-4.431154134633415,1.8050040325927307e-11
-4.430529720607538,1.8137422376331648e-11
-4.429905306581661,1.8275920894909183e-11
-4.429280892555785,1.8482089819426403e-11
-4.428656478529908,1.8634216964923286e-11
-4.428032064504031,1.876371220068168e-11
-4.427407650478155,1.884656914461038e-11
-4.426783236452279,1.9002472921754974e-11
-4.426158822426402,1.9193875117535452e-11
-4.425534408400525,1.9389243453310743e-11
-4.424909994374649,1.9531267875633306e-11
-4.424285580348772,1.9620532436117423e-11
-4.423661166322895,1.9772374412487643e-11
-4.423036752297019,1.9975728085297476e-11
-4.422412338271142,2.0202486450600163e-11
-4.421787924245265,2.0364891030414227e-11
-4.4211635102193885,2.048162646336938e-11
-4.4205390961935125,2.060729948669976e-11
-4.419914682167636,2.0837319812839814e-11
-4.419290268141759,2.104935204424973e-11
-4.418665854115883,2.1253586868538402e-11
-4.418041440090006,2.137989034956669e-11
-4.417417026064129,2.1519038092171098e-11
-4.416792612038252,2.170568825819504e-11
-4.416168198012376,2.1958912037266703e-11
-4.415543783986499,2.2200360193005538e-11
-4.414919369960622,2.234438067892403e-11
-4.414294955934746,2.2481962317445693e-11
-4.4136705419088695,2.2682415976547334e-11
-4.413046127882993,2.2939527534502087e-11
-4.412421713857116,2.318204365521998e-11
-4.41179729983124,2.3398093039500145e-11
-4.411172885805363,2.3539841521078978e-11
-4.410548471779486,2.372768605760816e-11
-4.40992405775361,2.3966307475454084e-11
-4.409299643727733,2.424889900477286e-11
-4.408675229701856,2.4507522565142337e-11
-4.4080508156759795,2.470104756910551e-11
-4.4074264016501035,2.4858983974356587e-11
-4.406801987624227,2.5073812204212638e-11
-4.40617757359835,2.53679948066697e-11
-4.405553159572474,2.5675806172117478e-11
-4.404928745546597,2.5920212020856764e-11
-4.40430433152072,2.6103304504012886e-11
-4.403679917494843,2.6299551756105462e-11
-4.403055503468967,2.6603913826387454e-11
-4.40243108944309,2.6895494042091223e-11
-4.401806675417213,2.7221258765905703e-11
-4.401182261391337,2.7470129103992235e-11
-4.4005578473654605,2.7664244757175014e-11
-4.399933433339584,2.789392604032788e-11
-4.399309019313707,2.8220272381861418e-11
-4.398684605287831,2.8568201705298196e-11
-4.398060191261954,2.8902233178660697e-11
-4.397435777236077,2.915344704861244e-11
-4.396811363210201,2.937146690265768e-11
-4.396186949184324,2.9638006014138035e-11
-4.395562535158447,2.9996550831247865e-11
-4.39493812113257,3.0384791288928006e-11
-4.3943137071066944,3.074667790621177e-11
-4.393689293080818,3.1033321279980306e-11
-4.393064879054941,3.127581081639276e-11
-4.392440465029065,3.1580976756798584e-11
-4.391816051003188,3.195232687068709e-11
-4.391191636977311,3.235905041108354e-11
-4.390567222951435,3.2758384598127996e-11
-4.389942808925558,3.308610020844517e-11
-4.389318394899681,3.338130983021727e-11
-4.388693980873805,3.369247458510481e-11
-4.388069566847928,3.408862089836081e-11
-4.3874451528220515,3.454702492256824e-11
-4.386820738796175,3.498901311376434e-11
-4.386196324770299,3.536327531918388e-11
-4.385571910744422,3.5681980294350094e-11
-4.384947496718545,3.602305390756466e-11
-4.384323082692669,3.6439691101826814e-11
-4.383698668666792,3.694684563291859e-11
-4.383074254640915,3.7439764007063355e-11
-4.382449840615038,3.788439521647805e-11
-4.381825426589162,3.8266011445418e-11
-4.381201012563285,3.863031639944015e-11
-4.3805765985374086,3.905132495220759e-11
-4.379952184511533,3.9548960652862434e-11
-4.379327770485656,4.0122744133663346e-11
-4.378703356459779,4.0649990223273784e-11
-4.378078942433902,4.109807772924964e-11
-4.377454528408026,4.15270729697767e-11
-4.376830114382149,4.195383180084063e-11
-4.376205700356272,4.24701855675952e-11
-4.375581286330396,4.308636603334457e-11
-4.374956872304519,4.3715591191380164e-11
-4.3743324582786425,4.426578711402033e-11
-4.373708044252766,4.4767657618319307e-11
-4.37308363022689,4.5221953463852524e-11
-4.372459216201013,4.5760538710602604e-11
-4.371834802175136,4.63583759310407e-11
-4.37121038814926,4.7043527579204997e-11
-4.370585974123383,4.775947568207522e-11
-4.369961560097506,4.8369373211289565e-11
-4.369337146071629,4.890992994810217e-11
-4.368712732045753,4.9454513907840024e-11
-4.368088318019876,5.005877442288709e-11
-4.3674639039939995,5.0754966589625924e-11
-4.3668394899681235,5.1538797666325255e-11
-4.366215075942247,5.2325917515003616e-11
-4.36559066191637,5.303770235972527e-11
-4.364966247890493,5.36665677869426e-11
-4.364341833864617,5.426599527010044e-11
-4.36371741983874,5.49721923666251e-11
-4.363093005812863,5.577041834187367e-11
-4.362468591786987,5.6651873581407586e-11
-4.36184417776111,5.75558978033816e-11
-4.3612197637352335,5.838630512075805e-11
-4.360595349709357,5.911908872397164e-11
-4.359970935683481,5.98204816069819e-11
-4.359346521657604,6.060473870550128e-11
-4.358722107631727,6.148877945686624e-11
-4.358097693605851,6.247660311905513e-11
-4.357473279579974,6.35163831803592e-11
-4.356848865554097,6.450742867247826e-11
-4.35622445152822,6.539406981779769e-11
-4.355600037502344,6.623722147076768e-11
-4.354975623476467,6.708927590697741e-11
-4.3543512094505905,6.807152378262833e-11
-4.3537267954247145,6.917713590067776e-11
-4.353102381398838,7.036090019927252e-11
-4.352477967372961,7.15522489758447e-11
-4.351853553347084,7.26644007283975e-11
-4.351229139321208,7.368632755962515e-11
-4.350604725295331,7.468804006641338e-11
-4.349980311269454,7.573175798448964e-11
-4.349355897243578,7.692653179572166e-11
-4.348731483217701,7.824435028273046e-11
-4.348107069191824,7.964046173196976e-11
-4.347482655165948,8.102920875822314e-11
-4.346858241140072,8.231519283801762e-11
-4.346233827114195,8.352741877761069e-11
-4.345609413088318,8.475494804318778e-11
-4.344984999062442,8.603330049019163e-11
-4.344360585036565,8.745303675640665e-11
-4.343736171010688,8.903701280402516e-11
-4.343111756984811,9.069100115850363e-11
-4.342487342958935,9.230397923291958e-11
-4.341862928933058,9.387760641472087e-11
-4.3412385149071815,9.536323337633225e-11
-4.3406141008813055,9.683262170687197e-11
-4.339989686855429,9.838338089804045e-11
-4.339365272829552,1.0006995676465889e-10
-4.338740858803675,1.0193840529444769e-10
-4.338116444777799,1.0390443165117088e-10
-4.337492030751922,1.059054469766461e-10
-4.336867616726045,1.0785567660443244e-10
-4.336243202700169,1.096861329239927e-10
-4.335618788674292,1.1149474477811873e-10
-4.334994374648415,1.1334118884304643e-10
-4.334369960622539,1.1534637895261901e-10
-4.333745546596663,1.1752950501615186e-10
-4.333121132570786,1.1987969917986486e-10
-4.332496718544909,1.2231318145923823e-10
-4.331872304519033,1.2477213893186474e-10
-4.331247890493156,1.2713762266253881e-10
-4.330623476467279,1.2943939394557862e-10
-4.329999062441403,1.31714299540369e-10
-4.329374648415526,1.340862553558063e-10
-4.328750234389649,1.3663376298983944e-10
-4.328125820363773,1.3940062809850944e-10
-4.3275014063378965,1.423467172932423e-10
-4.32687699231202,1.4540962541848727e-10
-4.326252578286143,1.4847983681936486e-10
-4.325628164260267,1.5148665210240436e-10
-4.32500375023439,1.5443984476488572e-10
-4.324379336208513,1.573829213409072e-10
-4.323754922182637,1.604314280312613e-10
-4.32313050815676,1.636681410059099e-10
-4.322506094130883,1.671665732120689e-10
-4.321881680105006,1.708966687719287e-10
-4.32125726607913,1.7478193676406724e-10
-4.3206328520532535,1.787755805409504e-10
-4.320008438027377,1.8272847291656481e-10
-4.319384024001501,1.8662073340576632e-10
-4.318759609975624,1.9049634537231791e-10
-4.318135195949747,1.944426198985118e-10
-4.31751078192387,1.9856294846046217e-10
-4.316886367897994,2.029706357625883e-10
-4.316261953872117,2.0771607674747994e-10
-4.31563753984624,2.127672699826314e-10
-4.315013125820364,2.1799399904207648e-10
-4.3143887117944875,2.232745447528827e-10
-4.313764297768611,2.285678082608633e-10
-4.313139883742734,2.3384616214345754e-10
-4.312515469716858,2.3912618113786404e-10
-4.311891055690981,2.4455067822381697e-10
-4.311266641665104,2.502255147688637e-10
-4.310642227639228,2.5628085173205885e-10
-4.310017813613351,2.6274700259629533e-10
-4.309393399587474,2.696122666481157e-10
-4.308768985561597,2.767733798238965e-10
-4.308144571535721,2.8411391870033176e-10
-4.3075201575098445,2.915089905901478e-10
-4.306895743483968,2.9893534892409457e-10
-4.306271329458092,3.0641805752986773e-10
-4.305646915432215,3.1404533992380843e-10
-4.305022501406338,3.2199642535658394e-10
-4.304398087380461,3.303837359775341e-10
-4.303773673354585,3.393198747825252e-10
-4.303149259328708,3.488408744914279e-10
-4.302524845302831,3.588700895558023e-10
-4.301900431276955,3.693486235403114e-10
-4.301276017251078,3.800983893303644e-10
-4.300651603225202,3.910103173221593e-10
-4.300027189199325,4.0206906035050273e-10
-4.299402775173449,4.133048328867641e-10
-4.298778361147572,4.2481190329941206e-10
-4.298153947121695,4.367890988211297e-10
-4.297529533095819,4.494434401541398e-10
-4.296905119069942,4.629040668718144e-10
-4.296280705044065,4.772425602899544e-10
-4.295656291018188,4.92451566132617e-10
-4.295031876992312,5.084421181947216e-10
-4.2944074629664355,5.250503514004569e-10
-4.293783048940559,5.421354032195401e-10
-4.293158634914683,5.595995487604165e-10
-4.292534220888806,5.774333421615812e-10
-4.291909806862929,5.957150279491507e-10
-4.291285392837052,6.146478793172627e-10
-4.290660978811176,6.344882999566279e-10
-4.290036564785299,6.555061812445382e-10
-4.289412150759422,6.779390848264281e-10
-4.288787736733546,7.018708625411253e-10
-4.288163322707669,7.273582663600746e-10
-4.2875389086817925,7.542892990255819e-10
-4.286914494655916,7.825493043989399e-10
-4.28629008063004,8.119185286300964e-10
-4.285665666604163,8.422370072930915e-10
-4.285041252578286,8.734714527825204e-10
-4.28441683855241,9.057093362848081e-10
-4.283792424526533,9.392145607375276e-10
-4.283168010500656,9.743085900752617e-10
-4.282543596474779,1.011413666712595e-09
-4.281919182448903,1.051031517455466e-09
-4.2812947684230265,1.0935201236706796e-09
-4.28067035439715,1.1391488186263068e-09
-4.280045940371274,1.1880497910107485e-09
-4.279421526345397,1.2401680781314627e-09
-4.27879711231952,1.295327380742204e-09
-4.278172698293644,1.3533147198253113e-09
-4.277548284267767,1.4139562394689045e-09
-4.27692387024189,1.4771659943643593e-09
-4.276299456216013,1.5430986321704666e-09
-4.275675042190137,1.612076077268628e-09
-4.27505062816426,1.6847898038839607e-09
-4.2744262141383835,1.762067519494491e-09
-4.2738018001125075,1.844852938450455e-09
-4.273177386086631,1.9342559300376886e-09
-4.272552972060754,2.0311876750537675e-09
-4.271928558034878,2.1364218028179013e-09
-4.271304144009001,2.2505319867835604e-09
-4.270679729983124,2.3737807917015296e-09
-4.270055315957247,2.506205549063296e-09
-4.269430901931371,2.647723572710661e-09
-4.268806487905494,2.798325405543546e-09
-4.2681820738796175,2.958052748830152e-09
-4.2675576598537415,3.1274022246417196e-09
-4.266933245827865,3.307370043473529e-09
-4.266308831801988,3.499472736991167e-09
-4.265684417776111,3.7060037550021934e-09
-4.265060003750235,3.9298026941556235e-09
-4.264435589724358,4.174275636121927e-09
-4.263811175698481,4.443185685757228e-09
-4.263186761672605,4.740459372731703e-09
-4.262562347646728,5.069932692593944e-09
-4.261937933620851,5.435315529917514e-09
-4.2613135195949745,5.839978726565299e-09
-4.2606891055690985,6.286973774146149e-09
-4.260064691543222,6.77922795425145e-09
-4.259440277517345,7.319712066688434e-09
-4.258815863491469,7.91192876032759e-09
-4.258191449465592,8.560409625231424e-09
-4.257567035439715,9.271337921718756e-09
-4.256942621413838,1.0053276398197905e-08
-4.256318207387962,1.0917781355722988e-08
-4.255693793362085,1.1880233189402828e-08
-4.255069379336208,1.296044700127619e-08
-4.2544449653103324,1.4183356001387635e-08
-4.253820551284456,1.5579616414861555e-08
-4.253196137258579,1.718633050040858e-08
-4.252571723232702,1.904776308952195e-08
-4.251947309206826,2.121654848048613e-08
-4.251322895180949,2.3755144174487298e-08
-4.250698481155072,2.673812206991713e-08
-4.250074067129196,3.0255837320303306e-08
-4.249449653103319,3.441952678352069e-08
-4.248825239077442,3.9369283729798645e-08
-4.2482008250515655,4.528566526798888e-08
-4.2475764110256895,5.240723314311529e-08
-4.246951996999813,6.10570359221068e-08
-4.246327582973936,7.168311746125367e-08
-4.24570316894806,8.492280292661938e-08
-4.245078754922183,1.0170732190102032e-07
-4.244454340896306,1.2344181003787524e-07
-4.243829926870429,1.5233422624158247e-07
-4.243205512844553,1.920523275797155e-07
-4.242581098818676,2.492076049617901e-07
-4.241956684792799,3.373511898164319e-07
-4.241332270766923,4.909100141136893e-07
-4.2407078567410466,8.378801910572852e-07
-4.24008344271517,2.40394667698511e-06
-4.239459028689293,0.0003959786570091156
-4.238834614663417,0.0005496841241705423
-4.23821020063754,2.5331854077735967e-06
-4.237585786611663,4.697381931272222e-06
-4.236961372585787,1.0065712967610756e-05
-4.23633695855991,2.7898288885144663e-05
-4.235712544534033,0.0001332229696843033
-4.2350881305081565,0.004772698624715568
-4.2344637164822805,0.04460541870976191
-4.233839302456404,0.059890540608273236
-4.233214888430527,0.060635363732183714
-4.232590474404651,0.06086193560824086
-4.231966060378774,0.06161876808065615
-4.231341646352897,0.06132422908301268
-4.23071723232702,0.061738285641306144
-4.230092818301144,0.062466144030379686
-4.229468404275267,0.0600121198779436
-4.22884399024939,0.06134174698971338
-4.228219576223514,0.06208827257793226
-4.2275951621976375,0.06192137988611769
-4.226970748171761,0.06248296036763967
-4.226346334145884,0.06189599068250502
-4.225721920120008,0.062090563643583105
-4.225097506094131,0.06189907471446683
-4.224473092068254,0.061262982377704445
-4.223848678042378,0.061049126334860745
-4.223224264016501,0.061701652072161106
-4.222599849990624,0.062497846343743814
-4.2219754359647474,0.06447758721657462
-4.2213510219388715,0.05783798284200621
-4.220726607912995,0.060035822269844184
-4.220102193887118,0.06250423585850204
-4.219477779861242,0.06310259556301331
-4.218853365835365,0.06172899333275913
-4.218228951809488,0.061695778830176885
-4.217604537783612,0.061792368722071334
-4.216980123757735,0.06167428808629699
-4.216355709731858,0.062316928832765774
-4.215731295705982,0.062379272731279765
-4.215106881680105,0.061942615127739575
-4.2144824676542285,0.06198055457428477
-4.213858053628352,0.061256326886005706
-4.213233639602476,0.06202209870807639
-4.212609225576599,0.06247255491897198
-4.211984811550722,0.06225459683855687
-4.211360397524846,0.0623466911658919
-4.210735983498969,0.0629073192780156
-4.210111569473092,0.06226665769268388
-4.209487155447215,0.061674580076610516
-4.208862741421339,0.06262143386268522
-4.208238327395462,0.06253368204316878
-4.207613913369586,0.06241350414378568
-4.20698949934371,0.06309807208109228
-4.206365085317833,0.06269595156378481
-4.205740671291956,0.06266565359576573
-4.205116257266079,0.062369342198363834
-4.204491843240203,0.06303220512681053
-4.203867429214326,0.06317947452498998
-4.203243015188449,0.06346407031007872
-4.202618601162573,0.06373907976295173
-4.201994187136696,0.06414234888513212
-4.2013697731108195,0.06462424866792812
-4.200745359084943,0.0689430594496506
-4.200120945059067,0.05847235746176431
-4.19949653103319,0.04863501307972866
-4.198872117007313,0.06026236448624698
-4.198247702981437,0.06259795048178843
-4.19762328895556,0.06252189218458165
-4.196998874929683,0.06392429437096576
-4.196374460903806,0.06616878913383825
-4.19575004687793,0.060552499834639326
-4.195125632852053,0.05919325830528409
-4.1945012188261765,0.06236638900268342
-4.193876804800301,0.06248311952127091
-4.193252390774424,0.06255005283007939
-4.192627976748547,0.06314530539539567
-4.19200356272267,0.06324780930918268
-4.191379148696794,0.06199257558462521
-4.190754734670917,0.06193142906680619
-4.19013032064504,0.062298913221268085
-4.189505906619164,0.06266347250696475
-4.188881492593287,0.06223931313567906
-4.1882570785674105,0.06315745193259822
-4.187632664541534,0.06341576305953914
-4.187008250515658,0.06418823085981976
-4.186383836489781,0.06072364905819579
-4.185759422463904,0.06197962350303706
-4.185135008438028,0.062322137036898026
-4.184510594412151,0.06285435407819744
-4.183886180386274,0.06288745964781636
-4.183261766360397,0.0616449827648846
-4.182637352334521,0.06222310466852543
-4.182012938308644,0.06385086790786794
-4.1813885242827675,0.062083155962804434
-4.1807641102568915,0.06132099376144188
-4.180139696231015,0.061998525835605035
-4.179515282205138,0.06264909814925265
-4.178890868179261,0.062395106359934616
-4.178266454153385,0.062311126682763986
-4.177642040127508,0.06219006091141912
-4.177017626101631,0.06245219205292468
-4.176393212075755,0.062479681643270765
-4.175768798049878,0.06320641711335054
-4.1751443840240015,0.0629942960367806
-4.174519969998125,0.06231250850992774
-4.173895555972249,0.06277448090830848
-4.173271141946372,0.06146190588635174
-4.172646727920495,0.062237723444245496
-4.172022313894619,0.06272662567746198
-4.171397899868742,0.06281285775734766
-4.170773485842865,0.06271572004896482
-4.170149071816988,0.06310838049055076
-4.169524657791112,0.06325807818417886
-4.168900243765235,0.06297484719415286
-4.1682758297393585,0.06196904615370297
-4.1676514157134825,0.0626376120007754
-4.167027001687606,0.06346365757538722
-4.166402587661729,0.06234809432857955
-4.165778173635852,0.06201072757066482
-4.165153759609976,0.06258443310825383
-4.164529345584099,0.06277448320397258
-4.163904931558222,0.06292754778991924
-4.163280517532346,0.06265729539505267
-4.162656103506469,0.0624991106119037
-4.162031689480592,0.06294009625513114
-4.1614072754547164,0.06302538227258911
-4.16078286142884,0.06309216029050733
-4.160158447402963,0.0632624375556894
-4.159534033377087,0.06263998228581559
-4.15890961935121,0.06276887553451846
-4.158285205325333,0.0636815243827837
-4.157660791299456,0.06355831134671233
-4.15703637727358,0.0626131726174396
-4.156411963247703,0.0627854848529699
-4.155787549221826,0.06310131373363251
-4.15516313519595,0.06259633188847133
-4.1545387211700735,0.06336494734758634
-4.153914307144197,0.06333738463034214
-4.15328989311832,0.06262415202966362
-4.152665479092444,0.0631301689023516
-4.152041065066567,0.06283317284172683
-4.15141665104069,0.06266183229338065
-4.150792237014814,0.06291484832585785
-4.150167822988937,0.06286694206942077
-4.14954340896306,0.06274914959549213
-4.148918994937183,0.06335121498632454
-4.148294580911307,0.06340158113251926
-4.1476701668854306,0.0642289895686739
-4.147045752859554,0.0631896695586541
-4.146421338833678,0.06354786921441866
-4.145796924807801,0.0648865929759352
-4.145172510781924,0.0662574579097845
-4.144548096756047,0.06689731584298456
-4.143923682730171,0.05517547571193513
-4.143299268704294,0.05822512220384102
-4.142674854678417,0.061556114647742244
-4.142050440652541,0.06196108696438689
-4.1414260266266645,0.06348236153996523
-4.140801612600788,0.06328809643624725
-4.140177198574911,0.06303153673218316
-4.139552784549035,0.06293978955405055
-4.138928370523158,0.0628249794379517
-4.138303956497281,0.06249135955348687
-4.137679542471405,0.06285740684445539
-4.137055128445528,0.06303867506665581
-4.136430714419651,0.06346508020919137
-4.135806300393774,0.060304506764273055
-4.135181886367898,0.06182205586016211
-4.1345574723420215,0.06495307856806244
-4.133933058316145,0.06366032625139167
-4.133308644290269,0.0638692844203835
-4.132684230264392,0.062483801523641705
-4.132059816238515,0.06300692413355817
-4.131435402212638,0.0631399376570514
-4.130810988186762,0.06332139670805645
-4.130186574160885,0.06298528066092461
-4.129562160135008,0.0634894140871161
-4.128937746109132,0.06368125135569974
-4.1283133320832555,0.06323141387777573
-4.127688918057379,0.06367743137661236
-4.127064504031502,0.06334921260905232
-4.126440090005626,0.06358811941882189
-4.125815675979749,0.06200724475587525
-4.125191261953872,0.06387166874043647
-4.124566847927996,0.06278373251560807
-4.123942433902119,0.06313993933593257
-4.123318019876242,0.06390147041713197
-4.122693605850365,0.06358116449907944
-4.122069191824489,0.06371342823330925
-4.1214447777986125,0.06409649275874474
-4.120820363772736,0.06274123640732861
-4.12019594974686,0.064047212654082
-4.119571535720983,0.06411164080560681
-4.118947121695106,0.06298689555003718
-4.118322707669229,0.06339088794073136
-4.117698293643353,0.06369438026132576
-4.117073879617476,0.06389739698522236
-4.116449465591599,0.063625422389782
-4.115825051565723,0.062490738979505966
-4.115200637539846,0.0628603212022342
-4.11457622351397,0.06477415653925264
-4.113951809488093,0.06481613638460024
-4.113327395462217,0.0633831976523028
-4.11270298143634,0.06373844798643072
-4.112078567410463,0.06518647226224938
-4.111454153384587,0.06555781482438325
-4.11082973935871,0.0678655857471138
-4.110205325332833,0.06844391958109582
-4.109580911306956,0.05706620931229197
-4.10895649728108,0.05184145288419083
-4.1083320832552035,0.058796672286789586
-4.107707669229327,0.06252820991479512
-4.107083255203451,0.062377544144030704
-4.106458841177574,0.06258990997079933
-4.105834427151697,0.062986578932578
-4.105210013125821,0.06388535722327432
-4.104585599099944,0.06305291778742546
-4.103961185074067,0.063722846175602
-4.10333677104819,0.06457243476939595
-4.102712357022314,0.062462116067320925
-4.102087942996437,0.06362354610470312
-4.1014635289705605,0.06377386209679738
-4.100839114944685,0.06439196900789827
-4.100214700918808,0.0637927272958422
-4.099590286892931,0.06427997472976302
-4.098965872867055,0.06406972614788962
-4.098341458841178,0.06388852304314767
-4.097717044815301,0.06293198022196034
-4.097092630789424,0.06557233605026173
-4.096468216763548,0.06417209340548684
-4.095843802737671,0.06310424672419618
-4.0952193887117945,0.06402984557380097
-4.0945949746859185,0.06322978864261161
-4.093970560660042,0.06367083291467511
-4.093346146634165,0.06259726189686213
-4.092721732608288,0.0634119681311908
-4.092097318582412,0.06380895925181532
-4.091472904556535,0.06440512458480571
-4.090848490530658,0.06402046474366498
-4.090224076504782,0.06348978140691933
-4.089599662478905,0.06314088244020825
-4.088975248453028,0.06352665606605334
-4.0883508344271515,0.06461767929111072
-4.0877264204012755,0.06359332718559016
-4.087102006375399,0.0636106095236558
-4.086477592349522,0.06434492671992793
-4.085853178323646,0.06315410679911118
-4.085228764297769,0.06418548319868739
-4.084604350271892,0.06361092276703244
-4.083979936246015,0.06321066690812512
-4.083355522220139,0.06495309848284041
-4.082731108194262,0.06465532044553073
-4.0821066941683855,0.06332352331181144
-4.0814822801425095,0.06355983627221554
-4.080857866116633,0.06488751470314214
-4.080233452090756,0.06389375914794473
-4.079609038064879,0.06481818252615386
-4.078984624039003,0.06516140124221542
-4.078360210013126,0.06525378348924983
-4.077735795987249,0.06635995408850083
-4.077111381961373,0.06753481647630818
-4.076486967935496,0.0718208715675492
-4.075862553909619,0.0571280853384097
-4.0752381398837425,0.05230584538559874
-4.0746137258578665,0.0644873848174692
-4.07398931183199,0.05824152742122342
-4.073364897806113,0.06142102217453414
-4.072740483780237,0.06562400192215158
-4.07211606975436,0.06378677080606268
-4.071491655728483,0.05972752450367946
-4.070867241702606,0.06513938819064446
-4.07024282767673,0.06399229688240524
-4.069618413650853,0.06331728900361656
-4.068993999624976,0.0641204056028486
-4.0683695855991004,0.06332594060030904
-4.067745171573224,0.06217393014619201
-4.067120757547347,0.06455265393577041
-4.06649634352147,0.06596851645346823
-4.065871929495594,0.06572756681006256
-4.065247515469717,0.06330208396102911
-4.06462310144384,0.06339803528791318
-4.063998687417964,0.06442847866709099
-4.063374273392087,0.06473449262165311
-4.06274985936621,0.06374234641727677
-4.0621254453403335,0.06455911029391412
-4.0615010313144575,0.06385396679423348
-4.060876617288581,0.06425912150829946
-4.060252203262704,0.06418509973424448
-4.059627789236828,0.06479250950194866
-4.059003375210951,0.06615288853393637
-4.058378961185074,0.06636787820527022
-4.057754547159197,0.06454491587750635
-4.057130133133321,0.06430339328558742
-4.056505719107444,0.06237108757914274
-4.055881305081567,0.06107995152496613
-4.055256891055691,0.06429282108942466
-4.0546324770298146,0.0640293575818401
-4.054008063003938,0.0644393586899602
-4.053383648978061,0.06420988152773574
-4.052759234952185,0.06455825872222953
-4.052134820926308,0.06424958962299746
-4.051510406900431,0.06473054429538863
-4.050885992874555,0.06529777636433114
-4.050261578848678,0.06472585518879258
-4.049637164822801,0.0617558692626153
-4.0490127507969245,0.06283917408807342
-4.0483883367710485,0.06337225583272652
-4.047763922745172,0.06411103740449817
-4.047139508719295,0.06262205866122486
-4.046515094693419,0.063750204610574
-4.045890680667542,0.06577412067608604
-4.045266266641665,0.06445663300702273
-4.044641852615789,0.06550467458296313
-4.044017438589912,0.06481339419056484
-4.043393024564035,0.06343824799137941
-4.042768610538159,0.06355818134931447
-4.042144196512282,0.06425884803450468
-4.0415197824864055,0.06482771833892223
-4.040895368460529,0.06544663025552058
-4.040270954434653,0.06424305852858554
-4.039646540408776,0.06464420525992942
-4.039022126382899,0.06381573862523866
-4.038397712357023,0.06478060760887845
-4.037773298331146,0.06569566889305403
-4.037148884305269,0.0645043950960698
-4.036524470279392,0.0623781570773825
-4.035900056253516,0.06387733454498416
-4.0352756422276395,0.06525738052626516
-4.034651228201763,0.06461004375988627
-4.034026814175887,0.06549707769374087
-4.03340240015001,0.06351290994043668
-4.032777986124133,0.06465665566832204
-4.032153572098256,0.06460995234307837
-4.03152915807238,0.06395893673160483
-4.030904744046503,0.0658461569584094
-4.030280330020626,0.06495792412174431
-4.02965591599475,0.06525794084952947
-4.029031501968873,0.06313089812486389
-4.0284070879429965,0.06390335988534877
-4.02778267391712,0.06429907817250365
-4.027158259891244,0.06480122355157233
-4.026533845865367,0.06544133364195845
-4.02590943183949,0.064843514741865
-4.025285017813614,0.06476060694563797
-4.024660603787737,0.06473111100330221
-4.02403618976186,0.06509622149711079
-4.023411775735983,0.0659349804256105
-4.022787361710107,0.06675571257038528
-4.02216294768423,0.06873522640366031
-4.021538533658354,0.0690208102336964
-4.020914119632478,0.05948937189992515
-4.020289705606601,0.05848120431358931
-4.019665291580724,0.06426026292614508
-4.019040877554847,0.06441932884474937
-4.018416463528971,0.06334363278170338
-4.017792049503094,0.060075620493045545
-4.017167635477217,0.06063654729174641
-4.016543221451341,0.06735306002468609
-4.015918807425464,0.06516818719236404
-4.0152943933995875,0.06654822296175486
-4.014669979373711,0.06709933171494667
-4.014045565347835,0.06480949577593051
-4.013421151321958,0.06599408487177208
-4.012796737296081,0.06430282835401728
-4.012172323270205,0.06607778890682481
-4.011547909244328,0.0653019329762332
-4.010923495218451,0.06428285841856143
-4.010299081192574,0.06663146135823489
-4.009674667166698,0.06657268346703205
-4.009050253140821,0.06662269860824727
-4.0084258391149445,0.06627049630350677
-4.007801425089069,0.06636085354901558
-4.007177011063192,0.06603317433819197
-4.006552597037315,0.06717597247800218
-4.005928183011438,0.06809684210162917
-4.005303768985562,0.06752281464342894
-4.004679354959685,0.07004871300352827
-4.004054940933808,0.0698315666725267
-4.003430526907932,0.0730778320565912
-4.002806112882055,0.07860894288800836
-4.0021816988561785,0.07397727574491611
-4.001557284830302,0.06375660084830251
-4.000932870804426,0.058749376744125184
-4.000308456778549,0.05331626062650073
-3.9996840427526723,0.05020603675619336
-3.9990596287267954,0.04770879431750993
-3.998435214700919,0.05427664332835863
-3.997810800675042,0.056672853169433254
-3.9971863866491657,0.051206385162319366
-3.9965619726232893,0.06227897004890831
-3.9959375585974124,0.06425726898022727
-3.995313144571536,0.062076700956974776
-3.9946887305456595,0.061317531080944156
-3.9940643165197827,0.06353108301811197
-3.993439902493906,0.06623212304697626
-3.9928154884680294,0.06647575738628797
-3.992191074442153,0.06563123287050335
-3.991566660416276,0.06596228492744247
-3.9909422463903996,0.06500043588614222
-3.990317832364523,0.06271917796406826
-3.9896934183386463,0.06266339022254135
-3.9890690043127695,0.06323659163301662
-3.988444590286893,0.06435963747227103
-3.9878201762610166,0.06497202819267221
-3.9871957622351397,0.06447095604946343
-3.9865713482092633,0.06424814677207039
-3.985946934183387,0.06593886017929207
-3.98532252015751,0.06657899025157836
-3.984698106131633,0.06298211979721322
-3.9840736921057567,0.064346452989552
-3.9834492780798803,0.06429568430688642
-3.9828248640540034,0.06481540730593634
-3.982200450028127,0.06469014593444246
-3.9815760360022505,0.06517589111541737
-3.9809516219763736,0.0664227504042499
-3.9803272079504968,0.06793878698201629
-3.9797027939246203,0.06880100414711612
-3.979078379898744,0.06983399951108034
-3.978453965872867,0.07198825755097121
-3.9778295518469906,0.07109858608945992
-3.977205137821114,0.06989527500364531
-3.9765807237952373,0.06907074977688062
-3.9759563097693604,0.06772435179580119
-3.9753318957434844,0.06845437101563497
-3.9747074817176076,0.06105082426656154
-3.9740830676917307,0.05601112909346909
-3.9734586536658543,0.06283144420055556
-3.972834239639978,0.059782607100103725
-3.972209825614101,0.060241124768251886
-3.971585411588224,0.058660614351447024
-3.970960997562348,0.0624531299695976
-3.9703365835364712,0.06368715621541261
-3.9697121695105944,0.06409577114381754
-3.969087755484718,0.06327385569212232
-3.9684633414588415,0.06514538058631035
-3.9678389274329646,0.0678077301634288
-3.967214513407088,0.06680955373490251
-3.9665900993812118,0.061642183116955185
-3.965965685355335,0.06235552564523346
-3.965341271329458,0.062182579378916726
-3.9647168573035816,0.06452229988100466
-3.964092443277705,0.06584515438180483
-3.9634680292518283,0.06750301663976058
-3.962843615225952,0.06539508134110113
-3.9622192012000754,0.06695805378464367
-3.9615947871741986,0.0654121797414444
-3.9609703731483217,0.06653723266787075
-3.9603459591224452,0.0661310297179586
-3.959721545096569,0.06508489651396177
-3.959097131070692,0.06478131035646281
-3.9584727170448155,0.06527166223407636
-3.957848303018939,0.06516202083288136
-3.957223888993062,0.06493444839762284
-3.9565994749671853,0.06657084206742472
-3.955975060941309,0.06625788641108574
-3.9553506469154325,0.06703701297435186
-3.9547262328895556,0.06676810852086064
-3.954101818863679,0.0629746486471364
-3.9534774048378027,0.05650823192670175
-3.952852990811926,0.05995255463050433
-3.952228576786049,0.06679156090404265
-3.9516041627601726,0.06529772921944048
-3.950979748734296,0.06657024350448668
-3.9503553347084193,0.06910657802117207
-3.949730920682543,0.06616839352962994
-3.9491065066566664,0.0653632516424475
-3.9484820926307895,0.06402948398163784
-3.9478576786049127,0.06685017444989313
-3.9472332645790367,0.067240064026156
-3.94660885055316,0.06844376535548286
-3.945984436527283,0.06550252991662694
-3.9453600225014065,0.06531994260262203
-3.94473560847553,0.06604003677559758
-3.944111194449653,0.06711268812646039
-3.9434867804237763,0.0673939061101628
-3.9428623663979003,0.06709386206146996
-3.9422379523720235,0.06619941900806649
-3.9416135383461466,0.054540606979354464
-3.94098912432027,0.06373499538684989
-3.9403647102943937,0.0645357956423155
-3.939740296268517,0.06374806969608714
-3.9391158822426404,0.06475763648186902
-3.938491468216764,0.06320903583005741
-3.937867054190887,0.06561354964819859
-3.9372426401650102,0.06624382517727509
-3.936618226139134,0.06529679371477601
-3.9359938121132574,0.06635728742984788
-3.9353693980873805,0.06784828790568824
-3.934744984061504,0.0652771377752395
-3.9341205700356277,0.06400805138096491
-3.9334961560097508,0.06406054046457918
-3.932871741983874,0.06577839032596888
-3.9322473279579975,0.06755135733945375
-3.931622913932121,0.06758245556841325
-3.930998499906244,0.06946038243810954
-3.9303740858803677,0.06780352699127787
-3.9297496718544913,0.06767061196128257
-3.9291252578286144,0.06608168894019957
-3.9285008438027376,0.06765355914875708
-3.927876429776861,0.06807579610033411
-3.9272520157509847,0.06766092579398875
-3.926627601725108,0.06740792168647575
-3.9260031876992314,0.06786291100443358
-3.925378773673355,0.0685818328705621
-3.924754359647478,0.06945062159467584
-3.9241299456216012,0.06945229868959957
-3.923505531595725,0.07065904203060555
-3.9228811175698484,0.06869702800896794
-3.9222567035439715,0.06888782670555113
-3.921632289518095,0.0683057734690992
-3.9210078754922186,0.07003477261849403
-3.9203834614663418,0.0702681300622392
-3.919759047440465,0.07052874424117984
-3.919134633414589,0.07166482239159847
-3.918510219388712,0.07364037537755108
-3.917885805362835,0.07708324101275323
-3.9172613913369587,0.0809124960317125
-3.9166369773110823,0.08369105180554993
-3.9160125632852054,0.0759975714704928
-3.9153881492593285,0.06793077166112335
-3.9147637352334526,0.06555494039252958
-3.9141393212075757,0.061565363892815285
-3.913514907181699,0.05668669821980134
-3.9128904931558224,0.0517251962522008
-3.912266079129946,0.048211403824503465
-3.911641665104069,0.047238308401446945
-3.9110172510781926,0.04386888353061986
-3.910392837052316,0.0462782204599536
-3.9097684230264393,0.049208597532838336
-3.9091440090005625,0.05098614656528646
-3.908519594974686,0.04820098158104817
-3.9078951809488096,0.045816528138090604
-3.9072707669229327,0.04678588393846642
-3.9066463528970563,0.05873387057593403
-3.90602193887118,0.06794207458653814
-3.905397524845303,0.06598393531622117
-3.904773110819426,0.06654730381545412
-3.9041486967935497,0.06585524915763181
-3.9035242827676733,0.06502966512298351
-3.9028998687417964,0.0634330166958016
-3.90227545471592,0.06657467960575394
-3.9016510406900435,0.06779771842416253
-3.9010266266641667,0.06709540997997007
-3.90040221263829,0.06675648968754336
-3.8997777986124134,0.068210585301694
-3.899153384586537,0.06340312369951256
-3.89852897056066,0.060091743021313745
-3.8979045565347836,0.06329423159668061
-3.897280142508907,0.06639232444226345
-3.8966557284830303,0.07030205642766449
-3.8960313144571534,0.06826930647122845
-3.895406900431277,0.06618591453651046
-3.8947824864054006,0.06338768884350035
-3.8941580723795237,0.06291964891341131
-3.8935336583536473,0.0623868780066338
-3.892909244327771,0.06312992398623334
-3.892284830301894,0.06612038708725462
-3.891660416276017,0.0672723022762013
-3.891036002250141,0.06792312207888328
-3.8904115882242642,0.06636018274707814
-3.8897871741983874,0.06725814734839122
-3.889162760172511,0.06716150967657927
-3.8885383461466345,0.06921546537267671
-3.8879139321207576,0.06828112454756807
-3.8872895180948808,0.06676112117499934
-3.886665104069005,0.0666820293709994
-3.886040690043128,0.06963133528367468
-3.885416276017251,0.0713047410225214
-3.8847918619913746,0.0713256229412936
-3.884167447965498,0.06784756920115696
-3.8835430339396213,0.06922755689598638
-3.882918619913745,0.07184393073428336
-3.8822942058878684,0.07465386059197503
-3.8816697918619916,0.07179321839023917
-3.8810453778361147,0.07121600624009126
-3.8804209638102383,0.07226616527928262
-3.879796549784362,0.06879092636988056
-3.879172135758485,0.06863237965235609
-3.8785477217326085,0.06677897692169875
-3.877923307706732,0.06802433146336222
-3.8772988936808552,0.06901266888087244
-3.8766744796549784,0.06850429762928238
-3.876050065629102,0.06710845228512122
-3.8754256516032255,0.06598993024087221
-3.8748012375773486,0.06499050468308301
-3.874176823551472,0.06284714984321509
-3.8735524095255958,0.06253816328684714
-3.872927995499719,0.0649579810783323
-3.872303581473842,0.06697038093605127
-3.8716791674479656,0.062323352613690076
-3.871054753422089,0.06525763670540352
-3.8704303393962123,0.06504160495091629
-3.869805925370336,0.0659838473972745
-3.8691815113444594,0.0656281127101723
-3.8685570973185825,0.06654932712514994
-3.8679326832927057,0.06648336852348476
-3.8673082692668292,0.06521734210804808
-3.866683855240953,0.06425789587003615
-3.866059441215076,0.0669976590977345
-3.8654350271891995,0.0675840131684825
-3.864810613163323,0.06705844768707875
-3.864186199137446,0.06767498728327478
-3.8635617851115693,0.06718169030831717
-3.8629373710856933,0.0684135516827119
-3.8623129570598165,0.06398673240793627
-3.8616885430339396,0.06013591520659055
-3.861064129008063,0.06337456629354357
-3.8604397149821867,0.06378496610914436
-3.85981530095631,0.06398829302625005
-3.859190886930433,0.0617576917537467
-3.858566472904557,0.06434475657652895
-3.85794205887868,0.0631259926008511
-3.8573176448528033,0.06178631396640133
-3.856693230826927,0.06446974954749629
-3.8560688168010504,0.0658644092783472
-3.8554444027751735,0.06632559614673257
-3.854819988749297,0.06293971001527796
-3.8541955747234207,0.06423507169979126
-3.853571160697544,0.06532993461465793
-3.852946746671667,0.06455399149501304
-3.8523223326457905,0.06546450839309455
-3.851697918619914,0.06548876671371354
-3.851073504594037,0.06529956640775511
-3.8504490905681608,0.0669350445293427
-3.8498246765422843,0.06686282640318249
-3.8492002625164075,0.06670472459775391
-3.8485758484905306,0.06502723581917279
-3.847951434464654,0.06693073697837006
-3.8473270204387777,0.06626549583957994
-3.846702606412901,0.0679490190732943
-3.8460781923870244,0.06642104932850901
-3.845453778361148,0.06597754282536769
-3.844829364335271,0.06806456354969566
-3.8442049503093942,0.06965524510665447
-3.843580536283518,0.06979404982196065
-3.8429561222576414,0.07053610975405125
-3.8423317082317645,0.06979942593710867
-3.841707294205888,0.06896479877550817
-3.8410828801800116,0.0661486714500481
-3.8404584661541348,0.06683756819575334
-3.839834052128258,0.06810792058085144
-3.8392096381023815,0.06873699837282002
-3.838585224076505,0.06839566389536215
-3.837960810050628,0.06623567560592224
-3.8373363960247517,0.06396182171996577
-3.8367119819988753,0.06618064869129167
-3.8360875679729984,0.06782176463272109
-3.8354631539471216,0.0670118154595841
-3.834838739921245,0.06786202699266505
-3.8342143258953687,0.06928156780232317
-3.833589911869492,0.07138338462681502
-3.8329654978436154,0.07206563864720562
-3.832341083817739,0.0733952459253791
-3.831716669791862,0.07806095375630473
-3.831092255765985,0.08277247786114497
-3.8304678417401092,0.08220804334460172
-3.8298434277142324,0.07029481953071232
-3.8292190136883555,0.06457419141778696
-3.828594599662479,0.05758368735322853
-3.8279701856366026,0.05439387835239714
-3.8273457716107258,0.05885637871789603
-3.8267213575848493,0.06637157757498993
-3.826096943558973,0.07105411028624331
-3.825472529533096,0.06590061393274033
-3.824848115507219,0.05671729887073342
-3.8242237014813427,0.032039189939513255
-3.8235992874554663,0.023759473858409617
-3.8229748734295894,0.03529427027691677
-3.822350459403713,0.05597780705544745
-3.8217260453778366,0.06081732054345427
-3.8211016313519597,0.056171254415943915
-3.820477217326083,0.05590971448530034
-3.8198528033002064,0.05521607278511627
-3.81922838927433,0.0534144275492783
-3.818603975248453,0.05220960263948775
-3.8179795612225766,0.05392411164881202
-3.8173551471967,0.05742096580676653
-3.8167307331708233,0.066422657889931
-3.8161063191449465,0.07220731046312673
-3.81548190511907,0.07053337810516173
-3.8148574910931936,0.07272149666318393
-3.8142330770673167,0.07510722321011898
-3.8136086630414403,0.07515705707196209
-3.812984249015564,0.080051187785424
-3.812359834989687,0.07761653615840905
-3.81173542096381,0.0761147762292733
-3.8111110069379337,0.07045483231782299
-3.8104865929120573,0.061576225663778995
-3.8098621788861804,0.05615571875918279
-3.809237764860304,0.056144830045283665
-3.8086133508344275,0.055905498804004916
-3.8079889368085507,0.05457246513655582
-3.807364522782674,0.057085936741987565
-3.8067401087567974,0.0612282588208916
-3.806115694730921,0.06411598818036439
-3.805491280705044,0.06810824229367216
-3.8048668666791676,0.06965417702739574
-3.804242452653291,0.07034144181937588
-3.8036180386274143,0.07225960583206201
-3.8029936246015374,0.07577085623732709
-3.8023692105756615,0.07572105973481671
-3.8017447965497846,0.07438860060238262
-3.8011203825239077,0.07451305655469621
-3.8004959684980313,0.07456440450589047
-3.799871554472155,0.07294599245878124
-3.799247140446278,0.06985956560758409
-3.7986227264204016,0.06971733484728218
-3.797998312394525,0.06869991841818676
-3.7973738983686482,0.06431927650014602
-3.7967494843427714,0.06589659050714106
-3.796125070316895,0.06688074445285333
-3.7955006562910185,0.06673737743541504
-3.7948762422651416,0.06666031994737069
-3.794251828239265,0.06343632497304297
-3.793627414213389,0.06118596893321544
-3.793003000187512,0.05820848493448229
-3.792378586161635,0.05837665147410265
-3.7917541721357586,0.05851584945744387
-3.791129758109882,0.06191531298958969
-3.7905053440840053,0.06092347438817255
-3.789880930058129,0.06043241477625896
-3.7892565160322524,0.06185969449143412
-3.7886321020063756,0.06231525623818636
-3.7880076879804987,0.06690820193213602
-3.7873832739546223,0.06854958655502272
-3.786758859928746,0.07231200524414504
-3.786134445902869,0.07289857543695744
-3.7855100318769925,0.07426301988305711
-3.784885617851116,0.07373936825225276
-3.7842612038252392,0.07245416096082348
-3.7836367897993624,0.0733011445219621
-3.783012375773486,0.07185019929712931
-3.7823879617476095,0.07035357091029519
-3.7817635477217326,0.0637647955312369
-3.781139133695856,0.06352731459324691
-3.7805147196699798,0.0645275966292491
-3.779890305644103,0.06617581162642654
-3.779265891618226,0.06679916301375599
-3.7786414775923496,0.07095733754974379
-3.778017063566473,0.0737667224724866
-3.7773926495405963,0.07507440939427526
-3.77676823551472,0.07153713432160105
-3.7761438214888434,0.0710384753718318
-3.7755194074629665,0.06904816986735197
-3.7748949934370897,0.07036757221063672
-3.7742705794112137,0.06813131037347539
-3.773646165385337,0.06904004907115366
-3.77302175135946,0.06751830071123213
-3.7723973373335835,0.06704828328665308
-3.771772923307707,0.06704110102830332
-3.77114850928183,0.0656207890600422
-3.7705240952559533,0.06525282013532233
-3.7698996812300773,0.06451460775772613
-3.7692752672042005,0.0653664117461822
-3.7686508531783236,0.0670097348373914
-3.768026439152447,0.06744858866341316
-3.7674020251265707,0.06959522614786447
-3.766777611100694,0.06936681258378699
-3.7661531970748174,0.06962447950640765
-3.765528783048941,0.06813185692451865
-3.764904369023064,0.06872711345596194
-3.7642799549971873,0.06856658600955726
-3.763655540971311,0.07157509644188582
-3.7630311269454344,0.07003111506721597
-3.7624067129195575,0.0708047356312454
-3.761782298893681,0.07067385757625781
-3.7611578848678047,0.06553588402399843
-3.760533470841928,0.061979200930429454
-3.759909056816051,0.066052449806166
-3.7592846427901745,0.0706747722236252
-3.758660228764298,0.06819390313459203
-3.758035814738421,0.066113928464841
-3.7574114007125448,0.06657601734746298
-3.7567869866866683,0.06322282756433248
-3.7561625726607915,0.060060063231976865
-3.7555381586349146,0.06098308142811189
-3.754913744609038,0.06223322865040819
-3.7542893305831617,0.06532289060233251
-3.753664916557285,0.06698511206526159
-3.7530405025314084,0.06885207728558823
-3.752416088505532,0.07044651480424247
-3.751791674479655,0.07053447762954036
-3.7511672604537782,0.0675984345683287
-3.750542846427902,0.06826078269633927
-3.7499184324020254,0.06981832726173044
-3.7492940183761485,0.06894542332737207
-3.748669604350272,0.06686616190633396
-3.7480451903243956,0.06498483230451621
-3.7474207762985188,0.06231560925925763
-3.746796362272642,0.06318898678695202
-3.746171948246766,0.06228578544374998
-3.745547534220889,0.06278723510005504
-3.744923120195012,0.06407586381980807
-3.7442987061691357,0.06614582485131262
-3.7436742921432593,0.06773233902082222
-3.7430498781173824,0.06987064667516249
-3.7424254640915056,0.07007983447167163
-3.7418010500656296,0.07007235935810992
-3.7411766360397527,0.06998842259895252
-3.740552222013876,0.07042754233598855
-3.7399278079879994,0.06840793782268503
-3.739303393962123,0.06928060820735278
-3.738678979936246,0.07082610781123093
-3.7380545659103697,0.07053843824176698
-3.7374301518844932,0.06999786641192779
-3.7368057378586164,0.07059132197918043
-3.7361813238327395,0.07161234420522318
-3.735556909806863,0.07071398574843277
-3.7349324957809866,0.06618086328555842
-3.7343080817551098,0.06430055626654121
-3.7336836677292333,0.065226213519645
-3.733059253703357,0.06852370227151802
-3.73243483967748,0.07208074370701907
-3.731810425651603,0.07504915804792907
-3.7311860116257267,0.07439884691496688
-3.7305615975998503,0.0714963472794595
-3.7299371835739734,0.06787772717232632
-3.729312769548097,0.06706672296926772
-3.7286883555222206,0.0675908575430498
-3.7280639414963437,0.06749023522661045
-3.727439527470467,0.0663985865127335
-3.7268151134445904,0.06627177353488362
-3.726190699418714,0.06553887925793248
-3.725566285392837,0.06264665860780579
-3.7249418713669606,0.0643910191639401
-3.724317457341084,0.06550076168804571
-3.7236930433152073,0.06699365489593347
-3.7230686292893305,0.06931945240010111
-3.722444215263454,0.06974128323589357
-3.7218198012375776,0.06963219331150854
-3.7211953872117007,0.06898495851681695
-3.7205709731858243,0.06859096640900132
-3.719946559159948,0.07138120067347556
-3.719322145134071,0.07303615725047695
-3.718697731108194,0.07303459271924102
-3.718073317082318,0.07063707919684445
-3.7174489030564413,0.06945722472708654
-3.7168244890305644,0.0688428769598102
-3.716200075004688,0.06943730865838146
-3.7155756609788115,0.07086173966820958
-3.7149512469529347,0.06952748340262621
-3.714326832927058,0.06824850720180575
-3.713702418901182,0.06417471185329289
-3.713078004875305,0.0641984451983977
-3.712453590849428,0.06552389756924883
-3.7118291768235516,0.06639629517193957
-3.711204762797675,0.06831013674317546
-3.7105803487717983,0.06947761007340443
-3.709955934745922,0.06851747756797358
-3.7093315207200455,0.06780612708837283
-3.7087071066941686,0.06955086957860428
-3.7080826926682917,0.07000696486049139
-3.7074582786424153,0.06767030240565516
-3.706833864616539,0.06750053806680874
-3.706209450590662,0.0663595324946602
-3.7055850365647856,0.06584575841991133
-3.704960622538909,0.06637021309126165
-3.7043362085130322,0.0661206559647308
-3.7037117944871554,0.0666345007414304
-3.703087380461279,0.06838372457781415
-3.7024629664354025,0.06987513026449298
-3.7018385524095256,0.07043880737186511
-3.701214138383649,0.071453223482945
-3.700589724357773,0.07077962463493578
-3.699965310331896,0.06934780263903528
-3.699340896306019,0.06762558850494205
-3.6987164822801426,0.0668205606265104
-3.698092068254266,0.06455272833624834
-3.6974676542283893,0.06480955486128778
-3.696843240202513,0.06706783698080361
-3.6962188261766364,0.07256300635832955
-3.6955944121507596,0.07520417922685968
-3.6949699981248827,0.0755345864171582
-3.6943455840990063,0.07634394924515811
-3.69372117007313,0.07532251282223393
-3.693096756047253,0.0751149629037482
-3.6924723420213765,0.07482947536935089
-3.6918479279955,0.07256658381231389
-3.6912235139696232,0.07229833540770934
-3.6905990999437464,0.07248253302554401
-3.6899746859178704,0.07037018038056161
-3.6893502718919935,0.06772315019319484
-3.6887258578661166,0.06535943950876508
-3.68810144384024,0.0658582377430195
-3.6874770298143638,0.06947504653877858
-3.686852615788487,0.07270492765624496
-3.68622820176261,0.07558719239558322
-3.685603787736734,0.07260231007423647
-3.684979373710857,0.07158348490292818
-3.6843549596849803,0.0746551117416713
-3.683730545659104,0.07486281173125117
-3.6831061316332274,0.07460229912291147
-3.6824817176073505,0.07669324893661508
-3.681857303581474,0.08008238425936211
-3.6812328895555977,0.08032983477258979
-3.680608475529721,0.07519212954818352
-3.679984061503844,0.07414351932333793
-3.6793596474779675,0.07440058259680213
-3.678735233452091,0.07215447370390253
-3.678110819426214,0.06886794414741836
-3.6774864054003378,0.06894429090005418
-3.6768619913744613,0.07030869505393347
-3.6762375773485845,0.07210823888601935
-3.6756131633227076,0.07449062239461582
-3.674988749296831,0.07177168085127957
-3.6743643352709547,0.06675433909512118
-3.673739921245078,0.06453994331369059
-3.6731155072192014,0.0625343538600622
-3.672491093193325,0.06322479343224131
-3.671866679167448,0.06468924030332766
-3.6712422651415713,0.06393369637025248
-3.670617851115695,0.06494160764019273
-3.6699934370898184,0.07033313775763635
-3.6693690230639415,0.07285055105911362
-3.668744609038065,0.07053425277107776
-3.6681201950121887,0.07051832351613968
-3.667495780986312,0.07368742049456078
-3.666871366960435,0.07221170703677729
-3.6662469529345585,0.07227958897367824
-3.665622538908682,0.07419779792325662
-3.664998124882805,0.07144623246027323
-3.6643737108569288,0.07171085236368063
-3.6637492968310523,0.07542792685892245
-3.6631248828051755,0.078762137330703
-3.6625004687792986,0.08163094533804752
-3.6618760547534226,0.08355281529044958
-3.6612516407275457,0.08399157156962789
-3.660627226701669,0.08369159149086762
-3.6600028126757924,0.08053498352001504
-3.659378398649916,0.07952390580821125
-3.658753984624039,0.0779450435598891
-3.6581295705981622,0.0768447780009056
-3.6575051565722863,0.08001600458799542
-3.6568807425464094,0.0861210488277431
-3.6562563285205325,0.09137996694754585
-3.655631914494656,0.09341487853725078
-3.6550075004687796,0.0972482858436742
-3.6543830864429028,0.0995098786482039
-3.6537586724170263,0.09840402267517064
-3.65313425839115,0.09693607380691135
-3.652509844365273,0.08551527065033876
-3.651885430339396,0.074155917596978
-3.6512610163135197,0.06784202906156378
-3.6506366022876433,0.06678992660114777
-3.6500121882617664,0.0656628227321839
-3.64938777423589,0.06432741430822547
-3.6487633602100136,0.06522733212313193
-3.6481389461841367,0.06251446408163618
-3.64751453215826,0.06189449386494526
-3.6468901181323834,0.06490544592248162
-3.646265704106507,0.06664650237856032
-3.64564129008063,0.06730793036419466
-3.6450168760547537,0.07067803117705543
-3.6443924620288772,0.07478276831001524
-3.6437680480030004,0.0745329826623746
-3.6431436339771235,0.06821286342447219
-3.642519219951247,0.06405865920486273
-3.6418948059253706,0.06173994506020426
-3.6412703918994938,0.05794416209269539
-3.6406459778736173,0.05491560722002189
-3.640021563847741,0.05433669570037678
-3.639397149821864,0.0541608240214261
-3.638772735795987,0.05338296258974291
-3.6381483217701107,0.05029867076196133
-3.6375239077442343,0.04983013095569876
-3.6368994937183574,0.05034955922788094
-3.636275079692481,0.04721703865092552
-3.6356506656666046,0.04667403197476283
-3.6350262516407277,0.04751620014308322
-3.634401837614851,0.04840692301203665
-3.6337774235889744,0.050215261102862285
-3.633153009563098,0.048867319905411814
-3.632528595537221,0.046648401694393556
-3.6319041815113446,0.044224813527250176
-3.631279767485468,0.045593293295432456
-3.6306553534595913,0.04420581916770528
-3.6300309394337145,0.042966804393405424
-3.6294065254078385,0.042433532238251866
-3.6287821113819616,0.040902559804099
-3.6281576973560847,0.04073967771179825
-3.6275332833302083,0.042657866849572915
-3.626908869304332,0.04212266546650857
-3.626284455278455,0.04049731687025606
-3.6256600412525786,0.03970472563212309
-3.625035627226702,0.03749457632330615
-3.6244112132008253,0.03333026713529027
-3.6237867991749484,0.029416520860988293
-3.623162385149072,0.028148681630831
-3.6225379711231955,0.027519956668484002
-3.6219135570973187,0.024370370828513892
-3.6212891430714422,0.0217201508294519
-3.620664729045566,0.02355746951579804
-3.620040315019689,0.029322154005835387
-3.619415900993812,0.034082126190492536
-3.6187914869679356,0.040071720506418204
-3.618167072942059,0.05214081295985516
-3.6175426589161823,0.06617621543686768
-3.616918244890306,0.07433527887112526
-3.6162938308644295,0.07562570090912224
-3.6156694168385526,0.07146031813947999
-3.6150450028126757,0.06605290203480864
-3.6144205887867993,0.06390450018718656
-3.613796174760923,0.07335935157818782
-3.613171760735046,0.08053766390317182
-3.6125473467091695,0.07762091744958381
-3.611922932683293,0.07357227724236005
-3.6112985186574162,0.07069202149288452
-3.6106741046315394,0.06796116796714366
-3.610049690605663,0.06828589368485352
-3.6094252765797865,0.06934166702057852
-3.6088008625539096,0.06896088692793949
-3.608176448528033,0.0671225767136682
-3.607552034502157,0.06577546530164143
-3.60692762047628,0.06297187147217173
-3.606303206450403,0.06141061845531461
-3.6056787924245266,0.0631991042470951
-3.60505437839865,0.06450978336862714
-3.6044299643727733,0.06422442805354353
-3.603805550346897,0.06381819248810015
-3.6031811363210204,0.06438005212067859
-3.6025567222951436,0.06282990386956724
-3.6019323082692667,0.06335816259806443
-3.6013078942433907,0.06218990246448012
-3.600683480217514,0.05978098095720223
-3.600059066191637,0.06075114798492641
-3.5994346521657605,0.06236358995347495
-3.598810238139884,0.06274095247259376
-3.5981858241140072,0.06319769062015568
-3.597561410088131,0.06295832797639678
-3.5969369960622544,0.06308630215807831
-3.5963125820363775,0.06388205890055841
-3.5956881680105006,0.06418631154351838
-3.595063753984624,0.06521583896449659
-3.5944393399587478,0.06560778327423301
-3.593814925932871,0.06714989316011148
-3.5931905119069945,0.06771341640268037
-3.592566097881118,0.06651151137269798
-3.591941683855241,0.06611057936497754
-3.5913172698293643,0.06651416837107184
-3.590692855803488,0.06619223723731875
-3.5900684417776114,0.06462148694964523
-3.5894440277517345,0.06384154782695327
-3.588819613725858,0.06551405736098379
-3.5881951996999817,0.06579045056248548
-3.587570785674105,0.06606189054458152
-3.586946371648228,0.06790867082690438
-3.5863219576223515,0.07147261794705273
-3.585697543596475,0.07390444137195541
-3.585073129570598,0.07397065169293007
-3.5844487155447218,0.07269990884384364
-3.5838243015188453,0.0730753182212632
-3.5831998874929685,0.07303269472012958
-3.5825754734670916,0.07069238988208057
-3.581951059441215,0.07254781269044197
-3.5813266454153387,0.07386603930510609
-3.580702231389462,0.07739314179685011
-3.5800778173635854,0.07674777957437287
-3.579453403337709,0.07220441873850483
-3.578828989311832,0.07185825273246857
-3.5782045752859553,0.07173939083551296
-3.577580161260079,0.07289593592630851
-3.5769557472342024,0.0741104116696928
-3.5763313332083255,0.07214722614876609
-3.575706919182449,0.07243088746587724
-3.5750825051565727,0.0757318216791032
-3.574458091130696,0.07899341568720032
-3.573833677104819,0.08185588425685647
-3.573209263078943,0.0819555744970339
-3.572584849053066,0.08128222654362996
-3.571960435027189,0.08169045829604402
-3.5713360210013128,0.08231652049488455
-3.5707116069754363,0.08181508012627016
-3.5700871929495595,0.08038331027797467
-3.5694627789236826,0.08260378244331133
-3.5688383648978066,0.08641270243781171
-3.5682139508719297,0.084486314025422
-3.567589536846053,0.07946628490339373
-3.5669651228201764,0.07664129583861151
-3.5663407087943,0.07391669604612461
-3.565716294768423,0.07477504468026253
-3.5650918807425467,0.0716662426738903
-3.5644674667166703,0.06879032745811278
-3.5638430526907934,0.07040362936440414
-3.5632186386649165,0.07156910388649787
-3.56259422463904,0.0720098071380922
-3.5619698106131636,0.07229907440170122
-3.5613453965872868,0.07129137963751689
-3.5607209825614103,0.0695130785851417
-3.560096568535534,0.06913325771619024
-3.559472154509657,0.06949785599618438
-3.55884774048378,0.06947556311075828
-3.5582233264579037,0.07218484207404453
-3.5575989124320273,0.07163751882255223
-3.5569744984061504,0.07015971234780559
-3.556350084380274,0.07270111596400589
-3.5557256703543976,0.07369179376309186
-3.5551012563285207,0.07302893178165618
-3.554476842302644,0.07340097451155417
-3.5538524282767674,0.07368299629636174
-3.553228014250891,0.07371020178926607
-3.552603600225014,0.07463253566425701
-3.5519791861991377,0.07303480927891441
-3.5513547721732612,0.07148504582042944
-3.5507303581473844,0.07389339440884753
-3.5501059441215075,0.07440455876097972
-3.549481530095631,0.07489935420330714
-3.5488571160697546,0.07389876041597027
-3.5482327020438778,0.07177038382942105
-3.5476082880180013,0.07078901827489367
-3.546983873992125,0.07060510276790428
-3.546359459966248,0.0703269497307603
-3.545735045940371,0.07177879162020336
-3.545110631914495,0.07309603689290511
-3.5444862178886183,0.07339111480752546
-3.5438618038627414,0.07400996489317883
-3.543237389836865,0.07657397717399242
-3.5426129758109886,0.07700435971904694
-3.5419885617851117,0.07540176454374396
-3.541364147759235,0.07562516095495403
-3.540739733733359,0.07759961542618973
-3.540115319707482,0.07583321412413131
-3.539490905681605,0.07215598865376295
-3.5388664916557286,0.069396701666491
-3.538242077629852,0.06918842962500177
-3.5376176636039753,0.06874473541410392
-3.536993249578099,0.06987022754041705
-3.5363688355522225,0.07115653097250553
-3.5357444215263456,0.07171309924064677
-3.5351200075004687,0.07011114160742486
-3.5344955934745923,0.06899509372664572
-3.533871179448716,0.06826201899736346
-3.533246765422839,0.06690312604683687
-3.5326223513969626,0.06850906477191562
-3.531997937371086,0.07073833932341211
-3.5313735233452093,0.07164277007342945
-3.5307491093193324,0.0733807719073157
-3.530124695293456,0.07307304043755974
-3.5295002812675795,0.06911889282614113
-3.5288758672417027,0.06298892956762589
-3.5282514532158262,0.060607317644597
-3.52762703918995,0.060776081354031196
-3.527002625164073,0.06499631566353006
-3.526378211138196,0.07133644571498628
-3.5257537971123196,0.07375098335899119
-3.525129383086443,0.07402685294887731
-3.5245049690605663,0.0750521466038426
-3.52388055503469,0.07435601279723697
-3.5232561410088135,0.07324907756637884
-3.5226317269829366,0.07059213681391413
-3.5220073129570597,0.06951712214492539
-3.5213828989311833,0.07104938353453685
-3.520758484905307,0.06996149107724971
-3.52013407087943,0.06809057468015331
-3.5195096568535535,0.06563537467352042
-3.518885242827677,0.06437461609880094
-3.5182608288018002,0.06352008456481124
-3.5176364147759234,0.06646191048326486
-3.5170120007500474,0.07222946261534706
-3.5163875867241705,0.07419897880336855
-3.5157631726982936,0.07284643308178988
-3.515138758672417,0.06881061357192812
-3.5145143446465408,0.06652196524187554
-3.513889930620664,0.06790047726444104
-3.513265516594787,0.0684867048253254
-3.512641102568911,0.06884422628182259
-3.512016688543034,0.06800913566091274
-3.5113922745171573,0.0690341682913615
-3.510767860491281,0.07078684294210265
-3.5101434464654044,0.07260145295249178
-3.5095190324395276,0.07306963173668968
-3.508894618413651,0.07215380705680127
-3.5082702043877747,0.07056433234658768
-3.507645790361898,0.06835103974950939
-3.507021376336021,0.06540819717347854
-3.5063969623101445,0.06305257399702893
-3.505772548284268,0.062418899994574874
-3.5051481342583912,0.06539634697221007
-3.504523720232515,0.06844056073368483
-3.5038993062066384,0.07067270267638776
-3.5032748921807615,0.07303799276923104
-3.5026504781548846,0.07387053273551228
-3.502026064129008,0.07322919516140423
-3.5014016501031318,0.07284781599159702
-3.500777236077255,0.073369303608976
-3.5001528220513785,0.0753956759737204
-3.499528408025502,0.07468915623273066
-3.498903993999625,0.07188944703718879
-3.4982795799737483,0.07308430338332894
-3.497655165947872,0.07695305268275994
-3.4970307519219954,0.07752136804069336
-3.4964063378961185,0.0774783951864079
-3.495781923870242,0.07859627705148481
-3.4951575098443657,0.07927851339291472
-3.494533095818489,0.07806711117909268
-3.493908681792612,0.07080464335080802
-3.4932842677667355,0.06456510333445256
-3.492659853740859,0.06275878394618617
-3.492035439714982,0.06495482292082241
-3.4914110256891058,0.06781447633415232
-3.4907866116632293,0.06904308264424994
-3.4901621976373525,0.06785341336963949
-3.4895377836114756,0.06894754422026236
-3.4889133695855996,0.07012773346688757
-3.4882889555597227,0.07107357300551617
-3.487664541533846,0.07048960746265177
-3.4870401275079694,0.07170620507186466
-3.486415713482093,0.07400692900477425
-3.485791299456216,0.07398667930157622
-3.4851668854303393,0.07221397440236192
-3.4845424714044633,0.07187343526858177
-3.4839180573785864,0.07181237621121749
-3.4832936433527095,0.07169140120452187
-3.482669229326833,0.0721042905258575
-3.4820448153009567,0.07352491583983214
-3.48142040127508,0.07432836953826581
-3.4807959872492034,0.07433717681417149
-3.480171573223327,0.07371576043793412
-3.47954715919745,0.07168963940601937
-3.478922745171573,0.07118736400593348
-3.4782983311456968,0.07217791263321308
-3.4776739171198203,0.07226263198819674
-3.4770495030939434,0.07197510466704107
-3.476425089068067,0.07237172249414539
-3.4758006750421906,0.07283223081242095
-3.4751762610163137,0.07210028239989173
-3.474551846990437,0.06985187869599198
-3.4739274329645604,0.06862122943136964
-3.473303018938684,0.06896352132281519
-3.472678604912807,0.06859316562652311
-3.4720541908869307,0.06770862950981692
-3.4714297768610543,0.06839579399319157
-3.4708053628351774,0.06949386984715368
-3.4701809488093005,0.06962573913823951
-3.469556534783424,0.07158701074101678
-3.4689321207575476,0.07417255852220778
-3.4683077067316708,0.07570345798043478
-3.4676832927057943,0.07528046290207738
-3.467058878679918,0.07500557413778801
-3.466434464654041,0.07595068765519991
-3.465810050628164,0.07537433985265599
-3.4651856366022877,0.0747898363295644
-3.4645612225764113,0.07404386169449072
-3.4639368085505344,0.07274961791985955
-3.463312394524658,0.06909052853391807
-3.4626879804987816,0.0673832121963407
-3.4620635664729047,0.06933408987269955
-3.461439152447028,0.07105716268994591
-3.460814738421152,0.0706760761178917
-3.460190324395275,0.07174787075490527
-3.459565910369398,0.07398196728657801
-3.4589414963435217,0.07427481050834611
-3.4583170823176452,0.07345605027186765
-3.4576926682917684,0.07202056133637903
-3.4570682542658915,0.07234592787874579
-3.4564438402400155,0.07060797815550143
-3.4558194262141386,0.06761187997611409
-3.4551950121882617,0.06657641842218293
-3.4545705981623853,0.0671964589529357
-3.453946184136509,0.06968022369876907
-3.453321770110632,0.07282284177020854
-3.4526973560847556,0.07554492024727265
-3.452072942058879,0.07663677168383706
-3.4514485280330023,0.07747421526821799
-3.4508241140071254,0.07792071096998825
-3.450199699981249,0.07945754101621176
-3.4495752859553726,0.07847818820919542
-3.4489508719294957,0.07561930914131498
-3.4483264579036192,0.0731244294483096
-3.447702043877743,0.07134126677020201
-3.447077629851866,0.07073540021608812
-3.446453215825989,0.07085414072027646
-3.4458288018001126,0.07193881799001109
-3.445204387774236,0.07392081752932969
-3.4445799737483593,0.0754574500136029
-3.443955559722483,0.07581939986137008
-3.4433311456966065,0.07610304009613586
-3.4427067316707296,0.0749302742476741
-3.4420823176448527,0.0730396579444336
-3.4414579036189763,0.07209641058435699
-3.4408334895931,0.07115591981113004
-3.440209075567223,0.07194784396932209
-3.4395846615413466,0.0736156575511194
-3.43896024751547,0.07659153041709252
-3.4383358334895933,0.07631208639730858
-3.4377114194637164,0.07526094991205472
-3.43708700543784,0.07542349906685075
-3.4364625914119635,0.07541717776027199
-3.4358381773860867,0.0759448962812239
-3.4352137633602102,0.07673470209921487
-3.434589349334334,0.07913684695344364
-3.433964935308457,0.0806871108696062
-3.43334052128258,0.08130249775392726
-3.4327161072567036,0.08254296430326799
-3.432091693230827,0.08320584997353099
-3.4314672792049503,0.08269565382770483
-3.430842865179074,0.08183235721883139
-3.4302184511531975,0.08028204922759649
-3.4295940371273206,0.07916220342755433
-3.4289696231014437,0.08140710584238035
-3.4283452090755677,0.08399853468968771
-3.427720795049691,0.08402506481740615
-3.427096381023814,0.08177387710484359
-3.4264719669979375,0.07756662528583706
-3.425847552972061,0.07452005384438351
-3.4252231389461842,0.07427891513679205
-3.424598724920308,0.07394030050631512
-3.4239743108944314,0.06957523671209367
-3.4233498968685545,0.06370048911442289
-3.4227254828426776,0.05824413481423292
-3.422101068816801,0.0545492694890782
-3.4214766547909248,0.0521355692158275
-3.420852240765048,0.05193844454103415
-3.4202278267391715,0.051634760736202136
-3.419603412713295,0.051748526434124954
-3.418978998687418,0.05157702448888375
-3.4183545846615413,0.053384762336379774
-3.417730170635665,0.052305745013076985
-3.4171057566097884,0.05235304473615353
-3.4164813425839116,0.05385782681894953
-3.415856928558035,0.05295913243777427
-3.4152325145321587,0.052020188079829485
-3.414608100506282,0.05292962972279262
-3.413983686480405,0.0532043027627986
-3.4133592724545285,0.05233356682075727
-3.412734858428652,0.053140536556283945
-3.4121104444027752,0.05330615109521799
-3.411486030376899,0.05057356571973907
-3.4108616163510224,0.04617878044328735
-3.4102372023251455,0.04412734077649314
-3.4096127882992686,0.04436146305652576
-3.408988374273392,0.04408213786278488
-3.4083639602475158,0.042898464803303754
-3.407739546221639,0.04250034709179311
-3.4071151321957625,0.0497444004813813
-3.406490718169886,0.060302164535630545
-3.405866304144009,0.06506685809547537
-3.4052418901181323,0.06992478244148852
-3.404617476092256,0.07230773150956046
-3.4039930620663794,0.07250071454847948
-3.4033686480405025,0.07524930182671077
-3.402744234014626,0.07567861155647568
-3.4021198199887497,0.07373043637567941
-3.401495405962873,0.07125475923812861
-3.400870991936996,0.0724411784702411
-3.40024657791112,0.07711233280483856
-3.399622163885243,0.08040254840494608
-3.398997749859366,0.07868277316562605
-3.3983733358334898,0.07692936245552674
-3.3977489218076133,0.0784661620528354
-3.3971245077817365,0.08031553592278344
-3.39650009375586,0.08007010576537019
-3.3958756797299836,0.08237710459344863
-3.3952512657041067,0.08354679691295903
-3.39462685167823,0.081414144727566
-3.3940024376523534,0.0824968318903873
-3.393378023626477,0.08324329549934809
-3.3927536096006,0.08114681329875631
-3.3921291955747237,0.07865326680823297
-3.3915047815488473,0.07279938528058169
-3.3908803675229704,0.06619425788673076
-3.3902559534970935,0.06298453753203036
-3.389631539471217,0.06259786744110266
-3.3890071254453407,0.06593876569641063
-3.388382711419464,0.07403475846078215
-3.3877582973935874,0.07878039335874644
-3.387133883367711,0.0805220270984906
-3.386509469341834,0.08208275829939542
-3.385885055315957,0.08433602324483255
-3.3852606412900808,0.08211085790832356
-3.3846362272642043,0.08208067854795723
-3.3840118132383274,0.08259977438560087
-3.383387399212451,0.08162490300213275
-3.3827629851865746,0.08124716482102481
-3.3821385711606977,0.08112167110214992
-3.381514157134821,0.07909354300523137
-3.3808897431089444,0.07426081412915317
-3.380265329083068,0.07128231267075322
-3.379640915057191,0.07118884055373526
-3.3790165010313147,0.06936426444746424
-3.3783920870054382,0.06591847490977493
-3.3777676729795614,0.06324696817493852
-3.3771432589536845,0.06145495606724929
-3.376518844927808,0.06144343728987371
-3.3758944309019316,0.0624884472031532
-3.3752700168760548,0.06303809453496474
-3.3746456028501783,0.06520959779788332
-3.374021188824302,0.0657925414380778
-3.373396774798425,0.0658067331662064
-3.372772360772548,0.06935425651942115
-3.372147946746672,0.07517578263396016
-3.3715235327207953,0.07874308220574326
-3.3708991186949184,0.0780000734370295
-3.370274704669042,0.07917828455107478
-3.3696502906431656,0.08728790266803842
-3.3690258766172887,0.09515900967061566
-3.368401462591412,0.09193618435315147
-3.367777048565536,0.08635294512696667
-3.367152634539659,0.08021007519158317
-3.366528220513782,0.0743069693203334
-3.3659038064879057,0.07209265209068604
-3.3652793924620292,0.07176420739413773
-3.3646549784361524,0.07077854733761421
-3.364030564410276,0.07015903678792047
-3.3634061503843995,0.07105294343558367
-3.3627817363585226,0.0736208798507952
-3.3621573223326457,0.0800133568645949
-3.3615329083067693,0.08290694433953752
-3.360908494280893,0.08021041351350344
-3.360284080255016,0.0818150156475394
-3.3596596662291396,0.08386600471415126
-3.359035252203263,0.08587631698687219
-3.3584108381773863,0.08406018610633238
-3.3577864241515094,0.07862007603011745
-3.357162010125633,0.0752423873824208
-3.3565375960997565,0.0752987901659803
-3.3559131820738797,0.07634477403565969
-3.3552887680480032,0.07563844753428459
-3.354664354022127,0.07577904471331928
-3.35403993999625,0.07532314166690769
-3.353415525970373,0.07383139222879259
-3.3527911119444966,0.07291841210342107
-3.35216669791862,0.07196775746165157
-3.3515422838927433,0.07121939542523581
-3.350917869866867,0.07176398549182188
-3.3502934558409905,0.07386288102427933
-3.3496690418151136,0.07634645628838074
-3.3490446277892367,0.0789451157639999
-3.3484202137633603,0.08011019298349083
-3.347795799737484,0.07930716144745745
-3.347171385711607,0.07496297081405148
-3.3465469716857306,0.06949226595965474
-3.345922557659854,0.06826421820895466
-3.3452981436339773,0.06993012267626725
-3.3446737296081004,0.07251473237398645
-3.3440493155822244,0.07568040152232405
-3.3434249015563475,0.07783246429700372
-3.3428004875304707,0.07858417880674583
-3.3421760735045942,0.07657251875865892
-3.341551659478718,0.07453863819312165
-3.340927245452841,0.07366937582504521
-3.340302831426964,0.07100938432502026
-3.339678417401088,0.06853619157819915
-3.339054003375211,0.06958543380520257
-3.3384295893493343,0.06900893822454061
-3.337805175323458,0.068054150176686
-3.3371807612975815,0.06668280365331039
-3.3365563472717046,0.06696605523584329
-3.335931933245828,0.06817100234122106
-3.3353075192199517,0.07127306048892548
-3.334683105194075,0.07120898832561907
-3.334058691168198,0.06687454635628076
-3.3334342771423215,0.06161987837233488
-3.332809863116445,0.06146647929818806
-3.3321854490905682,0.06561403367550062
-3.331561035064692,0.0673446629723998
-3.3309366210388154,0.06534620343550747
-3.3303122070129385,0.06215773502946983
-3.3296877929870616,0.060527105275631085
-3.329063378961185,0.061360151086673934
-3.3284389649353088,0.06042545641222959
-3.327814550909432,0.06174020169916126
-3.3271901368835555,0.06415231893620611
-3.326565722857679,0.066601810629263
-3.325941308831802,0.06924267414350671
-3.3253168948059253,0.06791209511643412
-3.324692480780049,0.06691141413245347
-3.3240680667541724,0.06794608540986077
-3.3234436527282956,0.06693961545335278
-3.322819238702419,0.06690030119250988
-3.3221948246765427,0.06882720203232343
-3.321570410650666,0.07002206770941186
-3.320945996624789,0.06909598547041394
-3.3203215825989125,0.06896458911962758
-3.319697168573036,0.06936747054917461
-3.319072754547159,0.07022671744577287
-3.318448340521283,0.07350393165660299
-3.3178239264954064,0.07475083410293552
-3.3171995124695295,0.0747233103233343
-3.3165750984436526,0.07520707074071335
-3.3159506844177766,0.07487892519984089
-3.3153262703918998,0.07546338553344815
-3.314701856366023,0.07655517884874859
-3.3140774423401465,0.07667933632083158
-3.31345302831427,0.07689008738956737
-3.312828614288393,0.07774071351314113
-3.3122042002625163,0.07958581618514707
-3.3115797862366403,0.08254339497697868
-3.3109553722107634,0.08359617973936553
-3.3103309581848865,0.0815574703019482
-3.30970654415901,0.07865077330773347
-3.3090821301331337,0.0761571135775391
-3.308457716107257,0.07480593231306068
-3.3078333020813804,0.07559138932474563
-3.307208888055504,0.07612987630138876
-3.306584474029627,0.07599258680279396
-3.30596006000375,0.07347525647150874
-3.3053356459778738,0.06774228632070942
-3.3047112319519973,0.06235200287625535
-3.3040868179261205,0.061252974740307053
-3.303462403900244,0.06098078533961321
-3.3028379898743676,0.06565625369612939
-3.3022135758484907,0.06950248198421566
-3.301589161822614,0.0678891990720987
-3.3009647477967374,0.06505811816985126
-3.300340333770861,0.06490562691238398
-3.299715919744984,0.06849274548344778
-3.2990915057191077,0.07506167113289719
-3.2984670916932313,0.07919263471672396
-3.2978426776673544,0.08003076236409076
-3.2972182636414775,0.0809651638746682
-3.296593849615601,0.08308775633252329
-3.2959694355897247,0.08327291763903154
-3.295345021563848,0.0803373635900112
-3.2947206075379714,0.0782106360892284
-3.294096193512095,0.07876209010789868
-3.293471779486218,0.08113529633457126
-3.292847365460341,0.0823196439194249
-3.2922229514344648,0.0793747878323547
-3.2915985374085883,0.07773847990168106
-3.2909741233827114,0.07762706748924056
-3.290349709356835,0.07670041960368182
-3.2897252953309586,0.07571234772346654
-3.2891008813050817,0.0740558633558667
-3.288476467279205,0.07387984670442946
-3.287852053253329,0.07539671364567246
-3.287227639227452,0.07697990331064253
-3.286603225201575,0.07871108895556152
-3.2859788111756987,0.08107698709172242
-3.2853543971498222,0.08299661363492208
-3.2847299831239454,0.08237767161805679
-3.2841055690980685,0.08216541681342472
-3.2834811550721925,0.0818141438618888
-3.2828567410463156,0.0792377253728299
-3.2822323270204388,0.07699198006158539
-3.2816079129945623,0.0764137687836178
-3.280983498968686,0.07612594179498816
-3.280359084942809,0.0748630148986221
-3.2797346709169326,0.07568713084443068
-3.279110256891056,0.07566342022997079
-3.2784858428651793,0.0749862115204174
-3.2778614288393024,0.0754704685547308
-3.277237014813426,0.07690569039788653
-3.2766126007875496,0.076170331186793
-3.2759881867616727,0.07495865362524788
-3.2753637727357963,0.07483335367888497
-3.27473935870992,0.07578473724683701
-3.274114944684043,0.07633323745271538
-3.273490530658166,0.07740602599272939
-3.2728661166322897,0.0786623513534831
-3.2722417026064132,0.0780035128164269
-3.2716172885805364,0.07924594600864893
-3.27099287455466,0.08096742032659662
-3.2703684605287835,0.08184146658553162
-3.2697440465029066,0.08295409067719231
-3.2691196324770297,0.08313346366748184
-3.2684952184511533,0.0827126711393023
-3.267870804425277,0.08231283240847835
-3.2672463903994,0.08251691138272846
-3.2666219763735236,0.08202615565546903
-3.265997562347647,0.08158663590282358
-3.2653731483217703,0.08316811664081922
-3.2647487342958934,0.08643340397281853
-3.264124320270017,0.08791058269440664
-3.2634999062441405,0.08641420662118827
-3.2628754922182637,0.0841102986054672
-3.2622510781923872,0.08230790620813436
-3.261626664166511,0.08060169910232898
-3.261002250140634,0.08253522282807216
-3.260377836114757,0.08212207804680177
-3.259753422088881,0.07994310470324639
-3.259129008063004,0.07948651155939516
-3.2585045940371273,0.079409600896572
-3.257880180011251,0.07925278154133834
-3.2572557659853745,0.07965811161775224
-3.2566313519594976,0.07883636869367637
-3.2560069379336207,0.07705496832984174
-3.2553825239077447,0.07742017259538225
-3.254758109881868,0.07780671613178328
-3.254133695855991,0.07841090922320985
-3.2535092818301146,0.08006380942562542
-3.252884867804238,0.08201077956157224
-3.2522604537783613,0.0836821669858003
-3.251636039752485,0.08343971213242235
-3.2510116257266084,0.08600331539582454
-3.2503872117007315,0.08708671046755061
-3.2497627976748547,0.08575086597412189
-3.2491383836489782,0.08682185872706058
-3.248513969623102,0.08905305011541889
-3.247889555597225,0.08966778197858574
-3.2472651415713485,0.08898471488937616
-3.246640727545472,0.08821006921883087
-3.246016313519595,0.08826367249052693
-3.2453918994937183,0.08822451246011973
-3.244767485467842,0.08846280495372742
-3.2441430714419655,0.08847686705471974
-3.2435186574160886,0.09070043120986782
-3.242894243390212,0.09262939095161202
-3.2422698293643357,0.09493930230212747
-3.241645415338459,0.09723876988170854
-3.241021001312582,0.09643671916705013
-3.2403965872867055,0.09454248994913361
-3.239772173260829,0.09196503456658583
-3.2391477592349522,0.09232222997349634
-3.238523345209076,0.09706833668525691
-3.2378989311831994,0.10308838063991461
-3.2372745171573225,0.10769174892529285
-3.2366501031314456,0.1094933006886399
-3.236025689105569,0.10940980684910122
-3.2354012750796928,0.10944308771982211
-3.234776861053816,0.11360491801424373
-3.2341524470279395,0.1189801565017756
-3.233528033002063,0.1236104999986831
-3.232903618976186,0.12289537548329814
-3.2322792049503093,0.1127475827287812
-3.231654790924433,0.094640497366911
-3.2310303768985564,0.08069357912256539
-3.2304059628726796,0.07503721792137448
-3.229781548846803,0.07064621196063385
-3.2291571348209267,0.06533900260513213
-3.22853272079505,0.06117954290705842
-3.227908306769173,0.05862980131896014
-3.227283892743297,0.06094206448022712
-3.22665947871742,0.06859485495085577
-3.226035064691543,0.07177591043390766
-3.225410650665667,0.06654194853581367
-3.2247862366397904,0.059661513059187855
-3.2241618226139135,0.05484064837804244
-3.223537408588037,0.05328650479746829
-3.2229129945621606,0.05290897679524801
-3.2222885805362838,0.05502643269474983
-3.221664166510407,0.05493881862206533
-3.2210397524845304,0.05444335653621503
-3.220415338458654,0.05685247369498009
-3.219790924432777,0.05929330560515704
-3.2191665104069007,0.06434714211113243
-3.2185420963810243,0.06623859277938067
-3.2179176823551474,0.0630538255165699
-3.2172932683292705,0.05666727853014334
-3.216668854303394,0.051438134399723764
-3.2160444402775177,0.05236127534799397
-3.215420026251641,0.05676217225431761
-3.2147956122257644,0.05645413888702956
-3.214171198199888,0.05388538608189093
-3.213546784174011,0.05270374923576099
-3.212922370148134,0.049226592737212374
-3.2122979561222578,0.04767337255797191
-3.2116735420963813,0.05193157355876159
-3.2110491280705045,0.056166180281648895
-3.210424714044628,0.05809864968088389
-3.2098003000187516,0.06092452729376361
-3.2091758859928747,0.0630835528302053
-3.208551471966998,0.06232772909792057
-3.2079270579411214,0.06262240180182696
-3.207302643915245,0.061888642609971234
-3.206678229889368,0.06374595968101356
-3.2060538158634917,0.06661830427779188
-3.2054294018376153,0.0713832946150322
-3.2048049878117384,0.07072576273939318
-3.2041805737858615,0.06760217791218971
-3.203556159759985,0.06993744239882696
-3.2029317457341087,0.07630569900265871
-3.202307331708232,0.08105768544099247
-3.2016829176823554,0.07824051105525152
-3.201058503656479,0.07279546987288707
-3.200434089630602,0.07128758261419092
-3.199809675604725,0.07017687557036224
-3.199185261578849,0.06831827687834566
-3.1985608475529723,0.07422371807103385
-3.1979364335270954,0.08435843432145904
-3.197312019501219,0.08785018233324755
-3.1966876054753426,0.09118934663475695
-3.1960631914494657,0.0933851069873922
-3.195438777423589,0.09037793013281138
-3.194814363397713,0.08787742692575685
-3.194189949371836,0.08390455698958052
-3.193565535345959,0.07634642512370332
-3.1929411213200827,0.06951769588646733
-3.1923167072942062,0.06205381082714094
-3.1916922932683294,0.05595936071541931
-3.191067879242453,0.053949413468538876
-3.1904434652165765,0.05432669574115625
-3.1898190511906996,0.05464558378793194
-3.1891946371648228,0.056556311864845686
-3.1885702231389463,0.057457958546368613
-3.18794580911307,0.05628657166567417
-3.187321395087193,0.05347500528611378
-3.1866969810613166,0.051941803905387454
-3.18607256703544,0.05078242616336483
-3.1854481530095633,0.04866007675017329
-3.1848237389836864,0.04792729364957686
-3.18419932495781,0.04856626758263814
-3.1835749109319336,0.050253973044147526
-3.1829504969060567,0.05111882442064538
-3.1823260828801803,0.05037986501878884
-3.181701668854304,0.0482024617523591
-3.181077254828427,0.04724406675063196
-3.18045284080255,0.04700113935176635
-3.1798284267766737,0.04643165167752805
-3.1792040127507972,0.04528756711752403
-3.1785795987249204,0.04515010756272472
-3.177955184699044,0.0454279354890434
-3.1773307706731675,0.04482296685217009
-3.1767063566472906,0.04426965629408452
-3.1760819426214137,0.04531664439072056
-3.1754575285955373,0.049541949626224366
-3.174833114569661,0.05803219110805109
-3.174208700543784,0.0613367250392078
-3.1735842865179076,0.05868913801206459
-3.172959872492031,0.0591847610673628
-3.1723354584661543,0.05974432728367366
-3.1717110444402774,0.05791678878366964
-3.1710866304144014,0.05970721050277178
-3.1704622163885245,0.0630442458384033
-3.1698378023626477,0.06062974905084677
-3.1692133883367712,0.0559266369039476
-3.168588974310895,0.05707230840517916
-3.167964560285018,0.06210700815792612
-3.167340146259141,0.06704710446186507
-3.166715732233265,0.06637875208635444
-3.166091318207388,0.061759472174945006
-3.1654669041815113,0.05895114354689561
-3.164842490155635,0.06268319139788832
-3.1642180761297585,0.06442654951275155
-3.1635936621038816,0.06061109079888074
-3.162969248078005,0.05886623009091705
-3.1623448340521287,0.06389482337780374
-3.161720420026252,0.0724189363047869
-3.161096006000375,0.07790294839362337
-3.1604715919744986,0.07768197332427423
-3.159847177948622,0.08024700798841192
-3.1592227639227453,0.08432807322187581
-3.158598349896869,0.08796688951590526
-3.1579739358709924,0.08828614342153045
-3.1573495218451155,0.08715489410098023
-3.1567251078192387,0.08470879401337375
-3.156100693793362,0.0857158412895664
-3.155476279767486,0.08779717394778527
-3.154851865741609,0.08712985934304879
-3.1542274517157325,0.08454662758596043
-3.153603037689856,0.08284487283699651
-3.152978623663979,0.08277375674835824
-3.1523542096381023,0.0832214251642082
-3.151729795612226,0.0837326743914707
-3.1511053815863495,0.08208642722234931
-3.1504809675604726,0.08029038241332054
-3.149856553534596,0.07986103626615355
-3.1492321395087197,0.07817270928532496
-3.148607725482843,0.07437213208657684
-3.147983311456966,0.07454981958979812
-3.1473588974310895,0.07252286851611192
-3.146734483405213,0.06701851240192049
-3.1461100693793362,0.06498651300125166
-3.14548565535346,0.06355490681481288
-3.1448612413275834,0.05974501661392902
-3.1442368273017065,0.05728070844474494
-3.1436124132758296,0.05949718854648457
-3.1429879992499536,0.06082598977486199
-3.1423635852240768,0.05861014989601987
-3.1417391711982,0.05293878329437923
-3.1411147571723235,0.05004484887024295
-3.140490343146447,0.049756463525265034
-3.13986592912057,0.048489323261383104
-3.1392415150946933,0.04423518456383619
-3.1386171010688173,0.04002383521880622
-3.1379926870429404,0.03953392853308098
-3.1373682730170636,0.04666473330858189
-3.136743858991187,0.05404306634102529
-3.1361194449653107,0.05570494745292809
-3.135495030939434,0.058508375457308734
-3.1348706169135574,0.06148415575367463
-3.134246202887681,0.06494602631414872
-3.133621788861804,0.06630867875422361
-3.132997374835927,0.06435657224966918
-3.132372960810051,0.06101294725277956
-3.1317485467841744,0.057347519571307036
-3.1311241327582975,0.05669536701237915
-3.130499718732421,0.05826816962808763
-3.1298753047065446,0.060519412997518195
-3.1292508906806678,0.05994368859247033
-3.128626476654791,0.06346833890632494
-3.1280020626289144,0.07088912247170163
-3.127377648603038,0.07097636208432422
-3.126753234577161,0.06996133396419692
-3.1261288205512847,0.07214996658979252
-3.1255044065254083,0.07491476777780147
-3.1248799924995314,0.07647679365511241
-3.1242555784736545,0.07551494460640268
-3.123631164447778,0.07622201012776375
-3.1230067504219017,0.0776912098789094
-3.122382336396025,0.0770323850352148
-3.1217579223701484,0.076950499444867
-3.121133508344272,0.07724123287503656
-3.120509094318395,0.07885137335356887
-3.119884680292518,0.08144354423076679
-3.1192602662666418,0.08406547971266158
-3.1186358522407653,0.08629485772211122
-3.1180114382148885,0.0867214697401518
-3.117387024189012,0.08798196418190243
-3.1167626101631356,0.09152495196352063
-3.1161381961372587,0.09686469556364777
-3.115513782111382,0.10235420121135674
-3.114889368085506,0.10405799769218413
-3.114264954059629,0.10303707532966726
-3.113640540033752,0.10192478058197271
-3.1130161260078757,0.10191724559530535
-3.1123917119819993,0.10327676404157204
-3.1117672979561224,0.10291230884138843
-3.1111428839302455,0.10142863247526182
-3.1105184699043695,0.10130986730095119
-3.1098940558784927,0.10114223309298179
-3.109269641852616,0.09884035431733587
-3.1086452278267394,0.09540615138286443
-3.108020813800863,0.09154624120358874
-3.107396399774986,0.08762036270971348
-3.1067719857491096,0.0851630952709714
-3.106147571723233,0.08282097363034872
-3.1055231576973563,0.08243189739629593
-3.1048987436714794,0.08357105618181607
-3.104274329645603,0.0844815087825818
-3.1036499156197266,0.08616628150544428
-3.1030255015938497,0.09054448061828879
-3.1024010875679733,0.09546766599050208
-3.101776673542097,0.09693330134175494
-3.10115225951622,0.09711541981218731
-3.100527845490343,0.09695113115179278
-3.0999034314644667,0.09905884578557081
-3.0992790174385902,0.10264155904693224
-3.0986546034127134,0.10202127014528925
-3.098030189386837,0.09531162221174957
-3.0974057753609605,0.08534387399823189
-3.0967813613350836,0.07930879034971959
-3.0961569473092068,0.07942670181968368
-3.0955325332833303,0.08283734396980377
-3.094908119257454,0.08624495078324634
-3.094283705231577,0.08768596565823383
-3.0936592912057006,0.09005266766462319
-3.093034877179824,0.09268177024713385
-3.0924104631539473,0.09178967509023654
-3.0917860491280704,0.08854359916643627
-3.091161635102194,0.08740374057256174
-3.0905372210763176,0.08924787280794953
-3.0899128070504407,0.09209440471683285
-3.0892883930245643,0.09388149779428663
-3.088663978998688,0.09140240799918162
-3.088039564972811,0.088149668460074
-3.087415150946934,0.08649296479832096
-3.086790736921058,0.08336897660678752
-3.0861663228951812,0.07816004423050017
-3.0855419088693044,0.07100910377899058
-3.084917494843428,0.06712197342104784
-3.0842930808175515,0.06690371203866667
-3.0836686667916746,0.06890818631718036
-3.0830442527657977,0.0681463895836327
-3.0824198387399218,0.06659162355335753
-3.081795424714045,0.06520075525663498
-3.081171010688168,0.06613942078344906
-3.0805465966622916,0.0690670584534187
-3.079922182636415,0.07169043642630613
-3.0792977686105383,0.07367603849439955
-3.078673354584662,0.07383539100850894
-3.0780489405587854,0.07380986969425825
-3.0774245265329085,0.07417939726953508
-3.0768001125070317,0.07549671363054306
-3.0761756984811552,0.07484350416804984
-3.075551284455279,0.0723005525564924
-3.074926870429402,0.07338820345190011
-3.0743024564035255,0.07415751755687514
-3.073678042377649,0.07182003212211244
-3.073053628351772,0.0724013601949981
-3.0724292143258953,0.07400986737586049
-3.071804800300019,0.07236339790284937
-3.0711803862741425,0.07040524534242153
-3.0705559722482656,0.06967489415094537
-3.069931558222389,0.07017949657892926
-3.0693071441965127,0.07121753433083207
-3.068682730170636,0.07317353743923675
-3.068058316144759,0.07307546274190149
-3.0674339021188826,0.0729384679524414
-3.066809488093006,0.07333331299085229
-3.0661850740671293,0.07559042913048789
-3.065560660041253,0.07880772598149309
-3.0649362460153764,0.0811461014844082
-3.0643118319894995,0.08095280483292043
-3.0636874179636227,0.08037760879640632
-3.063063003937746,0.08061453294111727
-3.06243858991187,0.08243344101312167
-3.061814175885993,0.08388083976808747
-3.0611897618601165,0.08396150586127675
-3.06056534783424,0.08302513934805539
-3.059940933808363,0.08265214403445452
-3.0593165197824863,0.08202836324204148
-3.0586921057566103,0.08036459720211808
-3.0580676917307335,0.0784389146154846
-3.0574432777048566,0.07717981130401261
-3.05681886367898,0.07531350864225203
-3.0561944496531037,0.07491001054189429
-3.055570035627227,0.07638594945936984
-3.05494562160135,0.08023236160292173
-3.054321207575474,0.08234306804755612
-3.053696793549597,0.08154286083495713
-3.0530723795237202,0.08119958260832245
-3.052447965497844,0.0813258263903153
-3.0518235514719674,0.08289262524663042
-3.0511991374460905,0.08777099667824614
-3.050574723420214,0.09242256320918796
-3.0499503093943376,0.09357012006995492
-3.0493258953684608,0.09425694513881606
-3.048701481342584,0.09225927710076517
-3.0480770673167075,0.08784958415638829
-3.047452653290831,0.08466522822273573
-3.046828239264954,0.08098668848493999
-3.0462038252390777,0.0784600528588286
-3.0455794112132013,0.07703283517132412
-3.0449549971873244,0.07673366771132281
-3.0443305831614476,0.07862960179681323
-3.043706169135571,0.0803004962862821
-3.0430817551096947,0.08095375083612434
-3.042457341083818,0.0801210018307351
-3.0418329270579414,0.0804441553350116
-3.041208513032065,0.08241413135529876
-3.040584099006188,0.08432970108672047
-3.039959684980311,0.08814084598678412
-3.039335270954435,0.08960407674534007
-3.0387108569285584,0.08685140278966544
-3.0380864429026815,0.08512147643321853
-3.037462028876805,0.08716773591509944
-3.0368376148509286,0.08806402472946225
-3.0362132008250518,0.08633947558002891
-3.035588786799175,0.08285074831476766
-3.0349643727732984,0.0805130738831785
-3.034339958747422,0.07997916360647146
-3.033715544721545,0.07961500261859022
-3.0330911306956687,0.07796409723963174
-3.0324667166697923,0.07849972748027399
-3.0318423026439154,0.08149306265553326
-3.0312178886180385,0.08118782169363845
-3.030593474592162,0.07894237066727317
-3.0299690605662857,0.07891629186518519
-3.029344646540409,0.08245377739773002
-3.0287202325145324,0.08642069667481003
-3.028095818488656,0.08741556627994139
-3.027471404462779,0.08824235811207441
-3.026846990436902,0.09060478434281502
-3.026222576411026,0.09200586516548868
-3.0255981623851493,0.09261817183194308
-3.0249737483592725,0.0924381762745302
-3.024349334333396,0.09392245212275564
-3.0237249203075196,0.094213014500316
-3.0231005062816427,0.09145362898072809
-3.0224760922557663,0.08787428684064061
-3.02185167822989,0.08250805504866338
-3.021227264204013,0.07702724984044476
-3.020602850178136,0.07531033427544782
-3.0199784361522597,0.07610786891049796
-3.0193540221263833,0.07641242613598442
-3.0187296081005064,0.07439457235611638
-3.01810519407463,0.07599818894158937
-3.0174807800487535,0.07911197065916327
-3.0168563660228767,0.08005740076907
-3.016231951997,0.0821241088726865
-3.0156075379711234,0.08645049472583456
-3.014983123945247,0.08877492754954837
-3.01435870991937,0.08875814044732244
-3.0137342958934936,0.08842663113287375
-3.013109881867617,0.0881075493361396
-3.0124854678417403,0.08728802434957614
-3.0118610538158634,0.0866420493012438
-3.011236639789987,0.0869094011752772
-3.0106122257641106,0.08603379020192257
-3.0099878117382337,0.08452487312557229
-3.0093633977123573,0.08234230906898907
-3.008738983686481,0.08157656381404915
-3.008114569660604,0.08668476959107567
-3.007490155634727,0.08872820472385087
-3.0068657416088507,0.08740214358906981
-3.0062413275829742,0.08641578100760718
-3.0056169135570974,0.0851714586949711
-3.004992499531221,0.08357219090598131
-3.0043680855053445,0.08181253683699162
-3.0037436714794676,0.08036334850470986
-3.0031192574535908,0.0811528644217396
-3.0024948434277143,0.08340874710956132
-3.001870429401838,0.08708029642109409
-3.001246015375961,0.088884311978766
-3.0006216013500846,0.08723470546549922
-2.999997187324208,0.084007926886522
-2.9993727732983313,0.08144262749267611
-2.9987483592724544,0.08051317322081618
-2.9981239452465784,0.08067368104291647
-2.9974995312207016,0.08045136977666908
-2.9968751171948247,0.08185937933801306
-2.9962507031689483,0.08548143628683315
-2.995626289143072,0.08834236777391541
-2.995001875117195,0.08910631935741034
-2.9943774610913185,0.08976098715117861
-2.9937530470654417,0.09145974291045861
-2.9931286330395652,0.09035982600600208
-2.9925042190136883,0.08791034520109285
-2.991879804987812,0.08558534659711844
-2.9912553909619355,0.0845878240791705
-2.9906309769360586,0.08326748990546015
-2.990006562910182,0.08324521334838637
-2.9893821488843053,0.08511927542141245
-2.988757734858429,0.08419555731253989
-2.9881333208325525,0.08313918222242024
-2.9875089068066756,0.08118202142181949
-2.986884492780799,0.07660933780283176
-2.9862600787549223,0.07195740514212955
-2.985635664729046,0.06900447623041311
-2.985011250703169,0.06976349503678925
-2.9843868366772925,0.07226374316761244
-2.983762422651416,0.07343203788571494
-2.9831380086255392,0.07394054776737574
-2.982513594599663,0.0736848127816033
-2.981889180573786,0.07607244977509467
-2.9812647665479095,0.08090274194734415
-2.9806403525220326,0.08305623772574756
-2.980015938496156,0.08534968085526252
-2.9793915244702798,0.08907903959519767
-2.978767110444403,0.09279808678316542
-2.9781426964185265,0.09554358142394186
-2.9775182823926496,0.0972688253797948
-2.976893868366773,0.09643301443437324
-2.9762694543408963,0.09295690741877932
-2.97564504031502,0.09054160928910103
-2.9750206262891434,0.08910724217558232
-2.9743962122632666,0.08816427898339158
-2.97377179823739,0.08835181080457201
-2.9731473842115133,0.08972016880528223
-2.972522970185637,0.09168946733494197
-2.9718985561597604,0.09286023726830557
-2.9712741421338835,0.09082201835709733
-2.970649728108007,0.08925269777950225
-2.97002531408213,0.09041875075498779
-2.969400900056254,0.09552719586962366
-2.968776486030377,0.09981223444823942
-2.9681520720045005,0.10138857349883298
-2.967527657978624,0.09928102007925518
-2.966903243952747,0.096108747480682
-2.9662788299268708,0.09550140807687041
-2.965654415900994,0.09251176398534916
-2.9650300018751174,0.08735835238099598
-2.9644055878492406,0.08201051425312418
-2.963781173823364,0.07777203325252274
-2.9631567597974877,0.07451233926169462
-2.962532345771611,0.07386346527426445
-2.9619079317457344,0.07551668180799401
-2.9612835177198575,0.07766084389161818
-2.960659103693981,0.07935083856352124
-2.9600346896681047,0.0804966333521156
-2.959410275642228,0.08038954119789266
-2.9587858616163514,0.0787755937481069
-2.9581614475904745,0.07841622473212523
-2.957537033564598,0.07968950196826201
-2.956912619538721,0.0808950337912098
-2.9562882055128448,0.08128841461144036
-2.9556637914869683,0.08309161955580165
-2.9550393774610915,0.08972326882820313
-2.954414963435215,0.09781392513229827
-2.953790549409338,0.10096985729222303
-2.9531661353834617,0.10138253334672638
-2.952541721357585,0.10164939143272426
-2.9519173073317084,0.10292989857768105
-2.951292893305832,0.1039893007954918
-2.950668479279955,0.10152401605946153
-2.9500440652540787,0.0988915280853431
-2.949419651228202,0.09733212096367042
-2.9487952372023254,0.09698884528548847
-2.9481708231764485,0.09789437119388147
-2.947546409150572,0.10003114973052363
-2.9469219951246957,0.1006100962224902
-2.946297581098819,0.09824477897921084
-2.9456731670729424,0.09622183757732841
-2.9450487530470655,0.09542649811892258
-2.944424339021189,0.09633731001046293
-2.9437999249953126,0.09870865655500552
-2.9431755109694357,0.10349070862839786
-2.9425510969435593,0.10670508591847845
-2.9419266829176824,0.10921485176024259
-2.941302268891806,0.11091395542207945
-2.940677854865929,0.10928711072239058
-2.9400534408400527,0.10882036201997851
-2.9394290268141763,0.11103664693197915
-2.9388046127882994,0.11257203648287206
-2.938180198762423,0.1129555571044738
-2.937555784736546,0.11370494139638113
-2.9369313707106697,0.11352062785695727
-2.936306956684793,0.11376703123083845
-2.9356825426589164,0.1136633366813474
-2.93505812863304,0.10964730783980917
-2.934433714607163,0.1056457557269597
-2.9338093005812866,0.10402747008886659
-2.9331848865554098,0.10414876389345776
-2.9325604725295333,0.10600981351532897
-2.931936058503657,0.10612166708313087
-2.93131164447778,0.10451899970007854
-2.9306872304519036,0.10289635007495138
-2.9300628164260267,0.10089214492278434
-2.9294384024001503,0.09958468068977125
-2.9288139883742734,0.10037357720666755
-2.928189574348397,0.10409869698224816
-2.9275651603225206,0.1077203643024309
-2.9269407462966437,0.10888049807506853
-2.9263163322707673,0.10801559576868303
-2.9256919182448904,0.10768053562532176
-2.925067504219014,0.10732232342729886
-2.924443090193137,0.10915120582010256
-2.9238186761672607,0.11335685788146883
-2.9231942621413842,0.11453442238162177
-2.9225698481155074,0.11371207829183164
-2.921945434089631,0.11131994277644983
-2.921321020063754,0.10754998959292436
-2.9206966060378776,0.10362313687859095
-2.9200721920120007,0.09907907930927637
-2.9194477779861243,0.09637975582829249
-2.918823363960248,0.09634784778959879
-2.918198949934371,0.09405595001642336
-2.9175745359084946,0.09109438356387153
-2.9169501218826177,0.0912408114930595
-2.9163257078567413,0.09003748159889495
-2.915701293830865,0.08535202402891598
-2.915076879804988,0.08149385430108672
-2.9144524657791115,0.07925647463854196
-2.9138280517532347,0.07749914916348268
-2.9132036377273582,0.08014126648267572
-2.9125792237014814,0.08476073156229731
-2.911954809675605,0.08732856278891242
-2.9113303956497285,0.08335382266802648
-2.9107059816238516,0.07879083486414204
-2.910081567597975,0.07823827913237037
-2.9094571535720983,0.07790048235060558
-2.908832739546222,0.08096210343004516
-2.908208325520345,0.08539263932605558
-2.9075839114944686,0.09222849979421163
-2.906959497468592,0.09773614047519695
-2.9063350834427153,0.09524091360743098
-2.905710669416839,0.08920263853795014
-2.905086255390962,0.0849962378005384
-2.9044618413650856,0.07845519131558973
-2.903837427339209,0.07330936968795829
-2.9032130133133323,0.07430220186674558
-2.902588599287456,0.0751137051618708
-2.901964185261579,0.07349183817695079
-2.9013397712357025,0.0744041118526921
-2.9007153572098257,0.07761164138997541
-2.900090943183949,0.07848766872668506
-2.899466529158073,0.07486533638211545
-2.898842115132196,0.07653367512643675
-2.8982177011063195,0.0821811330044542
-2.8975932870804426,0.08095064967686344
-2.896968873054566,0.07729858943506175
-2.8963444590286893,0.07486367348133689
-2.895720045002813,0.07393145888801943
-2.8950956309769365,0.07792256449022657
-2.8944712169510596,0.08463761709093914
-2.893846802925183,0.08960014513723795
-2.8932223888993063,0.09276521391864112
-2.89259797487343,0.09544664122581242
-2.891973560847553,0.09966304822808646
-2.8913491468216765,0.10300564548337277
-2.8907247327958,0.10577325256936002
-2.8901003187699232,0.11158789135741495
-2.889475904744047,0.12007708961193295
-2.88885149071817,0.12547593822946818
-2.8882270766922935,0.1088661542872541
-2.887602662666417,0.08159541801966438
-2.88697824864054,0.0670626422409851
-2.8863538346146638,0.05692682739820014
-2.885729420588787,0.054760738425020675
-2.8851050065629105,0.05429707623250015
-2.8844805925370336,0.05184271243128556
-2.883856178511157,0.05356990202412021
-2.8832317644852807,0.07085816842762718
-2.882607350459404,0.09700852103105813
-2.8819829364335274,0.1018053373019044
-2.8813585224076506,0.09443944857937867
-2.880734108381774,0.09497387450770708
-2.8801096943558973,0.09809107946125131
-2.879485280330021,0.09409436613996527
-2.8788608663041444,0.09155018850396653
-2.8782364522782675,0.09140258103766251
-2.877612038252391,0.08549281586288146
-2.876987624226514,0.08151401857957814
-2.876363210200638,0.08573851600033122
-2.875738796174761,0.09230225896060162
-2.8751143821488845,0.09096812375672841
-2.874489968123008,0.09017165577356862
-2.873865554097131,0.09793773849831935
-2.8732411400712548,0.10422576854881518
-2.872616726045378,0.1027376713976658
-2.8719923120195014,0.09875098990896816
-2.871367897993625,0.10020784133027708
-2.870743483967748,0.10755428988703235
-2.8701190699418717,0.11154315670276975
-2.869494655915995,0.11082145271341907
-2.8688702418901184,0.10924662245843583
-2.8682458278642415,0.10454326736324457
-2.867621413838365,0.09475929201363112
-2.8669969998124887,0.0841111404238318
-2.866372585786612,0.07706721059884653
-2.8657481717607354,0.07981127916558028
-2.8651237577348585,0.08717212096466584
-2.864499343708982,0.08929175140192827
-2.863874929683105,0.09100218750601055
-2.8632505156572288,0.09241998202832066
-2.8626261016313523,0.09770754395042777
-2.8620016876054755,0.10838209349515751
-2.861377273579599,0.1168445317080212
-2.860752859553722,0.11936730486893062
-2.8601284455278457,0.1117921236362637
-2.8595040315019693,0.09253563439467909
-2.8588796174760924,0.07409373106469033
-2.858255203450216,0.06555836630344228
-2.857630789424339,0.0658941097863632
-2.8570063753984627,0.06361629846673242
-2.856381961372586,0.06250809037089267
-2.8557575473467094,0.06851165064993646
-2.855133133320833,0.07540809763050052
-2.854508719294956,0.07903163102239154
-2.8538843052690797,0.07839294275291314
-2.853259891243203,0.07822946190558679
-2.8526354772173264,0.083847496312181
-2.8520110631914495,0.0879558205853018
-2.851386649165573,0.08718483666685165
-2.8507622351396966,0.08501866652271318
-2.8501378211138197,0.083441403541979
-2.8495134070879433,0.08272287937588432
-2.8488889930620664,0.08447949227575996
-2.84826457903619,0.08490381927024845
-2.847640165010313,0.08237506022636154
-2.8470157509844367,0.07804270705668834
-2.8463913369585603,0.07502540800405459
-2.8457669229326834,0.07619967598194763
-2.845142508906807,0.07755980460526489
-2.84451809488093,0.07579273163694013
-2.8438936808550537,0.07306024269120912
-2.8432692668291772,0.06912853995321624
-2.8426448528033004,0.06581697162617671
-2.842020438777424,0.0703286651943916
-2.841396024751547,0.07868148708166114
-2.8407716107256706,0.08393288289557214
-2.8401471966997938,0.08473594553588092
-2.8395227826739173,0.08462714787141058
-2.838898368648041,0.08807964604740792
-2.838273954622164,0.09100479508775368
-2.8376495405962876,0.09350607180153646
-2.8370251265704107,0.09225984919229539
-2.8364007125445343,0.08618220579083272
-2.8357762985186574,0.08181634963814068
-2.835151884492781,0.08422038567749232
-2.8345274704669046,0.08984432408739602
-2.8339030564410277,0.09382346947592055
-2.8332786424151513,0.09865589611476946
-2.8326542283892744,0.10879605026022496
-2.832029814363398,0.11496885565776568
-2.8314054003375215,0.11519570863461981
-2.8307809863116447,0.11444652685492526
-2.8301565722857682,0.11090672235267347
-2.8295321582598914,0.10380935979587677
-2.828907744234015,0.09847651297716044
-2.828283330208138,0.09753605309731919
-2.8276589161822616,0.09327370739372187
-2.827034502156385,0.08657909402908136
-2.8264100881305083,0.08262244674402983
-2.825785674104632,0.08104072924334661
-2.825161260078755,0.08186241559709016
-2.8245368460528786,0.08205071373538354
-2.8239124320270017,0.08161441749542522
-2.8232880180011253,0.08438215858160655
-2.822663603975249,0.08581679101583063
-2.822039189949372,0.08262380821626861
-2.8214147759234955,0.07824900031688864
-2.8207903618976187,0.07446347962837466
-2.8201659478717422,0.07006806644607169
-2.8195415338458654,0.06639076749920711
-2.818917119819989,0.06142216364193661
-2.8182927057941125,0.058531178300843846
-2.8176682917682356,0.05962926391615483
-2.817043877742359,0.05998982400807921
-2.8164194637164823,0.05941174614381587
-2.815795049690606,0.05871796634983949
-2.8151706356647295,0.05951779778425585
-2.8145462216388526,0.060937325730076486
-2.813921807612976,0.06283229508301985
-2.8132973935870993,0.06478881248793947
-2.812672979561223,0.06566828769213699
-2.812048565535346,0.06533667888872402
-2.8114241515094696,0.06586034445126085
-2.810799737483593,0.06695281319272206
-2.8101753234577163,0.06981157535026318
-2.80955090943184,0.06717100799336764
-2.808926495405963,0.05899815934565478
-2.8083020813800865,0.054984422762996255
-2.8076776673542096,0.0548052261246631
-2.807053253328333,0.05547395870258816
-2.806428839302457,0.058202635977097794
-2.80580442527658,0.0627439499100565
-2.8051800112507035,0.06635570269453364
-2.8045555972248266,0.06924751953470291
-2.80393118319895,0.07660759844926719
-2.8033067691730738,0.08111669508164047
-2.802682355147197,0.07478768791785548
-2.8020579411213205,0.0664547098756005
-2.8014335270954436,0.06068074383690274
-2.800809113069567,0.05789152926367384
-2.8001846990436903,0.05683471248802814
-2.799560285017814,0.05538232304335346
-2.7989358709919374,0.053919464251621675
-2.7983114569660605,0.05457608017578828
-2.797687042940184,0.053827049381752756
-2.7970626289143072,0.05367902969103329
-2.796438214888431,0.0540158499101259
-2.795813800862554,0.05561894492138124
-2.7951893868366775,0.05752994616622944
-2.794564972810801,0.05759531687816205
-2.793940558784924,0.055086079959510745
-2.7933161447590478,0.052434170333815824
-2.792691730733171,0.05056721947814106
-2.7920673167072945,0.04807371604131433
-2.7914429026814176,0.04580590498062466
-2.790818488655541,0.043310633183814944
-2.7901940746296647,0.041750925356922715
-2.789569660603788,0.04223081511017393
-2.7889452465779114,0.043669937944690665
-2.7883208325520346,0.04598997274205861
-2.787696418526158,0.04848832050199413
-2.7870720045002817,0.04891896250565493
-2.786447590474405,0.04665483838600565
-2.7858231764485284,0.042565575605146865
-2.7851987624226515,0.04131617756970293
-2.784574348396775,0.04515906192040668
-2.783949934370898,0.04826739027177719
-2.783325520345022,0.04720934480601797
-2.7827011063191454,0.04382476502583989
-2.7820766922932685,0.04017525735719931
-2.781452278267392,0.03709761019895042
-2.780827864241515,0.03372697914785799
-2.7802034502156387,0.029608425258307987
-2.779579036189762,0.027632276764365617
-2.7789546221638854,0.027956516567600797
-2.778330208138009,0.0267347543733644
-2.777705794112132,0.026175038828837184
-2.7770813800862557,0.02765800324617994
-2.776456966060379,0.03004387200620679
-2.7758325520345024,0.033423254556820096
-2.7752081380086255,0.03599531994075877
-2.774583723982749,0.03594299130299013
-2.7739593099568727,0.03546492360581933
-2.773334895930996,0.03814840796822516
-2.7727104819051194,0.04480541954626631
-2.7720860678792425,0.052354293911087826
-2.771461653853366,0.05314812989354264
-2.7708372398274896,0.04945322377315149
-2.7702128258016128,0.04483200421108123
-2.7695884117757363,0.04020882907930741
-2.7689639977498595,0.036668841231220564
-2.768339583723983,0.03479354488633412
-2.767715169698106,0.03432741889485591
-2.7670907556722297,0.03378774067457464
-2.7664663416463533,0.03230874573590153
-2.7658419276204764,0.031889487272221094
-2.7652175135946,0.03162142058272583
-2.764593099568723,0.029867193171223976
-2.7639686855428467,0.02861276334671726
-2.76334427151697,0.029143320109274735
-2.7627198574910934,0.02908125508034031
-2.762095443465217,0.028435084497728236
-2.76147102943934,0.028043971179385747
-2.7608466154134637,0.02761930581173199
-2.760222201387587,0.027814943430609872
-2.7595977873617104,0.027420425494371025
-2.758973373335834,0.027064286918132157
-2.758348959309957,0.027263545632118764
-2.7577245452840806,0.028227606196015977
-2.7571001312582037,0.028966339134345077
-2.7564757172323273,0.028766389626709604
-2.7558513032064504,0.029091530422566826
-2.755226889180574,0.02972333596318864
-2.7546024751546976,0.029007853909501797
-2.7539780611288207,0.027786474505158372
-2.7533536471029443,0.026826757207666273
-2.7527292330770674,0.02437325217029026
-2.752104819051191,0.021794791641755473
-2.751480405025314,0.02115356497474862
-2.7508559909994377,0.020965981400218863
-2.7502315769735612,0.021196542223809185
-2.7496071629476844,0.021312089229126436
-2.748982748921808,0.020569315364419544
-2.748358334895931,0.020927043147379792
-2.7477339208700546,0.0217053741270675
-2.7471095068441778,0.022575127468552718
-2.7464850928183013,0.022767088928001354
-2.745860678792425,0.02302564482721588
-2.745236264766548,0.022889076037644306
-2.7446118507406716,0.02320031503682898
-2.7439874367147947,0.023398489246602896
-2.7433630226889183,0.022694897484649708
-2.742738608663042,0.022197660091457048
-2.742114194637165,0.02124295226332072
-2.7414897806112886,0.02087345012282697
-2.7408653665854117,0.020376672013069197
-2.7402409525595353,0.019053333395125372
-2.7396165385336584,0.018014524831668457
-2.738992124507782,0.018186365309069072
-2.7383677104819055,0.018443680120777607
-2.7377432964560287,0.018071991732988936
-2.7371188824301522,0.017636244380904186
-2.7364944684042753,0.017166608571762554
-2.735870054378399,0.015803219874894747
-2.735245640352522,0.014704453275521365
-2.7346212263266456,0.01573896629687877
-2.733996812300769,0.018182689667371667
-2.7333723982748923,0.0187031799573997
-2.732747984249016,0.01750477259693558
-2.732123570223139,0.015820151031299058
-2.7314991561972626,0.014335646783537489
-2.730874742171386,0.013561413591262358
-2.7302503281455093,0.013270238183781763
-2.729625914119633,0.013525114094637036
-2.729001500093756,0.013666421617282525
-2.7283770860678795,0.013149262838561573
-2.7277526720420027,0.01271848007744901
-2.7271282580161262,0.01262506037718596
-2.72650384399025,0.012611231280405144
-2.725879429964373,0.01227058785500219
-2.7252550159384965,0.012046796818462952
-2.7246306019126196,0.01269136481561121
-2.724006187886743,0.01321825895126622
-2.7233817738608663,0.012212331791456126
-2.72275735983499,0.011686299775367006
-2.7221329458091135,0.011651338241482578
-2.7215085317832366,0.010494710099657462
-2.72088411775736,0.00957120289514228
-2.7202597037314833,0.008855827628641955
-2.719635289705607,0.0079806347287906
-2.71901087567973,0.007880878537089308
-2.7183864616538536,0.008187867356237036
-2.717762047627977,0.008705686259244939
-2.7171376336021003,0.008810770721626796
-2.716513219576224,0.00774876209779961
-2.715888805550347,0.006786930078110187
-2.7152643915244705,0.006406335531538897
-2.714639977498594,0.0038253388042632707
-2.714015563472717,0.0011956101838755725
-2.713391149446841,0.0013190917485480904
-2.712766735420964,0.001860645679493051
-2.7121423213950875,0.0018486309137306623
-2.7115179073692106,0.0015622166003217085
-2.710893493343334,0.0018867253473183517
-2.7102690793174578,0.001981205685090627
-2.709644665291581,0.0018923515712024601
-2.7090202512657044,0.0018887756230297511
-2.7083958372398276,0.0018852212704548222
-2.707771423213951,0.002549799451394843
-2.7071470091880743,0.0019019780002276856
-2.706522595162198,0.00040817017840082327
-2.7058981811363214,2.769602354248058e-05
-2.7052737671104445,6.775067919721162e-05
-2.704649353084568,0.0010474678623581407
-2.7040249390586912,0.002849104521000708
-2.703400525032815,0.002888330640398453
-2.7027761110069384,0.0022696058919066007
-2.7021516969810615,0.0032240563991969
-2.701527282955185,0.0033124888556542937
-2.700902868929308,0.003150714601241731
-2.7002784549034318,0.0022168095999584936
-2.699654040877555,0.0003805093606698179
-2.6990296268516785,1.601559030444451e-05
-2.698405212825802,1.7682234361233915e-05
-2.697780798799925,0.00033396748390310754
-2.6971563847740487,0.0006403845146088136
-2.696531970748172,0.00021907173966129886
-2.6959075567222954,8.845209591146731e-06
-2.6952831426964186,6.588555687856034e-05
-2.694658728670542,0.0003502533964411147
-2.6940343146446657,0.0008296281887204198
-2.693409900618789,0.004417435670279397
-2.6927854865929124,0.011017856652495257
-2.6921610725670355,0.013104691166693175
-2.691536658541159,0.012018017532826882
-2.690912244515282,0.011223315413133952
-2.690287830489406,0.011807103794625986
-2.6896634164635294,0.012663605781940493
-2.6890390024376525,0.012965809050116845
-2.688414588411776,0.013736733453660322
-2.687790174385899,0.014854227184843222
-2.6871657603600227,0.01689162011552475
-2.6865413463341463,0.019892787229999733
-2.6859169323082694,0.03192038636583548
-2.685292518282393,0.062221138691396505
-2.684668104256516,0.08943157916395907
-2.6840436902306397,0.09856413055680364
-2.683419276204763,0.10537572677757678
-2.6827948621788864,0.1266076602070867
-2.68217044815301,0.1479512764698294
-2.681546034127133,0.15576841893648027
-2.6809216201012567,0.15502093019172303
-2.68029720607538,0.15097391856970238
-2.6796727920495034,0.15029742558579756
-2.6790483780236265,0.1525469459892823
-2.67842396399775,0.15653322130812347
-2.6777995499718736,0.16559416112334246
-2.6771751359459968,0.1712330306090363
-2.6765507219201203,0.16517540672928085
-2.6759263078942435,0.16035321149325205
-2.675301893868367,0.1639723464015806
-2.67467747984249,0.17045484597121946
-2.6740530658166137,0.18274632765610688
-2.6734286517907373,0.1915755331044975
-2.6728042377648604,0.19042887673499245
-2.672179823738984,0.18884154873299433
-2.671555409713107,0.18620905588560366
-2.6709309956872307,0.19244924036126465
-2.6703065816613543,0.20347639921763916
-2.6696821676354774,0.1992304480065515
-2.669057753609601,0.18233729577538282
-2.668433339583724,0.1673769343217094
-2.6678089255578477,0.1615025911257355
-2.667184511531971,0.15940525292298036
-2.6665600975060944,0.16382802224390933
-2.665935683480218,0.17157849677618658
-2.665311269454341,0.17021339500956667
-2.6646868554284646,0.1672114378942146
-2.6640624414025877,0.16975543913599722
-2.6634380273767113,0.1713106794595704
-2.6628136133508344,0.1659311448114011
-2.662189199324958,0.16368358882921805
-2.6615647852990816,0.16465593984200802
-2.6609403712732047,0.1624271762847324
-2.6603159572473283,0.15595470438764442
-2.6596915432214514,0.14709168974418974
-2.659067129195575,0.1411216242490245
-2.6584427151696985,0.13990301124063895
-2.6578183011438217,0.1425962503159896
-2.6571938871179452,0.14643724292989344
-2.6565694730920684,0.1481433706887594
-2.655945059066192,0.1436910546900601
-2.655320645040315,0.14006577649898863
-2.6546962310144386,0.14014690913254807
-2.654071816988562,0.13928966971971443
-2.6534474029626853,0.13911890833588875
-2.652822988936809,0.14099409052748252
-2.652198574910932,0.1397845309267433
-2.6515741608850556,0.1332737335880861
-2.6509497468591787,0.12378884272679802
-2.6503253328333023,0.11498121391691758
-2.649700918807426,0.1105219446798897
-2.649076504781549,0.10950916725393671
-2.6484520907556726,0.10930910075799063
-2.6478276767297957,0.10962194058140803
-2.6472032627039193,0.11094851666398708
-2.6465788486780424,0.11258945463600953
-2.645954434652166,0.11445742261125788
-2.6453300206262895,0.11787526784866317
-2.6447056066004127,0.12079772963899578
-2.644081192574536,0.12160776827261714
-2.6434567785486593,0.12173324357642987
-2.642832364522783,0.12295010686602278
-2.6422079504969065,0.12111175008363509
-2.6415835364710296,0.11524082671209361
-2.640959122445153,0.10829359076109057
-2.6403347084192763,0.10779481743413119
-2.6397102943934,0.11292418755575714
-2.639085880367523,0.11584923236718483
-2.6384614663416466,0.11605904385702466
-2.63783705231577,0.11660763812855637
-2.6372126382898933,0.11625950541235726
-2.636588224264017,0.11457979655593249
-2.63596381023814,0.11144293664274452
-2.6353393962122635,0.10852467997405324
-2.6347149821863867,0.10882563390557946
-2.6340905681605102,0.10737616224087694
-2.633466154134634,0.10655121939150125
-2.632841740108757,0.10891445784075711
-2.6322173260828805,0.11111478931417007
-2.6315929120570036,0.1111919658530168
-2.630968498031127,0.11171964833455575
-2.6303440840052508,0.11126200198726606
-2.629719669979374,0.11369263151682855
-2.6290952559534975,0.11782896664853115
-2.6284708419276206,0.11889798083099579
-2.627846427901744,0.11920341606209539
-2.6272220138758673,0.11901252711876256
-2.626597599849991,0.11667335208443563
-2.6259731858241144,0.11593965402705657
-2.6253487717982376,0.12043622660272416
-2.624724357772361,0.12330231215902199
-2.6240999437464843,0.12181074061023352
-2.623475529720608,0.12224906151317208
-2.622851115694731,0.12391274738415259
-2.6222267016688545,0.12129468569625848
-2.621602287642978,0.11484827602915823
-2.620977873617101,0.10898034710183613
-2.620353459591225,0.10440846483656359
-2.619729045565348,0.1001353806780478
-2.6191046315394715,0.09756139025338172
-2.6184802175135946,0.09703817548247552
-2.617855803487718,0.09803322745045731
-2.6172313894618418,0.0993130795052503
-2.616606975435965,0.10024273687425947
-2.6159825614100884,0.10047735299749394
-2.6153581473842116,0.10075477057336628
-2.614733733358335,0.09981076121316233
-2.6141093193324587,0.10001741270617623
-2.613484905306582,0.1012536581994035
-2.6128604912807054,0.10150453621404973
-2.6122360772548285,0.09974273316306803
-2.611611663228952,0.09428479965949808
-2.6109872492030752,0.09054249697997444
-2.610362835177199,0.08464820754410016
-2.6097384211513224,0.07669883751919906
-2.6091140071254455,0.075181300876715
-2.608489593099569,0.07693866782026898
-2.607865179073692,0.07639401040520781
-2.6072407650478158,0.0742405361643105
-2.606616351021939,0.07411034075640852
-2.6059919369960625,0.07628313034656573
-2.605367522970186,0.07987664281677814
-2.604743108944309,0.08111530245828835
-2.6041186949184327,0.08229754876210146
-2.603494280892556,0.08314135069465534
-2.6028698668666794,0.0798425768148565
-2.602245452840803,0.0798036677645952
-2.601621038814926,0.0845939574269551
-2.6009966247890497,0.0897067039597283
-2.600372210763173,0.09676041665815992
-2.5997477967372964,0.10279474424375756
-2.5991233827114195,0.10708272152298767
-2.598498968685543,0.10894047696066356
-2.5978745546596667,0.10821242227678458
-2.59725014063379,0.10507469618364282
-2.5966257266079134,0.10000567182065254
-2.5960013125820365,0.0994061485802282
-2.59537689855616,0.10018764947659689
-2.594752484530283,0.096870717428043
-2.5941280705044067,0.09273693505378053
-2.5935036564785303,0.0911229783828558
-2.5928792424526534,0.08960276086076532
-2.592254828426777,0.08839481685479629
-2.5916304144009,0.09086071198652815
-2.5910060003750237,0.09482270690035058
-2.590381586349147,0.09704437331735193
-2.5897571723232704,0.0956764508549149
-2.589132758297394,0.09513836161112459
-2.588508344271517,0.0958896292946105
-2.5878839302456407,0.0933332880185939
-2.587259516219764,0.09006377008511621
-2.5866351021938874,0.08875819262384621
-2.586010688168011,0.09041658632678015
-2.585386274142134,0.09409004040553628
-2.5847618601162576,0.09717455078312455
-2.5841374460903808,0.09908035094613106
-2.5835130320645043,0.09848001450526009
-2.5828886180386275,0.0981729778713543
-2.582264204012751,0.09699152929357982
-2.5816397899868746,0.09462739384918181
-2.5810153759609977,0.09305485077249606
-2.5803909619351213,0.09295137538617362
-2.5797665479092444,0.09401375797430828
-2.579142133883368,0.09735534933345687
-2.578517719857491,0.10017532793605684
-2.5778933058316147,0.09950992393030034
-2.5772688918057383,0.09981126345112634
-2.5766444777798614,0.10396336818576697
-2.576020063753985,0.1078461974269495
-2.575395649728108,0.1078504888744436
-2.5747712357022317,0.10658130389914282
-2.574146821676355,0.10656094039052504
-2.5735224076504783,0.10555511544968758
-2.572897993624602,0.10471904597727477
-2.572273579598725,0.1046471856374381
-2.5716491655728486,0.10286842071076811
-2.5710247515469717,0.10176380251781851
-2.5704003375210953,0.10320558576974267
-2.569775923495219,0.10558306342340522
-2.569151509469342,0.10668132125958425
-2.5685270954434656,0.10417143378704283
-2.5679026814175887,0.09624082562469832
-2.5672782673917123,0.08701437825077862
-2.5666538533658354,0.08266250335015785
-2.566029439339959,0.08019702415938731
-2.5654050253140825,0.07407961696376775
-2.5647806112882057,0.06876289007244064
-2.5641561972623292,0.06818220709084091
-2.5635317832364524,0.06860563322954463
-2.562907369210576,0.06675724638002717
-2.562282955184699,0.06604075495583292
-2.5616585411588226,0.06738924733399539
-2.561034127132946,0.06810854262138608
-2.5604097131070693,0.06853091516076078
-2.559785299081193,0.06956384064418533
-2.559160885055316,0.07069047477578634
-2.5585364710294396,0.07399699041859838
-2.557912057003563,0.07629874665656294
-2.5572876429776863,0.07582923422938213
-2.55666322895181,0.08072062616472528
-2.556038814925933,0.0892264039252382
-2.5554144009000566,0.09378211320770453
-2.5547899868741797,0.09679341551064478
-2.5541655728483033,0.10017225871592457
-2.553541158822427,0.10384657900910337
-2.55291674479655,0.10569289471360355
-2.5522923307706735,0.10263487952267361
-2.5516679167447966,0.10075783383400998
-2.55104350271892,0.10117348899141143
-2.5504190886930433,0.09920337790807539
-2.549794674667167,0.0942583851996128
-2.5491702606412905,0.09322290788043279
-2.5485458466154136,0.09738473833038912
-2.547921432589537,0.09957414828339305
-2.5472970185636603,0.10014143805280926
-2.546672604537784,0.09825494330216558
-2.546048190511907,0.09384717573726375
-2.5454237764860306,0.08953197190091675
-2.544799362460154,0.08463397078765658
-2.5441749484342773,0.08106748161468269
-2.543550534408401,0.07944080124147164
-2.542926120382524,0.08134570569453356
-2.5423017063566475,0.08611619948903898
-2.541677292330771,0.09140405057013545
-2.5410528783048942,0.0964054877959441
-2.540428464279018,0.09877407546689707
-2.539804050253141,0.09759132485552344
-2.5391796362272645,0.09585754126075921
-2.5385552222013876,0.09721574556307336
-2.537930808175511,0.10100369199727717
-2.5373063941496348,0.1027767150100061
-2.536681980123758,0.09878428139349031
-2.5360575660978815,0.09444454423791625
-2.5354331520720046,0.09194605921613967
-2.534808738046128,0.09042685792613266
-2.5341843240202513,0.09131919673147873
-2.533559909994375,0.09229460658120232
-2.5329354959684984,0.09292573658834966
-2.5323110819426216,0.09406042198209412
-2.531686667916745,0.09489205061516368
-2.5310622538908683,0.09657326876028424
-2.530437839864992,0.09822839351466724
-2.5298134258391154,0.09845086949697819
-2.5291890118132385,0.09970898182951492
-2.528564597787362,0.10302401139962951
-2.527940183761485,0.10661809196404222
-2.527315769735609,0.1064377363446978
-2.526691355709732,0.10485421041038397
-2.5260669416838555,0.10423532581469008
-2.525442527657979,0.10063233813223749
-2.524818113632102,0.09569792411463171
-2.5241936996062257,0.095306208457714
-2.523569285580349,0.09755359690514029
-2.5229448715544724,0.0989766720406824
-2.5223204575285956,0.09937302824824515
-2.521696043502719,0.09826458362466674
-2.5210716294768427,0.0945927721058037
-2.520447215450966,0.09002031541681607
-2.5198228014250894,0.08633985794551206
-2.5191983873992125,0.0834273042181441
-2.518573973373336,0.0797079748182816
-2.5179495593474592,0.078601292505353
-2.517325145321583,0.08244211750143032
-2.5167007312957064,0.08375314810658796
-2.5160763172698295,0.08253592548088452
-2.515451903243953,0.08393226514852765
-2.514827489218076,0.08588407086219046
-2.5142030751921998,0.08344267968875672
-2.5135786611663233,0.08119827391864314
-2.5129542471404465,0.08412050239987158
-2.51232983311457,0.08855072364015704
-2.511705419088693,0.09074498448085463
-2.5110810050628167,0.08973346014766158
-2.51045659103694,0.08942834953826859
-2.5098321770110634,0.08892689083916056
-2.509207762985187,0.08915894797828017
-2.50858334895931,0.0903783316532942
-2.5079589349334337,0.09158262243017738
-2.507334520907557,0.09187854259114239
-2.5067101068816804,0.09054560512173122
-2.5060856928558035,0.09194120973652052
-2.505461278829927,0.09521046308269678
-2.5048368648040507,0.09698913970110298
-2.504212450778174,0.09800633103312484
-2.5035880367522974,0.0971647835827847
-2.5029636227264205,0.09491899485886982
-2.502339208700544,0.09216196826954262
-2.5017147946746676,0.08937748737637563
-2.5010903806487907,0.08860712475739424
-2.5004659666229143,0.09035631311919909
-2.4998415525970374,0.0914084491760406
-2.499217138571161,0.09053165711514485
-2.498592724545284,0.08996167379790104
-2.4979683105194077,0.09136037864453145
-2.4973438964935313,0.09393993042128912
-2.4967194824676544,0.09760085593889427
-2.496095068441778,0.09857893954717262
-2.495470654415901,0.0960634058863232
-2.4948462403900247,0.09395312778631032
-2.494221826364148,0.0940253407425013
-2.4935974123382714,0.09171820531239643
-2.492972998312395,0.0869662371634957
-2.492348584286518,0.0820707451852931
-2.4917241702606416,0.07764384607869632
-2.4910997562347648,0.07397114873824702
-2.4904753422088883,0.073191737625428
-2.4898509281830115,0.078653798372232
-2.489226514157135,0.08341501712860828
-2.4886021001312586,0.08562144764432812
-2.4879776861053817,0.08756909521586913
-2.4873532720795053,0.08523169115274529
-2.4867288580536284,0.08071676193630188
-2.486104444027752,0.0786704196695411
-2.4854800300018756,0.07949166126437912
-2.4848556159759987,0.0817671041984265
-2.4842312019501223,0.08641348875509788
-2.4836067879242454,0.09371171889739074
-2.482982373898369,0.10217560043673594
-2.482357959872492,0.10877434297616229
-2.4817335458466157,0.10955453024140605
-2.481109131820739,0.10739299328848403
-2.4804847177948623,0.1036804040348868
-2.479860303768986,0.09999203540205218
-2.479235889743109,0.09941929048770423
-2.4786114757172326,0.10116759783087097
-2.4779870616913557,0.10248851825008717
-2.4773626476654793,0.10196767428213693
-2.476738233639603,0.09870694008401523
-2.476113819613726,0.09581427716960728
-2.4754894055878496,0.0945194852109342
-2.4748649915619727,0.0937061030668945
-2.4742405775360963,0.09135831414350545
-2.4736161635102194,0.08972291599866293
-2.472991749484343,0.09027857689148393
-2.4723673354584665,0.09121645699657929
-2.4717429214325897,0.09137847246794342
-2.4711185074067132,0.09236265301298378
-2.4704940933808364,0.09673862861162481
-2.46986967935496,0.10122413491777027
-2.4692452653290835,0.10199015667893188
-2.4686208513032066,0.10042408591979306
-2.46799643727733,0.10192791956137134
-2.4673720232514533,0.10607753859887611
-2.466747609225577,0.1060195334420996
-2.4661231951997,0.1040022316489246
-2.4654987811738236,0.10442652873741594
-2.464874367147947,0.10432279805945303
-2.4642499531220703,0.1033143168760358
-2.463625539096194,0.10217540410641876
-2.463001125070317,0.09988864313147733
-2.4623767110444406,0.09670807224618654
-2.4617522970185637,0.0956167640522252
-2.4611278829926873,0.09507966278385463
-2.460503468966811,0.0950495873813836
-2.459879054940934,0.09663450544455256
-2.4592546409150575,0.09890436696092217
-2.4586302268891806,0.10060514345509834
-2.458005812863304,0.10046852887854725
-2.457381398837428,0.10164018329227294
-2.456756984811551,0.1045654457314789
-2.4561325707856745,0.10513988789090789
-2.4555081567597976,0.10435320255330749
-2.454883742733921,0.1039067564288503
-2.4542593287080443,0.10567668370513128
-2.453634914682168,0.10931844964257453
-2.4530105006562914,0.11108893641259358
-2.4523860866304146,0.11113581077943498
-2.451761672604538,0.11032423192563157
-2.4511372585786613,0.11053392546325844
-2.450512844552785,0.11402886771621139
-2.449888430526908,0.11762774886269448
-2.4492640165010315,0.11647324704069302
-2.448639602475155,0.11028331265670029
-2.4480151884492782,0.10509880385938455
-2.447390774423402,0.103112636285323
-2.446766360397525,0.10136395688986906
-2.4461419463716485,0.1003077247519216
-2.4455175323457716,0.10143648737271085
-2.444893118319895,0.10394895304980711
-2.4442687042940188,0.10341126095497874
-2.443644290268142,0.10057488818222456
-2.4430198762422655,0.10206346622449299
-2.4423954622163886,0.1050486655798134
-2.441771048190512,0.10559200901785856
-2.4411466341646357,0.10865643776623131
-2.440522220138759,0.11216368317663954
-2.4398978061128824,0.11090649695038453
-2.4392733920870056,0.10829680543130982
-2.438648978061129,0.10793905249404512
-2.4380245640352523,0.10891508075909466
-2.437400150009376,0.1081466397002053
-2.4367757359834994,0.10677732154236186
-2.4361513219576225,0.10826019490092928
-2.435526907931746,0.10806366040445134
-2.434902493905869,0.10645068664773709
-2.434278079879993,0.10549817436534034
-2.433653665854116,0.10557535464503005
-2.4330292518282395,0.10967522627369139
-2.432404837802363,0.11428154951859541
-2.431780423776486,0.11740321035403407
-2.4311560097506097,0.12081511167238787
-2.430531595724733,0.12253736358425552
-2.4299071816988564,0.12038421937880997
-2.42928276767298,0.11784985528323702
-2.428658353647103,0.11565568733899578
-2.4280339396212267,0.11089171060178953
-2.42740952559535,0.10818179183787291
-2.4267851115694734,0.10827759699560084
-2.4261606975435965,0.10406963675456013
-2.42553628351772,0.09846614784354177
-2.4249118694918437,0.09897316066946454
-2.424287455465967,0.10285762428714176
-2.4236630414400904,0.1020960926852205
-2.4230386274142135,0.0966127623850755
-2.422414213388337,0.09232640951840357
-2.42178979936246,0.09064992684857463
-2.4211653853365838,0.0914714686402027
-2.4205409713107073,0.09333414537775878
-2.4199165572848305,0.09595006119742967
-2.419292143258954,0.09952697123419905
-2.418667729233077,0.1045874370058898
-2.4180433152072007,0.10899327627349935
-2.417418901181324,0.111963615189827
-2.4167944871554474,0.11108189813199838
-2.416170073129571,0.10665836700939997
-2.415545659103694,0.10896223811516086
-2.4149212450778177,0.11449109901909944
-2.414296831051941,0.11179899387471459
-2.4136724170260644,0.10659438255878159
-2.413048003000188,0.10610903116959045
-2.412423588974311,0.10660733874016741
-2.4117991749484347,0.10690844451350509
-2.411174760922558,0.11570131286561351
-2.4105503468966814,0.12391415987642944
-2.4099259328708045,0.12064501300241262
-2.409301518844928,0.11685293653685129
-2.4086771048190516,0.11633166796292989
-2.4080526907931747,0.11529375713676475
-2.4074282767672983,0.11309219783677897
-2.4068038627414214,0.10491916928900025
-2.406179448715545,0.09648378848217075
-2.405555034689668,0.09398728151049966
-2.4049306206637917,0.09732763146922571
-2.4043062066379153,0.09961207127349704
-2.4036817926120384,0.09809920257698154
-2.403057378586162,0.09354643724335172
-2.402432964560285,0.08649865619973138
-2.4018085505344087,0.08872013958268175
-2.4011841365085322,0.09829626526351698
-2.4005597224826554,0.1017477183019893
-2.399935308456779,0.1010642265215456
-2.399310894430902,0.09938260213001902
-2.3986864804050256,0.09776419453369747
-2.3980620663791488,0.09486272792142092
-2.3974376523532723,0.09028357680821704
-2.396813238327396,0.08665302503545219
-2.396188824301519,0.08755225266509575
-2.3955644102756426,0.09039688354143925
-2.3949399962497657,0.08971241313795389
-2.3943155822238893,0.08305536794027979
-2.3936911681980124,0.07431280405246682
-2.393066754172136,0.07014282341902942
-2.3924423401462596,0.06745635629312705
-2.3918179261203827,0.06313626534634101
-2.3911935120945063,0.06019594348787126
-2.3905690980686294,0.060087073978272884
-2.389944684042753,0.05973861187793446
-2.389320270016876,0.06621439086275399
-2.3886958559909997,0.08027748425443484
-2.388071441965123,0.09135087601380633
-2.3874470279392463,0.09476526015680506
-2.38682261391337,0.09441852824501061
-2.386198199887493,0.09777905616614785
-2.3855737858616166,0.09941167340072984
-2.38494937183574,0.09552811136327485
-2.3843249578098633,0.09556566676128772
-2.383700543783987,0.1009786223457035
-2.38307612975811,0.10757330047771083
-2.3824517157322336,0.107375001924273
-2.3818273017063567,0.10225824800814265
-2.3812028876804803,0.10234858920164631
-2.380578473654604,0.1056511300101369
-2.379954059628727,0.11099862774598308
-2.3793296456028505,0.11764561039682105
-2.3787052315769737,0.12097492622050313
-2.3780808175510972,0.12001594682722536
-2.3774564035252204,0.12310149315456913
-2.376831989499344,0.12755322267140323
-2.3762075754734675,0.1219940841153629
-2.3755831614475906,0.11285033021641881
-2.374958747421714,0.11233005134177879
-2.3743343333958373,0.11825551313168799
-2.373709919369961,0.11908207833554593
-2.373085505344084,0.11932128753914972
-2.3724610913182076,0.12521545949476004
-2.371836677292331,0.1306381793574452
-2.3712122632664543,0.12562787983041696
-2.370587849240578,0.11316823987020326
-2.369963435214701,0.11363217614608068
-2.3693390211888246,0.12385676120830451
-2.368714607162948,0.11800627205576897
-2.3680901931370713,0.10707790664751152
-2.367465779111195,0.10351520364886443
-2.366841365085318,0.09729436812407198
-2.3662169510594415,0.09060213589804883
-2.3655925370335646,0.09201453357101248
-2.364968123007688,0.0951903697647786
-2.364343708981812,0.09715265459226649
-2.363719294955935,0.0998320035653532
-2.3630948809300585,0.09721190389415237
-2.3624704669041816,0.09426763965724803
-2.361846052878305,0.09618461967054734
-2.3612216388524283,0.09258751627941887
-2.360597224826552,0.09148376459585128
-2.3599728108006754,0.09626068695717459
-2.3593483967747986,0.09261447478304378
-2.358723982748922,0.08633874583981735
-2.3580995687230453,0.08973603991591064
-2.357475154697169,0.09892094396668885
-2.3568507406712924,0.10070528935313401
-2.3562263266454155,0.09710238581433059
-2.355601912619539,0.08940033139300047
-2.3549774985936622,0.07782072939189268
-2.354353084567786,0.06898708287794278
-2.353728670541909,0.06700029952090972
-2.3531042565160325,0.06847790357468672
-2.352479842490156,0.07009312237067261
-2.351855428464279,0.06849993218680753
-2.3512310144384028,0.06705586513388387
-2.350606600412526,0.06917940393785864
-2.3499821863866495,0.07117871891554492
-2.3493577723607726,0.07256252428856921
-2.348733358334896,0.07013218301525612
-2.3481089443090197,0.06645331045300937
-2.347484530283143,0.0662061786575379
-2.3468601162572664,0.06641467787608298
-2.3462357022313896,0.06787468034645636
-2.345611288205513,0.07021483790647245
-2.3449868741796362,0.0711774344525226
-2.34436246015376,0.07243935637366178
-2.3437380461278834,0.07378772543403436
-2.3431136321020065,0.07307619762533024
-2.34248921807613,0.07235671407235712
-2.341864804050253,0.0742285631565912
-2.341240390024377,0.07589695492999489
-2.3406159759985004,0.07782759164801153
-2.3399915619726235,0.08017577887180574
-2.339367147946747,0.08131951034666199
-2.33874273392087,0.08052784116180602
-2.3381183198949937,0.08133233419425888
-2.337493905869117,0.08450178267644852
-2.3368694918432404,0.07878053498046415
-2.336245077817364,0.0687557071134707
-2.335620663791487,0.06139682611883801
-2.3349962497656107,0.05526621974309397
-2.334371835739734,0.05348242260300001
-2.3337474217138574,0.053330236851986554
-2.3331230076879805,0.053213526586871895
-2.332498593662104,0.05662274650169201
-2.3318741796362277,0.05767251854334843
-2.331249765610351,0.054762302211863
-2.3306253515844744,0.05377782685184355
-2.3300009375585975,0.05331188643451758
-2.329376523532721,0.05292616543904596
-2.3287521095068446,0.05324042918918276
-2.3281276954809678,0.05324012633963424
-2.3275032814550913,0.05620078055762294
-2.3268788674292145,0.06011825799246111
-2.326254453403338,0.06131821846385932
-2.325630039377461,0.06227602974628701
-2.3250056253515847,0.06260540773593079
-2.3243812113257083,0.06149469102665765
-2.3237567972998314,0.06100170815549218
-2.323132383273955,0.06066499650221533
-2.322507969248078,0.0602464480912567
-2.3218835552222017,0.05926458249181375
-2.321259141196325,0.05639572601036401
-2.3206347271704484,0.05362303449301316
-2.320010313144572,0.05304051886436566
-2.319385899118695,0.05378202459918213
-2.3187614850928187,0.05535523112603095
-2.318137071066942,0.05770475358606576
-2.3175126570410653,0.061038544610520516
-2.3168882430151885,0.06389687465536384
-2.316263828989312,0.06471644068643126
-2.3156394149634356,0.06328843409379574
-2.3150150009375587,0.06326503995422164
-2.3143905869116823,0.06430109995318081
-2.3137661728858054,0.06462922163985936
-2.313141758859929,0.06379942190504807
-2.3125173448340526,0.06326894616039103
-2.3118929308081757,0.06518545867822996
-2.3112685167822993,0.06832232880127606
-2.3106441027564224,0.07042077193714505
-2.310019688730546,0.06747071433417139
-2.309395274704669,0.06307158372669217
-2.3087708606787927,0.060624728988337276
-2.3081464466529162,0.05821197507063108
-2.3075220326270394,0.05654280156495269
-2.306897618601163,0.0548922319029244
-2.306273204575286,0.053083551592024006
-2.3056487905494096,0.050418427059292746
-2.3050243765235328,0.048322613255759136
-2.3043999624976563,0.047449697383831146
-2.30377554847178,0.046819038236233144
-2.303151134445903,0.04635982148633651
-2.3025267204200266,0.04751892971485599
-2.3019023063941497,0.04745425715433845
-2.3012778923682733,0.04479141011073608
-2.300653478342397,0.04385094144873859
-2.30002906431652,0.044651121866969276
-2.2994046502906436,0.04426700313093692
-2.2987802362647667,0.04329113418751648
-2.2981558222388903,0.0430953408865666
-2.2975314082130134,0.04331452751741116
-2.296906994187137,0.04380295116502923
-2.2962825801612605,0.04448176140328931
-2.2956581661353836,0.045654375292776626
-2.295033752109507,0.045565381389931964
-2.2944093380836303,0.044152979777581085
-2.293784924057754,0.04357787141304066
-2.293160510031877,0.044472334657722004
-2.2925360960060006,0.04524441962086655
-2.291911681980124,0.043964693732321536
-2.2912872679542473,0.04255542761001331
-2.290662853928371,0.04295791018864027
-2.290038439902494,0.043549927203316456
-2.2894140258766176,0.04318838735359968
-2.2887896118507407,0.04343371654940315
-2.2881651978248643,0.044292317863733235
-2.287540783798988,0.04522956579833969
-2.286916369773111,0.046119574136237615
-2.2862919557472345,0.04596346884142142
-2.2856675417213577,0.045036524686263055
-2.2850431276954812,0.04460037499384485
-2.284418713669605,0.04527231111706493
-2.283794299643728,0.046073542941959436
-2.2831698856178515,0.04782958800245821
-2.2825454715919746,0.05036910531926231
-2.281921057566098,0.049362650320616375
-2.2812966435402213,0.04355905140268681
-2.280672229514345,0.03622686379839233
-2.2800478154884685,0.03040797090188015
-2.2794234014625916,0.027289988932207836
-2.278798987436715,0.026842545387458082
-2.2781745734108383,0.02688626331019553
-2.277550159384962,0.026264385192804766
-2.276925745359085,0.027116125220461213
-2.2763013313332086,0.028305710100848907
-2.275676917307332,0.028822810974133535
-2.2750525032814553,0.029712729327643593
-2.274428089255579,0.030900354258780495
-2.273803675229702,0.032940049139593176
-2.2731792612038255,0.036652803529728537
-2.2725548471779486,0.041653923411899385
-2.271930433152072,0.046979941731470784
-2.271306019126196,0.048710420820255285
-2.270681605100319,0.0470922393369744
-2.2700571910744425,0.04667483344702982
-2.2694327770485656,0.04864035910928895
-2.268808363022689,0.049467000193440844
-2.2681839489968127,0.04778912751893256
-2.267559534970936,0.04575926447280248
-2.2669351209450594,0.04580062913788152
-2.2663107069191826,0.04870478511528834
-2.265686292893306,0.05279515318337774
-2.2650618788674293,0.05628392009004883
-2.264437464841553,0.05697676535852233
-2.2638130508156764,0.05815774834754446
-2.2631886367897995,0.06378031307865735
-2.262564222763923,0.0670231607812422
-2.2619398087380462,0.0672352870943921
-2.26131539471217,0.06801248370161979
-2.260690980686293,0.06778886942991458
-2.2600665666604165,0.06599349155112978
-2.25944215263454,0.06358017449165212
-2.258817738608663,0.07085875111374842
-2.2581933245827868,0.08323389237220229
-2.25756891055691,0.08606956502208318
-2.2569444965310335,0.08169910601830163
-2.256320082505157,0.08148199541743797
-2.25569566847928,0.08770294529625236
-2.2550712544534037,0.09657487721263601
-2.254446840427527,0.10130243308639604
-2.2538224264016504,0.10232029234826309
-2.2531980123757736,0.10501095708292237
-2.252573598349897,0.10995624919960774
-2.2519491843240207,0.11027185123486397
-2.251324770298144,0.10392207632471677
-2.2507003562722674,0.1006056350550298
-2.2500759422463905,0.10223718280382088
-2.249451528220514,0.09724013402813841
-2.248827114194637,0.0895586428161049
-2.248202700168761,0.08839560981395954
-2.2475782861428844,0.09041588554293413
-2.2469538721170075,0.09114049189655063
-2.246329458091131,0.08916300831239195
-2.245705044065254,0.08532145964575209
-2.2450806300393777,0.08225830472951552
-2.244456216013501,0.08710900877075953
-2.2438318019876244,0.09508396273843957
-2.243207387961748,0.10125858496788309
-2.242582973935871,0.0990596798388749
-2.2419585599099947,0.0914644778271977
-2.241334145884118,0.08805862739308942
-2.2407097318582414,0.09100183832892897
-2.240085317832365,0.10008181931481493
-2.239460903806488,0.1069703973429487
-2.2388364897806117,0.10750741958874017
-2.238212075754735,0.10312640185205164
-2.2375876617288584,0.099200966682731
-2.2369632477029815,0.09705649782079583
-2.236338833677105,0.08896543239216036
-2.2357144196512286,0.08165041753843952
-2.2350900056253518,0.0780123909178713
-2.2344655915994753,0.07567318682477722
-2.2338411775735985,0.08244952366156712
-2.233216763547722,0.09063271299208091
-2.232592349521845,0.08690091078841042
-2.2319679354959687,0.07921772481446951
-2.2313435214700923,0.076502020795011
-2.2307191074442154,0.08044035511148154
-2.230094693418339,0.09292855928522444
-2.229470279392462,0.108988674768973
-2.2288458653665857,0.11373578060333558
-2.2282214513407093,0.10841768338677515
-2.2275970373148324,0.10825304636774598
-2.226972623288956,0.11181188303537022
-2.226348209263079,0.11289321183822403
-2.2257237952372027,0.1119364342347455
-2.2250993812113258,0.11088909069845357
-2.2244749671854493,0.10769347156016566
-2.223850553159573,0.10218978927827463
-2.223226139133696,0.09489874502189427
-2.2226017251078196,0.08935320797229397
-2.2219773110819427,0.08770253027154844
-2.2213528970560663,0.08766550511586417
-2.2207284830301894,0.08972866832123186
-2.220104069004313,0.09400980588674404
-2.2194796549784366,0.09780856206772834
-2.2188552409525597,0.0982932303791713
-2.2182308269266833,0.0966602134015031
-2.2176064129008064,0.09617565913094303
-2.21698199887493,0.09834259283321925
-2.216357584849053,0.10071733586750761
-2.2157331708231767,0.09804017774891824
-2.2151087567973002,0.09663141309816331
-2.2144843427714234,0.10101111868415373
-2.213859928745547,0.1044642561640902
-2.21323551471967,0.10751224344661921
-2.2126111006937936,0.11229620136448921
-2.211986686667917,0.11495386218284305
-2.2113622726420403,0.1170193278015677
-2.210737858616164,0.12063714788424067
-2.210113444590287,0.12504280230535456
-2.2094890305644106,0.13107998485525635
-2.2088646165385337,0.14019739280830967
-2.2082402025126573,0.14562824311784645
-2.207615788486781,0.14360573206267185
-2.206991374460904,0.14005027600405157
-2.2063669604350276,0.1385195834079048
-2.2057425464091507,0.1394265976667805
-2.2051181323832743,0.14119311153986386
-2.2044937183573974,0.14147846501124878
-2.203869304331521,0.14002743166223403
-2.2032448903056445,0.1353341381148862
-2.2026204762797676,0.12653582135915692
-2.201996062253891,0.12021568451163714
-2.2013716482280143,0.11978034077345609
-2.200747234202138,0.11917900444021919
-2.2001228201762615,0.11763483754964577
-2.1994984061503846,0.11491406567398647
-2.198873992124508,0.11041843630830159
-2.1982495780986313,0.1053067849130684
-2.197625164072755,0.10105617206080082
-2.197000750046878,0.10109480888262715
-2.1963763360210016,0.10791792921880398
-2.195751921995125,0.11767861738979016
-2.1951275079692483,0.12380988942613391
-2.194503093943372,0.12387251384665379
-2.193878679917495,0.1231342686882827
-2.1932542658916185,0.12800690831844033
-2.1926298518657417,0.13326567942973946
-2.1920054378398652,0.13360860531223973
-2.191381023813989,0.13043096963981188
-2.190756609788112,0.13003605928368814
-2.1901321957622355,0.13379333249765255
-2.1895077817363586,0.1350437429800065
-2.188883367710482,0.13481528175508095
-2.1882589536846053,0.13476430072968476
-2.187634539658729,0.1375212762701829
-2.1870101256328525,0.13930652048432932
-2.1863857116069756,0.1354133949312897
-2.185761297581099,0.1325673407570039
-2.1851368835552223,0.12975520383203862
-2.184512469529346,0.12693801445195807
-2.1838880555034694,0.12673968207806335
-2.1832636414775926,0.13011806520010244
-2.182639227451716,0.13308066748460884
-2.1820148134258393,0.13162772294933148
-2.181390399399963,0.12694266703840712
-2.180765985374086,0.12658896904883235
-2.1801415713482095,0.12643632248610664
-2.179517157322333,0.1215711973022561
-2.178892743296456,0.11274724436828634
-2.17826832927058,0.10659146302070488
-2.177643915244703,0.10237608644509559
-2.1770195012188265,0.09638458840181734
-2.1763950871929496,0.09275622596196953
-2.175770673167073,0.09146106771696273
-2.1751462591411967,0.09241456401434765
-2.17452184511532,0.09465401707445227
-2.1738974310894434,0.09369643258253971
-2.1732730170635666,0.08884382064423967
-2.17264860303769,0.08708114289403127
-2.1720241890118133,0.08830107886016807
-2.171399774985937,0.09149964991593637
-2.1707753609600604,0.09890308957505733
-2.1701509469341835,0.09788121978279116
-2.169526532908307,0.09219939527647006
-2.1689021188824302,0.09966425953253745
-2.168277704856554,0.11572331428890965
-2.1676532908306774,0.12788103750009566
-2.1670288768048005,0.12992468724096562
-2.166404462778924,0.12393188746766834
-2.165780048753047,0.12044835203204936
-2.1651556347271708,0.12341891753065456
-2.164531220701294,0.12584784320804093
-2.1639068066754175,0.12321424042652399
-2.163282392649541,0.1147794604759643
-2.162657978623664,0.10472188828614962
-2.1620335645977877,0.09692572409940112
-2.161409150571911,0.09532496559153689
-2.1607847365460344,0.09931856537257885
-2.1601603225201575,0.10378961577958186
-2.159535908494281,0.10898123322487122
-2.1589114944684047,0.11254085227450594
-2.158287080442528,0.1127229631393423
-2.1576626664166514,0.11602348267682858
-2.1570382523907745,0.12336846742313609
-2.156413838364898,0.12694295873689926
-2.1557894243390217,0.12212705909304791
-2.155165010313145,0.11647619598600231
-2.1545405962872684,0.11434486926333162
-2.1539161822613915,0.11527240722111465
-2.153291768235515,0.1203287857523115
-2.152667354209638,0.1299401892637953
-2.1520429401837617,0.13814517582894573
-2.1514185261578853,0.13898698550915187
-2.1507941121320084,0.13883395193938716
-2.150169698106132,0.13419681670550426
-2.149545284080255,0.1288833227122806
-2.1489208700543787,0.1295971523169918
-2.148296456028502,0.13489248936364245
-2.1476720420026254,0.13835648512163304
-2.147047627976749,0.13656689115730375
-2.146423213950872,0.13396592393504025
-2.1457987999249957,0.13591878779614835
-2.145174385899119,0.13598902073834535
-2.1445499718732424,0.1291603285943481
-2.1439255578473655,0.12395060249721188
-2.143301143821489,0.12469072889503785
-2.1426767297956126,0.12818987056672843
-2.1420523157697358,0.12873163280725333
-2.1414279017438593,0.12553467906434532
-2.1408034877179825,0.12327292638234306
-2.140179073692106,0.12170701812127238
-2.1395546596662296,0.12089279121075651
-2.1389302456403527,0.12110894114517687
-2.1383058316144763,0.1224377867609527
-2.1376814175885994,0.1242685537335136
-2.137057003562723,0.12352141005508051
-2.136432589536846,0.12276124381472238
-2.1358081755109697,0.12242647108809757
-2.1351837614850933,0.12176921796263437
-2.1345593474592164,0.12478847201276395
-2.13393493343334,0.12669137793196444
-2.133310519407463,0.1224844096648263
-2.1326861053815866,0.11728659086019053
-2.1320616913557098,0.11693054507133212
-2.1314372773298333,0.12009886286077591
-2.130812863303957,0.12220437430715328
-2.13018844927808,0.1216148441086167
-2.1295640352522036,0.11954586971022456
-2.1289396212263267,0.11719658069729214
-2.1283152072004503,0.11419764810854582
-2.127690793174574,0.11142022131965798
-2.127066379148697,0.10998458643589096
-2.1264419651228206,0.10668015507257253
-2.1258175510969437,0.10394125897536315
-2.1251931370710673,0.10308447562739594
-2.1245687230451904,0.10363425899395742
-2.123944309019314,0.10583312491756883
-2.1233198949934375,0.10516746292237907
-2.1226954809675607,0.10136650240189209
-2.1220710669416842,0.10117445375354488
-2.1214466529158074,0.10436031021163103
-2.120822238889931,0.10953023741541149
-2.120197824864054,0.11263637634592716
-2.1195734108381776,0.11311791245678957
-2.118948996812301,0.11351669862796473
-2.1183245827864243,0.11054777660475737
-2.117700168760548,0.10350729701295396
-2.117075754734671,0.0996705990342975
-2.1164513407087946,0.10173225863871041
-2.1158269266829177,0.10135362915605277
-2.1152025126570413,0.09843253289735672
-2.114578098631165,0.09991113655113293
-2.113953684605288,0.10430387720618217
-2.1133292705794116,0.1064432581557287
-2.1127048565535347,0.1059964370758506
-2.1120804425276583,0.10749581674984598
-2.111456028501782,0.11141114840343849
-2.110831614475905,0.11477941729772967
-2.1102072004500285,0.11756658308815426
-2.1095827864241516,0.1204841811651604
-2.108958372398275,0.1222071504749415
-2.1083339583723983,0.12099876062965242
-2.107709544346522,0.11877827870521211
-2.1070851303206455,0.11807272358791916
-2.1064607162947686,0.12057988829263941
-2.105836302268892,0.12722601334379954
-2.1052118882430153,0.13525964038467594
-2.104587474217139,0.1389426674691459
-2.103963060191262,0.1381084501486619
-2.1033386461653856,0.13514030388052542
-2.102714232139509,0.13188562369801807
-2.1020898181136323,0.13114388006018024
-2.101465404087756,0.12893249739757556
-2.100840990061879,0.128128313585609
-2.1002165760360025,0.12881341095258853
-2.099592162010126,0.12653747604158141
-2.0989677479842492,0.12492245950666522
-2.098343333958373,0.12591280463294072
-2.097718919932496,0.12749632868899963
-2.0970945059066195,0.12463695710127176
-2.0964700918807426,0.11730120426498566
-2.095845677854866,0.11006047979613436
-2.0952212638289898,0.10786792347578189
-2.094596849803113,0.10789753422311969
-2.0939724357772365,0.10916602357973644
-2.0933480217513596,0.10601451513670097
-2.092723607725483,0.09509480100669189
-2.0920991936996063,0.08724008180487895
-2.09147477967373,0.0871314518536774
-2.0908503656478534,0.08991231941784417
-2.0902259516219766,0.09415169619408033
-2.0896015375961,0.10001723553997824
-2.0889771235702232,0.09735386028189774
-2.088352709544347,0.08919513204990462
-2.08772829551847,0.08699896377644123
-2.0871038814925935,0.08799468157818649
-2.086479467466717,0.09011955869634515
-2.08585505344084,0.09419189083423646
-2.085230639414964,0.09608707411744387
-2.084606225389087,0.09640509780959496
-2.0839818113632105,0.09567039493028216
-2.083357397337334,0.09100559665318468
-2.082732983311457,0.08466712139056042
-2.0821085692855807,0.08449587180188237
-2.081484155259704,0.08921858135180916
-2.0808597412338274,0.09096662030338057
-2.0802353272079506,0.08860706383232855
-2.079610913182074,0.09066332555533427
-2.0789864991561977,0.10166506592152875
-2.078362085130321,0.11224496882081725
-2.0777376711044444,0.11579105807587813
-2.0771132570785675,0.10980588899211777
-2.076488843052691,0.105173108175117
-2.0758644290268142,0.10915374249631131
-2.075240015000938,0.11325909018512928
-2.0746156009750614,0.11092414047288279
-2.0739911869491845,0.10792117719468815
-2.073366772923308,0.10494545389787036
-2.072742358897431,0.10116605724751804
-2.0721179448715548,0.09986603012740472
-2.071493530845678,0.09703165291881324
-2.0708691168198015,0.09174800081090209
-2.070244702793925,0.08727655444591131
-2.069620288768048,0.08526902794128295
-2.0689958747421717,0.0879734846101897
-2.068371460716295,0.09164835694799726
-2.0677470466904184,0.09637543374208395
-2.067122632664542,0.10348076920575125
-2.066498218638665,0.10533336332428264
-2.0658738046127887,0.1026004896179156
-2.065249390586912,0.10157762352713118
-2.0646249765610354,0.10437800648151133
-2.0640005625351585,0.1102665091168376
-2.063376148509282,0.11643454887116586
-2.0627517344834057,0.11876544444623409
-2.062127320457529,0.1132929889012128
-2.0615029064316523,0.10695145758677158
-2.0608784924057755,0.108923486622395
-2.060254078379899,0.11287031358227984
-2.059629664354022,0.1154993952859148
-2.0590052503281457,0.11842668038230471
-2.0583808363022693,0.11836606749317717
-2.0577564222763924,0.11297842042727399
-2.057132008250516,0.10689047920905773
-2.056507594224639,0.10422733010350638
-2.0558831801987627,0.1037649757744689
-2.0552587661728863,0.10691011316194102
-2.0546343521470094,0.11067345025877015
-2.054009938121133,0.10956791033867459
-2.053385524095256,0.10831417370214491
-2.0527611100693797,0.11060334283920699
-2.052136696043503,0.11200226676110372
-2.0515122820176264,0.11117389917990357
-2.05088786799175,0.11122868964842307
-2.050263453965873,0.11390002223908549
-2.0496390399399966,0.11656354502066416
-2.0490146259141198,0.1153326481773145
-2.0483902118882433,0.11121580554479453
-2.0477657978623665,0.10702125782899326
-2.04714138383649,0.10287811789016568
-2.0465169698106136,0.10081916748024937
-2.0458925557847367,0.10134483308889645
-2.0452681417588603,0.1030462351656571
-2.0446437277329834,0.10267573757667192
-2.044019313707107,0.10240062772457814
-2.04339489968123,0.10133249125192337
-2.0427704856553537,0.09993952097657224
-2.0421460716294773,0.10012886067658995
-2.0415216576036004,0.0985431969747335
-2.040897243577724,0.09900116688292046
-2.040272829551847,0.10210128947076122
-2.0396484155259706,0.10506276172337312
-2.039024001500094,0.10743027027845183
-2.0383995874742173,0.10753097118509973
-2.037775173448341,0.10784144353332739
-2.037150759422464,0.10839078622534744
-2.0365263453965876,0.11043026900342101
-2.0359019313707107,0.11331346846694357
-2.0352775173448343,0.11133509275592365
-2.034653103318958,0.10750472480255265
-2.034028689293081,0.1055381667740181
-2.0334042752672046,0.10309216456868513
-2.0327798612413277,0.1022998249430817
-2.0321554472154513,0.10335461105653727
-2.0315310331895744,0.1068161641303339
-2.030906619163698,0.11409088985745082
-2.0302822051378215,0.12065344500248994
-2.0296577911119447,0.12287664943446057
-2.0290333770860682,0.12336012020448957
-2.0284089630601914,0.12430728891817429
-2.027784549034315,0.12586413061932908
-2.0271601350084385,0.12836581060862481
-2.0265357209825616,0.13072504557679898
-2.025911306956685,0.13132229630623715
-2.0252868929308083,0.12946926669087372
-2.024662478904932,0.12786232892642538
-2.024038064879055,0.12853654062725914
-2.0234136508531786,0.131441380025847
-2.022789236827302,0.13850847107194
-2.0221648228014253,0.1441953789655013
-2.021540408775549,0.14460409167638846
-2.020915994749672,0.14498761238897448
-2.0202915807237956,0.14620650949187528
-2.0196671666979187,0.14791754129408136
-2.0190427526720423,0.14957038128285816
-2.018418338646166,0.14897668370864595
-2.017793924620289,0.14567513948620378
-2.0171695105944125,0.13929102700691604
-2.0165450965685356,0.13409394733016247
-2.015920682542659,0.13161018882709455
-2.0152962685167823,0.1272696650395569
-2.014671854490906,0.12596380553925773
-2.0140474404650295,0.12697218843790142
-2.0134230264391526,0.1256839027160081
-2.012798612413276,0.1265965960094185
-2.0121741983873993,0.1293563705878194
-2.011549784361523,0.1322246352787688
-2.0109253703356464,0.13325012587239757
-2.0103009563097696,0.13229538734978144
-2.009676542283893,0.13084041536603352
-2.0090521282580163,0.12990915449634508
-2.00842771423214,0.1280589941648833
-2.007803300206263,0.1269129177104842
-2.0071788861803865,0.1276622917355282
-2.00655447215451,0.1260771607092723
-2.0059300581286332,0.12139352398126313
-2.005305644102757,0.11855281258386055
-2.00468123007688,0.11928383285706345
-2.0040568160510035,0.12481674661566691
-2.0034324020251266,0.13210822437713315
-2.00280798799925,0.13740447882617146
-2.0021835739733738,0.14157111699936573
-2.001559159947497,0.1442573567159442
-2.0009347459216205,0.14569260286481636
-2.0003103318957436,0.1430460679370072
-1.9996859178698672,0.13479985814710252
-1.9990615038439907,0.12366143514017836
-1.9984370898181139,0.11615910871932525
-1.9978126757922374,0.11553445145730741
-1.9971882617663606,0.11774860078682577
-1.9965638477404841,0.11881660321468632
-1.9959394337146072,0.11755336787500312
-1.9953150196887308,0.1156863471609115
-1.9946906056628544,0.11482877958087043
-1.9940661916369775,0.11728314922207958
-1.993441777611101,0.12248988378169963
-1.9928173635852242,0.12561725189233816
-1.9921929495593478,0.12278005440657844
-1.991568535533471,0.11486593787417979
-1.9909441215075945,0.10971955989666442
-1.990319707481718,0.11122213525094575
-1.9896952934558412,0.11634666765886834
-1.9890708794299647,0.11784407246899331
-1.9884464654040879,0.11399491141074929
-1.9878220513782114,0.11038467038980485
-1.9871976373523346,0.10989709532663405
-1.9865732233264581,0.1076235110594691
-1.9859488093005817,0.1011939388019875
-1.9853243952747048,0.09767183590983651
-1.9846999812488284,0.09744277772393052
-1.9840755672229515,0.09790054422192392
-1.983451153197075,0.10100725371531571
-1.9828267391711987,0.10708396115518412
-1.9822023251453218,0.11221769274945789
-1.9815779111194454,0.114945146324175
-1.9809534970935685,0.11883828129032534
-1.980329083067692,0.12527770417443315
-1.9797046690418152,0.1332939977382525
-1.9790802550159388,0.13321746125817388
-1.9784558409900623,0.1262667974594926
-1.9778314269641855,0.12245335459594178
-1.977207012938309,0.12084777399244084
-1.9765825989124322,0.12096466625098387
-1.9759581848865557,0.12555219945913457
-1.9753337708606789,0.13163122961363782
-1.9747093568348024,0.13399786123127722
-1.974084942808926,0.13287577475522144
-1.9734605287830491,0.13262322647134572
-1.9728361147571727,0.13237151932745847
-1.9722117007312958,0.12971643229898192
-1.9715872867054194,0.12671771746594526
-1.9709628726795425,0.12393572022879282
-1.970338458653666,0.12213678569113098
-1.9697140446277897,0.12427764226425161
-1.9690896306019128,0.12892610943955835
-1.9684652165760363,0.1268544831487975
-1.9678408025501595,0.12049798722950396
-1.967216388524283,0.11883735614477497
-1.9665919744984066,0.1176055590510215
-1.9659675604725297,0.11163116963386885
-1.9653431464466533,0.10562136693409492
-1.9647187324207764,0.0987701391725124
-1.9640943183949,0.09142694836025086
-1.9634699043690231,0.08767803552131555
-1.9628454903431467,0.08607105544182742
-1.9622210763172703,0.08860906547143228
-1.9615966622913934,0.09149902916653882
-1.960972248265517,0.08959305238599777
-1.96034783423964,0.08674038319744676
-1.9597234202137637,0.09010695154771842
-1.9590990061878868,0.09825231009326123
-1.9584745921620104,0.10473594664042025
-1.957850178136134,0.10702532126477908
-1.957225764110257,0.1052242020431948
-1.9566013500843806,0.102732535349299
-1.9559769360585038,0.10424249425108148
-1.9553525220326273,0.10766148648587485
-1.954728108006751,0.11374581472815129
-1.954103693980874,0.12434090509483572
-1.9534792799549976,0.1352924177798518
-1.9528548659291207,0.14095121935336605
-1.9522304519032443,0.1385181444675912
-1.9516060378773674,0.1381640594021954
-1.950981623851491,0.1431657906140237
-1.9503572098256146,0.14719887963471773
-1.9497327957997377,0.15402827056860274
-1.9491083817738613,0.16622563749471847
-1.9484839677479844,0.17416502445562734
-1.947859553722108,0.17156069151087908
-1.947235139696231,0.16676919021746672
-1.9466107256703546,0.16473276594066602
-1.9459863116444782,0.1627400625749276
-1.9453618976186013,0.1606052448456883
-1.944737483592725,0.1601635046243674
-1.944113069566848,0.16437456096486378
-1.9434886555409716,0.16805516938334625
-1.9428642415150947,0.1656276879156368
-1.9422398274892183,0.16135890683295304
-1.9416154134633419,0.15960559036852612
-1.940990999437465,0.15366531352890161
-1.9403665854115886,0.14248132815651487
-1.9397421713857117,0.1354425571034053
-1.9391177573598353,0.1332675475939377
-1.9384933433339588,0.12868475695840095
-1.937868929308082,0.12674310796608337
-1.9372445152822055,0.13145745724076102
-1.9366201012563287,0.13933358860426176
-1.9359956872304522,0.14490772136486912
-1.9353712732045754,0.14273588415210797
-1.934746859178699,0.14089821460719368
-1.9341224451528225,0.1458529200621015
-1.9334980311269456,0.15170613323029053
-1.9328736171010692,0.15742367156653617
-1.9322492030751923,0.15998149727042335
-1.931624789049316,0.15413786904330434
-1.931000375023439,0.14776200910335552
-1.9303759609975626,0.14919165937028983
-1.9297515469716862,0.14843912760606973
-1.9291271329458093,0.13982417935930097
-1.9285027189199329,0.13343278750013465
-1.927878304894056,0.1314690304021637
-1.9272538908681796,0.12708264374831826
-1.9266294768423031,0.1189548031722254
-1.9260050628164262,0.11229737282145906
-1.9253806487905498,0.11100583254621117
-1.924756234764673,0.11147967565636525
-1.9241318207387965,0.10722709255958232
-1.9235074067129196,0.10442799495137534
-1.9228829926870432,0.10587262919596478
-1.9222585786611668,0.11009527038196046
-1.92163416463529,0.12022061109801663
-1.9210097506094135,0.12862550597177788
-1.9203853365835366,0.1306815948644156
-1.9197609225576602,0.1363096159480232
-1.9191365085317833,0.14052481061733585
-1.9185120945059069,0.14227491619733004
-1.9178876804800304,0.1493823854159042
-1.9172632664541536,0.15188951598255257
-1.9166388524282771,0.1477143218946947
-1.9160144384024003,0.13965705948402213
-1.9153900243765238,0.1284627427873683
-1.914765610350647,0.12881597522031113
-1.9141411963247705,0.13742685125016957
-1.913516782298894,0.14076323091331408
-1.9128923682730172,0.14166701778285737
-1.9122679542471408,0.14276636996248226
-1.911643540221264,0.1466496720761151
-1.9110191261953875,0.14855410487872206
-1.910394712169511,0.14239759950605257
-1.9097702981436342,0.1335116186624734
-1.9091458841177578,0.12999680841631403
-1.908521470091881,0.12999159763286763
-1.9078970560660045,0.12900892261281655
-1.9072726420401276,0.12576983038371056
-1.9066482280142512,0.12419235027142621
-1.9060238139883747,0.12593064032836396
-1.9053993999624979,0.12955575983032325
-1.9047749859366214,0.13224558069013292
-1.9041505719107445,0.13316945543748746
-1.9035261578848681,0.13898664475468941
-1.9029017438589912,0.1469689847793333
-1.9022773298331148,0.14998222927510668
-1.9016529158072384,0.15077284511271433
-1.9010285017813615,0.15066352132474525
-1.900404087755485,0.14996303318249665
-1.8997796737296082,0.15429708310413587
-1.8991552597037318,0.16092239172996842
-1.8985308456778553,0.1680337453569146
-1.8979064316519785,0.1734455550768519
-1.897282017626102,0.168806456341017
-1.8966576036002252,0.165848823875752
-1.8960331895743487,0.16963954572986203
-1.8954087755484719,0.16359961713755095
-1.8947843615225954,0.1514147319825042
-1.894159947496719,0.15388743759010676
-1.8935355334708421,0.16440373480283685
-1.8929111194449657,0.1684259711070375
-1.8922867054190888,0.16855024274013758
-1.8916622913932124,0.16897704814651482
-1.8910378773673355,0.1665199138111142
-1.890413463341459,0.1631601832323612
-1.8897890493155827,0.16361025840946095
-1.8891646352897058,0.16201600886321826
-1.8885402212638294,0.1599796676049749
-1.8879158072379525,0.16132615582600024
-1.887291393212076,0.15590468775336264
-1.8866669791861992,0.15425665155207668
-1.8860425651603228,0.1585160544872411
-1.8854181511344463,0.15997753240447798
-1.8847937371085695,0.15613778133295117
-1.884169323082693,0.1497671932419405
-1.8835449090568162,0.14930383694006102
-1.8829204950309397,0.14863867266852396
-1.8822960810050633,0.14300869087910373
-1.8816716669791864,0.14029819367904417
-1.88104725295331,0.13278185471590703
-1.8804228389274331,0.11253999001737665
-1.8797984249015567,0.08957182138485036
-1.8791740108756798,0.06438904406755688
-1.8785495968498034,0.04761709645429562
-1.877925182823927,0.04222971652069674
-1.87730076879805,0.03964933077942289
-1.8766763547721736,0.03835195545244995
-1.8760519407462968,0.03730873759940902
-1.8754275267204203,0.036808222418183004
-1.8748031126945435,0.03489007352296201
-1.874178698668667,0.03172673460497871
-1.8735542846427906,0.027978426711193976
-1.8729298706169137,0.02443130503423424
-1.8723054565910373,0.021112920313401496
-1.8716810425651604,0.018686412542455896
-1.871056628539284,0.017842389791314767
-1.8704322145134071,0.017583128168912752
-1.8698078004875307,0.018262974277225848
-1.8691833864616543,0.0268138496809115
-1.8685589724357774,0.04494367817232571
-1.867934558409901,0.05834819633612559
-1.867310144384024,0.06314197489250117
-1.8666857303581477,0.06218497095541543
-1.8660613163322712,0.05632487430665027
-1.8654369023063944,0.049881324682964065
-1.864812488280518,0.050136395069761155
-1.864188074254641,0.05534658157311225
-1.8635636602287646,0.05358176478945822
-1.8629392462028878,0.04824439335919349
-1.8623148321770113,0.04530863356369072
-1.861690418151135,0.044590372694606875
-1.861066004125258,0.04459634010506374
-1.8604415900993816,0.042515822538774985
-1.8598171760735047,0.04181570957579281
-1.8591927620476283,0.04499312869271361
-1.8585683480217514,0.04783069710631053
-1.857943933995875,0.04831537197224447
-1.8573195199699986,0.048183340277762096
-1.8566951059441217,0.04632209163165298
-1.8560706919182453,0.04310431544187702
-1.8554462778923684,0.04293474338917839
-1.854821863866492,0.04774265390845285
-1.8541974498406155,0.0530552400909847
-1.8535730358147386,0.05687942614945849
-1.8529486217888622,0.060742470243615884
-1.8523242077629853,0.062384341635814966
-1.851699793737109,0.06089409608366027
-1.851075379711232,0.058704416576274475
-1.8504509656853556,0.058242983726896916
-1.8498265516594792,0.05746245219258901
-1.8492021376336023,0.05604294926401696
-1.8485777236077259,0.056500654203165114
-1.847953309581849,0.05620720538376069
-1.8473288955559726,0.052830643241965555
-1.8467044815300957,0.05043787111263918
-1.8460800675042193,0.04951612780706159
-1.8454556534783428,0.04716850379168872
-1.844831239452466,0.045647429698419686
-1.8442068254265895,0.046544908934220454
-1.8435824114007127,0.04733249872895341
-1.8429579973748362,0.04659338863367317
-1.8423335833489594,0.04726617557558675
-1.841709169323083,0.05295085945244843
-1.8410847552972065,0.06019436787287491
-1.8404603412713296,0.06227614458221997
-1.8398359272454532,0.06021345847904232
-1.8392115132195763,0.06131262235938906
-1.8385870991937,0.0672735360355706
-1.8379626851678235,0.07316110898727474
-1.8373382711419466,0.07718262361737219
-1.8367138571160702,0.07833546698392571
-1.8360894430901933,0.07979080752849262
-1.8354650290643169,0.0801731236914475
-1.83484061503844,0.07496816585414605
-1.8342162010125636,0.07086661908829191
-1.8335917869866871,0.07195455807631275
-1.8329673729608102,0.07563730733429475
-1.8323429589349338,0.07935077154993439
-1.831718544909057,0.08032166333296217
-1.8310941308831805,0.07965756940135976
-1.8304697168573036,0.08086235868497252
-1.8298453028314272,0.08575412300798846
-1.8292208888055508,0.09225092546775793
-1.828596474779674,0.09914578736111752
-1.8279720607537975,0.10588948329325658
-1.8273476467279206,0.108109095603548
-1.8267232327020442,0.10647296923153302
-1.8260988186761677,0.10709147079686618
-1.8254744046502909,0.10661449558291365
-1.8248499906244144,0.10159449423500289
-1.8242255765985376,0.09814871731995557
-1.8236011625726611,0.10010811053172104
-1.8229767485467843,0.10203318194291926
-1.8223523345209078,0.09766161895294276
-1.8217279204950314,0.09121438649439231
-1.8211035064691545,0.08789959034280441
-1.820479092443278,0.086581076276249
-1.8198546784174012,0.08606958315714251
-1.8192302643915248,0.08606143418413806
-1.818605850365648,0.08611771274724514
-1.8179814363397715,0.08484200800237059
-1.817357022313895,0.08286614684227533
-1.8167326082880182,0.07960964201178639
-1.8161081942621418,0.07976665899562317
-1.8154837802362649,0.08552155010198392
-1.8148593662103885,0.09281861048457972
-1.8142349521845116,0.09906443080604163
-1.8136105381586352,0.09941878873675661
-1.8129861241327587,0.0976810918563098
-1.8123617101068819,0.09958561436916986
-1.8117372960810054,0.10306090765040851
-1.8111128820551285,0.10423304024872346
-1.8104884680292521,0.10334799954782863
-1.8098640540033757,0.10423030285669554
-1.8092396399774988,0.10803565255215812
-1.8086152259516224,0.1107374019053797
-1.8079908119257455,0.10861229672331116
-1.807366397899869,0.10421848567899557
-1.8067419838739922,0.10471048335145705
-1.8061175698481158,0.11236299692504825
-1.8054931558222393,0.12549499564309446
-1.8048687417963625,0.13952570664691638
-1.804244327770486,0.14755974424321602
-1.8036199137446092,0.14645429474387198
-1.8029954997187327,0.1366360764846537
-1.8023710856928559,0.1281603642494381
-1.8017466716669794,0.13104771873949678
-1.801122257641103,0.13127946688057301
-1.8004978436152261,0.12794441511705226
-1.7998734295893497,0.133182270821418
-1.7992490155634728,0.14185818964740923
-1.7986246015375964,0.14634854691215182
-1.79800018751172,0.15569869929251484
-1.797375773485843,0.16744171845526265
-1.7967513594599667,0.16957628307219827
-1.7961269454340898,0.169487882939087
-1.7955025314082134,0.17371495174403204
-1.7948781173823365,0.17327753749170133
-1.79425370335646,0.1705992521605974
-1.7936292893305836,0.17252307782413515
-1.7930048753047068,0.17431077158038016
-1.7923804612788303,0.1749185832826841
-1.7917560472529535,0.17709314613043578
-1.791131633227077,0.18022381432186926
-1.7905072192012002,0.17889673419500418
-1.7898828051753237,0.17409588648767918
-1.7892583911494473,0.1728212329389475
-1.7886339771235704,0.17401060386376832
-1.788009563097694,0.17100397079228963
-1.7873851490718171,0.16993614299783405
-1.7867607350459407,0.17678965302600874
-1.7861363210200638,0.1818857898187139
-1.7855119069941874,0.1783538800431827
-1.784887492968311,0.17446056991228104
-1.784263078942434,0.17277169904986212
-1.7836386649165576,0.17043726838705772
-1.7830142508906808,0.1724233969174149
-1.7823898368648043,0.18166956572248522
-1.781765422838928,0.18962699668183508
-1.781141008813051,0.19276791933370757
-1.7805165947871746,0.18960769402781674
-1.7798921807612977,0.18414825941725677
-1.7792677667354213,0.18649105021478532
-1.7786433527095444,0.1876668873998319
-1.778018938683668,0.18041695372789607
-1.7773945246577916,0.17330494170235491
-1.7767701106319147,0.1733531643062785
-1.7761456966060383,0.1772779710794153
-1.7755212825801614,0.1757604572063704
-1.774896868554285,0.1675380854694668
-1.774272454528408,0.16188804544335808
-1.7736480405025317,0.16578722077683236
-1.7730236264766552,0.16812828155490475
-1.7723992124507784,0.16218133002252338
-1.771774798424902,0.16040177108666392
-1.771150384399025,0.16660102623887135
-1.7705259703731486,0.17337361111139438
-1.7699015563472718,0.17206827537785466
-1.7692771423213953,0.16239011386073612
-1.768652728295519,0.15447562589077155
-1.768028314269642,0.14993140252810816
-1.7674039002437656,0.1444876741794213
-1.7667794862178887,0.13864235646564574
-1.7661550721920123,0.13120874422196066
-1.7655306581661359,0.12598027507328047
-1.764906244140259,0.12256207535963992
-1.7642818301143826,0.1168326150086435
-1.7636574160885057,0.11852601396844713
-1.7630330020626293,0.12976915359166893
-1.7624085880367524,0.1436335291290352
-1.761784174010876,0.15775565079042814
-1.7611597599849995,0.16901176297055723
-1.7605353459591226,0.17797211735514348
-1.7599109319332462,0.18383689541015816
-1.7592865179073693,0.18345379590407607
-1.758662103881493,0.18854093905461167
-1.758037689855616,0.2024076110328247
-1.7574132758297396,0.20746059160088032
-1.7567888618038632,0.19583603866446472
-1.7561644477779863,0.18453481405773411
-1.7555400337521099,0.1838300140696712
-1.754915619726233,0.18208455641579466
-1.7542912057003566,0.17696782820801144
-1.7536667916744801,0.17245784065391512
-1.7530423776486033,0.1633272020062893
-1.7524179636227268,0.16087812503559237
-1.75179354959685,0.17522237651070074
-1.7511691355709735,0.18643023458359537
-1.7505447215450967,0.18430748921072906
-1.7499203075192202,0.18014035596832512
-1.7492958934933438,0.17821838900950476
-1.748671479467467,0.17162837377573825
-1.7480470654415905,0.1596300647396039
-1.7474226514157136,0.15228904965942897
-1.7467982373898372,0.15163919160136835
-1.7461738233639603,0.15559882421967475
-1.745549409338084,0.15558603833853965
-1.7449249953122075,0.148878044859163
-1.7443005812863306,0.14254442397419426
-1.7436761672604542,0.14227232501618098
-1.7430517532345773,0.14230736005647943
-1.7424273392087009,0.13523150994900393
-1.741802925182824,0.12943018562766442
-1.7411785111569476,0.12454882187971417
-1.7405540971310711,0.12232407379500843
-1.7399296831051942,0.1243564242216368
-1.7393052690793178,0.12521408025386907
-1.738680855053441,0.12933186110137163
-1.7380564410275645,0.13820350368378223
-1.737432027001688,0.15083167802813985
-1.7368076129758112,0.1693456701220168
-1.7361831989499348,0.18503639425503066
-1.735558784924058,0.19412143888749173
-1.7349343708981815,0.19773420679496623
-1.7343099568723046,0.18954603715731982
-1.7336855428464282,0.17990338539495226
-1.7330611288205517,0.17586589125332858
-1.7324367147946749,0.16931992278472183
-1.7318123007687984,0.15890588325166827
-1.7311878867429216,0.14650928846637495
-1.7305634727170451,0.13879197803799775
-1.7299390586911683,0.13814772427713656
-1.7293146446652918,0.13505127246759038
-1.7286902306394154,0.125329594628249
-1.7280658166135385,0.11788422795198408
-1.727441402587662,0.11692995496047534
-1.7268169885617852,0.11909551698312075
-1.7261925745359088,0.12337009389684517
-1.7255681605100324,0.12342085794205826
-1.7249437464841555,0.11863331520101972
-1.724319332458279,0.11596917999868739
-1.7236949184324022,0.11885841460118499
-1.7230705044065258,0.12068723157060168
-1.7224460903806489,0.1174499107238893
-1.7218216763547725,0.1181122167770123
-1.721197262328896,0.12301768469067087
-1.7205728483030192,0.12173380164321734
-1.7199484342771427,0.12310786206039566
-1.7193240202512658,0.12979454110403382
-1.7186996062253894,0.12965226957812107
-1.7180751921995125,0.1279163026903153
-1.7174507781736361,0.12904572413049914
-1.7168263641477597,0.12964979379544156
-1.7162019501218828,0.1283506361951429
-1.7155775360960064,0.1221048324966415
-1.7149531220701295,0.11199287429197768
-1.714328708044253,0.10525451098222957
-1.7137042940183762,0.1003616455198868
-1.7130798799924998,0.09548681283609284
-1.7124554659666233,0.09439935540927165
-1.7118310519407465,0.0936804836870677
-1.71120663791487,0.09087655650136875
-1.7105822238889932,0.09102306376975151
-1.7099578098631167,0.09745345480979349
-1.7093333958372403,0.09953312917685161
-1.7087089818113634,0.09257080515550045
-1.708084567785487,0.08269314278735357
-1.7074601537596101,0.07373813343807664
-1.7068357397337337,0.0642279429194198
-1.7062113257078568,0.05426472876392051
-1.7055869116819804,0.0527714017039523
-1.704962497656104,0.06533076430427016
-1.704338083630227,0.08227924390320365
-1.7037136696043507,0.0855956987469926
-1.7030892555784738,0.07380459585027983
-1.7024648415525974,0.06566785554305868
-1.7018404275267205,0.0675585691142985
-1.701216013500844,0.07211126962076876
-1.7005915994749676,0.06843229145701947
-1.6999671854490908,0.053324320180337656
-1.6993427714232143,0.03619335250476822
-1.6987183573973375,0.022832285493304152
-1.698093943371461,0.017230804504711407
-1.6974695293455841,0.015971415668275393
-1.6968451153197077,0.01597925859735433
-1.6962207012938313,0.01670746997935876
-1.6955962872679544,0.01618216262838234
-1.694971873242078,0.014861503584527877
-1.6943474592162011,0.013044713232071565
-1.6937230451903247,0.011738549337272922
-1.6930986311644483,0.01498139042106661
-1.6924742171385714,0.019693177633594752
-1.691849803112695,0.021581967383377216
-1.691225389086818,0.022099772445276868
-1.6906009750609416,0.022124595768266427
-1.6899765610350648,0.02203329262385021
-1.6893521470091883,0.022213205893101495
-1.688727732983312,0.021912663549166583
-1.688103318957435,0.02192769247231794
-1.6874789049315586,0.022202316974954145
-1.6868544909056817,0.020868314784347163
-1.6862300768798053,0.020769535439199096
-1.6856056628539284,0.02347976372661307
-1.684981248828052,0.025854427928390628
-1.6843568348021756,0.027718394290057912
-1.6837324207762987,0.030976666518716105
-1.6831080067504223,0.03441801884799885
-1.6824835927245454,0.034588971895439705
-1.681859178698669,0.031707849836533665
-1.6812347646727925,0.0284963778237464
-1.6806103506469157,0.02552832982154433
-1.6799859366210392,0.023350653246978652
-1.6793615225951624,0.02149313203251297
-1.678737108569286,0.019613434242642423
-1.678112694543409,0.02257330161944234
-1.6774882805175326,0.036381283607279095
-1.6768638664916562,0.049827086754569296
-1.6762394524657793,0.05258441072584914
-1.675615038439903,0.04638117982007846
-1.674990624414026,0.036287144074808486
-1.6743662103881496,0.03735967918299743
-1.6737417963622727,0.04709810930909407
-1.6731173823363963,0.05250544244983574
-1.6724929683105199,0.05421793305328861
-1.671868554284643,0.05512410821839374
-1.6712441402587666,0.060448380903129095
-1.6706197262328897,0.06990001636757188
-1.6699953122070132,0.07018088117432972
-1.6693708981811364,0.06825394395518321
-1.66874648415526,0.07804158905332698
-1.6681220701293835,0.0993771354856634
-1.6674976561035066,0.11618346839991203
-1.6668732420776302,0.12111400216353421
-1.6662488280517533,0.1337423292879705
-1.665624414025877,0.1367755031602048
-1.6650000000000005,0.1252306570365032
-1.6643755859741236,0.10947564422821018
-1.6637511719482472,0.09694348175651557
-1.6631267579223703,0.11800369686114712
-1.6625023438964939,0.15282117569650344
-1.661877929870617,0.15712286405270465
-1.6612535158447406,0.12912878125953714
-1.6606291018188641,0.10847593951731194
-1.6600046877929873,0.13826994609423754
-1.6593802737671108,0.17862351314069608
-1.658755859741234,0.17424120634053933
-1.6581314457153575,0.15267911816987334
-1.6575070316894807,0.15211071833398815
-1.6568826176636042,0.15846961535543938
-1.6562582036377278,0.14861993530186685
-1.655633789611851,0.13464541347874953
-1.6550093755859745,0.13217211809810891
-1.6543849615600976,0.13062573361908467
-1.6537605475342212,0.13204504491982932
-1.6531361335083448,0.1353687934301911
-1.652511719482468,0.13305323047500112
-1.6518873054565915,0.1471113042924603
-1.6512628914307146,0.1605501689386363
-1.6506384774048382,0.16294365683719092
-1.6500140633789613,0.18080070736271658
-1.6493896493530849,0.188894538992782
-1.6487652353272084,0.18511659510199668
-1.6481408213013315,0.19691413295560375
-1.6475164072754551,0.20141680264844353
-1.6468919932495782,0.19566213436855104
-1.6462675792237018,0.1838206327239521
-1.645643165197825,0.1695269796283636
-1.6450187511719485,0.17758321801046412
-1.644394337146072,0.20124587408253922
-1.6437699231201952,0.20996734315145785
-1.6431455090943188,0.20425406404708463
-1.642521095068442,0.1877760952399103
-1.6418966810425655,0.16272450306580075
-1.6412722670166886,0.16043294300102873
-1.6406478529908122,0.16885621273518212
-1.6400234389649357,0.1577660723739603
-1.6393990249390589,0.13052605384200094
-1.6387746109131824,0.11328060831375975
-1.6381501968873056,0.11515113752547035
-1.6375257828614291,0.11218084263261485
-1.6369013688355527,0.10875311661143827
-1.6362769548096758,0.11909062907248702
-1.6356525407837994,0.12168044586210602
-1.6350281267579225,0.11572620155034383
-1.634403712732046,0.11324493437113652
-1.6337792987061692,0.10953075416072795
-1.6331548846802928,0.10753879552273773
-1.6325304706544164,0.10430028955860908
-1.6319060566285395,0.10091461483951888
-1.631281642602663,0.09965268009868998
-1.6306572285767862,0.10399004488892176
-1.6300328145509098,0.11197184984950777
-1.6294084005250329,0.11191751305828332
-1.6287839864991565,0.10172883140057314
-1.62815957247328,0.09133015492321285
-1.6275351584474032,0.08325061790390065
-1.6269107444215267,0.08460390533540897
-1.6262863303956498,0.09490018721782627
-1.6256619163697734,0.09536917232453605
-1.625037502343897,0.09966326649418973
-1.6244130883180201,0.11405943283464984
-1.6237886742921437,0.11963524259825917
-1.6231642602662668,0.1238710973743717
-1.6225398462403904,0.13392891029541995
-1.6219154322145135,0.14079985686248037
-1.621291018188637,0.14495110623351887
-1.6206666041627606,0.15148846134383448
-1.6200421901368838,0.15878585279810234
-1.6194177761110073,0.15915106539100926
-1.6187933620851305,0.15661066950511068
-1.618168948059254,0.15216679858632368
-1.6175445340333772,0.14786801027133803
-1.6169201200075007,0.13864766273625345
-1.6162957059816243,0.12261625555401005
-1.6156712919557474,0.11376977806904916
-1.615046877929871,0.11133267183199555
-1.6144224639039941,0.11367290577069085
-1.6137980498781177,0.11489133619623311
-1.6131736358522408,0.11616637327778952
-1.6125492218263644,0.12223607584707759
-1.611924807800488,0.11558027886724095
-1.611300393774611,0.09278210890490654
-1.6106759797487347,0.0792229664022536
-1.6100515657228578,0.06928865200725272
-1.6094271516969814,0.048893059426290617
-1.608802737671105,0.041423378978189936
-1.608178323645228,0.04792712243525931
-1.6075539096193516,0.04931088775840222
-1.6069294955934748,0.04976454534241849
-1.6063050815675983,0.05278031884775173
-1.6056806675417215,0.055598021131140374
-1.605056253515845,0.056819581865108174
-1.6044318394899686,0.05460473253341223
-1.6038074254640917,0.046318668908526546
-1.6031830114382153,0.031794973427190495
-1.6025585974123384,0.018543857750153235
-1.601934183386462,0.017054177989291614
-1.6013097693605851,0.029459502868032776
-1.6006853553347087,0.04507378785290993
-1.6000609413088323,0.05745625385783744
-1.5994365272829554,0.07872288592966716
-1.598812113257079,0.09338552091126943
-1.598187699231202,0.08939994831900891
-1.5975632852053256,0.08151579695982203
-1.5969388711794488,0.08289377906400758
-1.5963144571535723,0.08728132838699676
-1.595690043127696,0.08434393869733758
-1.595065629101819,0.08268000120938745
-1.5944412150759426,0.08652475696061618
-1.5938168010500657,0.09193385269527306
-1.5931923870241893,0.0886341462441476
-1.5925679729983129,0.07995451129054507
-1.591943558972436,0.07513637872173778
-1.5913191449465596,0.07224150323959404
-1.5906947309206827,0.06814110443389042
-1.5900703168948063,0.06379730389150795
-1.5894459028689294,0.0605105339839743
-1.588821488843053,0.0606901878288245
-1.5881970748171765,0.06472860064137957
-1.5875726607912997,0.06805585060323835
-1.5869482467654232,0.06977675326466355
-1.5863238327395464,0.07075715162181813
-1.58569941871367,0.07241580053512361
-1.585075004687793,0.07465777477060923
-1.5844505906619166,0.078155069997519
-1.5838261766360402,0.08557416336549127
-1.5832017626101633,0.09342520816041858
-1.582577348584287,0.09731250737796376
-1.58195293455841,0.1000050297521917
-1.5813285205325336,0.1008411878224145
-1.5807041065066572,0.09778829794966395
-1.5800796924807803,0.09252121123441018
-1.5794552784549039,0.08707388369572362
-1.578830864429027,0.0839251225302867
-1.5782064504031506,0.08205163673219795
-1.5775820363772737,0.08032359570094495
-1.5769576223513972,0.08333372584616003
-1.5763332083255208,0.08951230807411115
-1.575708794299644,0.09516745049707584
-1.5750843802737675,0.09801283900582684
-1.5744599662478906,0.09221478586988352
-1.5738355522220142,0.08650888829567054
-1.5732111381961373,0.09588678002416594
-1.572586724170261,0.11374323463679006
-1.5719623101443845,0.12569295601839955
-1.5713378961185076,0.13142115312082078
-1.5707134820926312,0.13358823118596705
-1.5700890680667543,0.1359090432149161
-1.5694646540408779,0.13755780570752843
-1.568840240015001,0.13249395481981058
-1.5682158259891246,0.12577049172502994
-1.5675914119632481,0.12100650687127838
-1.5669669979373713,0.1216537739870652
-1.5663425839114948,0.12409278710062807
-1.565718169885618,0.11956930931685676
-1.5650937558597415,0.1215995974790763
-1.564469341833865,0.12803347197325823
-1.5638449278079882,0.1228319349671563
-1.5632205137821118,0.1150717452870859
-1.562596099756235,0.11413962720471131
-1.5619716857303585,0.11839095290145703
-1.5613472717044816,0.12171017033300055
-1.5607228576786052,0.11566947758849858
-1.5600984436527288,0.10321192473574672
-1.5594740296268519,0.09263755587646454
-1.5588496156009755,0.08635587386180282
-1.5582252015750986,0.08026664411944995
-1.5576007875492222,0.0751909140682593
-1.5569763735233453,0.07848878282652796
-1.5563519594974689,0.08437971535852902
-1.5557275454715924,0.08530241854550068
-1.5551031314457155,0.08553793184413806
-1.5544787174198391,0.0777236516230285
-1.5538543033939622,0.06210164943275922
-1.5532298893680858,0.05993653839193787
-1.5526054753422094,0.0691780665428629
-1.5519810613163325,0.07307523313020745
-1.551356647290456,0.07076586445041175
-1.5507322332645792,0.07046008432382832
-1.5501078192387028,0.07075445960533577
-1.549483405212826,0.05933985827096185
-1.5488589911869495,0.03957821613669832
-1.548234577161073,0.034906019776554796
-1.5476101631351962,0.04437513474491051
-1.5469857491093197,0.05247915682892522
-1.5463613350834429,0.05259427259288557
-1.5457369210575664,0.04654734145110817
-1.5451125070316896,0.037350750989098964
-1.5444880930058131,0.04226150856188359
-1.5438636789799367,0.061403550198462685
-1.5432392649540598,0.07570179397843649
-1.5426148509281834,0.08907756170344125
-1.5419904369023065,0.10436323299334456
-1.54136602287643,0.11669698421335699
-1.5407416088505532,0.11797443890957196
-1.5401171948246768,0.11182767689233442
-1.5394927807988004,0.10920346341716744
-1.5388683667729235,0.11021210796213499
-1.538243952747047,0.11201400749747412
-1.5376195387211702,0.11390712579249915
-1.5369951246952938,0.1169949988235621
-1.5363707106694173,0.11537200628858284
-1.5357462966435405,0.11334543527548271
-1.535121882617664,0.11691094424022327
-1.5344974685917872,0.11807018102116935
-1.5338730545659107,0.12373583972704605
-1.5332486405400338,0.13799141226584957
-1.5326242265141574,0.14673624837297233
-1.531999812488281,0.14826478591093795
-1.5313753984624041,0.15259817109117418
-1.5307509844365277,0.15755294480842577
-1.5301265704106508,0.15831743611542243
-1.5295021563847744,0.15292705830075484
-1.5288777423588975,0.14547304150811075
-1.528253328333021,0.14734481139353445
-1.5276289143071446,0.1581381496279438
-1.5270045002812678,0.16250068528945857
-1.5263800862553913,0.15695594661453321
-1.5257556722295145,0.155037212079468
-1.525131258203638,0.16930346909748656
-1.5245068441777616,0.1954685008180834
-1.5238824301518847,0.20827730054750243
-1.5232580161260083,0.19803958002490424
-1.5226336021001314,0.18817871927822566
-1.522009188074255,0.18781202817758777
-1.5213847740483781,0.18065082437802255
-1.5207603600225017,0.17216539486697147
-1.5201359459966253,0.17103246595275975
-1.5195115319707484,0.1620979887291366
-1.518887117944872,0.15155087913538706
-1.518262703918995,0.14750951787468602
-1.5176382898931187,0.1376367268849341
-1.5170138758672418,0.12531382585059386
-1.5163894618413654,0.12220345613889119
-1.515765047815489,0.12256557381538509
-1.515140633789612,0.1229532312861044
-1.5145162197637356,0.12996291490331927
-1.5138918057378588,0.1365410219573815
-1.5132673917119823,0.13536063176334898
-1.5126429776861054,0.1342091268028741
-1.512018563660229,0.13643586130233668
-1.5113941496343526,0.14582148559666303
-1.5107697356084757,0.15690427636674345
-1.5101453215825993,0.1602822498540029
-1.5095209075567224,0.1588424873219823
-1.508896493530846,0.1489616973548523
-1.5082720795049696,0.1399531500893066
-1.5076476654790927,0.14242101161828805
-1.5070232514532163,0.1466257236069486
-1.5063988374273394,0.1450946034384316
-1.505774423401463,0.1414107374140024
-1.505150009375586,0.14389944881085243
-1.5045255953497096,0.15455337086526996
-1.5039011813238332,0.16413513294249543
-1.5032767672979563,0.16820464421430764
-1.50265235327208,0.16595602930865305
-1.502027939246203,0.15517407485923565
-1.5014035252203266,0.14222370617519026
-1.5007791111944497,0.1395858432869677
-1.5001546971685733,0.14231923540543087
-1.4995302831426969,0.14251735061161985
-1.49890586911682,0.14334662409356363
-1.4982814550909436,0.14143697884136744
-1.4976570410650667,0.13627518223989554
-1.4970326270391903,0.1324341172416226
-1.4964082130133134,0.12835879316979668
-1.495783798987437,0.12456233888190801
-1.4951593849615605,0.1270126365297099
-1.4945349709356837,0.12859172376805506
-1.4939105569098072,0.12738592331065693
-1.4932861428839304,0.13048867254890925
-1.492661728858054,0.13474301287300153
-1.4920373148321775,0.1356113541741729
-1.4914129008063006,0.12756658315490985
-1.4907884867804242,0.11329976037171743
-1.4901640727545473,0.1051569480523287
-1.489539658728671,0.10552404130277196
-1.488915244702794,0.10454764005523813
-1.4882908306769176,0.10037321614266721
-1.4876664166510412,0.09845402306351295
-1.4870420026251643,0.09600085473555439
-1.4864175885992879,0.09592653386791543
-1.485793174573411,0.10616451744081423
-1.4851687605475345,0.11914075254566017
-1.4845443465216577,0.11886748075936113
-1.4839199324957812,0.10849588527555765
-1.4832955184699048,0.0984003338055949
-1.482671104444028,0.09458098685436321
-1.4820466904181515,0.09968113070693586
-1.4814222763922746,0.10413505584167322
-1.4807978623663982,0.10329629890668579
-1.4801734483405218,0.1022043795675206
-1.479549034314645,0.09996103347442278
-1.4789246202887685,0.0948286993492888
-1.4783002062628916,0.08746691317138741
-1.4776757922370152,0.08050560750366252
-1.4770513782111383,0.07823278290433991
-1.4764269641852619,0.07913185093993909
-1.4758025501593854,0.07894069485106087
-1.4751781361335086,0.07682006473995483
-1.4745537221076321,0.07688233222967487
-1.4739293080817553,0.07722516009889291
-1.4733048940558788,0.08062860270897808
-1.472680480030002,0.09092847562506558
-1.4720560660041255,0.10151173696260432
-1.471431651978249,0.10992565704747244
-1.4708072379523722,0.11703477891502556
-1.4701828239264958,0.12027273703850752
-1.469558409900619,0.11903806330080166
-1.4689339958747425,0.11824560042759283
-1.4683095818488656,0.11754095811405221
-1.4676851678229892,0.11041874693021987
-1.4670607537971128,0.10308567996897004
-1.4664363397712359,0.10239438485770772
-1.4658119257453595,0.10284670785311964
-1.4651875117194826,0.10115881644264549
-1.4645630976936062,0.09849182482993159
-1.4639386836677297,0.09920202735290957
-1.4633142696418528,0.104160418497479
-1.4626898556159764,0.108641649723958
-1.4620654415900995,0.1147223738141417
-1.4614410275642231,0.11864787185895273
-1.4608166135383462,0.11403481887321931
-1.4601921995124698,0.10808552659867535
-1.4595677854865934,0.10680588521875516
-1.4589433714607165,0.10788344290947871
-1.45831895743484,0.11104208878165515
-1.4576945434089632,0.11679847213628376
-1.4570701293830868,0.1221571465808344
-1.45644571535721,0.1249698589975742
-1.4558213013313335,0.1254503553619997
-1.455196887305457,0.12798759952980604
-1.4545724732795802,0.13057212184307337
-1.4539480592537037,0.1329955150999686
-1.4533236452278269,0.1352063570648481
-1.4526992312019504,0.13407197506699683
-1.452074817176074,0.130654402320718
-1.4514504031501971,0.12830990779411347
-1.4508259891243207,0.12877059713370614
-1.4502015750984438,0.1264584989540395
-1.4495771610725674,0.12495136170531203
-1.4489527470466905,0.12807883979955276
-1.448328333020814,0.1282528767296583
-1.4477039189949377,0.1269554365630143
-1.4470795049690608,0.11574707334415395
-1.4464550909431844,0.10228711603981078
-1.4458306769173075,0.10169076804574159
-1.445206262891431,0.09754139401135707
-1.4445818488655542,0.09453098391721147
-1.4439574348396778,0.10427353898471647
-1.4433330208138013,0.11642260500680968
-1.4427086067879245,0.1182952463341302
-1.442084192762048,0.10752839238862928
-1.4414597787361711,0.10290646087183859
-1.4408353647102947,0.10347133034323633
-1.4402109506844178,0.09840972807419687
-1.4395865366585414,0.09411582795525135
-1.438962122632665,0.09165345385270582
-1.4383377086067881,0.09258821645421875
-1.4377132945809117,0.09562097924302508
-1.4370888805550348,0.09861006081679334
-1.4364644665291584,0.10287800224035812
-1.435840052503282,0.10743144649100098
-1.435215638477405,0.10896994558832547
-1.4345912244515286,0.1109401401801593
-1.4339668104256518,0.11822524251220738
-1.4333423963997753,0.12101073660883317
-1.4327179823738985,0.11623322635606341
-1.432093568348022,0.10653445466075022
-1.4314691543221456,0.09912938891924955
-1.4308447402962687,0.10073895295480313
-1.4302203262703923,0.10436726497467183
-1.4295959122445154,0.10714079634003829
-1.428971498218639,0.11377939266166699
-1.4283470841927621,0.12362906879955762
-1.4277226701668857,0.1349765084716532
-1.4270982561410093,0.14101636216240818
-1.4264738421151324,0.13896016419996898
-1.425849428089256,0.1408409826050458
-1.425225014063379,0.14530467300946923
-1.4246006000375027,0.14935892319045063
-1.4239761860116262,0.1580724133295682
-1.4233517719857494,0.1638250873590281
-1.422727357959873,0.15955599003703008
-1.422102943933996,0.15627772925206762
-1.4214785299081196,0.14903517847674264
-1.4208541158822428,0.1414362221983723
-1.4202297018563663,0.14572401822336786
-1.41960528783049,0.14924923380946506
-1.418980873804613,0.1363367615809318
-1.4183564597787366,0.12005165390720032
-1.4177320457528597,0.11719094536011805
-1.4171076317269833,0.11839723737389693
-1.4164832177011064,0.12559824336138153
-1.41585880367523,0.14269501633943807
-1.4152343896493536,0.14466175031700407
-1.4146099756234767,0.13178102440384462
-1.4139855615976002,0.13093421694259427
-1.4133611475717234,0.14435966741705467
-1.412736733545847,0.16003463384561006
-1.41211231951997,0.16657128804843477
-1.4114879054940936,0.16302143551125675
-1.4108634914682172,0.15182157071744012
-1.4102390774423403,0.14495782436806362
-1.409614663416464,0.15267621892852096
-1.408990249390587,0.1614948852483557
-1.4083658353647106,0.16559017778098087
-1.4077414213388342,0.16317053997692046
-1.4071170073129573,0.14669546719409915
-1.4064925932870809,0.13021236315243206
-1.405868179261204,0.13983059686041577
-1.4052437652353276,0.1598398620030705
-1.4046193512094507,0.16237672356356816
-1.4039949371835743,0.1577389222121536
-1.4033705231576978,0.16121173861443094
-1.402746109131821,0.16940530987687336
-1.4021216951059445,0.17167165046627592
-1.4014972810800677,0.1662093516828365
-1.4008728670541912,0.15977999303349547
-1.4002484530283144,0.15214892464060598
-1.399624039002438,0.1460418496265997
-1.3989996249765615,0.13923767830367786
-1.3983752109506846,0.1268894538312058
-1.3977507969248082,0.12177889451230986
-1.3971263828989313,0.12515422402748538
-1.3965019688730549,0.123060219005894
-1.395877554847178,0.11367632068811098
-1.3952531408213016,0.10594679469439443
-1.3946287267954252,0.11075499252751228
-1.3940043127695483,0.12146635288483272
-1.3933798987436719,0.1264727490171759
-1.392755484717795,0.12226010147928461
-1.3921310706919185,0.11554804220890187
-1.3915066566660421,0.11143746995865063
-1.3908822426401652,0.10500457560071505
-1.3902578286142888,0.10396030301483035
-1.389633414588412,0.11593264901293765
-1.3890090005625355,0.13009076601790573
-1.3883845865366586,0.12918757066090533
-1.3877601725107822,0.11848616280140374
-1.3871357584849058,0.109917299039018
-1.386511344459029,0.10235885769164306
-1.3858869304331525,0.10572250664840244
-1.3852625164072756,0.11844494725031114
-1.3846381023813992,0.12279228801141888
-1.3840136883555223,0.12225585022173291
-1.3833892743296459,0.1210704476998696
-1.3827648603037694,0.1174593288372487
-1.3821404462778926,0.1119896329436751
-1.3815160322520161,0.10744730941852716
-1.3808916182261393,0.10666564082234767
-1.3802672042002628,0.11049405507843875
-1.3796427901743864,0.11843337067515028
-1.3790183761485095,0.1276367769264045
-1.378393962122633,0.12618995391632604
-1.3777695480967562,0.10815479910470409
-1.3771451340708798,0.09426746458252412
-1.376520720045003,0.09543714792149863
-1.3758963060191265,0.10805436336748901
-1.37527189199325,0.12422790615737064
-1.3746474779673732,0.13207305534552236
-1.3740230639414968,0.1274166101749806
-1.3733986499156199,0.10877938149016111
-1.3727742358897435,0.09655016151999349
-1.3721498218638666,0.10943481761645926
-1.3715254078379902,0.12914148798249578
-1.3709009938121137,0.13488133753392054
-1.3702765797862368,0.13164990219692138
-1.3696521657603604,0.13379766595052264
-1.3690277517344835,0.13913355073258368
-1.3684033377086071,0.13681024983928977
-1.3677789236827302,0.12849467635963377
-1.3671545096568538,0.12409572069063439
-1.3665300956309774,0.121765183367834
-1.3659056816051005,0.11603480479289238
-1.365281267579224,0.11670179577053326
-1.3646568535533472,0.12252050426010357
-1.3640324395274708,0.12002886896667131
-1.3634080255015943,0.11323368986457819
-1.3627836114757175,0.10652291666481337
-1.362159197449841,0.10125825656563234
-1.3615347834239642,0.09668129690301892
-1.3609103693980877,0.09127830471518107
-1.3602859553722109,0.09386798714810693
-1.3596615413463344,0.09857121190254847
-1.359037127320458,0.0975913105510929
-1.3584127132945811,0.10143345645264557
-1.3577882992687047,0.10680719323768581
-1.3571638852428278,0.10309450700297629
-1.3565394712169514,0.1012973419226058
-1.3559150571910745,0.10666997819295299
-1.355290643165198,0.10881160716583615
-1.3546662291393217,0.10463705940743817
-1.3540418151134448,0.08960111226366471
-1.3534174010875684,0.07381895288465856
-1.3527929870616915,0.07515438745349554
-1.352168573035815,0.08892249804438122
-1.3515441590099386,0.10022917182788638
-1.3509197449840618,0.1029716893592894
-1.3502953309581853,0.10314497735159692
-1.3496709169323085,0.10072215194179938
-1.349046502906432,0.0966099257889069
-1.3484220888805551,0.08929985026279143
-1.3477976748546787,0.07822271943711437
-1.3471732608288023,0.07652883582503588
-1.3465488468029254,0.08227772241511797
-1.345924432777049,0.08440849591647184
-1.345300018751172,0.08498638371055026
-1.3446756047252957,0.08964339346011087
-1.3440511906994188,0.09661930468926704
-1.3434267766735424,0.09505174669274241
-1.342802362647666,0.08471724080826984
-1.342177948621789,0.08090192701847175
-1.3415535345959126,0.08783458882012654
-1.3409291205700358,0.09478417387735791
-1.3403047065441593,0.09715858328203363
-1.3396802925182825,0.10030463531960879
-1.339055878492406,0.10204371615039631
-1.3384314644665296,0.10588369357714897
-1.3378070504406527,0.11479915530041188
-1.3371826364147763,0.11926179863219577
-1.3365582223888994,0.11717410391731224
-1.335933808363023,0.11198118164340462
-1.3353093943371466,0.10986002911256842
-1.3346849803112697,0.11764866388714124
-1.3340605662853933,0.12747610761913725
-1.3334361522595164,0.13762393540063028
-1.33281173823364,0.14672600472007258
-1.332187324207763,0.1401361634716028
-1.3315629101818867,0.12637849550873492
-1.3309384961560102,0.12226224484048073
-1.3303140821301334,0.12567083067931678
-1.329689668104257,0.12669784503517753
-1.32906525407838,0.12307773581642074
-1.3284408400525036,0.11753992887134579
-1.3278164260266268,0.11120568230641385
-1.3271920120007503,0.11087364132484294
-1.326567597974874,0.12289266616754593
-1.325943183948997,0.1346785769433033
-1.3253187699231206,0.13320510913852443
-1.3246943558972437,0.12431496347433646
-1.3240699418713673,0.11589683053783653
-1.3234455278454909,0.10524966607594925
-1.322821113819614,0.10066035077433985
-1.3221966997937376,0.10574204654122155
-1.3215722857678607,0.10837462202155916
-1.3209478717419842,0.10469149971048897
-1.3203234577161074,0.09780078754292834
-1.319699043690231,0.08150629809807533
-1.3190746296643545,0.06290301163698105
-1.3184502156384776,0.05543821020000489
-1.3178258016126012,0.04926922423003956
-1.3172013875867243,0.0418463911324887
-1.316576973560848,0.03906248725448933
-1.315952559534971,0.04052611361479331
-1.3153281455090946,0.04530297559609889
-1.3147037314832182,0.05670158521040949
-1.3140793174573413,0.07678054495169898
-1.3134549034314649,0.0922871637002122
-1.312830489405588,0.09041106282003307
-1.3122060753797116,0.07731388400793673
-1.3115816613538347,0.06771435099534368
-1.3109572473279583,0.06272249838855502
-1.3103328333020818,0.05644039768864375
-1.309708419276205,0.05446168502530543
-1.3090840052503285,0.05519119558724186
-1.3084595912244517,0.05750496728547092
-1.3078351771985752,0.06497988245902452
-1.3072107631726988,0.07635561466581994
-1.306586349146822,0.08750636311233131
-1.3059619351209455,0.09098959092465637
-1.3053375210950686,0.09344317031736214
-1.3047131070691922,0.10021501302694857
-1.3040886930433153,0.10532236996674435
-1.3034642790174389,0.09917095524701805
-1.3028398649915625,0.08730800385914614
-1.3022154509656856,0.08251936808651374
-1.3015910369398092,0.08532914173507956
-1.3009666229139323,0.08968112662688252
-1.3003422088880559,0.09427916440563243
-1.299717794862179,0.09649008716443194
-1.2990933808363025,0.09281110196643154
-1.2984689668104261,0.09052412372385993
-1.2978445527845492,0.09096954348382313
-1.2972201387586728,0.09059639081245743
-1.296595724732796,0.08719152123056198
-1.2959713107069195,0.08075663394805806
-1.2953468966810426,0.07372899746264377
-1.2947224826551662,0.07167852307620122
-1.2940980686292898,0.0742047753223387
-1.293473654603413,0.07469048114318474
-1.2928492405775365,0.0721943685469125
-1.2922248265516596,0.07224986497507394
-1.2916004125257832,0.07846412202429705
-1.2909759984999067,0.08347624176456364
-1.2903515844740299,0.08123305026669139
-1.2897271704481534,0.07724195483489765
-1.2891027564222766,0.07651148081088059
-1.2884783423964001,0.07952530579941394
-1.2878539283705233,0.08247608300041424
-1.2872295143446468,0.08100856208392306
-1.2866051003187704,0.07871291594511495
-1.2859806862928935,0.08075865780910972
-1.285356272267017,0.08349858819955205
-1.2847318582411402,0.08862475445720722
-1.2841074442152638,0.09302742971400527
-1.283483030189387,0.09346745104312706
-1.2828586161635105,0.10197069575508033
-1.282234202137634,0.10140704117288524
-1.2816097881117572,0.08747837500955372
-1.2809853740858808,0.0871322440609831
-1.2803609600600039,0.09269409502743235
-1.2797365460341275,0.09938542373298984
-1.279112132008251,0.10355553488439476
-1.2784877179823741,0.10030637186270719
-1.2778633039564977,0.09493907107743892
-1.2772388899306208,0.0924549201543695
-1.2766144759047444,0.0968224908805211
-1.2759900618788675,0.10183899430108696
-1.2753656478529911,0.09880824278523638
-1.2747412338271147,0.09079000482852895
-1.2741168198012378,0.0887367960762046
-1.2734924057753614,0.10126935284903464
-1.2728679917494845,0.1116047222089455
-1.272243577723608,0.10727307401538586
-1.2716191636977312,0.10181746970849355
-1.2709947496718548,0.10186798447240049
-1.2703703356459783,0.10368339901911047
-1.2697459216201015,0.10775419912379156
-1.269121507594225,0.11622021858935246
-1.2684970935683482,0.12386744346807496
-1.2678726795424717,0.1271544491762085
-1.2672482655165949,0.12951090476972088
-1.2666238514907184,0.13568117126240561
-1.265999437464842,0.14692274682254175
-1.2653750234389651,0.15757171974443945
-1.2647506094130887,0.15022444856235026
-1.2641261953872118,0.12565837669224464
-1.2635017813613354,0.11444221760905256
-1.262877367335459,0.11340239056274286
-1.262252953309582,0.1082478367842313
-1.2616285392837057,0.1067951908960642
-1.2610041252578288,0.10720425241289004
-1.2603797112319524,0.10322245512477846
-1.2597552972060755,0.10258286513173032
-1.259130883180199,0.10827465953672577
-1.2585064691543226,0.117279530653393
-1.2578820551284458,0.11744604283908908
-1.2572576411025693,0.10782874254894223
-1.2566332270766924,0.10199875035422404
-1.256008813050816,0.09586303618762546
-1.2553843990249391,0.09422237913896994
-1.2547599849990627,0.09154107805550014
-1.2541355709731863,0.07667248746943303
-1.2535111569473094,0.06370711301196566
-1.252886742921433,0.059821048172976066
-1.252262328895556,0.06520230586738715
-1.2516379148696797,0.08174347407837844
-1.2510135008438033,0.10677249677542222
-1.2503890868179264,0.12377415189710377
-1.24976467279205,0.12259439468055014
-1.249140258766173,0.1193848262455796
-1.2485158447402966,0.11697864570673049
-1.2478914307144198,0.10863380166057061
-1.2472670166885433,0.1061015880741435
-1.246642602662667,0.10323284686050031
-1.24601818863679,0.09909331607875169
-1.2453937746109136,0.09983267141465299
-1.2447693605850367,0.10203142892254886
-1.2441449465591603,0.11193008122160523
-1.2435205325332834,0.11917808307166507
-1.242896118507407,0.10736722221082495
-1.2422717044815306,0.09344426634133099
-1.2416472904556537,0.08713273941157326
-1.2410228764297773,0.0826814513236433
-1.2403984624039004,0.08230336227872338
-1.239774048378024,0.0853594928761005
-1.239149634352147,0.08573791845635144
-1.2385252203262707,0.08107603323235443
-1.2379008063003942,0.07554933644968814
-1.2372763922745174,0.07271545002458443
-1.236651978248641,0.07132303228944273
-1.236027564222764,0.07102073955507356
-1.2354031501968876,0.0725628193044219
-1.2347787361710112,0.0771921880066124
-1.2341543221451343,0.08741726750256198
-1.233529908119258,0.09617957142111379
-1.232905494093381,0.10132507278861466
-1.2322810800675046,0.1053042230014393
-1.2316566660416277,0.11005065153498224
-1.2310322520157513,0.12294071725750746
-1.2304078379898749,0.1469709130371877
-1.229783423963998,0.17915638090351868
-1.2291590099381215,0.20344461996143
-1.2285345959122447,0.20772666001902568
-1.2279101818863682,0.2070467893162898
-1.2272857678604914,0.208298368393264
-1.226661353834615,0.21042952463847228
-1.2260369398087385,0.21687206239033885
-1.2254125257828616,0.22006828775429566
-1.2247881117569852,0.2144923297228052
-1.2241636977311083,0.2079489027276082
-1.223539283705232,0.20037890849511447
-1.2229148696793555,0.1909250878030579
-1.2222904556534786,0.18363136398360674
-1.2216660416276022,0.18257124578324574
-1.2210416276017253,0.18596976003464477
-1.2204172135758489,0.18870209548408176
-1.219792799549972,0.18559280497306058
-1.2191683855240956,0.17679988242585723
-1.2185439714982191,0.1667149459765734
-1.2179195574723423,0.16460437345247173
-1.2172951434464658,0.17296497220765325
-1.216670729420589,0.17580602744360369
-1.2160463153947125,0.1718785024198789
-1.2154219013688357,0.17076286960829556
-1.2147974873429592,0.16578487271910222
-1.2141730733170828,0.16138774689922272
-1.213548659291206,0.16192750328188674
-1.2129242452653295,0.15870683873788222
-1.2122998312394526,0.1558277743499525
-1.2116754172135762,0.16577509052798403
-1.2110510031876993,0.18699881411372407
-1.2104265891618229,0.20257819069092245
-1.2098021751359465,0.19896390953068915
-1.2091777611100696,0.18000785801994876
-1.2085533470841932,0.16122961894824517
-1.2079289330583163,0.15347462649354648
-1.2073045190324398,0.15706964829127631
-1.2066801050065634,0.16728352493245663
-1.2060556909806865,0.1785747196431579
-1.2054312769548101,0.1827847748189973
-1.2048068629289332,0.1817925551870932
-1.2041824489030568,0.17978386151302175
-1.20355803487718,0.17924613436189046
-1.2029336208513035,0.18483880916910442
-1.202309206825427,0.19271766306914867
-1.2016847927995502,0.19409315743066932
-1.2010603787736738,0.19123903183179805
-1.200435964747797,0.18671041519788975
-1.1998115507219205,0.17880923699645573
-1.1991871366960436,0.18300052278046247
-1.1985627226701672,0.19324314370224696
-1.1979383086442907,0.18718720660531246
-1.1973138946184139,0.1722316270647682
-1.1966894805925374,0.166968092670461
-1.1960650665666606,0.17041251816553896
-1.1954406525407841,0.16921798193765203
-1.1948162385149073,0.16262248850502756
-1.1941918244890308,0.1610984830902065
-1.1935674104631544,0.15568232452291328
-1.1929429964372775,0.1468266288658217
-1.192318582411401,0.1500389146824875
-1.1916941683855242,0.15526249968725178
-1.1910697543596478,0.15064875696721727
-1.1904453403337714,0.13908992856965507
-1.1898209263078945,0.1307952389269969
-1.189196512282018,0.13101892346879893
-1.1885720982561412,0.13305195909810413
-1.1879476842302648,0.1441107389773883
-1.1873232702043879,0.1659525848897448
-1.1866988561785115,0.1869139556486331
-1.186074442152635,0.19624458953698481
-1.1854500281267581,0.19024875800948812
-1.1848256141008817,0.18277399644442865
-1.1842012000750048,0.18479837197009968
-1.1835767860491284,0.19759961714450297
-1.1829523720232515,0.21040294185519764
-1.1823279579973751,0.2083501460886234
-1.1817035439714987,0.19578841552050832
-1.1810791299456218,0.18706718286657023
-1.1804547159197454,0.18399386761742614
-1.1798303018938685,0.1829189665727033
-1.179205887867992,0.18490295296030682
-1.1785814738421156,0.1866071589905526
-1.1779570598162388,0.19473579193363197
-1.1773326457903623,0.2108288258194441
-1.1767082317644855,0.2198883071717778
-1.176083817738609,0.21744192145723445
-1.1754594037127322,0.2025503593598233
-1.1748349896868557,0.18173376306056083
-1.1742105756609793,0.17370112014847391
-1.1735861616351024,0.17377765320232846
-1.172961747609226,0.17763875022973155
-1.1723373335833491,0.18479209516275732
-1.1717129195574727,0.1801170584904331
-1.1710885055315958,0.17923371309976205
-1.1704640915057194,0.18990419340976467
-1.169839677479843,0.19197565699791494
-1.169215263453966,0.1881389426422148
-1.1685908494280897,0.19830340138161856
-1.1679664354022128,0.21163887719674795
-1.1673420213763364,0.20978538830309704
-1.1667176073504595,0.20835149950567552
-1.166093193324583,0.22008034705155627
-1.1654687792987066,0.23303080130335818
-1.1648443652728298,0.24018738928541175
-1.1642199512469533,0.24431855090228455
-1.1635955372210764,0.2433813793146858
-1.1629711231952,0.24004630220939824
-1.1623467091693236,0.2404936210563129
-1.1617222951434467,0.2457480897133506
-1.1610978811175703,0.24658271841880203
-1.1604734670916934,0.23461215038914185
-1.159849053065817,0.22350268755448557
-1.15922463903994,0.21986615894265032
-1.1586002250140637,0.21177190857792225
-1.1579758109881872,0.2063422575331265
-1.1573513969623104,0.2103421201559026
-1.156726982936434,0.21614973361703496
-1.156102568910557,0.22997717244847954
-1.1554781548846806,0.24323845639013952
-1.1548537408588038,0.23860880698869055
-1.1542293268329273,0.22445163056996206
-1.153604912807051,0.21372467041577878
-1.152980498781174,0.20944505669511132
-1.1523560847552976,0.2113792416063645
-1.1517316707294207,0.2139803937756261
-1.1511072567035443,0.21005765643236232
-1.1504828426776679,0.21243798001208236
-1.149858428651791,0.2195171259893436
-1.1492340146259146,0.21141042468370275
-1.1486096006000377,0.2051063558269095
-1.1479851865741613,0.21295953371835047
-1.1473607725482844,0.21921033171543094
-1.146736358522408,0.21991825530524514
-1.1461119444965315,0.22932498794978243
-1.1454875304706547,0.23940874027827957
-1.1448631164447782,0.2394148313379069
-1.1442387024189014,0.24033125312991413
-1.143614288393025,0.23834790957378704
-1.142989874367148,0.22023385471741155
-1.1423654603412716,0.20290552285897118
-1.1417410463153952,0.19928165625961575
-1.1411166322895183,0.20286004161403084
-1.1404922182636419,0.20808373190195711
-1.139867804237765,0.2150650554850481
-1.1392433902118886,0.22588037227912325
-1.1386189761860117,0.237528304320373
-1.1379945621601353,0.23881464192970533
-1.1373701481342589,0.22323217228547007
-1.136745734108382,0.21644945724418277
-1.1361213200825055,0.2279308725226668
-1.1354969060566287,0.23628135123375915
-1.1348724920307522,0.22887488664355776
-1.1342480780048758,0.21044548975865038
-1.133623663978999,0.19939153525532088
-1.1329992499531225,0.2042320821096278
-1.1323748359272456,0.20802054207013626
-1.1317504219013692,0.2095480975687103
-1.1311260078754923,0.21514346831973463
-1.130501593849616,0.21859534237548667
-1.1298771798237395,0.22810627857103305
-1.1292527657978626,0.24226603049494125
-1.1286283517719862,0.23730783697948205
-1.1280039377461093,0.22486294959864614
-1.1273795237202329,0.236701387598254
-1.126755109694356,0.24537460393253271
-1.1261306956684796,0.23062334514970434
-1.1255062816426031,0.22270802409118645
-1.1248818676167263,0.22856868046270135
-1.1242574535908498,0.21387904261112878
-1.123633039564973,0.16118813279820748
-1.1230086255390965,0.11028920840581724
-1.12238421151322,0.10151663816879034
-1.1217597974873432,0.1224147785480598
-1.1211353834614668,0.14245227624026285
-1.12051096943559,0.15840363185786793
-1.1198865554097135,0.16816533696278665
-1.1192621413838366,0.15752928763636054
-1.1186377273579602,0.1430243656226255
-1.1180133133320838,0.14510029280728381
-1.1173888993062069,0.15308968310757012
-1.1167644852803305,0.15482564923492495
-1.1161400712544536,0.16109240134609049
-1.1155156572285772,0.17126975488826413
-1.1148912432027003,0.18663172068327066
-1.1142668291768238,0.199000277651257
-1.1136424151509474,0.20926573460522996
-1.1130180011250705,0.2174499155112995
-1.1123935870991941,0.21430373005560938
-1.1117691730733172,0.21199123375554957
-1.1111447590474408,0.2150985290572281
-1.110520345021564,0.21021226024726974
-1.1098959309956875,0.19096069197325544
-1.109271516969811,0.17223724770947793
-1.1086471029439342,0.15170316529792746
-1.1080226889180578,0.1187655218072654
-1.107398274892181,0.10807454787793187
-1.1067738608663045,0.13630289412683452
-1.106149446840428,0.16726497543189023
-1.1055250328145512,0.19060628862309456
-1.1049006187886747,0.2111233978483868
-1.1042762047627979,0.2308046507500423
-1.1036517907369214,0.24697580847346162
-1.1030273767110446,0.24103826134188672
-1.1024029626851681,0.2358259958102229
-1.1017785486592917,0.24137286044391285
-1.1011541346334148,0.24679967078390996
-1.1005297206075384,0.2511546943565839
-1.0999053065816615,0.2560174243217652
-1.099280892555785,0.27683656943173907
-1.0986564785299082,0.29856070861206463
-1.0980320645040318,0.3013937956808283
-1.0974076504781554,0.2933647957723216
-1.0967832364522785,0.2923846231193122
-1.096158822426402,0.29672435279925224
-1.0955344084005252,0.2822253300124582
-1.0949099943746488,0.26652601700831086
-1.0942855803487719,0.254605033116914
-1.0936611663228955,0.24245139987955683
-1.093036752297019,0.23990581474995878
-1.0924123382711421,0.23478811615017908
-1.0917879242452657,0.23421001537054997
-1.0911635102193888,0.23605859831980772
-1.0905390961935124,0.22127727406961356
-1.089914682167636,0.1951915829115378
-1.089290268141759,0.17981932431039477
-1.0886658541158827,0.17456934619520786
-1.0880414400900058,0.18661778777445975
-1.0874170260641294,0.21906683604798233
-1.0867926120382525,0.2515130827301259
-1.086168198012376,0.26620660467813384
-1.0855437839864996,0.2797653395157211
-1.0849193699606228,0.2969498489351504
-1.0842949559347463,0.311739815097103
-1.0836705419088695,0.31602874981118706
-1.083046127882993,0.26037504796001537
-1.0824217138571162,0.17845364418460935
-1.0817972998312397,0.17608643645216135
-1.0811728858053633,0.20364334608135945
-1.0805484717794864,0.1770769170128941
-1.07992405775361,0.1336457394846861
-1.0792996437277331,0.11256972998047832
-1.0786752297018567,0.11119795000517001
-1.0780508156759803,0.12121868209678119
-1.0774264016501034,0.1356111401863495
-1.076801987624227,0.14258028797150843
-1.07617757359835,0.12889559065809209
-1.0755531595724737,0.10289986915277893
-1.0749287455465968,0.08248107335937807
-1.0743043315207204,0.07662739022336014
-1.073679917494844,0.08376854670448505
-1.073055503468967,0.09155650750372755
-1.0724310894430906,0.09831603637168726
-1.0718066754172138,0.11120790066662792
-1.0711822613913373,0.11908144997073952
-1.0705578473654604,0.11525336999863381
-1.069933433339584,0.10391050806818405
-1.0693090193137076,0.08532651464620948
-1.0686846052878307,0.07015639407022428
-1.0680601912619543,0.06916632167029932
-1.0674357772360774,0.07386202676037798
-1.066811363210201,0.07540893701583477
-1.066186949184324,0.07460580393093513
-1.0655625351584477,0.07853877665026963
-1.0649381211325712,0.09038872236099388
-1.0643137071066944,0.0952653613104782
-1.063689293080818,0.09072354495754911
-1.063064879054941,0.09232238353448577
-1.0624404650290646,0.09931044012026749
-1.0618160510031882,0.09659669667684194
-1.0611916369773113,0.08591920457545696
-1.060567222951435,0.0806536290853567
-1.059942808925558,0.08688275739713665
-1.0593183948996816,0.08944255785996878
-1.0586939808738047,0.0818408685271924
-1.0580695668479283,0.07498396236511687
-1.0574451528220519,0.07545615013817338
-1.056820738796175,0.08597318229944675
-1.0561963247702986,0.10462667916295063
-1.0555719107444217,0.11546177377692272
-1.0549474967185453,0.11519988141605694
-1.0543230826926684,0.11723122417368996
-1.053698668666792,0.12275692048528528
-1.0530742546409155,0.13173173279883302
-1.0524498406150387,0.14147448665806708
-1.0518254265891622,0.14203290798900808
-1.0512010125632854,0.13548563824364918
-1.050576598537409,0.13757271565836632
-1.0499521845115325,0.14083951214792473
-1.0493277704856556,0.13314060945143527
-1.0487033564597792,0.12589676703193825
-1.0480789424339023,0.1291802390729687
-1.0474545284080259,0.1336191291505494
-1.046830114382149,0.13356279829503676
-1.0462057003562726,0.13317791037695428
-1.0455812863303962,0.13213712324118254
-1.0449568723045193,0.13212808856612102
-1.0443324582786429,0.12959229997719
-1.043708044252766,0.12220835918602006
-1.0430836302268895,0.12543655538074763
-1.0424592162010127,0.13645072103772998
-1.0418348021751362,0.13813000721164567
-1.0412103881492598,0.13150517098946943
-1.040585974123383,0.12576888952833998
-1.0399615600975065,0.12644646768384266
-1.0393371460716296,0.13123701331529072
-1.0387127320457532,0.13416538351968704
-1.0380883180198763,0.1353361767042734
-1.037463903994,0.13753310377982617
-1.0368394899681235,0.14232412397606287
-1.0362150759422466,0.14681517847648848
-1.0355906619163702,0.14675571218194183
-1.0349662478904933,0.14257396474253178
-1.0343418338646169,0.1342008559134171
-1.0337174198387404,0.1257264971803554
-1.0330930058128636,0.1207870094184144
-1.0324685917869871,0.11985036422178763
-1.0318441777611103,0.12679861081435834
-1.0312197637352338,0.14137398442734941
-1.030595349709357,0.15865063251536995
-1.0299709356834805,0.16438419196389678
-1.029346521657604,0.15466365029306217
-1.0287221076317272,0.14754143676931966
-1.0280976936058508,0.14747978671568016
-1.027473279579974,0.14895712022646984
-1.0268488655540975,0.15292213714410288
-1.0262244515282206,0.1575399698371584
-1.0256000375023442,0.15684420201831248
-1.0249756234764678,0.14882262479697317
-1.0243512094505909,0.13703312511214807
-1.0237267954247145,0.12786052311906157
-1.0231023813988376,0.12051204144554942
-1.0224779673729611,0.11815302545500332
-1.0218535533470847,0.12747544556274196
-1.0212291393212078,0.13714600128097595
-1.0206047252953314,0.13554144514872066
-1.0199803112694545,0.1297317062746576
-1.0193558972435781,0.12576596949715554
-1.0187314832177012,0.1178142156288341
-1.0181070691918248,0.1037474838344499
-1.0174826551659484,0.09351983598946008
-1.0168582411400715,0.09125540867258464
-1.016233827114195,0.09392023336879048
-1.0156094130883182,0.10132078802727032
-1.0149849990624418,0.10475382765305799
-1.014360585036565,0.10180334065712911
-1.0137361710106885,0.10417185300862866
-1.013111756984812,0.11147571045918543
-1.0124873429589352,0.11704537020077008
-1.0118629289330587,0.11496970337648056
-1.0112385149071819,0.101950694509177
-1.0106141008813054,0.08598874466677323
-1.0099896868554286,0.07775247447587601
-1.0093652728295521,0.08573343266896395
-1.0087408588036757,0.10300057271342085
-1.0081164447777988,0.10916267991833142
-1.0074920307519224,0.10182290274257615
-1.0068676167260455,0.09507791892096522
-1.006243202700169,0.09883887813676015
-1.0056187886742927,0.10864721400062875
-1.0049943746484158,0.10907972685030691
-1.0043699606225394,0.10849231829540133
-1.0037455465966625,0.12403042107648207
-1.003121132570786,0.13595811996913856
-1.0024967185449092,0.1303490086440857
-1.0018723045190328,0.11894744445711651
-1.0012478904931563,0.11188405086394246
-1.0006234764672794,0.11286094956131638
-0.999999062441403,0.11287482376328484
-0.9993746484155261,0.11472818593149066
-0.9987502343896497,0.12064076123289073
-0.9981258203637728,0.12197396151346121
-0.9975014063378964,0.12242901733957275
-0.99687699231202,0.12991517748099182
-0.9962525782861431,0.14217729625596368
-0.9956281642602667,0.1486828255507536
-0.9950037502343898,0.1401572167145715
-0.9943793362085129,0.12598802460213918
-0.993754922182637,0.12573809684267262
-0.9931305081567601,0.13428203266325225
-0.9925060941308832,0.13234094975221253
-0.9918816801050072,0.12512491249233046
-0.9912572660791303,0.1256757961527214
-0.9906328520532535,0.13276533675595764
-0.9900084380273766,0.13778332099204535
-0.9893840240015006,0.13501302756837738
-0.9887596099756237,0.1270168555263521
-0.9881351959497469,0.12087454288186653
-0.9875107819238709,0.11939692541131948
-0.986886367897994,0.12168506536339097
-0.9862619538721171,0.12504109343818018
-0.9856375398462411,0.1182317200959129
-0.9850131258203643,0.1048684717907965
-0.9843887117944874,0.1115473429267763
-0.9837642977686105,0.13118023398030113
-0.9831398837427345,0.1334274713194053
-0.9825154697168577,0.1216756608701409
-0.9818910556909808,0.11714639842217896
-0.9812666416651048,0.11431431817768248
-0.9806422276392279,0.1078105011861806
-0.980017813613351,0.1052316389836618
-0.9793933995874742,0.10343531903944422
-0.9787689855615982,0.1067846040860874
-0.9781445715357213,0.11859520410766392
-0.9775201575098444,0.12922428857793636
-0.9768957434839685,0.14288613885359558
-0.9762713294580916,0.14223977507686475
-0.9756469154322147,0.12715573228742658
-0.9750225014063378,0.12844590605009473
-0.9743980873804619,0.1418312016322415
-0.973773673354585,0.15049468392312168
-0.9731492593287081,0.14300190576046656
-0.9725248453028321,0.12934725073846462
-0.9719004312769552,0.11994021697397379
-0.9712760172510784,0.11071286793987196
-0.9706516032252015,0.11280085234472388
-0.9700271891993255,0.13246107845639407
-0.9694027751734486,0.15270289020129435
-0.9687783611475718,0.14559936546948862
-0.9681539471216958,0.11744428088357975
-0.9675295330958189,0.12011896690909532
-0.966905119069942,0.1469328049160799
-0.9662807050440652,0.1570317104425463
-0.9656562910181892,0.15134112462625354
-0.9650318769923123,0.14366043227720537
-0.9644074629664354,0.1422612414918762
-0.9637830489405594,0.13864544305455223
-0.9631586349146826,0.13642133627386346
-0.9625342208888057,0.1377698745066323
-0.9619098068629288,0.1254515151404679
-0.9612853928370528,0.102212775710986
-0.960660978811176,0.09205116186259883
-0.9600365647852991,0.09485935799969972
-0.9594121507594231,0.098406755225957
-0.9587877367335462,0.0979892662574328
-0.9581633227076694,0.0919033487373676
-0.9575389086817925,0.08631403111963173
-0.9569144946559165,0.08066926207099208
-0.9562900806300396,0.07425773308917699
-0.9556656666041627,0.07889219536591822
-0.9550412525782868,0.09111742273822601
-0.9544168385524099,0.09663084374329418
-0.953792424526533,0.09529752988164746
-0.953168010500657,0.08810305721119407
-0.9525435964747802,0.08543999106395431
-0.9519191824489033,0.09118938424009103
-0.9512947684230264,0.10189412381490545
-0.9506703543971504,0.11727073074011293
-0.9500459403712735,0.13231949326339038
-0.9494215263453967,0.1338883453893745
-0.9487971123195207,0.12193568875215137
-0.9481726982936438,0.11670415104924008
-0.9475482842677669,0.11723311302344172
-0.9469238702418901,0.10728892719907138
-0.9462994562160141,0.1025208885712972
-0.9456750421901372,0.11460896969734218
-0.9450506281642603,0.11012156972491587
-0.9444262141383843,0.0849778233075676
-0.9438018001125075,0.09128928218327909
-0.9431773860866306,0.14039641146593249
-0.9425529720607537,0.17613483529732019
-0.9419285580348777,0.1833238326261244
-0.9413041440090009,0.15854703859558933
-0.940679729983124,0.10237014819801371
-0.940055315957248,0.07759793473884172
-0.9394309019313711,0.10556568262609031
-0.9388064879054943,0.1268517159390868
-0.9381820738796174,0.10186843755273027
-0.9375576598537414,0.07517695328688496
-0.9369332458278645,0.06970696169319511
-0.9363088318019877,0.06248767976021443
-0.9356844177761117,0.04493789186812248
-0.9350600037502348,0.04054681053599672
-0.9344355897243579,0.06636923831318035
-0.933811175698481,0.08054215816606597
-0.9331867616726051,0.0815540033583492
-0.9325623476467282,0.09522453738007032
-0.9319379336208513,0.10299730237953186
-0.9313135195949753,0.09529792985138578
-0.9306891055690985,0.09178935918926315
-0.9300646915432216,0.09201654409976585
-0.9294402775173447,0.08934734942545162
-0.9288158634914687,0.08542760854691109
-0.9281914494655918,0.07840346553430408
-0.927567035439715,0.08088150815552157
-0.926942621413839,0.09374828795438889
-0.9263182073879621,0.10444335827138347
-0.9256937933620852,0.11055700877150061
-0.9250693793362093,0.10665627741686194
-0.9244449653103324,0.11096294425659466
-0.9238205512844555,0.13442463201663415
-0.9231961372585786,0.13599189848198331
-0.9225717232327026,0.12680364540737848
-0.9219473092068258,0.13469910608578098
-0.9213228951809489,0.13068813853485423
-0.9206984811550729,0.11332064817589485
-0.920074067129196,0.10455168167906922
-0.9194496531033192,0.10341251311915325
-0.9188252390774423,0.12280540220065712
-0.9182008250515663,0.16034034626023883
-0.9175764110256894,0.16494862949456113
-0.9169519969998126,0.15471258953000416
-0.9163275829739366,0.16101904047390941
-0.9157031689480597,0.17346124392908618
-0.9150787549221828,0.18819542088069957
-0.914454340896306,0.18566248342248654
-0.91382992687043,0.17336477055075664
-0.9132055128445531,0.16158127398300282
-0.9125810988186762,0.13235528957860804
-0.9119566847928002,0.0988479753401208
-0.9113322707669234,0.09026669094191976
-0.9107078567410465,0.09187642606972554
-0.9100834427151696,0.09114878434755226
-0.9094590286892936,0.09552285057375383
-0.9088346146634168,0.10543500737886587
-0.9082102006375399,0.11387903443338147
-0.9075857866116639,0.11098887734335786
-0.906961372585787,0.09879681619418103
-0.9063369585599101,0.08252504269795365
-0.9057125445340333,0.07336231275885471
-0.9050881305081573,0.07984354078675956
-0.9044637164822804,0.09979583135143649
-0.9038393024564035,0.11251974407505176
-0.9032148884305276,0.10775092678805145
-0.9025904744046507,0.10880398487804084
-0.9019660603787738,0.12280347004782202
-0.9013416463528969,0.12682231854184733
-0.900717232327021,0.11470955769819487
-0.9000928183011441,0.10984806733099144
-0.8994684042752672,0.12056177890678337
-0.8988439902493912,0.13389041932582496
-0.8982195762235143,0.14187391533098367
-0.8975951621976375,0.14433413732182726
-0.8969707481717615,0.14176260341837815
-0.8963463341458846,0.14033391036862233
-0.8957219201200077,0.15230683180500573
-0.8950975060941309,0.16253842361890541
-0.8944730920682549,0.17036605387618617
-0.893848678042378,0.18756186905621705
-0.8932242640165011,0.17095178168424016
-0.8925998499906251,0.11358434237600594
-0.8919754359647483,0.07010684217369964
-0.8913510219388714,0.06907048922236603
-0.8907266079129945,0.08726963042485317
-0.8901021938871185,0.09790640072595601
-0.8894777798612417,0.10397866279205284
-0.8888533658353648,0.12644033273189192
-0.8882289518094888,0.11889067030764203
-0.8876045377836119,0.11097718426089025
-0.886980123757735,0.15919037286621113
-0.8863557097318582,0.17181192393946013
-0.8857312957059822,0.13773842499035555
-0.8851068816801053,0.10319550492284815
-0.8844824676542284,0.08913918548866548
-0.8838580536283525,0.11270092132397655
-0.8832336396024756,0.1206210453849496
-0.8826092255765987,0.10024538183953105
-0.8819848115507218,0.09113885449016577
-0.8813603975248459,0.09288569950135403
-0.880735983498969,0.08874391258889297
-0.8801115694730921,0.07950324321229094
-0.8794871554472161,0.07032062396434852
-0.8788627414213392,0.06498567516991463
-0.8782383273954624,0.0781359930094955
-0.8776139133695855,0.08921596788797671
-0.8769894993437095,0.0841901180167614
-0.8763650853178326,0.09256170069896764
-0.8757406712919558,0.11080617655760291
-0.8751162572660798,0.12028032170371783
-0.8744918432402029,0.11214257890373129
-0.873867429214326,0.10912849670085037
-0.8732430151884492,0.12973114971605829
-0.8726186011625732,0.14172009880330713
-0.8719941871366963,0.12996347167515787
-0.8713697731108194,0.12126862473914793
-0.8707453590849434,0.11728784825248398
-0.8701209450590666,0.09727326182980668
-0.8694965310331897,0.08746446049915241
-0.8688721170073137,0.11183747522213132
-0.8682477029814368,0.13221098920427293
-0.86762328895556,0.11940607882219509
-0.8669988749296831,0.12132876805495536
-0.8663744609038071,0.15780266761059225
-0.8657500468779302,0.1636493579478397
-0.8651256328520534,0.12217713780584946
-0.8645012188261774,0.08340061659690542
-0.8638768048003005,0.08182551143426996
-0.8632523907744236,0.10475988693940705
-0.8626279767485467,0.13229163759805734
-0.8620035627226708,0.16915156375059265
-0.8613791486967939,0.17504812858537602
-0.860754734670917,0.15177459032078008
-0.860130320645041,0.1356313232634781
-0.8595059066191642,0.1244165089293271
-0.8588814925932873,0.11676288830117185
-0.8582570785674104,0.10223662922745516
-0.8576326645415344,0.1090317886260268
-0.8570082505156575,0.1475147668236029
-0.8563838364897807,0.16479869579179912
-0.8557594224639047,0.14332676408528225
-0.8551350084380278,0.11426387554508535
-0.8545105944121509,0.10511073988284117
-0.8538861803862741,0.11842195758540511
-0.8532617663603981,0.12976517211113148
-0.8526373523345212,0.11672678516658522
-0.8520129383086443,0.09920128266583222
-0.8513885242827683,0.10359294607504647
-0.8507641102568915,0.11887483680801673
-0.8501396962310146,0.12845314594499574
-0.8495152822051377,0.12925278346439234
-0.8488908681792617,0.12605916196233394
-0.8482664541533849,0.12295243611308512
-0.847642040127508,0.1075279364548857
-0.847017626101632,0.07576940369022599
-0.8463932120757551,0.058015649027980086
-0.8457687980498783,0.05942585697463928
-0.8451443840240014,0.0595618162505541
-0.8445199699981254,0.054935153632507915
-0.8438955559722485,0.054419913731334944
-0.8432711419463716,0.06002004454285068
-0.8426467279204957,0.0723042054107477
-0.8420223138946188,0.0938598207885293
-0.8413978998687419,0.11820482636695813
-0.8407734858428659,0.13148163065173613
-0.8401490718169891,0.13373579825371326
-0.8395246577911122,0.135340517773809
-0.8389002437652353,0.14021962500893512
-0.8382758297393593,0.14498536078262264
-0.8376514157134825,0.1460645531396365
-0.8370270016876056,0.16959386384297342
-0.8364025876617296,0.2018496767602323
-0.8357781736358527,0.18660958222850627
-0.8351537596099758,0.1344373884213853
-0.834529345584099,0.09177749342754271
-0.833904931558223,0.08117789105078603
-0.8332805175323461,0.1068986499940356
-0.8326561035064692,0.1544332297614207
-0.8320316894805933,0.2033875726523635
-0.8314072754547164,0.21174940085020294
-0.8307828614288395,0.17970865257475768
-0.8301584474029626,0.15503736711622648
-0.8295340333770866,0.1478353872528915
-0.8289096193512098,0.14035506588640917
-0.8282852053253329,0.12968015526558108
-0.8276607912994569,0.1200022311776456
-0.82703637727358,0.1116961569726346
-0.8264119632477032,0.11615169870130422
-0.8257875492218263,0.12661349911042802
-0.8251631351959503,0.12054738290769647
-0.8245387211700734,0.1084824227281375
-0.8239143071441966,0.11298012669699076
-0.8232898931183206,0.1331185508657743
-0.8226654790924437,0.14227697472365347
-0.8220410650665668,0.13413865965179173
-0.82141665104069,0.12437452732151899
-0.820792237014814,0.11246471834633427
-0.8201678229889371,0.10886149917650649
-0.8195434089630602,0.12511478870984927
-0.8189189949371842,0.13291095118909205
-0.8182945809113074,0.1155153903698283
-0.8176701668854305,0.1057344831087037
-0.8170457528595536,0.12381668300438624
-0.8164213388336776,0.13577743735451192
-0.8157969248078007,0.12004073286112811
-0.8151725107819239,0.10644359522849918
-0.8145480967560479,0.1058471823531691
-0.813923682730171,0.1067705334284357
-0.8132992687042941,0.10871302796903522
-0.8126748546784182,0.10739619983701953
-0.8120504406525413,0.10725634473153334
-0.8114260266266644,0.10684067027043202
-0.8108016126007875,0.09193055523008786
-0.8101771985749116,0.07881840081104588
-0.8095527845490347,0.07661448867517467
-0.8089283705231578,0.07418345477047703
-0.8083039564972818,0.07854383691511348
-0.8076795424714049,0.08919118889975275
-0.8070551284455281,0.10030873138474516
-0.8064307144196512,0.10375944777695285
-0.8058063003937752,0.09765569238327078
-0.8051818863678983,0.09568630845324902
-0.8045574723420215,0.10358933708372045
-0.8039330583161455,0.11255419309935762
-0.8033086442902686,0.11013125993975045
-0.8026842302643917,0.101156735548903
-0.8020598162385149,0.09905424209494736
-0.8014354022126389,0.10406400501027895
-0.800810988186762,0.10996393775197078
-0.8001865741608851,0.12906063936976525
-0.7995621601350091,0.14967201455219906
-0.7989377461091323,0.1505556285761986
-0.7983133320832554,0.15292988779090902
-0.7976889180573785,0.16227709341016872
-0.7970645040315025,0.1672440307291681
-0.7964400900056257,0.17506907858870865
-0.7958156759797488,0.17864467838861403
-0.7951912619538728,0.18031948895086886
-0.7945668479279959,0.1848119750246515
-0.793942433902119,0.177045143307865
-0.7933180198762422,0.1768361893808638
-0.7926936058503662,0.2047256523706844
-0.7920691918244893,0.1969117112798989
-0.7914447777986124,0.1443745371482753
-0.7908203637727365,0.1256412016210528
-0.7901959497468596,0.12717759070518042
-0.7895715357209827,0.13208709863251136
-0.7889471216951058,0.13964533221359604
-0.7883227076692298,0.12860714800378495
-0.787698293643353,0.11894271933346764
-0.7870738796174761,0.12335227227284225
-0.7864494655916001,0.14625587686688518
-0.7858250515657232,0.20207570246278633
-0.7852006375398464,0.2523749990928138
-0.7845762235139704,0.24547948302047362
-0.7839518094880935,0.20338853912753607
-0.7833273954622166,0.16479471011278957
-0.7827029814363398,0.14664259478244107
-0.7820785674104638,0.14732662495931018
-0.7814541533845869,0.14869225244106493
-0.78082973935871,0.13784453774437744
-0.780205325332834,0.10605317134731784
-0.7795809113069572,0.0639655702518316
-0.7789564972810803,0.04742466147142889
-0.7783320832552034,0.06429086505932023
-0.7777076692293274,0.09525794504363735
-0.7770832552034506,0.12069107047722516
-0.7764588411775737,0.11413313915766839
-0.7758344271516977,0.09148848293221347
-0.7752100131258208,0.08330742667288876
-0.774585599099944,0.08746634538592316
-0.7739611850740671,0.09148027691256116
-0.7733367710481911,0.09048450112847545
-0.7727123570223142,0.08849546382318253
-0.7720879429964373,0.09486727210405682
-0.7714635289705614,0.10257323500802643
-0.7708391149446845,0.09252938518579984
-0.7702147009188076,0.07516473955362006
-0.7695902868929307,0.07293795231526443
-0.7689658728670548,0.08758460980132424
-0.7683414588411779,0.11271885334008003
-0.767717044815301,0.12959849654769123
-0.767092630789425,0.11509002220323683
-0.7664682167635481,0.08509908374960165
-0.7658438027376713,0.06632741708726134
-0.7652193887117944,0.06328527595512246
-0.7645949746859184,0.0775639730008973
-0.7639705606600415,0.09401090824918377
-0.7633461466341647,0.10135281963312506
-0.7627217326082887,0.10333929341611732
-0.7620973185824118,0.10842785013977543
-0.7614729045565349,0.12067695173712759
-0.7608484905306581,0.12529886895647435
-0.7602240765047821,0.11415732920147525
-0.7595996624789052,0.10453828007203494
-0.7589752484530283,0.1050809274031016
-0.7583508344271523,0.10749468990782096
-0.7577264204012755,0.11411789373819403
-0.7571020063753986,0.11641984716644453
-0.7564775923495217,0.11439024103181608
-0.7558531783236457,0.11783385411326457
-0.7552287642977689,0.11420972405708316
-0.754604350271892,0.10265695326610438
-0.753979936246016,0.0922150040479696
-0.7533555222201391,0.08478524948970952
-0.7527311081942623,0.0809567179074909
-0.7521066941683863,0.09132587596498966
-0.7514822801425094,0.1227346191715265
-0.7508578661166325,0.153669707067916
-0.7502334520907556,0.15952569109407327
-0.7496090380648797,0.1477906404979464
-0.7489846240390028,0.1332949581039064
-0.7483602100131259,0.11632278670568116
-0.7477357959872499,0.10521301677944442
-0.7471113819613731,0.10326131307831696
-0.7464869679354962,0.10665114725647425
-0.7458625539096193,0.117920627145465
-0.7452381398837433,0.12152757159515308
-0.7446137258578664,0.10497715417043234
-0.7439893118319896,0.0889677821463611
-0.7433648978061136,0.10127920321548953
-0.7427404837802367,0.12770520863086998
-0.7421160697543598,0.13805704313272943
-0.741491655728483,0.1256925220885578
-0.740867241702607,0.11121922301327299
-0.7402428276767301,0.11244502040309032
-0.7396184136508532,0.12389021532895342
-0.7389939996249772,0.12820279610251545
-0.7383695855991004,0.13336782722943766
-0.7377451715732235,0.14635838965719247
-0.7371207575473466,0.15145123446671843
-0.7364963435214706,0.12673869007064248
-0.7358719294955938,0.0990860089943015
-0.7352475154697169,0.12521158421834308
-0.7346231014438409,0.16935446621838074
-0.733998687417964,0.1874812383216085
-0.7333742733920872,0.17574711807751897
-0.7327498593662103,0.17437805717587512
-0.7321254453403343,0.23156345262070807
-0.7315010313144574,0.23900559173295766
-0.7308766172885806,0.15506107588967852
-0.7302522032627046,0.08387030877756867
-0.7296277892368277,0.05837313414433409
-0.7290033752109508,0.07792289048173265
-0.728378961185074,0.12681867471251634
-0.727754547159198,0.14230392078177811
-0.7271301331333211,0.13489389817816835
-0.7265057191074442,0.1790726133891645
-0.7258813050815682,0.2745724334561859
-0.7252568910556914,0.3562826143458683
-0.7246324770298145,0.3498724745203197
-0.7240080630039385,0.27912392828152377
-0.7233836489780616,0.2406808237966493
-0.7227592349521847,0.2461679736412893
-0.7221348209263079,0.2419368709959251
-0.7215104069004319,0.26051033539744306
-0.720885992874555,0.30617296804133826
-0.7202615788486781,0.3205400262312462
-0.7196371648228022,0.31141609076775273
-0.7190127507969253,0.28828746129087485
-0.7183883367710484,0.252114165058214
-0.7177639227451715,0.2112750590494396
-0.7171395087192955,0.19890367740258072
-0.7165150946934187,0.2315808638657014
-0.7158906806675418,0.24784771824213214
-0.7152662666416658,0.24131131915759138
-0.7146418526157889,0.2491771618977338
-0.7140174385899121,0.26280952920561423
-0.7133930245640352,0.2722861489239994
-0.7127686105381592,0.2584982245899937
-0.7121441965122823,0.24067977193316614
-0.7115197824864055,0.2522165480257978
-0.7108953684605295,0.2578049534171147
-0.7102709544346526,0.24288931607980496
-0.7096465404087757,0.22887690135702302
-0.7090221263828989,0.2379329069493366
-0.7083977123570229,0.2921260318159641
-0.707773298331146,0.3482709059048877
-0.7071488843052691,0.3453071548371571
-0.7065244702793931,0.30756997663852587
-0.7059000562535163,0.29317888437108036
-0.7052756422276394,0.2874566976000782
-0.7046512282017625,0.2861822703145334
-0.7040268141758865,0.3000291814592297
-0.7034024001500097,0.2886037173110467
-0.7027779861241328,0.27764060922030037
-0.7021535720982568,0.2771291338375096
-0.7015291580723799,0.2582052977965255
-0.700904744046503,0.2348257542730285
-0.7002803300206262,0.21027337624240353
-0.6996559159947502,0.18358125126355387
-0.6990315019688733,0.1676813407217746
-0.6984070879429964,0.16772145230347418
-0.6977826739171205,0.19529168263100852
-0.6971582598912436,0.23143194838940112
-0.6965338458653667,0.24144942403158565
-0.6959094318394907,0.21226092149622752
-0.6952850178136138,0.19806643164760304
-0.694660603787737,0.2229277774961585
-0.6940361897618601,0.22870377484406212
-0.6934117757359841,0.22503125883429415
-0.6927873617101072,0.22473402994303013
-0.6921629476842304,0.2165329328014133
-0.6915385336583544,0.22991851481729758
-0.6909141196324775,0.23796749702151127
-0.6902897056066006,0.23169091167859976
-0.6896652915807238,0.22700556376397643
-0.6890408775548478,0.22753052710726393
-0.6884164635289709,0.2549991485447359
-0.687792049503094,0.2950785439222832
-0.687167635477218,0.29583033852791263
-0.6865432214513412,0.264532865277939
-0.6859188074254643,0.25175311739608713
-0.6852943933995874,0.25867915189434987
-0.6846699793737114,0.2760353613416361
-0.6840455653478346,0.27818040644229347
-0.6834211513219577,0.26470535808733253
-0.6827967372960817,0.2627122215533192
-0.6821723232702048,0.2496025398240266
-0.681547909244328,0.23196121397028607
-0.6809234952184511,0.2337647629336359
-0.6802990811925751,0.23043482896786838
-0.6796746671666982,0.23864923582172642
-0.6790502531408213,0.25814512950604873
-0.6784258391149454,0.25813750544902536
-0.6778014250890685,0.24539734889690754
-0.6771770110631916,0.2601620641620941
-0.6765525970373147,0.30478397807480034
-0.6759281830114388,0.32341787998967225
-0.6753037689855619,0.29761751433512995
-0.674679354959685,0.2633925146453885
-0.674054940933809,0.26866565957774097
-0.6734305269079321,0.3011279862178483
-0.6728061128820553,0.32488478236269314
-0.6721816988561784,0.3404025903795955
-0.6715572848303024,0.3333587459572055
-0.6709328708044255,0.31007863284481013
-0.6703084567785487,0.30417277837357515
-0.6696840427526727,0.300998793271423
-0.6690596287267958,0.2813129631484611
-0.6684352147009189,0.27963942775278927
-0.667810800675043,0.2893249141925235
-0.6671863866491661,0.2815251735046854
-0.6665619726232892,0.26442547634472763
-0.6659375585974123,0.24964547667324988
-0.6653131445715363,0.24724513231647482
-0.6646887305456595,0.25920385004820934
-0.6640643165197826,0.27541349957234607
-0.6634399024939066,0.2873139792746248
-0.6628154884680297,0.2964406218060506
-0.6621910744421529,0.29888948300297336
-0.661566660416276,0.30096377345983016
-0.6609422463904,0.3363686889550902
-0.6603178323645231,0.3750276710681844
-0.6596934183386463,0.3484766482766962
-0.6590690043127703,0.28010370342783536
-0.6584445902868934,0.23848699570646942
-0.6578201762610165,0.23566137841322599
-0.6571957622351396,0.25489089847914453
-0.6565713482092637,0.25890012730779666
-0.6559469341833868,0.243744786410155
-0.6553225201575099,0.24792690748878526
-0.6546981061316339,0.2572259691272928
-0.654073692105757,0.24997734836706273
-0.6534492780798802,0.2510445406360089
-0.6528248640540033,0.2471589565064857
-0.6522004500281273,0.2300535709943743
-0.6515760360022504,0.23865839369113787
-0.6509516219763736,0.26712844408888126
-0.6503272079504976,0.2681169582121927
-0.6497027939246207,0.24223621784277444
-0.6490783798987438,0.22502629708513008
-0.648453965872867,0.23473278304623624
-0.647829551846991,0.2559570997883813
-0.6472051378211141,0.26500000976988647
-0.6465807237952372,0.2788506468538234
-0.6459563097693612,0.2866870274999806
-0.6453318957434844,0.2596361910500882
-0.6447074817176075,0.22818784774454182
-0.6440830676917306,0.21700156619486913
-0.6434586536658546,0.21137697470309097
-0.6428342396399778,0.20603960706928323
-0.6422098256141009,0.2017876225439302
-0.6415854115882249,0.2037632336310054
-0.640960997562348,0.22092949678887805
-0.6403365835364712,0.2412432845172491
-0.6397121695105952,0.25601439457840963
-0.6390877554847183,0.24712241646094335
-0.6384633414588414,0.203186770652409
-0.6378389274329646,0.15011707934617247
-0.6372145134070886,0.13073105169902047
-0.6365900993812117,0.16477889056325765
-0.6359656853553348,0.2154230544925043
-0.6353412713294588,0.2232443948817132
-0.634716857303582,0.1910988529662469
-0.6340924432777051,0.18346838418132477
-0.6334680292518282,0.20554315918401342
-0.6328436152259522,0.23787717296376115
-0.6322192012000754,0.27915236546064315
-0.6315947871741985,0.2573338610841633
-0.6309703731483225,0.18091439197862086
-0.6303459591224456,0.13473725566658362
-0.6297215450965687,0.10721795225678028
-0.6290971310706919,0.07597607407177401
-0.6284727170448159,0.05796832683660709
-0.627848303018939,0.06095327185299095
-0.6272238889930621,0.11710367257307693
-0.6265994749671862,0.22122452653473404
-0.6259750609413093,0.27397884292786123
-0.6253506469154324,0.24574120444346909
-0.6247262328895555,0.20818204306190843
-0.6241018188636795,0.18409463124651354
-0.6234774048378027,0.1717966584204666
-0.6228529908119258,0.19263651390399392
-0.6222285767860498,0.2140099697201962
-0.6216041627601729,0.21546791945042237
-0.6209797487342961,0.22924303142521932
-0.6203553347084192,0.2439294241210376
-0.6197309206825432,0.2590805041604909
-0.6191065066566663,0.2678576756447149
-0.6184820926307895,0.27343351548081546
-0.6178576786049135,0.2829428625359943
-0.6172332645790366,0.2942747273755358
-0.6166088505531597,0.3087556472608161
-0.6159844365272829,0.27890695656038955
-0.6153600225014069,0.2374049512381616
-0.61473560847553,0.23536978414252485
-0.6141111944496531,0.24495465707564743
-0.6134867804237771,0.2688724094713054
-0.6128623663979003,0.29665336782622576
-0.6122379523720234,0.2957983853058491
-0.6116135383461474,0.2685650874895578
-0.6109891243202705,0.24410358308505872
-0.6103647102943937,0.2210084710134433
-0.6097402962685168,0.17903499430551456
-0.6091158822426408,0.13915092255353756
-0.6084914682167639,0.14216367675272393
-0.607867054190887,0.18810975755260295
-0.6072426401650111,0.21519272946519385
-0.6066182261391342,0.221900816809003
-0.6059938121132573,0.23191731640111354
-0.6053693980873804,0.23465461474796184
-0.6047449840615045,0.23081024381782478
-0.6041205700356276,0.21724013611578682
-0.6034961560097507,0.2026655649004657
-0.6028717419838747,0.21137525828750778
-0.6022473279579978,0.23900498610943605
-0.601622913932121,0.25574198637982437
-0.6009984999062441,0.2534335425601241
-0.6003740858803681,0.2585697074329838
-0.5997496718544912,0.2646396716082294
-0.5991252578286144,0.2546169222610941
-0.5985008438027384,0.26440265390144524
-0.5978764297768615,0.3001922680443937
-0.5972520157509846,0.32068080001497157
-0.5966276017251078,0.3266339955428502
-0.5960031876992318,0.3089833088246253
-0.5953787736733549,0.26136068370243437
-0.594754359647478,0.22038903870103455
-0.594129945621602,0.1978423305891816
-0.5935055315957252,0.1800883703364941
-0.5928811175698483,0.17275846224896801
-0.5922567035439714,0.19203275245576396
-0.5916322895180954,0.2167686191392776
-0.5910078754922186,0.24054251600820917
-0.5903834614663417,0.24498115648714505
-0.5897590474404657,0.2138145639930395
-0.5891346334145888,0.18967836710738295
-0.588510219388712,0.18314959259843328
-0.5878858053628351,0.17054591408813807
-0.5872613913369591,0.15942921278667085
-0.5866369773110822,0.16697401794040617
-0.5860125632852053,0.174858729462673
-0.5853881492593294,0.1636042458316544
-0.5847637352334525,0.15366452967635252
-0.5841393212075756,0.1533550354976388
-0.5835149071816996,0.1452462358372107
-0.5828904931558228,0.135186111231005
-0.5822660791299459,0.12387405663850379
-0.581641665104069,0.13144017556660034
-0.581017251078193,0.15111610129842173
-0.5803928370523161,0.1609526640996421
-0.5797684230264393,0.16507774606882802
-0.5791440090005633,0.17693099192489817
-0.5785195949746864,0.21096184542036073
-0.5778951809488095,0.21473055588096784
-0.5772707669229327,0.16982401474153125
-0.5766463528970567,0.15110183625615073
-0.5760219388711798,0.18662260333703357
-0.5753975248453029,0.23379469840048578
-0.574773110819427,0.23776586937727426
-0.5741486967935501,0.22499554126811921
-0.5735242827676732,0.2629143281173272
-0.5728998687417963,0.30643945611206264
-0.5722754547159203,0.2990728661209674
-0.5716510406900435,0.26941308766127614
-0.5710266266641666,0.24709230857948672
-0.5704022126382906,0.23326882148881722
-0.5697777986124137,0.22368971233593596
-0.5691533845865369,0.2129963673342588
-0.56852897056066,0.20263457134125312
-0.567904556534784,0.20869866045218846
-0.5672801425089071,0.21217922376368697
-0.5666557284830303,0.19105927516066815
-0.5660313144571543,0.16062328213215574
-0.5654069004312774,0.1292500669772707
-0.5647824864054005,0.11210403405037328
-0.5641580723795236,0.10786637863809045
-0.5635336583536477,0.09675767072660212
-0.5629092443277708,0.0926616000057924
-0.5622848303018939,0.09737061483475955
-0.5616604162760179,0.10208752299156432
-0.561036002250141,0.11439712324697096
-0.5604115882242642,0.11022125424677538
-0.5597871741983873,0.08403019596129817
-0.5591627601725113,0.07430347186631721
-0.5585383461466344,0.0867518836975095
-0.5579139321207576,0.09986117814662546
-0.5572895180948816,0.11068468525184236
-0.5566651040690047,0.1271582628416759
-0.5560406900431278,0.14762874421520963
-0.555416276017251,0.15543915279898435
-0.554791861991375,0.14204033637146857
-0.5541674479654981,0.13047199556084618
-0.5535430339396212,0.135183094216912
-0.5529186199137452,0.13822086890141277
-0.5522942058878684,0.13443709175865978
-0.5516697918619915,0.13132281161256013
-0.5510453778361155,0.13236500310278773
-0.5504209638102386,0.13740144234983603
-0.5497965497843618,0.1329503086249225
-0.5491721357584849,0.11955375496126727
-0.5485477217326089,0.10266708211479281
-0.547923307706732,0.09390546159553428
-0.5472988936808552,0.11775098434278616
-0.5466744796549792,0.14695428577171002
-0.5460500656291023,0.15108662789195756
-0.5454256516032254,0.1401041019905404
-0.5448012375773486,0.12630599510448431
-0.5441768235514726,0.12808099992956262
-0.5435524095255957,0.1322464142710571
-0.5429279954997188,0.11940419763417029
-0.5423035814738428,0.1131103251149657
-0.541679167447966,0.11569727561603502
-0.5410547534220891,0.11260970088062691
-0.5404303393962122,0.10913289278234865
-0.5398059253703362,0.10839603109328177
-0.5391815113444594,0.1138256231334317
-0.5385570973185825,0.10717525846336422
-0.5379326832927065,0.08197526416872393
-0.5373082692668296,0.06666126831961987
-0.5366838552409527,0.06631873628827127
-0.5360594412150759,0.06416023704949605
-0.5354350271891999,0.05217879567833864
-0.534810613163323,0.03953225295690647
-0.5341861991374461,0.03136603974582259
-0.5335617851115702,0.024503912055905623
-0.5329373710856933,0.020365998164688495
-0.5323129570598164,0.017450724190835258
-0.5316885430339395,0.013753491145896416
-0.5310641290080635,0.010118221699371785
-0.5304397149821867,0.006077153627897222
-0.5298153009563098,0.004373257007629987
-0.5291908869304338,0.00904699944514829
-0.5285664729045569,0.016612339914397655
-0.5279420588786801,0.02889916021547989
-0.5273176448528032,0.05366484452297763
-0.5266932308269272,0.08892883094296533
-0.5260688168010503,0.11667023450042813
-0.5254444027751735,0.11244331607125965
-0.5248199887492975,0.10122884612483407
-0.5241955747234206,0.11932120417114997
-0.5235711606975437,0.15656755268821104
-0.5229467466716677,0.19778074072701074
-0.5223223326457909,0.2778925729074873
-0.521697918619914,0.32592992374008845
-0.5210735045940371,0.251045020940886
-0.5204490905681611,0.1667077283449118
-0.5198246765422843,0.14618219303878233
-0.5192002625164074,0.13911406330246076
-0.5185758484905314,0.12691243250833836
-0.5179514344646545,0.11664046102459331
-0.5173270204387777,0.12574717105075534
-0.5167026064129008,0.12584744244376816
-0.5160781923870248,0.08779626479132926
-0.5154537783611479,0.06614807392202851
-0.514829364335271,0.07335209076263878
-0.5142049503093951,0.07284227566054267
-0.5135805362835182,0.06213387831372023
-0.5129561222576413,0.05748102584514216
-0.5123317082317644,0.06494807543560605
-0.5117072942058885,0.08125356374200814
-0.5110828801800116,0.10002520230885295
-0.5104584661541347,0.1253374598234999
-0.5098340521282587,0.16644938372924833
-0.5092096381023818,0.21319921569085923
-0.508585224076505,0.2527786052846468
-0.5079608100506281,0.25656528544139234
-0.5073363960247521,0.2365600251100563
-0.5067119819988752,0.23154952499597353
-0.5060875679729984,0.23126706142942632
-0.5054631539471224,0.21416295720759865
-0.5048387399212455,0.19469538371105288
-0.5042143258953686,0.22059744725016728
-0.5035899118694918,0.26566213780280545
-0.5029654978436158,0.2421929205878004
-0.5023410838177389,0.18720647576069155
-0.501716669791862,0.2004094159949153
-0.501092255765986,0.25728914945361586
-0.5004678417401092,0.2838090023204615
-0.4998434277142323,0.2859020781789063
-0.4992190136883554,0.3007890512787652
-0.49859459966247943,0.29894800847774683
-0.49797018563660256,0.26555792707330905
-0.4973457716107257,0.24771612831776949
-0.4967213575848497,0.22728309030376717
-0.4960969435589728,0.19997509732845214
-0.49547252953309595,0.20230378211267505
-0.49484811550721997,0.1736742531506033
-0.4942237014813431,0.13550255928866872
-0.4935992874554662,0.16369970183654253
-0.49297487342958934,0.19665607196593918
-0.49235045940371336,0.19311696545145252
-0.4917260453778365,0.17852214168095876
-0.4911016313519596,0.18395630521739179
-0.4904772173260836,0.19615112292289855
-0.48985280330020675,0.18617571482332562
-0.4892283892743299,0.18189903501437718
-0.488603975248453,0.20003279997499793
-0.487979561222577,0.20994981962104595
-0.48735514719670014,0.21456090672160455
-0.48673073317082327,0.23949693950414447
-0.4861063191449473,0.24149682406482537
-0.4854819051190704,0.21340109657993978
-0.48485749109319354,0.20111684042335484
-0.48423307706731666,0.22594003956198475
-0.4836086630414407,0.24658045362342876
-0.4829842490155638,0.23551513300808372
-0.48235983498968693,0.24679944228656753
-0.48173542096381095,0.27021358816379515
-0.48111100693793407,0.2841665285073422
-0.4804865929120572,0.31161210532807104
-0.4798621788861803,0.3367251969878401
-0.47923776486030434,0.33269079847402266
-0.47861335083442746,0.3096739214485933
-0.4779889368085506,0.27850155267966037
-0.4773645227826746,0.25027838409462577
-0.47674010875679773,0.2393653720358905
-0.47611569473092086,0.22731467247866782
-0.475491280705044,0.22292656749959905
-0.474866866679168,0.24269324177109333
-0.4742424526532911,0.2649698214894617
-0.47361803862741425,0.2780393438345009
-0.47299362460153827,0.2852839169406606
-0.4723692105756614,0.28810547391146596
-0.4717447965497845,0.2915648053356374
-0.47112038252390764,0.29888019104634045
-0.47049596849803166,0.2978293885052758
-0.4698715544721548,0.30053116137202046
-0.4692471404462779,0.314836428438235
-0.4686227264204019,0.32346299750600144
-0.46799831239452505,0.3028450904316318
-0.4673738983686482,0.27806624875193625
-0.4667494843427722,0.28128252225049466
-0.4661250703168953,0.2737007960009031
-0.46550065629101844,0.255847498999379
-0.46487624226514157,0.24383984550911456
-0.4642518282392656,0.23928726085431323
-0.4636274142133887,0.2514812645823483
-0.46300300018751184,0.26242049475882506
-0.46237858616163585,0.26956887729079126
-0.461754172135759,0.2973739281680386
-0.4611297581098821,0.3141723724526679
-0.46050534408400523,0.3007252733902152
-0.45988093005812924,0.3137907489590899
-0.45925651603225237,0.344382836457665
-0.4586321020063755,0.32628782129915235
-0.4580076879804995,0.2819076278376137
-0.45738327395462264,0.26131214495555566
-0.45675885992874576,0.2530462431040045
-0.4561344459028689,0.2312596520916589
-0.4555100318769929,0.1957860519628231
-0.45488561785111603,0.17657017511218615
-0.45426120382523916,0.18699563126289928
-0.45363678979936317,0.18447839473050942
-0.4530123757734863,0.1719767832158165
-0.4523879617476094,0.1711454583651036
-0.45176354772173255,0.17364029410475684
-0.45113913369585656,0.18629329003696757
-0.4505147196699797,0.19473103582457146
-0.4498903056441028,0.19832427198873417
-0.44926589161822683,0.21435936247904577
-0.44864147759234996,0.23771162713070945
-0.4480170635664731,0.24244644208129768
-0.4473926495405962,0.21964864638695752
-0.4467682355147202,0.2182496612520235
-0.44614382148884335,0.24088637529936122
-0.4455194074629665,0.22897346000091406
-0.4448949934370905,0.20548769490877744
-0.4442705794112136,0.20199179508125198
-0.44364616538533674,0.21786016772592096
-0.44302175135945987,0.2569941962472968
-0.4423973373335839,0.2636825865193214
-0.441772923307707,0.21892478246781333
-0.44114850928183014,0.1988796454992958
-0.44052409525595415,0.2185054196793234
-0.4398996812300773,0.24965559159491085
-0.4392752672042004,0.296279607037676
-0.4386508531783244,0.3296361650967935
-0.43802643915244754,0.347600766030315
-0.43740202512657067,0.3855111551394981
-0.4367776111006938,0.3945916723205728
-0.4361531970748178,0.3383431448743285
-0.43552878304894094,0.30358658641234687
-0.43490436902306406,0.3144444549064983
-0.4342799549971881,0.299175952541132
-0.4336555409713112,0.2468712607243735
-0.43303112694543433,0.20668857706533336
-0.43240671291955746,0.18191248832455584
-0.43178229889368147,0.196962897045908
-0.4311578848678046,0.25472321808042186
-0.4305334708419277,0.2587823674664905
-0.42990905681605174,0.24056252536354247
-0.42928464279017486,0.2643404074893366
-0.428660228764298,0.29270524487643423
-0.4280358147384211,0.27870794750017225
-0.42741140071254513,0.25018904758177324
-0.42678698668666826,0.25326134015273694
-0.4261625726607914,0.2697243245856098
-0.4255381586349154,0.2703199321015145
-0.4249137446090385,0.2559504256800665
-0.42428933058316165,0.2514201210842262
-0.4236649165572848,0.2595989527583365
-0.4230405025314088,0.2519686740352006
-0.4224160885055319,0.2177909936873474
-0.42179167447965504,0.22086930500724952
-0.42116726045377906,0.2912580827538908
-0.4205428464279022,0.3205427240547417
-0.4199184324020253,0.2643525117292265
-0.41929401837614844,0.23297364641873913
-0.41866960435027245,0.28432829642944124
-0.4180451903243956,0.3530267218165949
-0.4174207762985187,0.3781151249437492
-0.4167963622726427,0.3687601741706347
-0.41617194824676584,0.35842828170251245
-0.41554753422088897,0.3487267644998585
-0.4149231201950121,0.3524763004039886
-0.4142987061691361,0.3888989061321904
-0.41367429214325924,0.40468022216750466
-0.41304987811738236,0.38750726480927705
-0.4124254640915064,0.37690552976282
-0.4118010500656295,0.3755104221442167
-0.41117663603975263,0.3966476638179603
-0.41055222201387664,0.42484701267593106
-0.40992780798799977,0.43310873791662213
-0.4093033939621229,0.4355700448077566
-0.408678979936246,0.434783354072508
-0.40805456591037004,0.428564345363334
-0.40743015188449316,0.4175743940465044
-0.4068057378586163,0.37951301557884787
-0.4061813238327403,0.3235169359350787
-0.40555690980686343,0.3029757850602051
-0.40493249578098656,0.3257246996114041
-0.4043080817551097,0.3452691759792903
-0.4036836677292337,0.3322063852172856
-0.4030592537033568,0.3184719792155208
-0.40243483967747995,0.35115570071112584
-0.40181042565160396,0.41462359373265506
-0.4011860116257271,0.4099360659068393
-0.4005615975998502,0.33509023418250516
-0.39993718357397334,0.27222826181021637
-0.39931276954809736,0.2447549274490294
-0.3986883555222205,0.2497749819654708
-0.3980639414963436,0.2633994517207267
-0.3974395274704676,0.27329742846856975
-0.39681511344459075,0.28320989435223226
-0.3961906994187139,0.2899558795878737
-0.395566285392837,0.3040405022376821
-0.394941871366961,0.3267249834703242
-0.39431745734108414,0.35344429761627494
-0.39369304331520727,0.3868206868307599
-0.3930686292893313,0.42475255408325535
-0.3924442152634544,0.44920115479526324
-0.39181980123757754,0.45165828621650517
-0.39119538721170066,0.45150305228925747
-0.3905709731858247,0.44899978643484373
-0.3899465591599478,0.46434115733423686
-0.38932214513407093,0.48970636958043573
-0.38869773110819494,0.5067223385242206
-0.38807331708231807,0.5085698366039957
-0.3874489030564412,0.5039044032520611
-0.3868244890305643,0.5615047979555998
-0.38620007500468834,0.6098922292327084
-0.38557566097881146,0.5392259788465223
-0.3849512469529346,0.4469990403100823
-0.3843268329270586,0.4006524889793305
-0.38370241890118173,0.37914739675092485
-0.38307800487530486,0.37843410029684155
-0.38245359084942887,0.38516675719573046
-0.381829176823552,0.3726957850319694
-0.3812047627976751,0.3484067512152589
-0.38058034877179825,0.3893250246559087
-0.37995593474592226,0.5159222804528508
-0.3793315207200454,0.6091900773215377
-0.3787071066941685,0.5499684525274758
-0.37808269266829253,0.37669156562926165
-0.37745827864241566,0.21790027802399856
-0.3768338646165388,0.19348559791381634
-0.3762094505906619,0.26419191041693524
-0.3755850365647859,0.29577741238706684
-0.37496062253890905,0.27686902643320777
-0.3743362085130322,0.25316387230091314
-0.3737117944871562,0.2608502701616582
-0.3730873804612793,0.2561407780748001
-0.37246296643540244,0.1918315167393992
-0.37183855240952557,0.18111278396348812
-0.3712141383836496,0.27342523296825727
-0.3705897243577727,0.37217193654674474
-0.36996531033189584,0.36212845922573245
-0.36934089630601985,0.2511920389476676
-0.368716482280143,0.19875229362178093
-0.3680920682542661,0.2859248091634282
-0.36746765422838923,0.3769670889397174
-0.36684324020251324,0.3713233918348343
-0.36621882617663637,0.3329039302335897
-0.3655944121507595,0.2863250429664151
-0.3649699981248835,0.26311816481294115
-0.36434558409900664,0.27561525712416673
-0.36372117007312976,0.289106640546965
-0.3630967560472529,0.29900708375774826
-0.3624723420213769,0.2910356280065604
-0.36184792799550003,0.30609253044547846
-0.36122351396962316,0.33651635172431266
-0.36059909994374717,0.30227056286027426
-0.3599746859178703,0.22891471287883042
-0.3593502718919934,0.1672381322767898
-0.35872585786611655,0.11845894928589233
-0.35810144384024056,0.12065471889648904
-0.3574770298143637,0.21235980382699043
-0.3568526157884868,0.32473049953024863
-0.35622820176261083,0.3275646418207552
-0.35560378773673396,0.2238486097569389
-0.3549793737108571,0.16661286434575348
-0.3543549596849802,0.14297637306302885
-0.3537305456591042,0.09512578056547642
-0.35310613163322735,0.09489157795190138
-0.3524817176073505,0.12418999987044284
-0.3518573035814745,0.14911533324912743
-0.3512328895555976,0.19296088833001904
-0.35060847552972074,0.21245605501683662
-0.34998406150384476,0.20096526369081297
-0.3493596474779679,0.19620954872790855
-0.348735233452091,0.20015617826664958
-0.34811081942621414,0.2208448867943741
-0.34748640540033815,0.24491119820208587
-0.3468619913744613,0.24321003647500908
-0.3462375773485844,0.2269036094088393
-0.3456131633227084,0.2237705020936053
-0.34498874929683154,0.2161089788722763
-0.34436433527095467,0.17073737264459646
-0.3437399212450778,0.09090119251854092
-0.3431155072192018,0.02734787889653852
-0.34249109319332494,0.026283887622314633
-0.34186667916744806,0.09356370654415176
-0.3412422651415721,0.1709353007346455
-0.3406178511156952,0.2070512890976933
-0.33999343708981833,0.24056829354494833
-0.33936902306394146,0.26915649220434334
-0.33874460903806547,0.274014042874584
-0.3381201950121886,0.2595642649355179
-0.3374957809863117,0.22483862803478746
-0.33687136696043574,0.19444874930672568
-0.33624695293455886,0.13997802436570422
-0.335622538908682,0.09170439787060228
-0.3349981248828051,0.1346771005363974
-0.33437371085692913,0.2193319825093151
-0.33374929683105226,0.2872699583940997
-0.3331248828051754,0.31705956842301225
-0.3325004687792994,0.2633738677644091
-0.3318760547534225,0.21930167987730828
-0.33125164072754565,0.22184692300726944
-0.3306272267016688,0.2676436441583132
-0.3300028126757928,0.3370248241726773
-0.3293783986499159,0.3103615091029932
-0.32875398462403904,0.2890485321093067
-0.32812957059816306,0.35706748890109086
-0.3275051565722862,0.27697066064591414
-0.3268807425464093,0.08461804630446282
-0.32625632852053243,0.008927200560805499
-0.32563191449465645,0.007428877130353603
-0.3250075004687796,0.004995690286926537
-0.3243830864429027,0.0012008213833124295
-0.3237586724170267,0.00013388032632585846
-0.32313425839114984,0.00011207345585956025
-0.32250984436527297,0.0008255996779244195
-0.321885430339397,0.0035368164233071145
-0.3212610163135201,0.004866459909839967
-0.32063660228764324,0.002979401778291384
-0.32001218826176636,0.003257146058427575
-0.3193877742358904,0.006261067712944183
-0.3187633602100135,0.007634043281606206
-0.31813894618413663,0.004800640584012897
-0.31751453215826064,0.0035115703908926155
-0.31689011813238377,0.007006696992403095
-0.3162657041065069,0.0077445074082551964
-0.31564129008063,0.00417874038530499
-0.31501687605475404,0.001240113100674497
-0.31439246202887716,0.0005996891070442708
-0.3137680480030003,0.0008646171674679957
-0.3131436339771243,0.002794124587680823
-0.31251921995124743,0.00482637371768353
-0.31189480592537056,0.006528628078619725
-0.3112703918994937,0.009587758995453834
-0.3106459778736177,0.008028653419221363
-0.3100215638477408,0.0029190069638841457
-0.30939714982186395,0.0009232579535620374
-0.30877273579598796,0.000574612570258087
-0.3081483217701111,0.00019422899870235168
-0.3075239077442342,8.307589571058138e-05
-0.30689949371835734,0.0017790328931743273
-0.30627507969248136,0.007056438621070764
-0.3056506656666045,0.008636849096456326
-0.3050262516407276,0.0035334643762968384
-0.3044018376148516,0.00042088448089763856
-0.30377742358897475,0.0010827691771831327
-0.3031530095630979,0.003983678159974569
-0.302528595537221,0.009529525470759654
-0.301904181511345,0.013386057395965462
-0.30127976748546814,0.03977705305073699
-0.30065535345959127,0.10868544219015727
-0.3000309394337153,0.12294729599888528
-0.2994065254078384,0.07833063506227508
-0.29878211138196153,0.08125011872760027
-0.29815769735608466,0.1685063685723035
-0.2975332833302087,0.28888494029063233
-0.2969088693043318,0.2919131362248421
-0.29628445527845493,0.2017913045842011
-0.29566004125257894,0.1348768288807436
-0.29503562722670207,0.10116171694665899
-0.2944112132008252,0.0701780431608108
-0.2937867991749492,0.052633592757089474
-0.29316238514907234,0.05682450821048779
-0.29253797112319546,0.06983636520611279
-0.2919135570973186,0.06780122039235288
-0.2912891430714426,0.043426531661205234
-0.29066472904556573,0.040417222535806915
-0.29004031501968885,0.05228990625462955
-0.28941590099381287,0.047103721199869296
-0.288791486967936,0.029246684699751384
-0.2881670729420591,0.027705716955043903
-0.28754265891618225,0.03417189462842185
-0.28691824489030626,0.020799046345317436
-0.2862938308644294,0.012141366317924557
-0.2856694168385525,0.0158174321262213
-0.28504500281267653,0.010669514570317782
-0.28442058878679966,0.006127747431222723
-0.2837961747609228,0.013348438889096908
-0.2831717607350459,0.04738936333420798
-0.2825473467091699,0.11730342162862828
-0.28192293268329305,0.14502209318585188
-0.2812985186574162,0.09341785124013072
-0.2806741046315402,0.06474695184006356
-0.2800496906056633,0.07515340624996197
-0.27942527657978644,0.07060469888966779
-0.27880086255390957,0.05573040061300295
-0.2781764485280336,0.0455933244865096
-0.2775520345021567,0.05073730243146028
-0.27692762047627983,0.05458343561029903
-0.27630320645040385,0.0295736047090982
-0.275678792424527,0.006945207560560084
-0.2750543783986501,0.008540533855017384
-0.2744299643727732,0.013445578098979019
-0.27380555034689724,0.010155300387851802
-0.27318113632102037,0.015982647087195698
-0.2725567222951435,0.04889827937469664
-0.2719323082692675,0.08660586364384884
-0.27130789424339063,0.09574446445498601
-0.27068348021751376,0.08427635217063345
-0.2700590661916369,0.09366935556906754
-0.2694346521657609,0.11373018141975655
-0.26881023813988403,0.10635044187839085
-0.26818582411400715,0.10335717027787568
-0.26756141008813117,0.12452750576585758
-0.2669369960622543,0.12194360026645354
-0.2663125820363774,0.09257315360005161
-0.26568816801050144,0.06640132682586268
-0.26506375398462456,0.04604118017445806
-0.2644393399587477,0.038484664166709294
-0.2638149259328708,0.039339410966948186
-0.26319051190699483,0.033383357342754556
-0.26256609788111795,0.023086881572024525
-0.2619416838552411,0.014200571942444382
-0.2613172698293651,0.008263008666476931
-0.2606928558034882,0.009160253590433997
-0.26006844177761135,0.01700676403714704
-0.2594440277517345,0.025742910944425757
-0.2588196137258585,0.03311469155500381
-0.2581951996999816,0.042731117519487355
-0.25757078567410474,0.052922806882246966
-0.25694637164822876,0.06826739929226448
-0.2563219576223519,0.0898977962414334
-0.255697543596475,0.10822819245691098
-0.25507312957059813,0.13650444532211412
-0.25444871554472215,0.15054606715203334
-0.2538243015188453,0.10739039823990877
-0.2531998874929684,0.06371143094559768
-0.2525754734670924,0.10458615156365303
-0.25195105944121554,0.20084206154032525
-0.25132664541533867,0.24767198640833424
-0.2507022313894618,0.2263222628401677
-0.2500778173635858,0.2194222755260972
-0.24945340333770893,0.2632597027111111
-0.24882898931183206,0.2791173771712413
-0.24820457528595607,0.2959632135382445
-0.2475801612600792,0.4367257634632761
-0.24695574723420233,0.6056582462481407
-0.24633133320832545,0.6292293796759365
-0.24570691918244947,0.6009538019727675
-0.2450825051565726,0.629178163276174
-0.24445809113069572,0.6762859156957172
-0.24383367710481973,0.7530882567481869
-0.24320926307894286,0.8140889458673408
-0.242584849053066,0.9092556460250447
-0.2419604350271891,0.9878008778781695
-0.24133602100131313,0.6919905550797745
-0.24071160697543625,0.21866986866245003
-0.24008719294955938,0.022461412130330864
-0.2394627789236834,0.006504150435039116
-0.23883836489780652,0.010211296304345656
-0.23821395087192965,0.011986833177511166
-0.23758953684605366,0.007365505771253232
-0.2369651228201768,0.004293760526381037
-0.23634070879429991,0.0015220144196226477
-0.23571629476842304,0.00017526475681156343
-0.23509188074254705,0.00013920828592677278
-0.23446746671667018,0.00023472137870209178
-0.2338430526907933,0.00025115224326591483
-0.23321863866491732,0.0012024278668288893
-0.23259422463904045,0.0031906109885810148
-0.23196981061316357,0.06586677382828479
-0.2313453965872867,0.26225462356264795
-0.23072098256141071,0.37625695923708635
-0.23009656853553384,0.2737058661984547
-0.22947215450965697,0.17562626339876203
-0.22884774048378098,0.1554756945577013
-0.2282233264579041,0.15541613652217973
-0.22759891243202723,0.16762825663150527
-0.22697449840615036,0.20341456198076427
-0.22635008438027437,0.2937333875930022
-0.2257256703543975,0.3403329892579353
-0.22510125632852063,0.2365962138791235
-0.22447684230264464,0.18639646825576042
-0.22385242827676777,0.2702899241947014
-0.2232280142508909,0.3412654744227817
-0.22260360022501402,0.3613871252212314
-0.22197918619913803,0.38311229848502
-0.22135477217326116,0.38947081310018883
-0.2207303581473843,0.34429864864987747
-0.2201059441215083,0.2724231341421442
-0.21948153009563143,0.21960968331977443
-0.21885711606975455,0.22687523079121985
-0.21823270204387768,0.2503551508822498
-0.2176082880180017,0.2563614164830503
-0.21698387399212482,0.24764922442717494
-0.21635945996624795,0.25031964212877117
-0.21573504594037196,0.23220306198174834
-0.2151106319144951,0.12999891737839275
-0.2144862178886182,0.04304588639910805
-0.21386180386274134,0.030791799496137424
-0.21323738983686535,0.04006776230124936
-0.21261297581098848,0.04688608125362258
-0.2119885617851116,0.05387415339477876
-0.21136414775923562,0.06844433445676411
-0.21073973373335875,0.09276318610582099
-0.21011531970748187,0.11002880215032032
-0.2094909056816059,0.12704656103938808
-0.20886649165572901,0.1341394064207652
-0.20824207762985214,0.10016360862088629
-0.20761766360397527,0.052089813239029725
-0.20699324957809928,0.019692656896336945
-0.2063688355522224,0.00569687276092899
-0.20574442152634553,0.022405347810484963
-0.20512000750046955,0.09598130540828922
-0.20449559347459267,0.16988270273582395
-0.2038711794487158,0.18843345248018234
-0.20324676542283893,0.17272708711294704
-0.20262235139696294,0.12187749607177681
-0.20199793737108607,0.06615113906877948
-0.2013735233452092,0.06220033598374255
-0.2007491093193332,0.13098206120878614
-0.20012469529345633,0.1966320900918191
-0.19950028126757946,0.18519083886571383
-0.1988758672417026,0.18206270990389442
-0.1982514532158266,0.27473065387883
-0.19762703918994973,0.41937612342526454
-0.19700262516407285,0.5017951160667512
-0.19637821113819687,0.43943965853858025
-0.19575379711232,0.32586206402195117
-0.19512938308644312,0.2714831935534181
-0.19450496906056625,0.2387799730255252
-0.19388055503469026,0.19439692555956098
-0.1932561410088134,0.1653841218823787
-0.1926317269829365,0.13594304158170717
-0.19200731295706053,0.09097034647315139
-0.19138289893118365,0.08546415304808602
-0.19075848490530678,0.12389590209021448
-0.1901340708794299,0.205785624109405
-0.18950965685355392,0.2426377736635405
-0.18888524282767705,0.14547226285902742
-0.18826082880180017,0.05691335886071752
-0.1876364147759242,0.16443845003576954
-0.1870120007500473,0.3697572980470255
-0.18638758672417044,0.3742284433421226
-0.18576317269829357,0.18960360777726354
-0.18513875867241758,0.056558009489081316
-0.1845143446465407,0.08000215027117019
-0.18388993062066383,0.2520326684984541
-0.18326551659478785,0.39711049236831153
-0.18264110256891097,0.2600778234351805
-0.1820166885430341,0.06525172095931807
-0.18139227451715811,0.05816817563911052
-0.18076786049128124,0.10546581936695805
-0.18014344646540437,0.1181838965591907
-0.1795190324395275,0.11536583852840795
-0.1788946184136515,0.14373417072954947
-0.17827020438777463,0.21166455917178628
-0.17764579036189776,0.2943624538490629
-0.17702137633602177,0.37527388080257534
-0.1763969623101449,0.448629486394061
-0.17577254828426803,0.47734709491461247
-0.17514813425839115,0.5102358449318872
-0.17452372023251517,0.5341689900445585
-0.1738993062066383,0.44701531994841226
-0.17327489218076142,0.34606069407901086
-0.17265047815488543,0.2982953501339748
-0.17202606412900856,0.21816269117041442
-0.1714016501031317,0.2052003669902763
-0.1707772360772548,0.2373285921437343
-0.17015282205137883,0.12014786637908673
-0.16952840802550195,0.015564710652848968
-0.16890399399962508,0.0021962933260085134
-0.1682795799737491,0.0003347299044411386
-0.16765516594787222,0.00027354185763871946
-0.16703075192199535,5.095045016381812e-05
-0.16640633789611847,0.00011017406757662495
-0.1657819238702425,0.00025469816971435247
-0.1651575098443656,0.0005271108032664517
-0.16453309581848874,0.0003162122682740748
-0.16390868179261275,5.533419380191612e-05
-0.16328426776673588,1.0707080451588636e-05
-0.162659853740859,8.506235048621555e-06
-0.16203543971498213,7.80577544279219e-06
-0.16141102568910615,4.073677361645901e-06
-0.16078661166322927,5.498792918283756e-06
-0.1601621976373524,2.786678479912856e-06
-0.1595377836114764,3.795680738992161e-06
-0.15891336958559954,2.466430775176037e-06
-0.15828895555972267,3.022771342580885e-06
-0.1576645415338458,2.382900716062375e-06
-0.1570401275079698,4.242999482114801e-06
-0.15641571348209293,2.2843418311060004e-06
-0.15579129945621606,1.2571912763944035e-05
-0.15516688543034007,4.645093535850971e-06
-0.1545424714044632,7.291916363088363e-05
-0.15391805737858633,0.00014275578689604133
-0.15329364335270945,0.004502881928437363
-0.15266922932683347,0.014166407505451697
-0.1520448153009566,0.013113176886605984
-0.15142040127507972,0.003431704516938931
-0.15079598724920373,6.885299939599883e-05
-0.15017157322332686,6.725503033881113e-05
-0.14954715919744999,3.499947019082375e-06
-0.148922745171574,1.0037110355407566e-05
-0.14829833114569713,1.9500134406083425e-06
-0.14767391711982025,2.3534036091027515e-06
-0.14704950309394338,1.5951079458821985e-06
-0.1464250890680674,7.896394480034818e-07
-0.14580067504219052,2.8523553412805243e-06
-0.14517626101631365,3.507428794669395e-07
-0.14455184699043766,7.352450151243847e-05
-0.1439274329645608,0.00040237019646141987
-0.1433030189386839,0.000533582852962438
-0.14267860491280704,0.00020649598754189728
-0.14205419088693105,9.324816344478284e-06
-0.14142977686105418,2.8441149344075666e-06
-0.1408053628351773,3.2683871528657235e-07
-0.14018094880930132,6.647627859130949e-07
-0.13955653478342445,1.2618522831071418e-07
-0.13893212075754757,2.803726492777363e-07
-0.1383077067316707,1.2980009135310757e-07
-0.1376832927057947,1.5164492947523484e-07
-0.13705887867991784,1.339014643345029e-07
-0.13643446465404097,9.742251702403719e-08
-0.13581005062816498,1.266269076154655e-07
-0.1351856366022881,7.650693879511703e-08
-0.13456122257641123,1.09894829869544e-07
-0.13393680855053436,7.327441466615758e-08
-0.13331239452465837,8.832139560039807e-08
-0.1326879804987815,7.802175287070149e-08
-0.13206356647290463,6.747941865373188e-08
-0.13143915244702864,8.32125078905714e-08
-0.13081473842115177,5.24962740003303e-08
-0.1301903243952749,8.345779833340359e-08
-0.12956591036939802,4.660891764612855e-08
-0.12894149634352203,7.633535166343692e-08
-0.12831708231764516,5.007043875984463e-08
-0.12769266829176829,6.292629626867008e-08
-0.1270682542658923,5.987610280619773e-08
-0.12644384024001543,4.746562940906289e-08
-0.12581942621413855,7.060819456069458e-08
-0.12519501218826168,3.591204085366597e-08
-0.12457059816238569,7.632334492287493e-08
-0.12394618413650882,3.3720404653983455e-08
-0.12332177011063195,7.29617714618713e-08
-0.12269735608475596,4.351977517544844e-08
-0.12207294205887909,6.04573379583407e-08
-0.12144852803300221,6.356998608214042e-08
-0.12082411400712623,4.374807941483488e-08
-0.12019969998124935,8.769279316023417e-08
-0.11957528595537248,3.225154654502552e-08
-0.1189508719294956,1.0693499497115728e-07
-0.11832645790361962,3.7918217717097156e-08
-0.11770204387774275,1.1279380601937569e-07
-0.11707762985186587,7.243293289499103e-08
-0.11645321582598989,1.0180386910481338e-07
-0.11582880180011301,1.442651259453684e-07
-0.11520438777423614,8.210318975462684e-08
-0.11457997374835927,2.561349885038691e-07
-0.11395555972248328,8.50012608433687e-08
-0.1133311456966064,4.041122423349124e-07
-0.11270673167072953,1.9075316285852895e-07
-0.11208231764485355,5.872665415435746e-07
-0.11145790361897667,5.960253509845136e-07
-0.1108334895930998,9.026597367354477e-07
-0.11020907556722292,1.8158276038491375e-06
-0.10958466154134694,2.6796571554060223e-06
-0.10896024751547007,5.409599675670376e-06
-0.10833583348959319,7.373104498937995e-05
-0.1077114194637172,0.0004097113964423582
-0.10708700543784033,0.0005305525867409575
-0.10646259141196346,0.0002999260038610992
-0.10583817738608658,0.000707154916972108
-0.1052137633602106,0.009864077791216123
-0.10458934933433373,0.023986593932376444
-0.10396493530845685,0.018145909923618732
-0.10334052128258087,0.0035772105402468134
-0.10271610725670399,2.8920664111826456e-05
-0.10209169323082712,8.717514352800071e-05
-0.10146727920495024,6.823480232384466e-06
-0.10084286517907426,1.1264306220875353e-05
-0.10021845115319739,3.7938462607489305e-06
-0.09959403712732051,2.001527450505229e-06
-0.09896962310144453,2.1567493057231485e-06
-0.09834520907556765,3.692387919198486e-07
-0.09772079504969078,1.1909214782697526e-06
-0.0970963810238139,1.1529318706764812e-07
-0.09647196699793792,6.290455029556095e-07
-0.09584755297206105,1.2883974930634074e-07
-0.09522313894618417,3.1052256236817476e-07
-0.09459872492030819,1.7462529856546912e-07
-0.09397431089443131,1.3658475198794082e-07
-0.09334989686855444,2.0622676170124107e-07
-0.09272548284267845,5.204451813386318e-08
-0.09210106881680158,2.1742996659099375e-07
-0.0914766547909247,3.526171123093047e-08
-0.09085224076504783,2.0771620163710623e-07
-0.09022782673917185,1.038889031914607e-07
-0.08960341271329497,1.7510542106903898e-07
-0.0889789986874181,4.177177922038235e-07
-0.08835458466154211,1.0895998720444818e-07
-0.08773017063566524,2.5238407932920425e-06
-0.08710575660978837,5.088900681695898e-07
-0.08648134258391149,0.00010470828173779814
-0.0858569285580355,0.0004346785506023481
-0.08523251453215863,0.0004765482861644345
-0.08460810050628176,0.0001486639530304712
-0.08398368648040577,3.8029704121465025e-06
-0.0833592724545289,9.970617457020043e-05
-0.08273485842865202,0.00036601866180751544
-0.08211044440277515,0.00037458541185595286
-0.08148603037689917,0.00010515914109318113
-0.08086161635102229,1.5599962664413365e-06
-0.08023720232514542,2.1237796271193556e-06
-0.07961278829926943,2.047330682879055e-07
-0.07898837427339256,3.5846759285392436e-07
-0.07836396024751568,1.7575906074936347e-07
-0.07773954622163881,1.605138114665204e-07
-0.07711513219576283,1.1752055951816986e-07
-0.07649071816988595,1.764230981803728e-07
-0.07586630414400908,5.145764760107995e-08
-0.07524189011813309,2.2224839434727196e-07
-0.07461747609225622,1.6307818252101593e-08
-0.07399306206637934,2.3612458602901354e-07
-0.07336864804050247,3.6893565409667e-08
-0.07274423401462649,1.9738881143103556e-07
-0.07211981998874961,1.1224709189202628e-07
-0.07149540596287274,1.1892717883809106e-07
-0.07087099193699675,2.1351149956680175e-07
-0.07024657791111988,3.922164896839031e-08
-0.069622163885243,2.950297205425187e-07
-0.06899774985936613,4.4178973278842996e-09
-0.06837333583349015,3.154320666832395e-07
-0.06774892180761327,4.506040523602677e-08
-0.0671245077817364,2.5963170224844465e-07
-0.06650009375586041,1.5774039595993967e-07
-0.06587567972998354,1.5067977883180783e-07
-0.06525126570410666,3.015323170171955e-07
-0.06462685167823068,4.385478253552982e-08
-0.0640024376523538,4.132677048994425e-07
-0.06337802362647693,3.206798768087203e-09
-0.06275360960060006,4.367908585304266e-07
-0.06212919557472407,6.975805423527798e-08
-0.0615047815488472,3.534457951659905e-07
-0.060880367522970325,2.3631757087594807e-07
-0.06025595349709434,1.983275556218733e-07
-0.059631539471217465,4.429744261147064e-07
-0.05900712544534059,5.151289923139935e-08
-0.05838271141946372,5.991506901605166e-07
-0.05775829739358773,4.431752116870084e-09
-0.05713388336771086,6.255314876622788e-07
-0.056509469341833984,1.1428736749625024e-07
-0.055885055315958,4.978357095528533e-07
-0.055260641290081125,3.6786190605243064e-07
-0.05463622726420425,2.70184947137003e-07
-0.05401181323832738,6.751449306770129e-07
-0.05338739921245139,6.216149657757542e-08
-0.05276298518657452,9.017714067447692e-07
-0.052138571160697644,9.240428526170236e-09
-0.05151415713482166,9.310874484537656e-07
-0.050889743108944785,1.9499933015206072e-07
-0.05026532908306791,7.296671159436736e-07
-0.04964091505719104,5.965165506455567e-07
-0.04901650103131505,3.8306534720189307e-07
-0.04839208700543818,1.0740079612826415e-06
-0.047767672979561304,7.701160302674989e-08
-0.04714325895368532,1.4195416427326695e-06
-0.046518844927808445,2.2006573069019172e-08
-0.04589443090193157,1.452528426668404e-06
-0.0452700168760547,3.4790704697891473e-07
-0.04464560285017871,1.1229561888849288e-06
-0.04402118882430184,1.0164468286430985e-06
-0.043396774798424964,5.705165319427036e-07
-0.04277236077254898,1.8014591989693585e-06
-0.042147946746672105,9.83459998534842e-08
-0.04152353272079523,2.3635726550479308e-06
-0.04089911869491836,5.4065205552642667e-08
-0.04027470466904237,2.4041600484222837e-06
-0.0396502906431655,6.566189904468258e-07
-0.039025876617288624,1.8388099698639623e-06
-0.03840146259141264,1.8450974341463994e-06
-0.037777048565535765,9.051023412755794e-07
-0.03715263453965889,3.2345286872054306e-06
-0.036528220513782905,1.303954346530189e-07
-0.03590380648790603,4.231928705928022e-06
-0.03527939246202916,1.3659148515250338e-07
-0.034654978436152284,4.298802955583805e-06
-0.0340305644102763,1.3358200567397318e-06
-0.033406150384399425,3.2673542502455406e-06
-0.03278173635852255,3.642878320432159e-06
-0.032157322332646565,1.5622469826219263e-06
-0.03153290830676969,6.360576560121105e-06
-0.030908494280892818,1.8159671728363323e-07
-0.030284080255015944,8.356136973639654e-06
-0.029659666229139958,3.6583773313485536e-07
-0.029035252203263084,8.538439821292137e-06
-0.02841083817738621,3.0174970048228303e-06
-0.027786424151510225,6.497322233589279e-06
-0.02716201012563335,8.083449329802548e-06
-0.026537596099756477,3.0347798784760183e-06
-0.025913182073879604,1.4208867463319824e-05
-0.025288768048003618,2.7075931967515756e-07
-0.024664354022126744,1.8956865583473817e-05
-0.02403993999624987,1.0934006008946674e-06
-0.023415525970373885,1.972833623394961e-05
-0.02279111194449701,7.952685271629798e-06
-0.022166697918620137,1.523328862824932e-05
-0.021542283892743264,2.1317922823473103e-05
-0.020917869866867278,7.036492210802932e-06
-0.020293455840990404,3.8431494138922155e-05
-0.01966904181511353,4.4716272941704577e-07
-0.019044627789237545,5.3165847744767096e-05
-0.01842021376336067,3.973346248178355e-06
-0.017795799737483797,5.7715821336204715e-05
-0.017171385711606924,2.6809543831046683e-05
-0.016546971685730938,4.6481953564453484e-05
-0.015922557659854064,7.439336902511323e-05
-0.01529814363397719,2.1860321327926267e-05
-0.014673729608101205,0.00014289982213493748
-0.014049315582224331,8.768652790823319e-07
-0.013424901556347457,0.0002145596241609836
-0.012800487530470583,2.0859372773396726e-05
-0.012176073504594598,0.00025693512964467484
-0.011551659478717724,0.0001417415935438122
-0.01092724545284085,0.00023132530832270737
-0.010302831426964865,0.00044200192562091577
-0.009678417401087991,0.00012054067735114366
-0.009054003375211117,0.0010038148924821563
-0.008429589349335131,2.4479847834204367e-06
-0.007805175323458258,0.0018779060550527399
-0.007180761297581384,0.000254433019978165
-0.00655634727170451,0.003000726914432165
-0.0059319332458285245,0.002221041690695831
-0.005307519219951651,0.003977182081114522
-0.004683105194074777,0.010971872148213258
-0.004058691168198791,0.003504179935803211
-0.0034342771423219176,0.05138840070866746
-0.002809863116445044,2.3680239857801773e-05
-0.00218544909056817,0.3436339045873477
-0.0015610350646921844,0.17483589929394022
-0.0009366210388153107,16.74102768911821
-0.0003122070129384369,61.30059796287569
0.0003122070129375487,61.30059796292725
0.0009366210388144225,16.741027689169194
0.0015610350646912963,0.1748358992971329
0.00218544909056817,0.34363390458738563
0.0028098631164441557,2.368023989759576e-05
0.0034342771423210294,0.05138840070911919
0.004058691168197903,0.0035041799356137623
0.004683105194073889,0.010971872148696615
0.005307519219950763,0.003977182081008133
0.005931933245827636,0.0022210416911486947
0.00655634727170451,0.0030007269145048915
0.007180761297580496,0.00025443302032022514
0.0078051753234573695,0.0018779060552995216
0.008429589349334243,2.447984967022665e-06
0.009054003375210229,0.0010038148930098377
0.009678417401087103,0.00012054067742170874
0.010302831426963976,0.0004420019263097202
0.01092724545284085,0.0002313253084200911
0.011551659478716836,0.00014174159422171122
0.01217607350459371,0.00025693512994271275
0.012800487530470583,2.0859373274038064e-05
0.013424901556346569,0.0002145596247398468
0.014049315582223443,8.768656170969668e-07
0.014673729608100317,0.0001428998229803674
0.01529814363397719,2.1860321543484507e-05
0.015922557659853176,7.43933700036059e-05
0.01654697168573005,4.6481953859999326e-05
0.017171385711606924,2.6809544760036828e-05
0.01779579973748291,5.771582190620343e-05
0.018420213763359783,3.9733469630875094e-06
0.019044627789236657,5.3165848667854494e-05
0.019669041815112642,4.4716321119421543e-07
0.020293455840989516,3.8431495394024846e-05
0.02091786986686639,7.0364926053837335e-06
0.021542283892743264,2.1317924207638364e-05
0.02216669791861925,1.5233289173284552e-05
0.022791111944496123,7.952686551013188e-06
0.023415525970372997,1.9728337148128458e-05
0.024039939996248982,1.0934015971420143e-06
0.024664354022125856,1.8956866974965068e-05
0.02528876804800273,2.7076002954881067e-07
0.025913182073879604,1.4208869226053528e-05
0.02653759609975559,3.0347805123643777e-06
0.027162010125632463,8.083451235768084e-06
0.027786424151509337,6.49732309188883e-06
0.028410838177385322,3.0174987395664458e-06
0.029035252203262196,8.538441184590075e-06
0.02965966622913907,3.6583910979839605e-07
0.030284080255015944,8.356138945566445e-06
0.03090849428089193,1.8159775512704363e-07
0.0315329083067688,6.3605790220618665e-06
0.03215732233264568,1.562247953950887e-06
0.03278173635852166,3.642880955285284e-06
0.033406150384398536,3.2673555486537772e-06
0.03403056441027541,1.3358224811256333e-06
0.034654978436152284,4.29880494569423e-06
0.03527939246202827,1.365934491836818e-07
0.03590380648790514,4.231931529408581e-06
0.03652822051378202,1.3039697162600026e-07
0.037152634539658,3.234532194165748e-06
0.037777048565534876,9.051038122271592e-07
0.03840146259141175,1.8451011801496406e-06
0.039025876617288624,1.8388119098844608e-06
0.03965029064316461,6.566224736883653e-07
0.04027470466904148,2.4041629486467974e-06
0.04089911869491836,5.406811532733124e-08
0.04152353272079434,2.3635767393208706e-06
0.04214794674667122,9.834835597815557e-08
0.04277236077254809,1.8014642889564765e-06
0.043396774798424964,5.705188263523098e-07
0.04402118882430095,1.0164523751478552e-06
0.044645602850177823,1.1229591411970258e-06
0.0452700168760547,3.479123666509872e-07
0.04589443090193068,1.4525327647477953e-06
0.04651884492780756,2.2011197667695063e-08
0.04714325895368443,1.419547749771834e-06
0.047767672979561304,7.701551793690576e-08
0.04839208700543729,1.0740156980356035e-06
0.049016501031314164,3.830691217423293e-07
0.04964091505719104,5.965252848735755e-07
0.05026532908306702,7.29671765743521e-07
0.0508897431089439,1.9500815088218334e-07
0.05151415713482077,9.310941187637295e-07
0.052138571160696756,9.248544557490956e-09
0.05276298518657363,9.017809448822138e-07
0.053387399212450504,6.216865043069711e-08
0.05401181323832738,6.751575716086902e-07
0.05463622726420336,2.701917142243389e-07
0.05526064129008024,3.678771127481232e-07
0.05588505531595711,4.978434819532873e-07
0.056509469341833096,1.1430393972515279e-07
0.05713388336770997,6.255423070033899e-07
0.057758297393586844,4.448242984696311e-09
0.05838271141946372,5.99166781622249e-07
0.0590071254453397,5.152816739677112e-08
0.05963153947121658,4.4299761395493796e-07
0.06025595349709345,1.9834150061439993e-07
0.060880367522969436,2.363486156232242e-07
0.06150478154884631,3.5346015602452624e-07
0.062129195574723184,6.979604459315671e-08
0.06275360960060006,4.36809916815925e-07
0.06337802362647604,3.248824069829654e-09
0.06400243765235292,4.132986448353388e-07
0.06462685167822979,4.389634190136028e-08
0.06525126570410578,3.0158473112472146e-07
0.06587567972998265,1.5071659159768898e-07
0.06650009375585952,1.578243133869793e-07
0.0671245077817364,2.596638210258576e-07
0.06774892180761238,4.51823024714725e-08
0.06837333583348926,3.1547088666181346e-07
0.06899774985936613,4.574983424840531e-09
0.06962216388524212,2.951079164217214e-07
0.07024657791111899,3.939625301734354e-08
0.07087099193699586,2.136945405600405e-07
0.07149540596287274,1.1908664163556557e-07
0.07211981998874872,1.1264288229160584e-07
0.0727442340146256,1.975035614009796e-07
0.07336864804050247,3.765362384222043e-08
0.07399306206637846,2.3623527520102717e-07
0.07461747609225533,1.7607007077353377e-08
0.0752418901181322,2.2267070043478063e-07
0.07586630414400908,5.34234807357868e-08
0.07649071816988506,1.7840062315676332e-07
0.07711513219576194,1.200351715932394e-07
0.07773954622163881,1.6871425796665538e-07
0.0783639602475148,1.7796532980385586e-07
0.07898837427339167,3.9420226250504543e-07
0.07961278829926854,2.0575104094395595e-07
0.08023720232514453,2.355220246210568e-06
0.0808616163510214,1.7063101276195562e-06
0.08148603037689828,0.0001167204023007129
0.08211044440277515,0.000415739250679072
0.08273485842865114,0.00040626377950565075
0.08335927245452801,0.00011047414558083279
0.08398368648040488,4.002096991556952e-06
0.08460810050628087,0.00015440767811026714
0.08523251453215774,0.0004944821363407797
0.08585692855803462,0.00045106303724733567
0.08648134258391149,0.00010864678945074679
0.08710575660978748,5.314783357178127e-07
0.08773017063566435,2.617181999443102e-06
0.08835458466154122,1.1131988926120856e-07
0.08897899868741721,4.328931625917088e-07
0.08960341271329408,1.7768692112609573e-07
0.09022782673917096,1.0788013215848034e-07
0.09085224076504783,2.1057476158290277e-07
0.09147665479092382,3.648795909949296e-08
0.09210106881680069,2.2067941732367214e-07
0.09272548284267756,5.278491278508798e-08
0.09334989686855355,2.0975346133270257e-07
0.09397431089443042,1.3847931497020584e-07
0.0945987249203073,1.7793977234930218e-07
0.09522313894618417,3.1590825754877703e-07
0.09584755297206016,1.312485247525705e-07
0.09647196699793703,6.416818479467877e-07
0.0970963810238139,1.1704135396962542e-07
0.09772079504968989,1.2166724143644453e-06
0.09834520907556676,3.762308422429667e-07
0.09896962310144364,2.204365480305988e-06
0.09959403712732051,2.046115995160191e-06
0.1002184511531965,3.875750377543904e-06
0.10084286517907337,1.1525496233459339e-05
0.10146727920495024,6.9583994920822795e-06
0.10209169323082623,8.920620465188015e-05
0.1027161072567031,2.9437337057503025e-05
0.10334052128257998,0.003660107719295214
0.10396493530845685,0.018560943076922572
0.10458934933433284,0.024524510916284457
0.10521376336020971,0.010077461832412891
0.10583817738608658,0.0007202521756709696
0.10646259141196257,0.00029667638687196876
0.10708700543783944,0.000516025993013229
0.10771141946371632,0.00039884935164943527
0.1083358334895923,7.16787869342554e-05
0.10896024751546918,5.529375918142892e-06
0.10958466154134605,2.640176060341198e-06
0.11020907556722292,1.8485848003273809e-06
0.11083348959309891,9.105884392186161e-07
0.11145790361897578,6.036701701368494e-07
0.11208231764485266,5.979994586470373e-07
0.11270673167072864,1.916616105993771e-07
0.11333114569660552,4.119988227724327e-07
0.11395555972248239,8.498579002979642e-08
0.11457997374835927,2.607816276965557e-07
0.11520438777423525,8.266201321518475e-08
0.11582880180011212,1.4650182471883257e-07
0.116453215825989,1.0293600051045011e-07
0.11707762985186498,7.325630341517287e-08
0.11770204387774186,1.1410591031527901e-07
0.11832645790361873,3.8122449688340745e-08
0.1189508719294956,1.0807855132730561e-07
0.11957528595537159,3.232783945944485e-08
0.12019969998124846,8.84969792335552e-08
0.12082411400712534,4.391353260895709e-08
0.12144852803300132,6.403137310058902e-08
0.1220729420588782,6.074082850505159e-08
0.12269735608475507,4.373489778974118e-08
0.12332177011063195,7.330028850634166e-08
0.12394618413650793,3.381152166540626e-08
0.1245705981623848,7.663970710678633e-08
0.12519501218826168,3.597351358009844e-08
0.12581942621413766,7.085614620060928e-08
0.12644384024001454,4.754124446685564e-08
0.1270682542658914,6.00513759793062e-08
0.12769266829176829,6.301534060239363e-08
0.12831708231764427,5.019555066245595e-08
0.12894149634352114,7.641722188075599e-08
0.12956591036939802,4.6704713023129616e-08
0.130190324395274,8.352101698765772e-08
0.13081473842115088,5.255457394055712e-08
0.13143915244702775,8.327356700640164e-08
0.13206356647290463,6.744959675786344e-08
0.1326879804987806,7.812032667506127e-08
0.13331239452465748,8.812040651474076e-08
0.13393680855053436,7.343150078074078e-08
0.13456122257641034,1.0944659136055191e-07
0.13518563660228722,7.662458326044551e-08
0.1358100506281641,1.259343958966434e-07
0.13643446465404008,9.706727426066888e-08
0.13705887867991695,1.3315235089496326e-07
0.13768329270579382,1.4950617494702774e-07
0.1383077067316707,1.2946680255516466e-07
0.13893212075754668,2.724698935914881e-07
0.13955653478342356,1.265237731971672e-07
0.14018094880930043,6.35733898623346e-07
0.14080536283517642,3.1663189271477074e-07
0.1414297768610533,2.684929474655014e-06
0.14205419088693017,8.774150026384908e-06
0.14267860491280704,0.00019401762687707065
0.14330301893868302,0.0005013241081680089
0.1439274329645599,0.00037804332679468447
0.14455184699043677,6.910932738878323e-05
0.14517626101631276,3.502878810928745e-07
0.14580067504218963,2.7288158582585913e-06
0.1464250890680665,7.89588416208482e-07
0.14704950309394338,1.5659071559986535e-06
0.14767391711981936,2.3671480234816687e-06
0.14829833114569624,1.91722013820936e-06
0.1489227451715731,1.0066934635535722e-05
0.1495471591974491,3.4850124819943544e-06
0.15017157322332597,6.722477598103261e-05
0.15079598724920285,7.062785605134692e-05
0.15142040127507972,0.003453219334436028
0.1520448153009557,0.013100678348205977
0.15266922932683258,0.014081185785151048
0.15329364335270945,0.00445052890632374
0.15391805737858544,0.0001395343977332988
0.1545424714044623,7.251543895124323e-05
0.15516688543033919,4.609381738240668e-06
0.15579129945621606,1.2472513222622968e-05
0.15641571348209204,2.307059958587509e-06
0.15704012750796892,4.211263583944637e-06
0.1576645415338458,2.3961645041355384e-06
0.15828895555972178,3.016915589756103e-06
0.15891336958559865,2.4732582390929995e-06
0.15953778361147553,3.802882452135612e-06
0.1601621976373524,2.7924223521215085e-06
0.16078661166322838,5.515254582098572e-06
0.16141102568910526,4.085468409619338e-06
0.16203543971498213,7.832137072455522e-06
0.16265985374085812,8.555111619697574e-06
0.163284267766735,1.0749886833785103e-05
0.16390868179261187,5.638694085449155e-05
0.16453309581848785,0.0003239887323346601
0.16515750984436472,0.000539745707538568
0.1657819238702416,0.0002607484325096635
0.16640633789611847,0.00011092021704757345
0.16703075192199446,5.104554263079433e-05
0.16765516594787133,0.00027423721114014376
0.1682795799737482,0.0003353141988052616
0.1689039939996242,0.0021949264120905507
0.16952840802550107,0.015520386530124872
0.17015282205137794,0.12036996436972576
0.1707772360772548,0.23803348241959638
0.1714016501031308,0.2059816271988954
0.17202606412900767,0.21933326508077017
0.17265047815488455,0.2999618635148607
0.17327489218076053,0.34700409088294154
0.1738993062066374,0.446891895138565
0.17452372023251428,0.5350566558117473
0.17514813425839115,0.5124391822262089
0.17577254828426714,0.4787355745255518
0.176396962310144,0.4492911417729276
0.17702137633602089,0.37619269348329615
0.17764579036189687,0.2950372505511195
0.17827020438777375,0.21175884496112193
0.17889461841365062,0.14376783102483065
0.1795190324395275,0.11580558281216065
0.18014344646540348,0.11883887043123434
0.18076786049128035,0.10573285384531253
0.18139227451715723,0.05809765374429708
0.1820166885430332,0.0652991448631712
0.18264110256891009,0.2607598867184703
0.18326551659478696,0.3984006940353454
0.18388993062066383,0.25316672120754835
0.18451434464653982,0.0805313624039881
0.1851387586724167,0.056523377784557384
0.18576317269829357,0.18877966124259155
0.18638758672416955,0.37344651431808346
0.18701200075004643,0.3698526689463716
0.1876364147759233,0.16458401476429482
0.18826082880180017,0.05674377111234576
0.18888524282767616,0.14538584053154463
0.18950965685355303,0.24325025745022014
0.1901340708794299,0.2061736422937787
0.1907584849053059,0.1234053904054357
0.19138289893118277,0.08511671777761928
0.19200731295705964,0.0909277093610493
0.19263172698293562,0.13561662744873249
0.1932561410088125,0.16475082938240906
0.19388055503468937,0.193661501512593
0.19450496906056625,0.23795213364885628
0.19512938308644223,0.27047904578391735
0.1957537971123191,0.3241933329980313
0.19637821113819598,0.43743601203288307
0.19700262516407197,0.5005518966526208
0.19762703918994884,0.4189675879218904
0.1982514532158257,0.2747961222558911
0.1988758672417026,0.18234199710581173
0.19950028126757857,0.18572395484816112
0.20012469529345545,0.1971630933633994
0.20074910931933232,0.13097325724149894
0.2013735233452083,0.06189211924312671
0.20199793737108518,0.06621389527649069
0.20262235139696205,0.12254136326972109
0.20324676542283893,0.17338511406982807
0.2038711794487149,0.18865862144458892
0.20449559347459179,0.16994439117166676
0.20512000750046866,0.09589706669496402
0.20574442152634465,0.022241593678725465
0.20636883555222152,0.005681003822951467
0.2069932495780984,0.02000460215799263
0.20761766360397527,0.05255585242682219
0.20824207762985125,0.09999711593619882
0.20886649165572813,0.13338196399373792
0.209490905681605,0.1268233926529942
0.21011531970748099,0.11039964004400296
0.21073973373335786,0.09295806378222263
0.21136414775923473,0.06811444318230539
0.2119885617851116,0.05327447967506697
0.2126129758109876,0.046346192227318846
0.21323738983686447,0.03964730045141893
0.21386180386274134,0.03063506023515123
0.21448621788861733,0.04307432569898011
0.2151106319144942,0.1299452097698297
0.21573504594037107,0.23204958876729687
0.21635945996624795,0.25022164062272495
0.21698387399212393,0.24767844787154245
0.2176082880180008,0.256351835172454
0.21823270204387768,0.24971135190076935
0.21885711606975367,0.22588274178894782
0.21948153009563054,0.21904539636988624
0.2201059441215074,0.2714651865146236
0.2207303581473843,0.3419277452719661
0.22135477217326027,0.38728750243701604
0.22197918619913715,0.3818998894275062
0.22260360022501402,0.36022797595946654
0.22322801425089,0.34053876570418795
0.22385242827676688,0.2702211458736645
0.22447684230264375,0.18653166499217985
0.22510125632851974,0.2367588705932376
0.2257256703543966,0.3401547886113524
0.2263500843802735,0.2932026789515922
0.22697449840615036,0.20273860667163834
0.22759891243202635,0.16630027608164327
0.22822332645790322,0.15334491130202968
0.2288477404837801,0.1532508593058509
0.22947215450965608,0.17438384338488896
0.23009656853553295,0.2739773243615252
0.23072098256140983,0.37726775823304937
0.2313453965872867,0.2630311711324233
0.23196981061316269,0.066113270389821
0.23259422463903956,0.003209680238109107
0.23321863866491643,0.001204667300399631
0.23384305269079242,0.0002517775963864512
0.2344674667166693,0.00023507912481379435
0.23509188074254617,0.00013899380299687924
0.23571629476842304,0.00017436919793950375
0.23634070879429903,0.001495876846490049
0.2369651228201759,0.004234750141219268
0.23758953684605277,0.007302353396847488
0.23821395087192876,0.011929553655419919
0.23883836489780563,0.010195209893776603
0.2394627789236825,0.00651592554617096
0.24008719294955938,0.022494496193961416
0.24071160697543537,0.2190394660202791
0.24133602100131224,0.6927033579269299
0.2419604350271891,0.9883305214092195
0.2425848490530651,0.9102324697743004
0.24320926307894197,0.8166267319601287
0.24383367710481885,0.7581108866957018
0.24445809113069572,0.6817699330866743
0.2450825051565717,0.6320603031126506
0.24570691918244858,0.6017694620859936
0.24633133320832545,0.6295596576100826
0.24695574723420144,0.6064354090492416
0.2475801612600783,0.4374611192187845
0.2482045752859552,0.2959833111769494
0.24882898931183206,0.27862392470028297
0.24945340333770805,0.26239044325751587
0.2500778173635849,0.21852003189064462
0.2507022313894618,0.22595101948420368
0.2513266454153378,0.24762614303783578
0.25195105944121465,0.20093591499685898
0.2525754734670915,0.1047929495627649
0.2531998874929675,0.06408474586399013
0.2538243015188444,0.10796810046552299
0.25444871554472126,0.15023999913124836
0.25507312957059813,0.135319150173785
0.2556975435964741,0.1081116014613089
0.256321957622351,0.09092817516814249
0.25694637164822787,0.06900773498808213
0.25757078567410385,0.05304813911730333
0.2581951996999807,0.04253390551716833
0.2588196137258576,0.033025265891648344
0.2594440277517345,0.02591923323171687
0.26006844177761046,0.017196452461528504
0.26069285580348733,0.009214755465887728
0.2613172698293642,0.008234012434353817
0.2619416838552402,0.014182632097811333
0.26256609788111707,0.023010133017261118
0.26319051190699394,0.033680422803777824
0.2638149259328708,0.04004773114322916
0.2644393399587468,0.03864999365484373
0.2650637539846237,0.04563045470472265
0.26568816801050055,0.06627990644371053
0.26631258203637653,0.09259243573545775
0.2669369960622534,0.12131808411044405
0.2675614100881303,0.12389783410614066
0.26818582411400715,0.10357359808746121
0.26881023813988314,0.1072881883934029
0.26943465216576,0.11470887505209064
0.2700590661916369,0.09426548770539633
0.2706834802175129,0.0847060975975911
0.27130789424338975,0.09601549115888211
0.2719323082692666,0.08643163012875876
0.2725567222951435,0.048442259024421404
0.2731811363210195,0.015672996012964176
0.27380555034689635,0.009866261824732362
0.2744299643727732,0.013169802460167784
0.2750543783986492,0.00841798743796964
0.2756787924245261,0.006941458687206245
0.27630320645040296,0.029836386218155563
0.27692762047627983,0.054994215486551055
0.2775520345021558,0.05094615238067414
0.2781764485280327,0.04565590999769994
0.27880086255390957,0.05572932229198442
0.27942527657978555,0.07064442697693006
0.2800496906056624,0.07505273428591763
0.2806741046315393,0.06465076100082918
0.2812985186574153,0.09410991098536872
0.28192293268329216,0.1460999490336868
0.28254734670916903,0.11752711905880095
0.2831717607350459,0.04706264919740872
0.2837961747609219,0.013226955368192078
0.28442058878679877,0.006083617913739806
0.28504500281267564,0.010411212669742993
0.2856694168385516,0.015432921030380941
0.2862938308644285,0.011958843209679397
0.2869182448903054,0.020723567229984398
0.28754265891618225,0.034065485181242326
0.28816707294205823,0.027552748541251042
0.2887914869679351,0.028821496592055507
0.289415900993812,0.04637719784552473
0.29004031501968797,0.05159643767036816
0.29066472904556484,0.04000387975389487
0.2912891430714417,0.04318604005559335
0.2919135570973186,0.06736979639183509
0.2925379711231946,0.06964166893657989
0.29316238514907145,0.057108664616556136
0.2937867991749483,0.05266747970746555
0.2944112132008243,0.07010274086655686
0.2950356272267012,0.1013309564023382
0.29566004125257805,0.13497664050993136
0.29628445527845493,0.20215565175653763
0.2969088693043309,0.2931097465001077
0.2975332833302078,0.2901262450956618
0.29815769735608466,0.16877108275099822
0.29878211138196065,0.08096688474221932
0.2994065254078375,0.07777915955743739
0.3000309394337144,0.12202723978412786
0.30065535345959127,0.10788782238961778
0.30127976748546725,0.03947047625104523
0.3019041815113441,0.013313939787243975
0.302528595537221,0.00942442623875018
0.303153009563097,0.003919702995432405
0.30377742358897386,0.0010799219030601112
0.30440183761485073,0.00042079283575339544
0.3050262516407276,0.0035420292766659054
0.3056506656666036,0.00873439143516322
0.30627507969248047,0.007209766487584051
0.30689949371835734,0.0018438211141892486
0.3075239077442333,8.633802642336676e-05
0.3081483217701102,0.0002043866348026576
0.3087727357959871,0.0006145244367687203
0.30939714982186306,0.000999319981913315
0.31002156384773993,0.0029921316653440883
0.3106459778736168,0.008137623327654771
0.3112703918994937,0.00968237053150316
0.31189480592536967,0.006541792462535678
0.31251921995124654,0.004905058991686296
0.3131436339771234,0.0028872599582983882
0.3137680480029994,0.0008751174476138177
0.3143924620288763,0.0005810332275785961
0.31501687605475315,0.0012440172010931545
0.31564129008063,0.004238563137656374
0.316265704106506,0.007787437885409828
0.3168901181323829,0.006972982998942149
0.31751453215825975,0.003421426924861969
0.31813894618413574,0.004577624891020688
0.3187633602100126,0.007400222865263625
0.3193877742358895,0.00616923029681435
0.32001218826176636,0.003222562954390899
0.32063660228764235,0.002943593399726254
0.3212610163135192,0.004833260073644598
0.3218854303393961,0.0035293768040249966
0.3225098443652721,0.0008295066041023034
0.32313425839114895,0.00011252856808249721
0.32375867241702583,0.00013585778558893703
0.3243830864429027,0.0012193862285719784
0.3250075004687787,0.005023136759653972
0.32563191449465556,0.007425796146032386
0.32625632852053243,0.00895677130683481
0.3268807425464084,0.08530127288310552
0.3275051565722853,0.27894139455104927
0.32812957059816217,0.35891499662419724
0.32875398462403904,0.28922018820894374
0.329378398649915,0.30938701889312636
0.3300028126757919,0.3356062283026022
0.3306272267016688,0.2665657614979565
0.33125164072754476,0.22149622444985093
0.33187605475342163,0.21920760185271307
0.3325004687792985,0.26350689347914236
0.3331248828051754,0.31778248482722227
0.33374929683105137,0.28791760692739843
0.33437371085692824,0.2187966268598692
0.3349981248828051,0.13361765209236115
0.3356225389086811,0.0909395473958369
0.336246952934558,0.13908818092123731
0.33687136696043485,0.19356722913751595
0.33749578098631083,0.22448608484178717
0.3381201950121877,0.25950470310808094
0.3387446090380646,0.2741897055031937
0.33936902306394146,0.2694652042411626
0.33999343708981744,0.2408061189786451
0.3406178511156943,0.20718653387265573
0.3412422651415712,0.1707303334472561
0.3418666791674472,0.0932883597376224
0.34249109319332405,0.026208537500081987
0.3431155072192009,0.02726324719453439
0.3437399212450778,0.0905935072003975
0.3443643352709538,0.17004837645380969
0.34498874929683065,0.21510826555216161
0.34561316332270753,0.2229791085353038
0.3462375773485835,0.22673674617888234
0.3468619913744604,0.24359023599516605
0.34748640540033726,0.24532608693750485
0.34811081942621414,0.22075264059924074
0.3487352334520901,0.19948156732600922
0.349359647477967,0.19540759412047698
0.34998406150384387,0.20084120187507307
0.35060847552971985,0.21361019967244138
0.35123288955559673,0.19432930790431974
0.3518573035814736,0.14940971260234792
0.3524817176073505,0.12389301085194519
0.35310613163322646,0.09460862297562828
0.35373054565910333,0.09484984458696882
0.3543549596849802,0.14190105180602577
0.3549793737108562,0.16475435366835933
0.35560378773673307,0.2231238560827137
0.35622820176260994,0.3275020952994955
0.3568526157884868,0.32356334275427295
0.3574770298143628,0.21098494522692407
0.3581014438402397,0.12018732340772238
0.35872585786611655,0.11890513690845546
0.35935027189199253,0.1675230155793312
0.3599746859178694,0.22839812078321192
0.3605990999437463,0.30234520291485056
0.36122351396962316,0.3370563443192184
0.36184792799549914,0.3053659397919805
0.362472342021376,0.28928066525794904
0.3630967560472529,0.2970924709894064
0.3637211700731289,0.28756383826561815
0.36434558409900575,0.27505545610004273
0.3649699981248826,0.26357841995459763
0.3655944121507586,0.2875929957529543
0.3662188261766355,0.3343648737970484
0.36684324020251236,0.3720517043437971
0.36746765422838923,0.3765597871710195
0.3680920682542652,0.28539159685761156
0.3687164822801421,0.1989554620358467
0.36934089630601896,0.25172758605678264
0.36996531033189495,0.3622313127820952
0.3705897243577718,0.37182078168254984
0.3712141383836487,0.2732778888842019
0.37183855240952557,0.18138987946863055
0.37246296643540155,0.19219894635461648
0.37308738046127843,0.256931656160621
0.3737117944871553,0.2620481003382548
0.3743362085130313,0.2542714336458175
0.37496062253890816,0.2780598049387217
0.37558503656478504,0.2967762240591073
0.3762094505906619,0.2649567849836377
0.3768338646165379,0.19378468106685387
0.37745827864241477,0.21724000668099924
0.37808269266829164,0.37538434811043053
0.37870710669416763,0.5486033457457766
0.3793315207200445,0.6083239330582353
0.3799559347459214,0.515963779218323
0.38058034877179825,0.39013038381456566
0.38120476279767423,0.34914877659362953
0.3818291768235511,0.37365595139641433
0.382453590849428,0.3869292068655997
0.38307800487530397,0.3791714577717154
0.38370241890118084,0.3784841594342733
0.3843268329270577,0.3997841349209192
0.3849512469529346,0.4462063989804668
0.3855756609788106,0.5385771765479921
0.38620007500468745,0.6091165908965938
0.3868244890305643,0.5618943891589169
0.3874489030564403,0.5059674217913721
0.3880733170823172,0.5106955944274283
0.38869773110819406,0.5077102992659037
0.38932214513407093,0.4894605010785785
0.3899465591599469,0.4645602621685575
0.3905709731858238,0.4491668314722669
0.39119538721170066,0.45051380549339654
0.39181980123757665,0.4505830698516905
0.3924442152634535,0.4485120010811995
0.3930686292893304,0.4246450613096752
0.3936930433152064,0.38767301870079
0.39431745734108326,0.3544286372338621
0.39494187136696013,0.32641370597147434
0.395566285392837,0.303014947001227
0.396190699418713,0.2890966291215801
0.39681511344458986,0.2822756617583343
0.39743952747046674,0.2722639397831451
0.3980639414963427,0.26237117137811394
0.3986883555222196,0.24916241424476776
0.39931276954809647,0.24487489802312642
0.39993718357397334,0.27311021046371786
0.40056159759984933,0.33665376332294006
0.4011860116257262,0.4108078083708751
0.4018104256516031,0.41464962488640145
0.40243483967747906,0.35129232606828464
0.40305925370335594,0.31822896350920477
0.4036836677292328,0.331675293499646
0.4043080817551097,0.3446124874989803
0.40493249578098567,0.32483606181135477
0.40555690980686254,0.3031604113624553
0.4061813238327394,0.32455279139293153
0.4068057378586154,0.37984031319379497
0.4074301518844923,0.4175240292270668
0.40805456591036915,0.42807870689960553
0.408678979936246,0.433992916226591
0.409303393962122,0.4352194088189826
0.4099278079879989,0.4323542037534688
0.41055222201387576,0.4231020557432066
0.41117663603975174,0.395343386911886
0.4118010500656286,0.375549306555264
0.4124254640915055,0.3773474165961316
0.41304987811738236,0.3872005769836132
0.41367429214325835,0.4037540806918458
0.4142987061691352,0.3882824193636068
0.4149231201950121,0.35179875209308603
0.4155475342208881,0.34705077380540067
0.41617194824676496,0.35682033804282076
0.41679636227264183,0.3684060154653218
0.4174207762985187,0.3781901943871899
0.4180451903243947,0.35305005077246965
0.41866960435027156,0.28459101462063846
0.41929401837614844,0.2329277822453446
0.4199184324020244,0.2641248467404226
0.4205428464279013,0.32027782600206484
0.42116726045377817,0.29092437297862855
0.42179167447965504,0.22091338464002433
0.42241608850553103,0.21773792879145204
0.4230405025314079,0.25152993625694076
0.4236649165572848,0.25917523046495317
0.42428933058316076,0.2510970273200094
0.42491374460903764,0.2558994115811531
0.4255381586349145,0.27067039426126993
0.4261625726607905,0.26936861447798466
0.42678698668666737,0.2525256358693266
0.42741140071254424,0.25064128349028786
0.4280358147384211,0.2785922473246145
0.4286602287642971,0.290674205034622
0.429284642790174,0.2627023130857754
0.42990905681605085,0.24060833235078358
0.43053347084192684,0.25920133943113766
0.4311578848678037,0.2547581014163778
0.4317822988936806,0.19670619271423367
0.43240671291955746,0.18115194454700695
0.43303112694543344,0.20646075573666822
0.4336555409713103,0.24782691170514792
0.4342799549971872,0.29992477246393967
0.4349043690230632,0.3144427863817688
0.43552878304894005,0.3036946347621806
0.4361531970748169,0.33894005207625755
0.4367776111006938,0.3953847902746589
0.4374020251265698,0.3858077494344574
0.43802643915244666,0.34727591889627824
0.43865085317832353,0.3295584695679502
0.4392752672041995,0.2964963875455219
0.4398996812300764,0.24980967221549216
0.44052409525595326,0.2188596453499938
0.44114850928183014,0.1995634629324346
0.4417729233077061,0.21961630438114668
0.442397337333583,0.26421542922220226
0.44302175135945987,0.257394597752615
0.44364616538533586,0.21806188977797528
0.44427057941121273,0.20187368558919044
0.4448949934370896,0.20519728329413459
0.4455194074629665,0.22865463453450308
0.44614382148884246,0.24073610291983677
0.44676823551471934,0.21841900254329838
0.4473926495405962,0.21968784985536766
0.4480170635664722,0.24245096090325094
0.44864147759234907,0.23780508981581142
0.44926589161822594,0.21386707114423592
0.4498903056441028,0.19721761997742987
0.4505147196699788,0.19333251528723588
0.4511391336958557,0.18536920717377536
0.45176354772173255,0.17393734176748757
0.45238796174760854,0.17176582811302837
0.4530123757734854,0.17215071133078627
0.4536367897993623,0.18440706795222925
0.45426120382523827,0.18735048850571948
0.45488561785111514,0.17773170128825533
0.455510031876992,0.19729735695433567
0.4561344459028689,0.23211897544675647
0.4567588599287449,0.2528670171809867
0.45738327395462175,0.2610216610947277
0.4580076879804986,0.2827134522624359
0.4586321020063746,0.3280129258537668
0.4592565160322515,0.3460810371821289
0.45988093005812836,0.31518123509832197
0.46050534408400523,0.30156718560024187
0.4611297581098812,0.3147493561934899
0.4617541721357581,0.2988890890163949
0.46237858616163496,0.2718993808237115
0.46300300018751095,0.2642010484722435
0.4636274142133878,0.2520545519054631
0.4642518282392647,0.2391543913204095
0.46487624226514157,0.2434690690754225
0.46550065629101756,0.2555130530965163
0.46612507031689443,0.2736851055656948
0.4667494843427713,0.2813791142024441
0.4673738983686473,0.27786176858555395
0.46799831239452416,0.3017793317687226
0.46862272642040104,0.3226689687630541
0.4692471404462779,0.3146299074568439
0.4698715544721539,0.2997678159193749
0.47049596849803077,0.2971488707071741
0.47112038252390764,0.2989169651679412
0.47174479654978363,0.2912452586020877
0.4723692105756605,0.28728558995023545
0.4729936246015374,0.28486227825040666
0.47361803862741425,0.2783191795699742
0.47424245265329024,0.2656739818778068
0.4748668666791671,0.24339114616597315
0.475491280705044,0.2228445678493281
0.47611569473091997,0.22599922225075333
0.47674010875679684,0.23817980130374386
0.4773645227826737,0.2502065398713493
0.4779889368085506,0.27940591996251796
0.4786133508344266,0.31117254910852393
0.47923776486030345,0.3336291228017235
0.4798621788861803,0.3370067885341602
0.4804865929120563,0.3122419261439997
0.4811110069379332,0.2848099339757115
0.48173542096381006,0.2705221597663788
0.48235983498968604,0.24745993490889234
0.4829842490155629,0.2371198435317292
0.4836086630414398,0.24831090778098797
0.48423307706731666,0.2267542435949101
0.48485749109319265,0.2013462517647155
0.4854819051190695,0.21347026411529732
0.4861063191449464,0.24133840385274263
0.4867307331708224,0.23902210504824767
0.48735514719669926,0.2141812051309123
0.48797956122257613,0.21036869618734716
0.488603975248453,0.20052634979666842
0.489228389274329,0.18178698916058167
0.48985280330020586,0.1860743826540858
0.49047721732608274,0.1962474601896688
0.4911016313519587,0.18455136122949042
0.4917260453778356,0.179346805033045
0.49235045940371247,0.19312133538471477
0.49297487342958934,0.19595773054944268
0.49359928745546533,0.16309333582114674
0.4942237014813422,0.13499846102881527
0.4948481155072191,0.17325291275964844
0.49547252953309506,0.20198849661296023
0.49609694355897194,0.19953955325779524
0.4967213575848488,0.2269106697721793
0.4973457716107257,0.24766951998017692
0.49797018563660167,0.26551969571189105
0.49859459966247854,0.29932852915528113
0.4992190136883554,0.30169576980649065
0.4998434277142314,0.28637522817178007
0.5004678417401083,0.28420840459337876
0.5010922557659852,0.2572547773183703
0.501716669791862,0.20014885688294762
0.502341083817738,0.1874910630483441
0.5029654978436149,0.24243168405287774
0.5035899118694918,0.26600197841393075
0.5042143258953677,0.22125714908685432
0.5048387399212446,0.1957330664732599
0.5054631539471215,0.21552627381179779
0.5060875679729984,0.23240322184643794
0.5067119819988744,0.23226862591919809
0.5073363960247512,0.2368542232181498
0.5079608100506281,0.256226653024728
0.5085852240765041,0.25215928122390563
0.509209638102381,0.21281199751790414
0.5098340521282578,0.16654556778650884
0.5104584661541338,0.1253624664041923
0.5110828801800107,0.09960663867369764
0.5117072942058876,0.08085784856205297
0.5123317082317644,0.06461523969450624
0.5129561222576404,0.05708843430377873
0.5135805362835173,0.06174239579747896
0.5142049503093942,0.07240078244425678
0.5148293643352702,0.0727131134313974
0.515453778361147,0.0656199885788579
0.5160781923870239,0.08774433897144102
0.5167026064129008,0.12578100973979758
0.5173270204387768,0.1253872108450457
0.5179514344646536,0.11668737259520971
0.5185758484905305,0.12758346030090245
0.5192002625164065,0.13978451717019183
0.5198246765422834,0.1467018518959758
0.5204490905681602,0.16774651668014312
0.5210735045940371,0.2529495518057706
0.5216979186199131,0.32687316209170403
0.52232233264579,0.27711269315894776
0.5229467466716669,0.1966190119647875
0.5235711606975428,0.1559424349522863
0.5241955747234197,0.11952810492977928
0.5248199887492966,0.10170909150422722
0.5254444027751735,0.11274195487768231
0.5260688168010494,0.11656786610598964
0.5266932308269263,0.08857722430903872
0.5273176448528032,0.05349792623394882
0.5279420588786792,0.02901237869510221
0.528566472904556,0.01673796297991657
0.5291908869304329,0.009063838533978944
0.5298153009563098,0.004368564933046651
0.5304397149821858,0.00608090497318127
0.5310641290080627,0.010243825556160897
0.5316885430339395,0.014072199138741678
0.5323129570598155,0.017879524319313576
0.5329373710856924,0.020701602492211882
0.5335617851115693,0.0245122797393046
0.5341861991374461,0.031168175082683224
0.5348106131633221,0.039364689985783886
0.535435027189199,0.052032551131733516
0.5360594412150759,0.06410600431192703
0.5366838552409519,0.0662796165933401
0.5373082692668287,0.06675988157352715
0.5379326832927056,0.08216871715181756
0.5385570973185816,0.1070579935095471
0.5391815113444585,0.11425183336945018
0.5398059253703353,0.10957139413858655
0.5404303393962122,0.10992251438836172
0.5410547534220882,0.11288316392632738
0.5416791674479651,0.1158544762587201
0.542303581473842,0.11319409008864037
0.5429279954997179,0.11931398749375884
0.5435524095255948,0.13195115056243867
0.5441768235514717,0.12771075384767375
0.5448012375773486,0.12607564623140127
0.5454256516032245,0.14035739926632604
0.5460500656291014,0.15180943193868734
0.5466744796549783,0.147711452696177
0.5472988936808543,0.11806797592211551
0.5479233077067311,0.09402562717413816
0.548547721732608,0.10322571552063928
0.5491721357584849,0.12046533228309286
0.5497965497843609,0.13336542452381245
0.5504209638102378,0.13753456929508243
0.5510453778361146,0.13315503022706945
0.5516697918619906,0.13259050661082433
0.5522942058878675,0.1354812981804217
0.5529186199137444,0.13873135511508364
0.5535430339396212,0.13560881206586145
0.5541674479654972,0.13102301903078856
0.5547918619913741,0.14235816674681703
0.555416276017251,0.1555663141961789
0.556040690043127,0.14784958616875288
0.5566651040690038,0.12732960404969015
0.5572895180948807,0.11066287979454399
0.5579139321207576,0.09955819122775107
0.5585383461466336,0.08636351518743651
0.5591627601725104,0.07408448641344645
0.5597871741983873,0.083668106267653
0.5604115882242633,0.10997792560500508
0.5610360022501402,0.11453901551061337
0.561660416276017,0.10236625076246111
0.5622848303018939,0.0975250588057256
0.5629092443277699,0.09273434147327211
0.5635336583536468,0.09673269825034177
0.5641580723795236,0.1072611627403336
0.5647824864053996,0.11149918468945497
0.5654069004312765,0.12919944287856072
0.5660313144571534,0.16041292077572358
0.5666557284830294,0.191018327037416
0.5672801425089062,0.21237265600530525
0.5679045565347831,0.20800456701537096
0.56852897056066,0.20143318950908115
0.569153384586536,0.2118169204624512
0.5697777986124128,0.22316601293055277
0.5704022126382897,0.2338285799320717
0.5710266266641657,0.2476151372194781
0.5716510406900426,0.2692519516349855
0.5722754547159195,0.29863183541735616
0.5728998687417963,0.30632960828544514
0.5735242827676723,0.2628476973459434
0.5741486967935492,0.2245007392251117
0.5747731108194261,0.237434302073036
0.575397524845302,0.233937190376217
0.5760219388711789,0.18609850311131576
0.5766463528970558,0.14956503714623898
0.5772707669229327,0.16838425860358402
0.5778951809488087,0.2145324910434733
0.5785195949746855,0.21154932687769695
0.5791440090005624,0.17689798963443504
0.5797684230264384,0.1641594071616388
0.5803928370523153,0.16027061848323426
0.5810172510781921,0.15154267903291238
0.581641665104069,0.13217978487484408
0.582266079129945,0.12397803435441572
0.5828904931558219,0.1347261235765344
0.5835149071816987,0.14452277397779445
0.5841393212075747,0.15257109156973744
0.5847637352334516,0.15376779626669496
0.5853881492593285,0.16413404742985493
0.5860125632852053,0.1747587446083017
0.5866369773110813,0.16656876925717753
0.5872613913369582,0.15933027190014676
0.5878858053628351,0.17134084463807336
0.5885102193887111,0.18416915038866571
0.5891346334145879,0.18971241687545384
0.5897590474404648,0.21312107832805385
0.5903834614663417,0.24448580876001497
0.5910078754922177,0.240058138670573
0.5916322895180945,0.21585328144503918
0.5922567035439714,0.19093648437130675
0.5928811175698474,0.17201200965193353
0.5935055315957243,0.17951164636171707
0.5941299456216012,0.19703628208719337
0.5947543596474771,0.21955610162509642
0.595378773673354,0.26021347728788025
0.5960031876992309,0.3082717569934164
0.5966276017251078,0.3272397604928331
0.5972520157509837,0.32143960944064576
0.5978764297768606,0.2999657929133143
0.5985008438027375,0.2641854603148398
0.5991252578286135,0.25452642876155485
0.5997496718544904,0.264155775960378
0.6003740858803672,0.2581185602170583
0.6009984999062441,0.25300652516900324
0.6016229139321201,0.2558407197696767
0.602247327957997,0.2393245496445387
0.6028717419838738,0.21079865377227347
0.6034961560097498,0.20133722708530435
0.6041205700356267,0.21644713118777323
0.6047449840615036,0.23071108233907478
0.6053693980873804,0.2340684427585579
0.6059938121132564,0.23101960895208623
0.6066182261391333,0.22151508065892211
0.6072426401650102,0.21516180742571916
0.6078670541908862,0.18787762571783756
0.608491468216763,0.14177596460853875
0.6091158822426399,0.13900723337630413
0.6097402962685168,0.17892061148964353
0.6103647102943928,0.2205794624920275
0.6109891243202696,0.24351178596712103
0.6116135383461465,0.2683019217031005
0.6122379523720225,0.2961037204319205
0.6128623663978994,0.2971925809774389
0.6134867804237762,0.26875088600988223
0.6141111944496531,0.24448515519017433
0.6147356084755291,0.23522301093261322
0.615360022501406,0.23749416856207053
0.6159844365272829,0.2794487435505487
0.6166088505531588,0.3087863030798406
0.6172332645790357,0.29265969764537286
0.6178576786049126,0.28064507643270686
0.6184820926307895,0.27189174748643047
0.6191065066566654,0.2676719561654848
0.6197309206825423,0.25960981715941417
0.6203553347084192,0.24451954768583292
0.6209797487342952,0.22937021634576235
0.621604162760172,0.21536862667404266
0.6222285767860489,0.21403927909170922
0.6228529908119258,0.1920704343247984
0.6234774048378018,0.17099389985397112
0.6241018188636787,0.18381186093677046
0.6247262328895555,0.20826659817122004
0.6253506469154315,0.24589563944761217
0.6259750609413084,0.274059588213638
0.6265994749671853,0.221164444248308
0.6272238889930613,0.11712545013620623
0.6278483030189381,0.06129857435416103
0.628472717044815,0.058633976074216776
0.6290971310706919,0.07651484298932151
0.6297215450965679,0.10744813769639013
0.6303459591224447,0.1351703694921504
0.6309703731483216,0.18165359016908547
0.6315947871741976,0.2578536682141648
0.6322192012000745,0.2791556800321696
0.6328436152259513,0.23794178215242576
0.6334680292518282,0.20602097112274262
0.6340924432777042,0.18375058367513208
0.6347168573035811,0.19075048050891716
0.635341271329458,0.22301844871536775
0.6359656853553339,0.21628388793596987
0.6365900993812108,0.16586022770558181
0.6372145134070877,0.13099378311938348
0.6378389274329646,0.14980567094504393
0.6384633414588405,0.2030180034142839
0.6390877554847174,0.24701873450499381
0.6397121695105943,0.2554908742546749
0.6403365835364703,0.24098777858574177
0.6409609975623471,0.22083204244300836
0.641585411588224,0.20302435900831348
0.6422098256141009,0.20086370430057215
0.6428342396399769,0.20538502780857196
0.6434586536658538,0.21128884673781792
0.6440830676917306,0.2172373657667667
0.6447074817176066,0.22888161894741915
0.6453318957434835,0.2611926437182265
0.6459563097693604,0.28781790376532357
0.6465807237952372,0.27925943018977717
0.6472051378211132,0.2651716227692142
0.6478295518469901,0.2555884690827284
0.648453965872867,0.234502162451624
0.649078379898743,0.22549593098412654
0.6497027939246198,0.24285817459301776
0.6503272079504967,0.2686608579453599
0.6509516219763736,0.2674442589381144
0.6515760360022496,0.23851667332022736
0.6522004500281264,0.22954770224680798
0.6528248640540033,0.24694446437595508
0.6534492780798793,0.2508392354037417
0.6540736921057562,0.2489915802731352
0.654698106131633,0.2565674493103679
0.655322520157509,0.24845473240156757
0.6559469341833859,0.24414409598926748
0.6565713482092628,0.25854318611065685
0.6571957622351396,0.25419187720238573
0.6578201762610156,0.23454000031536532
0.6584445902868925,0.2369084414682224
0.6590690043127694,0.27837480228511663
0.6596934183386454,0.3472741877342743
0.6603178323645222,0.37457743427162343
0.6609422463903991,0.33617928522658147
0.661566660416276,0.3007039040441981
0.662191074442152,0.2985233739706026
0.6628154884680288,0.2956096118089536
0.6634399024939057,0.2862564292332621
0.6640643165197817,0.27462690080309105
0.6646887305456586,0.25799495846355225
0.6653131445715355,0.24572070369949378
0.6659375585974123,0.2487503065791258
0.6665619726232883,0.2642057948418891
0.6671863866491652,0.2812512409359239
0.6678108006750421,0.2883918745256854
0.668435214700918,0.2787726407596857
0.6690596287267949,0.28150838678407547
0.6696840427526718,0.3020161235464319
0.6703084567785487,0.30529478247518255
0.6709328708044247,0.3105258169381778
0.6715572848303015,0.33329162997369105
0.6721816988561784,0.34030356269376094
0.6728061128820544,0.32469228290528673
0.6734305269079313,0.3013600348398205
0.6740549409338081,0.26962167158092576
0.674679354959685,0.2647420085970517
0.675303768985561,0.29894151826909415
0.6759281830114379,0.3239520099731513
0.6765525970373147,0.30465385687052293
0.6771770110631907,0.26010848361024824
0.6778014250890676,0.24625283612399218
0.6784258391149445,0.2594030584538937
0.6790502531408213,0.25831199573114705
0.6796746671666973,0.2383205902969956
0.6802990811925742,0.2303510447431297
0.6809234952184511,0.2340651207087585
0.6815479092443271,0.232798364450928
0.6821723232702039,0.2507676132361086
0.6827967372960808,0.2639309033670513
0.6834211513219568,0.26484048825934337
0.6840455653478337,0.27721523594965103
0.6846699793737105,0.27595450144833333
0.6852943933995874,0.25927755549911935
0.6859188074254634,0.2515167903401915
0.6865432214513403,0.26415397348660336
0.6871676354772172,0.2957222263548902
0.6877920495030931,0.29494089718408234
0.68841646352897,0.2546465997849357
0.6890408775548469,0.22724193244844923
0.6896652915807238,0.2275775890161463
0.6902897056065997,0.23277786463251485
0.6909141196324766,0.23831963839000148
0.6915385336583535,0.22917684404110986
0.6921629476842295,0.21545525302191346
0.6927873617101064,0.22393897106039984
0.6934117757359832,0.2251320463401317
0.6940361897618601,0.22919928757397465
0.6946606037877361,0.22301123891670258
0.695285017813613,0.19748680396441473
0.6959094318394898,0.21108172055531807
0.6965338458653658,0.240761116817683
0.6971582598912427,0.23138589455243824
0.6977826739171196,0.19490746888310137
0.6984070879429964,0.16737292290763514
0.6990315019688724,0.1678494524581921
0.6996559159947493,0.18382310966377127
0.7002803300206262,0.2104124086172548
0.7009047440465022,0.2359224565572485
0.701529158072379,0.2600628518201541
0.7021535720982559,0.2780165278301831
0.7027779861241328,0.2776174538932611
0.7034024001500088,0.2885129369189632
0.7040268141758856,0.29952806513204977
0.7046512282017625,0.28591850565713034
0.7052756422276385,0.2880453315976149
0.7059000562535154,0.2936460571399353
0.7065244702793922,0.3076127909055629
0.7071488843052691,0.3458929160387808
0.7077732983311451,0.349686417967192
0.708397712357022,0.2936952039400903
0.7090221263828989,0.23932224013594516
0.7096465404087748,0.229916476009622
0.7102709544346517,0.24296960108341104
0.7108953684605286,0.2567580600431941
0.7115197824864046,0.25095037131740494
0.7121441965122814,0.23996059528874483
0.7127686105381583,0.2578009802618297
0.7133930245640352,0.27099136268984514
0.7140174385899112,0.2614254229689015
0.714641852615788,0.2484583082688993
0.7152662666416649,0.24135159990945235
0.7158906806675409,0.24804125207280253
0.7165150946934178,0.2317472682631816
0.7171395087192947,0.1989216104929248
0.7177639227451715,0.21079889861328457
0.7183883367710475,0.25128071794804563
0.7190127507969244,0.28728452566646523
0.7196371648228013,0.3107023564329527
0.7202615788486773,0.32067819457902835
0.7208859928745541,0.3074631146297019
0.721510406900431,0.26227856177442754
0.7221348209263079,0.24356470152745632
0.7227592349521839,0.24744315245205367
0.7233836489780607,0.2413612536363008
0.7240080630039376,0.2796508081996831
0.7246324770298136,0.35049967976508783
0.7252568910556905,0.35693172079755653
0.7258813050815673,0.27480921610184594
0.7265057191074442,0.1786972414310241
0.7271301331333202,0.1342341223264662
0.7277545471591971,0.14167592519028643
0.728378961185074,0.12629456720122204
0.7290033752109499,0.07755917663108552
0.7296277892368268,0.05829104940633173
0.7302522032627037,0.08372382504514837
0.7308766172885806,0.15484566415540107
0.7315010313144565,0.23914370145430341
0.7321254453403334,0.23145757517486606
0.7327498593662103,0.17361552856771895
0.7333742733920863,0.1750800186214177
0.7339986874179631,0.1872025689983616
0.73462310144384,0.16910729682551964
0.7352475154697169,0.12484960384970156
0.7358719294955929,0.09857448053057068
0.7364963435214698,0.12667030510813154
0.7371207575473466,0.15204431405628432
0.7377451715732226,0.1469757910088706
0.7383695855990995,0.1337892185142344
0.7389939996249764,0.12848441945579686
0.7396184136508523,0.12418565685246297
0.7402428276767292,0.11253569667219884
0.7408672417026061,0.11092190697434774
0.741491655728483,0.12550190389794164
0.742116069754359,0.13837415642320022
0.7427404837802358,0.127821727390705
0.7433648978061127,0.10090181417526214
0.7439893118319887,0.08886885186710484
0.7446137258578656,0.10481402753394409
0.7452381398837424,0.1207553663574025
0.7458625539096193,0.11700629704727092
0.7464869679354953,0.10598577577259272
0.7471113819613722,0.1031578676743959
0.747735795987249,0.1054482445326685
0.748360210013125,0.11617171934455044
0.7489846240390019,0.13299023429975992
0.7496090380648788,0.1475044198920854
0.7502334520907556,0.1592577539010046
0.7508578661166316,0.15322828395332427
0.7514822801425085,0.12235631192625271
0.7521066941683854,0.09175964975283914
0.7527311081942614,0.08185069350522331
0.7533555222201382,0.08567815836440276
0.7539799362460151,0.09307143023865048
0.754604350271892,0.10306263512807157
0.755228764297768,0.11428685125820752
0.7558531783236448,0.11774651230148189
0.7564775923495217,0.11402318393829954
0.7571020063753977,0.11590980152913102
0.7577264204012746,0.11355889154925554
0.7583508344271515,0.10687179199097115
0.7589752484530283,0.10455032377117243
0.7595996624789043,0.1041611776817967
0.7602240765047812,0.11441134078452733
0.7608484905306581,0.12628532709072285
0.761472904556534,0.12130571838389051
0.7620973185824109,0.10879628228172009
0.7627217326082878,0.10374810483891954
0.7633461466341647,0.10146218324793943
0.7639705606600407,0.09389717967097877
0.7645949746859175,0.0774140623251217
0.7652193887117944,0.0636752586424988
0.7658438027376704,0.06678346584197185
0.7664682167635473,0.08520670185432197
0.7670926307894241,0.1153118818282671
0.7677170448153001,0.12991182480655175
0.768341458841177,0.11282852386316553
0.7689658728670539,0.08740511955070523
0.7695902868929307,0.07274431048528844
0.7702147009188067,0.07514879818020712
0.7708391149446836,0.09252151127184245
0.7714635289705605,0.10246627403048772
0.7720879429964365,0.09495888798667029
0.7727123570223133,0.08929949343170415
0.7733367710481902,0.09135584088644738
0.7739611850740671,0.0913036442013899
0.7745855990999431,0.08663689406899833
0.7752100131258199,0.08276832325271608
0.7758344271516968,0.09102826262219157
0.7764588411775728,0.11366098283062535
0.7770832552034497,0.12060597490129366
0.7777076692293265,0.09539005013549427
0.7783320832552034,0.06448835182894021
0.7789564972810794,0.04748031523832526
0.7795809113069563,0.06425091950732142
0.7802053253328332,0.10675069682732156
0.7808297393587091,0.13828547682171416
0.781454153384586,0.1491731978786633
0.7820785674104629,0.1482044833906074
0.7827029814363398,0.14732690086150652
0.7833273954622157,0.16482834976381378
0.7839518094880926,0.20340309586960767
0.7845762235139695,0.24589520879265944
0.7852006375398455,0.2527569485939412
0.7858250515657224,0.2017324645673429
0.7864494655915992,0.14519966961469788
0.7870738796174761,0.1225840599170592
0.7876982936433521,0.11887532999411596
0.788322707669229,0.12852689099497178
0.7889471216951058,0.1391311689514553
0.7895715357209818,0.13157948708200073
0.7901959497468587,0.1271744032938858
0.7908203637727356,0.12597433000467556
0.7914447777986124,0.14471333019055063
0.7920691918244884,0.19672781186955338
0.7926936058503653,0.20381436026431485
0.7933180198762422,0.17583635297465608
0.7939424339021182,0.1768549251060804
0.794566847927995,0.184843396587468
0.7951912619538719,0.18019691269045607
0.7958156759797479,0.17855284428746973
0.7964400900056248,0.17462829619153264
0.7970645040315016,0.16701106485596245
0.7976889180573785,0.16255514310958233
0.7983133320832545,0.15324843956995948
0.7989377461091314,0.15086958475856155
0.7995621601350082,0.1500634094447429
0.8001865741608842,0.1292963227232407
0.8008109881867611,0.1098564413208267
0.801435402212638,0.10361002045627052
0.8020598162385149,0.09862209200868532
0.8026842302643908,0.10065121631842
0.8033086442902677,0.10928595083196399
0.8039330583161446,0.11174788745974402
0.8045574723420206,0.10268396006952847
0.8051818863678974,0.09485826447717108
0.8058063003937743,0.09751272727858279
0.8064307144196512,0.10406314104925507
0.8070551284455272,0.1008828394095237
0.807679542471404,0.08976383462233825
0.8083039564972809,0.078595859136353
0.8089283705231569,0.07390238385486383
0.8095527845490338,0.0761596915262148
0.8101771985749107,0.07793594321677776
0.8108016126007875,0.0909779652954538
0.8114260266266635,0.10643537804017614
0.8120504406525404,0.1071077737560087
0.8126748546784173,0.107596716163656
0.8132992687042933,0.10913617457628308
0.8139236827301701,0.10658199852238306
0.814548096756047,0.10526766312798677
0.8151725107819239,0.10595616564242731
0.8157969248077999,0.11987605612265322
0.8164213388336767,0.13591180973574818
0.8170457528595536,0.12359224651767844
0.8176701668854296,0.10537002755833365
0.8182945809113065,0.11536852971363228
0.8189189949371833,0.13263304333277198
0.8195434089630602,0.12467866638809184
0.8201678229889362,0.10859329728020417
0.8207922370148131,0.1124255446107737
0.82141665104069,0.12446443911738525
0.8220410650665659,0.13441140415833994
0.8226654790924428,0.14238267250581854
0.8232898931183197,0.13290115768037386
0.8239143071441966,0.11284645168752117
0.8245387211700725,0.10826976239815542
0.8251631351959494,0.11967820154490191
0.8257875492218263,0.12567209472405913
0.8264119632477023,0.11553542748166926
0.8270363772735791,0.11093665202666078
0.827660791299456,0.11971669706367075
0.828285205325332,0.13005287782254654
0.8289096193512089,0.14074654990664107
0.8295340333770858,0.1483665143109416
0.8301584474029626,0.15541203941382614
0.8307828614288386,0.17991729023511865
0.8314072754547155,0.2122019104610696
0.8320316894805924,0.20414424381575205
0.8326561035064683,0.15509814250106074
0.8332805175323452,0.10664841699385161
0.8339049315582221,0.080603728775793
0.834529345584099,0.09186438305046898
0.835153759609975,0.13529642399128922
0.8357781736358518,0.1877915446872962
0.8364025876617287,0.2027725823664645
0.8370270016876047,0.16961251259708826
0.8376514157134816,0.14546135132399474
0.8382758297393584,0.14442534782581817
0.8389002437652353,0.13989114737568273
0.8395246577911113,0.13564182191120094
0.8401490718169882,0.13437336605710215
0.840773485842865,0.13190693561278144
0.841397899868741,0.11836062900230089
0.8420223138946179,0.09406583458564298
0.8426467279204948,0.07285585431669064
0.8432711419463716,0.060509739594724464
0.8438955559722476,0.054433123389887914
0.8445199699981245,0.05487577914989189
0.8451443840240014,0.05987811326443894
0.8457687980498774,0.059714382345017934
0.8463932120757542,0.057787011080062387
0.8470176261016311,0.07549143053248024
0.847642040127508,0.10733068204118112
0.848266454153384,0.12267277872239754
0.8488908681792608,0.12596912197799986
0.8495152822051377,0.12929191223597997
0.8501396962310137,0.12826854296752804
0.8507641102568906,0.11882956203369173
0.8513885242827675,0.10394797343174038
0.8520129383086443,0.09946494169339937
0.8526373523345203,0.11695810998363307
0.8532617663603972,0.13034258868431056
0.8538861803862741,0.11906619388092957
0.85451059441215,0.1054481215246669
0.8551350084380269,0.114557498599832
0.8557594224639038,0.14398488731667775
0.8563838364897798,0.165379477585838
0.8570082505156567,0.1475531093599302
0.8576326645415335,0.10895574813322222
0.8582570785674104,0.10240532148405498
0.8588814925932864,0.11726114040002081
0.8595059066191633,0.12474803004779784
0.8601303206450401,0.1359020300616171
0.8607547346709161,0.15236833079350476
0.861379148696793,0.17553836278073323
0.8620035627226699,0.16952091835261612
0.8626279767485467,0.13275282152099838
0.8632523907744227,0.1049956817674875
0.8638768048002996,0.08159657673089923
0.8645012188261765,0.08316674200855331
0.8651256328520525,0.12218107665738438
0.8657500468779293,0.1635066648202711
0.8663744609038062,0.15707265071038207
0.8669988749296831,0.12051378244408566
0.8676232889555591,0.11916713252751984
0.8682477029814359,0.13247296947060805
0.8688721170073128,0.11245368841351137
0.8694965310331888,0.08804493365443306
0.8701209450590657,0.0976547525935486
0.8707453590849425,0.11783879541467594
0.8713697731108194,0.12172702885339952
0.8719941871366954,0.12966100921328574
0.8726186011625723,0.1412143530522828
0.8732430151884492,0.12952412155581733
0.8738674292143251,0.1090981188117438
0.874491843240202,0.112017727624831
0.8751162572660789,0.11972790166506064
0.8757406712919558,0.10997582322959691
0.8763650853178317,0.09208384559731898
0.8769894993437086,0.08420430515599663
0.8776139133695855,0.08956333241955763
0.8782383273954615,0.07875498290648049
0.8788627414213384,0.0654655239025095
0.8794871554472152,0.07047371185760268
0.8801115694730921,0.07939414074149018
0.8807359834989681,0.08890268841149652
0.881360397524845,0.0934299643471093
0.8819848115507218,0.09182517098355658
0.8826092255765978,0.10078769408924268
0.8832336396024747,0.12082208500400546
0.8838580536283516,0.11303319530669205
0.8844824676542276,0.08958411557229753
0.8851068816801044,0.10359910142876547
0.8857312957059813,0.1383083363878626
0.8863557097318582,0.1725350264174559
0.8869801237577342,0.15959262840095412
0.887604537783611,0.11116378089686747
0.8882289518094879,0.11931605833297547
0.8888533658353639,0.12705877256763465
0.8894777798612408,0.1042866763726209
0.8901021938871176,0.09755354886070625
0.8907266079129945,0.08643809501196834
0.8913510219388705,0.06837768685672996
0.8919754359647474,0.07007414713252202
0.8925998499906243,0.11403364494592946
0.8932242640165002,0.17228892470344778
0.8938486780423771,0.1895946803941218
0.894473092068254,0.17122144379937826
0.8950975060941309,0.16194414505576613
0.8957219201200068,0.15148353582920085
0.8963463341458837,0.1397992341913156
0.8969707481717606,0.1415898412563952
0.8975951621976366,0.1452842989087137
0.8982195762235134,0.14352783667220007
0.8988439902493903,0.13491010528182856
0.8994684042752672,0.12114032845763759
0.9000928183011432,0.11060171429799774
0.9007172323270201,0.11548495676626724
0.9013416463528969,0.12718219811129367
0.9019660603787729,0.12272006356232919
0.9025904744046498,0.10858339723006907
0.9032148884305267,0.10789684313301025
0.9038393024564035,0.11271231054417201
0.9044637164822795,0.099454640150655
0.9050881305081564,0.07948154599787276
0.9057125445340333,0.0731672803538391
0.9063369585599093,0.08281175913133547
0.9069613725857861,0.09959411471326837
0.907585786611663,0.11144065688071092
0.9082102006375399,0.1141377792834765
0.9088346146634159,0.10595595005751915
0.9094590286892927,0.09637741070761693
0.9100834427151696,0.09235307804630902
0.9107078567410456,0.09301701853010033
0.9113322707669225,0.0910745702065604
0.9119566847927993,0.09943534071956601
0.9125810988186753,0.1323843828710748
0.9132055128445522,0.1608136245354638
0.9138299268704291,0.17279899826752773
0.914454340896306,0.186389695806721
0.9150787549221819,0.18974912228118576
0.9157031689480588,0.17453818218147155
0.9163275829739357,0.1616218900002649
0.9169519969998117,0.15507807917900657
0.9175764110256885,0.16492067986184072
0.9182008250515654,0.1605361648800204
0.9188252390774423,0.12306321070390056
0.9194496531033183,0.10353933913170614
0.9200740671291952,0.10484055000819277
0.920698481155072,0.11388370932420702
0.921322895180948,0.13128752819651066
0.9219473092068249,0.134663023384022
0.9225717232327018,0.12627411781183068
0.9231961372585786,0.1355060736923844
0.9238205512844546,0.134071227983942
0.9244449653103315,0.11090818563519426
0.9250693793362084,0.10707101821225815
0.9256937933620843,0.1111817023448872
0.9263182073879612,0.10462486423015993
0.9269426214138381,0.09352675149728532
0.927567035439715,0.08089200618695894
0.928191449465591,0.0785059497597603
0.9288158634914678,0.08533581256210471
0.9294402775173447,0.08952139584816768
0.9300646915432207,0.0927321978577581
0.9306891055690976,0.09220743668973964
0.9313135195949744,0.0954176133679226
0.9319379336208513,0.10318943569501704
0.9325623476467273,0.09527030990822132
0.9331867616726042,0.0814414425580273
0.933811175698481,0.08014805907922283
0.934435589724357,0.06625079592535803
0.9350600037502339,0.04057681052952943
0.9356844177761108,0.044973655956996844
0.9363088318019877,0.06291652825888926
0.9369332458278636,0.07042749188889603
0.9375576598537405,0.07574133861847647
0.9381820738796174,0.10238971190438065
0.9388064879054934,0.1272198858041143
0.9394309019313702,0.10559830806234764
0.9400553159572471,0.07786667072989784
0.9406797299831231,0.10272535737561797
0.941304144009,0.15893120197354813
0.9419285580348769,0.18388410928769994
0.9425529720607537,0.17653415036742923
0.9431773860866297,0.14081350884864471
0.9438018001125066,0.0917087494932382
0.9444262141383835,0.08549316487278096
0.9450506281642594,0.1106673004227527
0.9456750421901363,0.11497700169175337
0.9462994562160132,0.10296412716341338
0.9469238702418901,0.10738802818651405
0.947548284267766,0.1171758942072821
0.9481726982936429,0.11723927798276582
0.9487971123195198,0.1226482640996952
0.9494215263453958,0.13397816468575596
0.9500459403712727,0.1324138984781238
0.9506703543971495,0.11753473849488208
0.9512947684230264,0.10186907630721494
0.9519191824489024,0.09108754095208112
0.9525435964747793,0.08540403367225634
0.9531680105006561,0.08815320672893141
0.9537924245265321,0.09583657840499148
0.954416838552409,0.09784675059003127
0.9550412525782859,0.09208604098631287
0.9556656666041627,0.07906495569575969
0.9562900806300387,0.07395693475345376
0.9569144946559156,0.08044916358625027
0.9575389086817925,0.08627349591258031
0.9581633227076685,0.09176151713834273
0.9587877367335453,0.09799375901355842
0.9594121507594222,0.0989236027712656
0.9600365647852991,0.09514702627965674
0.9606609788111751,0.09144586553231807
0.9612853928370519,0.10105467265026194
0.9619098068629288,0.12415220034836713
0.9625342208888048,0.13722776637514972
0.9631586349146817,0.1368027046956078
0.9637830489405586,0.13928624013960675
0.9644074629664354,0.14303697129497314
0.9650318769923114,0.14417952419958108
0.9656562910181883,0.1510218739535511
0.9662807050440652,0.15623995401167623
0.9669051190699411,0.14614287827697164
0.967529533095818,0.11948587671807553
0.9681539471216949,0.11681923541669297
0.9687783611475709,0.14505578513546077
0.9694027751734478,0.15259866620958995
0.9700271891993246,0.13258986252338006
0.9706516032252015,0.11296213510564099
0.9712760172510775,0.11057123758051764
0.9719004312769544,0.1193830270057945
0.9725248453028312,0.12885180638647192
0.9731492593287072,0.14299728714329243
0.9737736733545841,0.15089427398860794
0.974398087380461,0.14214854115144657
0.9750225014063378,0.12886820739431612
0.9756469154322138,0.12756985630049128
0.9762713294580907,0.1417564554243392
0.9768957434839676,0.14213577373456093
0.9775201575098436,0.12877504872075446
0.9781445715357204,0.11810683189578561
0.9787689855615973,0.10680539048422769
0.9793933995874742,0.10417178855348727
0.9800178136133502,0.106199303054431
0.980642227639227,0.1087021209065598
0.9812666416651039,0.11460776739368168
0.9818910556909799,0.11682965668300875
0.9825154697168568,0.12147026492604354
0.9831398837427336,0.13354230806076667
0.9837642977686105,0.131048381121392
0.9843887117944865,0.1112521413852517
0.9850131258203634,0.10510429314282037
0.9856375398462403,0.11910357377211327
0.9862619538721162,0.12564306655408902
0.9868863678979931,0.12155681684231696
0.98751078192387,0.11887053367587881
0.9881351959497469,0.12017128087716364
0.9887596099756228,0.1267695775856951
0.9893840240014997,0.13490378910938927
0.9900084380273766,0.13727799487304432
0.9906328520532526,0.13267120418425116
0.9912572660791295,0.12615136383391523
0.9918816801050063,0.1255300878317415
0.9925060941308832,0.13232855925820178
0.9931305081567592,0.13413742509512924
0.9937549221826361,0.12588244957368783
0.9943793362085129,0.12594595161018118
0.9950037502343889,0.13931842426944413
0.9956281642602658,0.14721570683921237
0.9962525782861427,0.14116807694200215
0.9968769923120187,0.12987451940744282
0.9975014063378955,0.12241175225453431
0.9981258203637724,0.12169702383271046
0.9987502343896493,0.12066770935337925
0.9993746484155253,0.11482635763358866
0.9999990624414021,0.11257159234652062
1.000623476467279,0.1127096322282611
1.001247890493155,0.11207975628557358
1.0018723045190319,0.11895074966575221
1.0024967185449087,0.13013661381270886
1.0031211325707856,0.13632931503458773
1.0037455465966616,0.12466187026317059
1.0043699606225385,0.10838906222289797
1.0049943746484153,0.10858775613263574
1.0056187886742913,0.10854535578927826
1.0062432027001682,0.09875939096029818
1.006867616726045,0.0942687062180213
1.007492030751922,0.10087473759017122
1.008116444777798,0.10858056737373463
1.0087408588036748,0.10275024769472044
1.0093652728295517,0.08574347206887242
1.0099896868554277,0.07744975763909644
1.0106141008813045,0.08551623671457018
1.0112385149071814,0.10199392819855453
1.0118629289330583,0.11504311737555448
1.0124873429589343,0.116733705857092
1.0131117569848112,0.11122193640068981
1.013736171010688,0.10361149586711733
1.014360585036564,0.10086552813136188
1.0149849990624409,0.10434781435215472
1.0156094130883178,0.10201570317710243
1.0162338271141946,0.09529851730358534
1.0168582411400706,0.09214444837493475
1.0174826551659475,0.09350647875592348
1.0181070691918244,0.10352071440609842
1.0187314832177004,0.11714045946155449
1.0193558972435772,0.12482749926350782
1.019980311269454,0.12958921097712325
1.020604725295331,0.13602059856592547
1.021229139321207,0.13765116495419874
1.0218535533470838,0.12791164185209092
1.0224779673729607,0.11876114311228021
1.0231023813988367,0.12116842499328004
1.0237267954247136,0.12797912158169783
1.0243512094505904,0.13639583531976177
1.0249756234764673,0.1477164714429605
1.0256000375023433,0.15611013918491626
1.0262244515282202,0.15755821292918867
1.026848865554097,0.1526752090455534
1.027473279579973,0.14832032471507486
1.02809769360585,0.14775406215284406
1.0287221076317268,0.14876646116413023
1.0293465216576028,0.1554603940798111
1.0299709356834796,0.1642821840476431
1.0305953497093565,0.1585713266051827
1.0312197637352334,0.14173091641184038
1.0318441777611094,0.12725805095784476
1.0324685917869862,0.1198844208957794
1.0330930058128631,0.12049175365029545
1.033717419838739,0.12557195805336266
1.034341833864616,0.13456958305199612
1.0349662478904929,0.14338484795494116
1.0355906619163697,0.14705315740978592
1.0362150759422457,0.1464613056746155
1.0368394899681226,0.14206786040977182
1.0374639039939995,0.13749307714292558
1.0380883180198754,0.13499051682525384
1.0387127320457523,0.13353253104474935
1.0393371460716292,0.13096533993507561
1.039961560097506,0.1264173408030353
1.040585974123382,0.12585289534718958
1.041210388149259,0.1319697386538311
1.0418348021751358,0.13880293911447045
1.0424592162010118,0.13733151053871928
1.0430836302268887,0.12651448355826936
1.0437080442527655,0.12332876783110414
1.0443324582786424,0.130735227311139
1.0449568723045184,0.13288074868105604
1.0455812863303953,0.13241579416249866
1.0462057003562721,0.13302319917831495
1.0468301143821481,0.13364321214826033
1.047454528408025,0.13487146120288726
1.0480789424339019,0.130362524231702
1.0487033564597787,0.12586033626014778
1.0493277704856547,0.13285796166346728
1.0499521845115316,0.1407750613605833
1.0505765985374085,0.1371151178696865
1.0512010125632845,0.1347848195947414
1.0518254265891613,0.14164910634653008
1.0524498406150382,0.14132585988835164
1.053074254640915,0.13125307230641986
1.053698668666791,0.12217166155972277
1.054323082692668,0.11719562409628459
1.0549474967185448,0.11527521336699516
1.0555719107444208,0.11520530674091425
1.0561963247702977,0.10428775435941325
1.0568207387961746,0.08599641454680032
1.0574451528220505,0.07565519553773267
1.0580695668479274,0.07523441586698733
1.0586939808738043,0.08234177830466602
1.0593183948996812,0.0895115862661881
1.0599428089255571,0.0863698998490938
1.060567222951434,0.08021902356914305
1.061191636977311,0.08585979640499197
1.0618160510031869,0.09694250274700948
1.0624404650290638,0.09938309589523787
1.0630648790549406,0.09232056375775696
1.0636892930808175,0.09103352901440173
1.0643137071066935,0.09552083127746568
1.0649381211325704,0.09074046794714517
1.0655625351584472,0.07915063432416483
1.0661869491843232,0.07518483036636284
1.0668113632102,0.07558080082042483
1.067435777236077,0.07378515790672852
1.0680601912619538,0.06910319995946161
1.0686846052878298,0.07007169273742206
1.0693090193137067,0.08550620103368797
1.0699334333395836,0.10443294186785876
1.0705578473654596,0.11611750632917886
1.0711822613913364,0.12004913448668497
1.0718066754172133,0.1118750693617336
1.0724310894430902,0.09915356292845472
1.0730555034689662,0.09225645400711951
1.073679917494843,0.08385472884220796
1.07430433152072,0.0766006176154033
1.074928745546596,0.08248196883177805
1.0755531595724728,0.10316238263947904
1.0761775735983496,0.12909923223630804
1.0768019876242265,0.14195108809506113
1.0774264016501025,0.13465793299000134
1.0780508156759794,0.12089485169691691
1.0786752297018563,0.11147960136409188
1.0792996437277322,0.11235323905475463
1.0799240577536091,0.1327394152797624
1.080548471779486,0.17660667109115308
1.0811728858053629,0.20446567247658143
1.0817972998312388,0.17770370103124578
1.0824217138571157,0.17991192285664143
1.0830461278829926,0.2609610866738101
1.0836705419088686,0.3148952983570002
1.0842949559347455,0.3101653309725702
1.0849193699606223,0.2964244176597187
1.0855437839864983,0.27946326796916465
1.0861681980123752,0.26529076610275226
1.086792612038252,0.2505652475919439
1.087417026064129,0.21896275684675529
1.088041440090005,0.18683215578797924
1.0886658541158818,0.1744924173972267
1.0892902681417587,0.17975711830780158
1.0899146821676347,0.1947286478373177
1.0905390961935115,0.22035753010752454
1.0911635102193884,0.23573044267991833
1.0917879242452653,0.23483184515667527
1.0924123382711413,0.23557700621567182
1.0930367522970181,0.24088301295241377
1.093661166322895,0.24346814516524437
1.094285580348771,0.25506797759735955
1.0949099943746479,0.26672277944803935
1.0955344084005247,0.28239653732101483
1.0961588224264016,0.2965900552289513
1.0967832364522776,0.291412077237434
1.0974076504781545,0.2925891603988534
1.0980320645040313,0.30179330187240294
1.0986564785299073,0.29934381684782563
1.0992808925557842,0.277246407180718
1.099905306581661,0.2561281921489354
1.100529720607538,0.2515205804044438
1.101154134633414,0.24754559403944096
1.1017785486592908,0.2415284947579257
1.1024029626851677,0.23573277019014652
1.1030273767110437,0.2407234850926033
1.1036517907369205,0.24572314104610687
1.1042762047627974,0.23005442638382534
1.1049006187886743,0.21159748072993553
1.1055250328145503,0.19111707550908047
1.1061494468404272,0.1674531238885157
1.106773860866304,0.13678090346515953
1.10739827489218,0.10869201815767811
1.1080226889180569,0.11936238473366056
1.1086471029439338,0.15269717940175637
1.1092715169698106,0.17313502771866265
1.1098959309956866,0.19091428915501216
1.1105203450215635,0.21002266198494465
1.1111447590474404,0.2149812878456144
1.1117691730733164,0.21162815332721965
1.1123935870991932,0.21422257394974098
1.11301800112507,0.21736605817988766
1.113642415150946,0.20842729982556726
1.114266829176823,0.1976813512211524
1.1148912432026998,0.18596611915339056
1.1155156572285767,0.17093052177156948
1.1161400712544527,0.16062485643596255
1.1167644852803296,0.1547756212437573
1.1173888993062064,0.1533087885785545
1.1180133133320824,0.14465951091258872
1.1186377273579593,0.14204752745539043
1.1192621413838362,0.15702257090502353
1.119886555409713,0.1676775384923858
1.120510969435589,0.15802854947210362
1.121135383461466,0.14308539909305912
1.1217597974873428,0.12317693703681518
1.1223842115132188,0.10188832636468945
1.1230086255390956,0.11076005462159325
1.1236330395649725,0.16136710847173746
1.1242574535908494,0.21375088761982952
1.1248818676167254,0.22884083419130766
1.1255062816426022,0.22332648516691944
1.1261306956684791,0.23144719595200347
1.126755109694355,0.24586233497869686
1.127379523720232,0.23599092683433925
1.1280039377461089,0.22345689160533172
1.1286283517719857,0.23689138236980595
1.1292527657978617,0.24311365922308936
1.1298771798237386,0.2290926506371475
1.1305015938496155,0.2192348944555081
1.1311260078754914,0.21527957699045377
1.1317504219013683,0.2088658327840586
1.1323748359272452,0.2068217907098508
1.132999249953122,0.20372743253744377
1.133623663978998,0.2000517577303747
1.134248078004875,0.21142593864720563
1.1348724920307518,0.22994166144430855
1.1354969060566278,0.2371181101144792
1.1361213200825047,0.2284009512268677
1.1367457341083815,0.21648692023388832
1.1373701481342584,0.22271736332735062
1.1379945621601344,0.23828947249455598
1.1386189761860113,0.2368871214392601
1.1392433902118881,0.22565397966114897
1.1398678042377641,0.21601740603338135
1.140492218263641,0.2092256461505142
1.1411166322895179,0.20337891333161684
1.1417410463153939,0.19966635997543533
1.1423654603412707,0.20369131243579833
1.1429898743671476,0.22137370025092715
1.1436142883930245,0.23909540756454617
1.1442387024189005,0.2400666741210907
1.1448631164447773,0.23810445146357662
1.1454875304706542,0.23774359969483044
1.1461119444965302,0.22806338949615684
1.146736358522407,0.21934271917615566
1.147360772548284,0.2187076546802374
1.1479851865741608,0.212540177923139
1.1486096006000368,0.20536304093637012
1.1492340146259137,0.2114522969486793
1.1498584286517906,0.2192588871578327
1.1504828426776665,0.21260653453685738
1.1511072567035434,0.20999182140465944
1.1517316707294203,0.21340720973602587
1.1523560847552972,0.2101291049243736
1.1529804987811731,0.2074675928592594
1.15360491280705,0.21349752241923436
1.154229326832927,0.22553040120390877
1.1548537408588029,0.2386804707814775
1.1554781548846798,0.2429571771663684
1.1561025689105566,0.22996950686658915
1.1567269829364335,0.2158560946102334
1.1573513969623095,0.20957140568780375
1.1579758109881864,0.20619715858109705
1.1586002250140632,0.21321558968085114
1.1592246390399392,0.2214018243693427
1.159849053065816,0.22351834371524
1.160473467091693,0.23381697824695405
1.1610978811175698,0.2457620979036106
1.1617222951434458,0.24474559987484362
1.1623467091693227,0.23953784119876365
1.1629711231951996,0.2398135510142418
1.1635955372210756,0.24347352265040553
1.1642199512469524,0.24392175786674772
1.1648443652728293,0.23969680126569665
1.1654687792987062,0.2332170735758088
1.1660931933245822,0.22024189360321023
1.166717607350459,0.20818296432589692
1.167342021376336,0.2101389464638029
1.167966435402212,0.212414067628588
1.1685908494280888,0.19911762311347989
1.1692152634539656,0.18877627136924938
1.1698396774798416,0.19204096607525625
1.1704640915057185,0.1896609974735453
1.1710885055315954,0.17923531496890832
1.1717129195574723,0.1804767071712598
1.1723373335833482,0.18534564561643932
1.1729617476092251,0.17774729172224735
1.173586161635102,0.17339082022069077
1.174210575660978,0.1734004518639283
1.1748349896868548,0.18132633594107864
1.1754594037127317,0.20190826781473917
1.1760838177386086,0.2169666443004334
1.1767082317644846,0.2201230266095749
1.1773326457903615,0.2116687367070186
1.1779570598162383,0.19505169118893
1.1785814738421143,0.1861257744850806
1.1792058878679912,0.1842359576927991
1.179830301893868,0.18246071903661937
1.180454715919745,0.1841304449261494
1.181079129945621,0.18709467406310915
1.1817035439714978,0.19514091736666475
1.1823279579973747,0.20797737556694534
1.1829523720232507,0.21012628708043207
1.1835767860491275,0.19689231480736352
1.1842012000750044,0.18462259515360308
1.1848256141008813,0.18279582247191462
1.1854500281267573,0.18984208873516953
1.1860744421526341,0.19569651140331273
1.186698856178511,0.18626823089998243
1.187323270204387,0.16547703110829506
1.1879476842302639,0.14370631094169078
1.1885720982561407,0.13257005368786087
1.1891965122820176,0.13095536359645196
1.1898209263078936,0.13104366104894627
1.1904453403337705,0.13932581923823023
1.1910697543596473,0.15089236552516175
1.1916941683855233,0.15548977701469344
1.1923185824114002,0.15041960867634474
1.192942996437277,0.14753784037696646
1.193567410463154,0.156249404598899
1.19419182448903,0.16126849941097282
1.1948162385149068,0.1627943450985236
1.1954406525407837,0.1691226920618152
1.1960650665666597,0.16999725787164494
1.1966894805925365,0.1670202573754416
1.1973138946184134,0.1726782785054886
1.1979383086442894,0.18740617607861837
1.1985627226701663,0.19266761804931448
1.1991871366960432,0.1818048356209196
1.19981155072192,0.17763354153133382
1.200435964747796,0.18574458580311043
1.2010603787736729,0.1902497473423767
1.2016847927995498,0.1929374487774732
1.2023092068254257,0.19185393822848887
1.2029336208513026,0.18500382482235705
1.2035580348771795,0.18036571889627753
1.2041824489030564,0.18056640657841627
1.2048068629289324,0.1816704735471453
1.2054312769548092,0.1821923943235126
1.206055690980686,0.17805570514144106
1.206680105006562,0.1669478668921748
1.207304519032439,0.1562961167376436
1.2079289330583158,0.15250748367635175
1.2085533470841927,0.16056141120778994
1.2091777611100687,0.17944690800576443
1.2098021751359456,0.19828519675222386
1.2104265891618224,0.20170697142347077
1.2110510031876984,0.18650151332353485
1.2116754172135753,0.16589555637351797
1.2122998312394522,0.15639483200924564
1.212924245265329,0.1599363264374931
1.213548659291205,0.16319540455775322
1.214173073317082,0.16232982673237126
1.2147974873429588,0.16670713592311565
1.2154219013688348,0.17165706604460096
1.2160463153947116,0.17243266222635628
1.2166707294205885,0.17531270078013575
1.2172951434464654,0.17184066188324937
1.2179195574723414,0.1637062826546683
1.2185439714982182,0.16572287576747305
1.2191683855240951,0.17604581926805393
1.219792799549971,0.18534348822238708
1.220417213575848,0.1882763140198705
1.2210416276017249,0.18492830514647537
1.2216660416276017,0.1808300638781733
1.2222904556534777,0.1826144514835424
1.2229148696793546,0.19130684980116908
1.2235392837052315,0.20117730447976895
1.2241636977311074,0.20822851092127678
1.2247881117569843,0.21398859776590404
1.2254125257828612,0.22000193489828077
1.226036939808738,0.21774621895130095
1.226661353834614,0.21213070355718386
1.227285767860491,0.20990401260564256
1.2279101818863678,0.20748536317197797
1.2285345959122438,0.20810676477164175
1.2291590099381207,0.20423825313651417
1.2297834239639975,0.17960869515278216
1.2304078379898735,0.14737689399787288
1.2310322520157504,0.1235667719892466
1.2316566660416273,0.1106507261662644
1.2322810800675041,0.10639498685662878
1.2329054940933801,0.10241667181379674
1.233529908119257,0.09659440194178645
1.2341543221451339,0.08765475835904926
1.2347787361710099,0.0773925117695741
1.2354031501968867,0.07281463667024467
1.2360275642227636,0.0711858638156305
1.2366519782486405,0.07119020961271555
1.2372763922745165,0.0726145319079605
1.2379008063003933,0.07544085470745994
1.2385252203262702,0.08109068479210105
1.2391496343521462,0.08610538533911888
1.239774048378023,0.0857984170435405
1.2403984624039,0.08244467393297741
1.2410228764297768,0.08279164066169538
1.2416472904556528,0.0873465298117598
1.2422717044815297,0.09315867770225494
1.2428961185074066,0.10686685787915569
1.2435205325332825,0.11907352051825
1.2441449465591594,0.11141161863289555
1.2447693605850363,0.10083886702230212
1.2453937746109132,0.09864109303479349
1.2460181886367891,0.09837987095753667
1.246642602662666,0.1031496641313793
1.247267016688543,0.10660261031349368
1.2478914307144189,0.10962256575064325
1.2485158447402958,0.11780548289392405
1.2491402587661726,0.1197127015088815
1.2497646727920495,0.12237741936448812
1.2503890868179255,0.12332426602987653
1.2510135008438024,0.1069250938854193
1.2516379148696792,0.08230431007987196
1.2522623288955552,0.06550840240101298
1.252886742921432,0.060050858905019135
1.253511156947309,0.06392386046895178
1.2541355709731858,0.07675902335073363
1.2547599849990618,0.09170935908067103
1.2553843990249387,0.09438604631681295
1.2560088130508156,0.09551069619704912
1.2566332270766916,0.10188154078749052
1.2572576411025684,0.1083108653788895
1.2578820551284453,0.11718299956030612
1.2585064691543213,0.11643429266772162
1.2591308831801982,0.10788177153734071
1.259755297206075,0.10270391393646165
1.260379711231952,0.10350287585291613
1.261004125257828,0.10734971720032367
1.2616285392837048,0.10673147936882774
1.2622529533095816,0.10810600569748581
1.2628773673354576,0.11313043475136153
1.2635017813613345,0.11401164052018893
1.2641261953872114,0.12549820316704535
1.2647506094130883,0.151214575905867
1.2653750234389642,0.15924895721604568
1.2659994374648411,0.14773237480833687
1.266623851490718,0.13570706135492033
1.267248265516594,0.129284801632856
1.2678726795424708,0.12645794125513088
1.2684970935683477,0.12312851882507585
1.2691215075942246,0.11598888882813829
1.2697459216201006,0.10784092222522317
1.2703703356459775,0.1034223257216996
1.2709947496718543,0.10140385839926161
1.2716191636977303,0.10141241779451009
1.2722435777236072,0.10679439418710304
1.272867991749484,0.11133057011242267
1.273492405775361,0.10125873120436706
1.274116819801237,0.08888149616509258
1.2747412338271138,0.09112397279199705
1.2753656478529907,0.09907000969519382
1.2759900618788667,0.10163166366294954
1.2766144759047435,0.09666370442162087
1.2772388899306204,0.09267615320348155
1.2778633039564973,0.09493087166872408
1.2784877179823733,0.09996196140523313
1.2791121320082501,0.10277718651016995
1.279736546034127,0.09814926504286062
1.280360960060003,0.09141070893967049
1.2809853740858799,0.08600344155201445
1.2816097881117567,0.08655777216620852
1.2822342021376336,0.10084520840456057
1.2828586161635096,0.10202035630029749
1.2834830301893865,0.09317510129729002
1.2841074442152633,0.09197263017886796
1.2847318582411393,0.08786098217650515
1.2853562722670162,0.08297899471727571
1.285980686292893,0.08032310412135248
1.286605100318769,0.07871659969409037
1.287229514344646,0.08137282997245275
1.2878539283705228,0.08292748580160562
1.2884783423963997,0.07976439687761422
1.2891027564222757,0.07656512799433998
1.2897271704481525,0.07744588673031713
1.2903515844740294,0.0813062376768085
1.2909759984999054,0.08270424549764867
1.2916004125257823,0.07735808498743732
1.2922248265516592,0.07174053903432019
1.292849240577536,0.07237737176755746
1.293473654603412,0.07511085715378767
1.294098068629289,0.0746178826693456
1.2947224826551658,0.0719681659489785
1.2953468966810417,0.0738051589234637
1.2959713107069186,0.08060553093561709
1.2965957247327955,0.08701118493610062
1.2972201387586724,0.0902632480750399
1.2978445527845484,0.0906416320099364
1.2984689668104252,0.09083153014575221
1.299093380836302,0.09335181339574031
1.299717794862178,0.09674069430674151
1.300342208888055,0.09454185487705005
1.3009666229139318,0.08972301701478182
1.3015910369398087,0.08486654360639953
1.3022154509656847,0.08174140239864394
1.3028398649915616,0.0862729562593067
1.3034642790174384,0.09837726811937979
1.3040886930433144,0.10535534479703382
1.3047131070691913,0.10058326435465934
1.3053375210950682,0.0931827498618982
1.305961935120945,0.09006142017691873
1.306586349146821,0.08685400441380198
1.307210763172698,0.07642438052525719
1.3078351771985748,0.0650580700668249
1.3084595912244508,0.05744805531352922
1.3090840052503276,0.055202357638957956
1.3097084192762045,0.05396937328150978
1.3103328333020814,0.05569644039304544
1.3109572473279574,0.06187540417163177
1.3115816613538342,0.06704964370172617
1.3122060753797111,0.07756166438314945
1.312830489405587,0.09110021840732832
1.313454903431464,0.09275962277751282
1.3140793174573409,0.07709850744771282
1.3147037314832168,0.056918660117822595
1.3153281455090937,0.04561478861107677
1.3159525595349706,0.04106467751485364
1.3165769735608475,0.03925030868607734
1.3172013875867234,0.04142357180170504
1.3178258016126003,0.04854297046033867
1.3184502156384772,0.05501227189396848
1.3190746296643532,0.06295523795146366
1.31969904369023,0.08139667931982966
1.320323457716107,0.09732215149144548
1.3209478717419838,0.10402280554510815
1.3215722857678598,0.10756704903325875
1.3221966997937367,0.10488015089778932
1.3228211138196135,0.09969486468800738
1.3234455278454895,0.1041536247908011
1.3240699418713664,0.11497889279833635
1.3246943558972433,0.12355869984160694
1.3253187699231201,0.13212821552614956
1.3259431839489961,0.13365810365033903
1.326567597974873,0.12220543233132937
1.3271920120007499,0.11024124442415013
1.3278164260266259,0.11066576435558317
1.3284408400525027,0.11729796577233251
1.3290652540783796,0.12296725715064213
1.3296896681042565,0.12636761767569896
1.3303140821301325,0.1255803013724393
1.3309384961560093,0.1223526196170213
1.3315629101818862,0.1257593277300449
1.3321873242077622,0.13864234421533847
1.332811738233639,0.14547389466373442
1.333436152259516,0.13685052231180267
1.3340605662853928,0.1264629135508433
1.3346849803112688,0.11669850146059993
1.3353093943371457,0.10962818637167385
1.3359338083630226,0.11223291850980863
1.3365582223888985,0.1175316296774781
1.3371826364147754,0.11984291033735424
1.3378070504406523,0.11563325364305443
1.3384314644665292,0.10643824667812782
1.3390558784924051,0.10218725477663246
1.339680292518282,0.10074032849279779
1.340304706544159,0.09797525004267625
1.3409291205700349,0.09533541071036362
1.3415535345959118,0.08764945223229341
1.3421779486217886,0.08032743632519351
1.3428023626476646,0.08415549143342184
1.3434267766735415,0.09448793202443832
1.3440511906994184,0.09633277288030909
1.3446756047252952,0.08999369259761048
1.3453000187511712,0.0854734184108224
1.345924432777048,0.08450124573862419
1.346548846802925,0.08225018290508498
1.347173260828801,0.07669027395338011
1.3477976748546778,0.078310132121075
1.3484220888805547,0.08901336009945493
1.3490465029064316,0.09610191406891905
1.3496709169323076,0.09994468041854775
1.3502953309581844,0.10250530156534757
1.3509197449840613,0.10274856085935251
1.3515441590099373,0.09993984817422082
1.3521685730358142,0.08867199655543193
1.352792987061691,0.07477797804122638
1.353417401087568,0.07325305313401836
1.354041815113444,0.0893810419467654
1.3546662291393208,0.1045976749787219
1.3552906431651977,0.10840888964268554
1.3559150571910736,0.10645008997834797
1.3565394712169505,0.10185012953245716
1.3571638852428274,0.1041014175141965
1.3577882992687043,0.10745268189822124
1.3584127132945802,0.10154992314843454
1.3590371273204571,0.09749275140578563
1.359661541346334,0.09812638001164936
1.36028595537221,0.09332378970834579
1.3609103693980868,0.09090368410863968
1.3615347834239637,0.09619723588458812
1.3621591974498406,0.10088274294394124
1.3627836114757166,0.10633507083703808
1.3634080255015935,0.11307010316505846
1.3640324395274703,0.11923960412286039
1.3646568535533463,0.1215268992779909
1.3652812675792232,0.11680918066999871
1.3659056816051,0.1164609983300879
1.366530095630977,0.12155773698654715
1.367154509656853,0.12370682941858721
1.3677789236827298,0.1281458986529977
1.3684033377086067,0.13631479833651744
1.3690277517344827,0.1386454133257404
1.3696521657603595,0.13356690985247713
1.3702765797862364,0.13182480893836618
1.3709009938121124,0.13585424542560728
1.3715254078379893,0.13040685705912594
1.3721498218638661,0.11025843553131513
1.372774235889743,0.09716418127075566
1.373398649915619,0.10912870308234283
1.3740230639414959,0.12722569364627415
1.3746474779673727,0.1318767979833862
1.3752718919932487,0.12432006275407362
1.3758963060191256,0.10820599529826018
1.3765207200450025,0.09576880555605034
1.3771451340708794,0.0945794473368213
1.3777695480967553,0.10819722386913348
1.3783939621226322,0.1259437076340711
1.379018376148509,0.1275420376531417
1.379642790174385,0.11867988523265127
1.380267204200262,0.11032211903876248
1.3808916182261388,0.10628504663663316
1.3815160322520157,0.10753963332199082
1.3821404462778917,0.11249951900577555
1.3827648603037686,0.11835294844559929
1.3833892743296454,0.1212741224882373
1.3840136883555214,0.12181289430051982
1.3846381023813983,0.12310588484853047
1.3852625164072752,0.11940067133267065
1.385886930433152,0.10620465064358882
1.386511344459028,0.10152713477169435
1.387135758484905,0.10856196891791481
1.3877601725107818,0.11786679792584231
1.3883845865366577,0.1295931040613703
1.3890090005625346,0.13110905402741382
1.3896334145884115,0.11646049116608678
1.3902578286142884,0.10376140559989307
1.3908822426401644,0.10466513757216975
1.3915066566660412,0.11131610157057006
1.392131070691918,0.1158464297751867
1.392755484717794,0.12247220873600798
1.393379898743671,0.12625904957430167
1.3940043127695478,0.12162680999295206
1.3946287267954247,0.11167546629649525
1.3952531408213007,0.10669778113716515
1.3958775548471776,0.1140975147912999
1.3965019688730544,0.12368784843474709
1.3971263828989304,0.12549912099459523
1.3977507969248073,0.12141713639844473
1.3983752109506842,0.12648906126293807
1.3989996249765602,0.13898457555682753
1.399624039002437,0.1451380653409498
1.400248453028314,0.150666985490906
1.4008728670541908,0.15819269750132708
1.4014972810800668,0.1649266479878311
1.4021216951059436,0.17068087083678943
1.4027461091318205,0.16854816457813068
1.4033705231576965,0.16093013270929707
1.4039949371835734,0.15799940346554692
1.4046193512094503,0.16185720035729656
1.4052437652353271,0.15784683913927153
1.405868179261203,0.13837958365454986
1.40649259328708,0.13048188925776355
1.4071170073129569,0.14798910684996402
1.4077414213388328,0.1650703612314849
1.4083658353647097,0.16713984135423493
1.4089902493905866,0.16196868036304693
1.4096146634164635,0.15262372180601405
1.4102390774423395,0.14449140716721998
1.4108634914682163,0.1508361965076285
1.4114879054940932,0.16204158445620892
1.4121123195199692,0.1659156594850962
1.412736733545846,0.1601613885671303
1.413361147571723,0.14523698540116955
1.4139855615975998,0.13213077062706916
1.4146099756234758,0.1329018955936213
1.4152343896493527,0.145169634339671
1.4158588036752295,0.14280330166528693
1.4164832177011055,0.1262050566478997
1.4171076317269824,0.11903575076524994
1.4177320457528593,0.1177553550147592
1.4183564597787361,0.12026408927534708
1.4189808738046121,0.13589842773758334
1.419605287830489,0.1494083303140716
1.4202297018563659,0.1457992682632511
1.4208541158822419,0.14046655049422532
1.4214785299081187,0.14780617724040518
1.4221029439339956,0.15569664919321521
1.4227273579598725,0.15981510701871043
1.4233517719857485,0.16400852074825176
1.4239761860116253,0.1577303965470323
1.4246006000375022,0.14893714439106115
1.4252250140633782,0.14501652679897054
1.425849428089255,0.14072110161548979
1.426473842115132,0.13948737774780007
1.4270982561410088,0.14151673612989407
1.4277226701668848,0.13500662694649904
1.4283470841927617,0.12353163859107694
1.4289714982186386,0.11351208371056838
1.4295959122445145,0.10689437696568993
1.4302203262703914,0.10457168000014916
1.4308447402962683,0.10101747839802108
1.4314691543221443,0.09905978778902383
1.4320935683480212,0.10654707481798305
1.432717982373898,0.11678828622570019
1.433342396399775,0.12137605559014682
1.4339668104256509,0.11800593536334932
1.4345912244515278,0.11059250955822801
1.4352156384774046,0.10878416208373257
1.4358400525032806,0.1077708664898855
1.4364644665291575,0.10373398940311152
1.4370888805550344,0.09928698510436448
1.4377132945809112,0.09592834925408854
1.4383377086067872,0.09266547178712967
1.438962122632664,0.09178599160356671
1.439586536658541,0.09443876178874862
1.440210950684417,0.09827153152671815
1.4408353647102938,0.10281529224908648
1.4414597787361707,0.10199173913653783
1.4420841927620476,0.10651084353072675
1.4427086067879236,0.11794272697937387
1.4433330208138004,0.1164828375770661
1.4439574348396773,0.10401453389220136
1.4445818488655533,0.09436976062061746
1.4452062628914302,0.09747663861900228
1.445830676917307,0.10170805977746049
1.446455090943184,0.10250619970330081
1.44707950496906,0.11612169832204908
1.4477039189949368,0.12706059019645782
1.4483283330208137,0.12790727035284571
1.4489527470466896,0.12805443686733037
1.4495771610725665,0.1255022084541904
1.4502015750984434,0.12712568607288816
1.4508259891243203,0.12932366344451135
1.4514504031501962,0.12866734073837552
1.4520748171760731,0.13105256896150136
1.45269923120195,0.13406118591300242
1.453323645227826,0.13516864880733717
1.4539480592537029,0.13332973879373614
1.4545724732795797,0.13107922363367774
1.4551968873054566,0.12853138390481988
1.4558213013313326,0.12532178075640482
1.4564457153572095,0.12441518311202333
1.4570701293830863,0.12172201182180489
1.4576945434089623,0.11672090197141365
1.4583189574348392,0.11110960208808998
1.458943371460716,0.10750835609504916
1.459567785486592,0.10621359388858594
1.460192199512469,0.10786199131421356
1.4608166135383458,0.11424140073598921
1.4614410275642227,0.11894937412740003
1.4620654415900987,0.11513801049420591
1.4626898556159755,0.10976262370157934
1.4633142696418524,0.1052086778491412
1.4639386836677284,0.09931516919178578
1.4645630976936053,0.09849732752319239
1.4651875117194821,0.10087151019638693
1.465811925745359,0.10254519779089051
1.466436339771235,0.10301575136760358
1.4670607537971119,0.1033146991378558
1.4676851678229887,0.1098614297842903
1.4683095818488647,0.11777003041489224
1.4689339958747416,0.11926300493549433
1.4695584099006185,0.11981134134194187
1.4701828239264954,0.1205879939357313
1.4708072379523713,0.11680338831015558
1.4714316519782482,0.10932656357115997
1.472056066004125,0.10069122223155487
1.472680480030001,0.09010527494314975
1.473304894055878,0.0801909092242616
1.4739293080817548,0.07721136801252144
1.4745537221076317,0.07663284038364523
1.4751781361335077,0.07658874734725807
1.4758025501593846,0.07879891670972994
1.4764269641852614,0.07874323623206111
1.4770513782111374,0.07805910181579809
1.4776757922370143,0.08067806755570084
1.4783002062628912,0.08797360449532242
1.478924620288768,0.09526220410514899
1.479549034314644,0.09963511326053745
1.480173448340521,0.10164382049689932
1.4807978623663978,0.10301491156581333
1.4814222763922738,0.10343104704589337
1.4820466904181506,0.09911881987410845
1.4826711044440275,0.09486862948941883
1.4832955184699044,0.09903204147246106
1.4839199324957804,0.10900142337726137
1.4845443465216572,0.11900352398676847
1.485168760547534,0.11915707619694496
1.48579317457341,0.10580525369173902
1.486417588599287,0.09519310398673206
1.4870420026251638,0.09558382528262163
1.4876664166510398,0.09835812594042129
1.4882908306769167,0.10056528102381494
1.4889152447027936,0.10466755734234337
1.4895396587286704,0.10524574647033347
1.4901640727545464,0.104849584784416
1.4907884867804233,0.11321151439610722
1.4914129008063002,0.12785221644595696
1.4920373148321762,0.13634550469278406
1.492661728858053,0.13535803562182636
1.49328614288393,0.13035286623272394
1.4939105569098068,0.12701395157380702
1.4945349709356828,0.12819286738388272
1.4951593849615596,0.12637390754545924
1.4957837989874365,0.1240945257553749
1.4964082130133125,0.127932680074837
1.4970326270391894,0.1321353999009687
1.4976570410650663,0.1362102506240975
1.4982814550909431,0.14127043865853744
1.4989058691168191,0.14304225532566356
1.499530283142696,0.14188085547282414
1.5001546971685729,0.14134672335236115
1.5007791111944488,0.13893265903183075
1.5014035252203257,0.14168016802346395
1.5020279392462026,0.1545196181080722
1.5026523532720795,0.16542637804949414
1.5032767672979555,0.1677395725165335
1.5039011813238323,0.16407927945985484
1.5045255953497092,0.15503263354474273
1.5051500093755852,0.1447024968984148
1.505774423401462,0.1418029781046319
1.506398837427339,0.14476670651888462
1.5070232514532158,0.1462720239650991
1.5076476654790918,0.14231472880988366
1.5082720795049687,0.14038146260425377
1.5088964935308455,0.14987400946898852
1.5095209075567215,0.15937168823349876
1.5101453215825984,0.160257964128402
1.5107697356084753,0.1570000430396991
1.5113941496343521,0.14624813206307433
1.5120185636602281,0.13706712975012525
1.512642977686105,0.13488005927615915
1.5132673917119819,0.13616712365396783
1.5138918057378579,0.13713374905398346
1.5145162197637347,0.13045308206762635
1.5151406337896116,0.12335805618267917
1.5157650478154876,0.12265106586004133
1.5163894618413645,0.12282788368572987
1.5170138758672413,0.12655319969258433
1.5176382898931182,0.138183651386294
1.5182627039189942,0.14736249567929072
1.518887117944871,0.15126829877273135
1.519511531970748,0.16154410208409536
1.520135945996624,0.17118304163838824
1.5207603600225008,0.17311026960988918
1.5213847740483777,0.18051642655916514
1.5220091880742546,0.18697807778030398
1.5226336021001305,0.18832870984985806
1.5232580161260074,0.19898754879084715
1.5238824301518843,0.20940598207145436
1.5245068441777603,0.1967476415081901
1.5251312582036372,0.1701560926168884
1.525755672229514,0.15548095765534498
1.526380086255391,0.1574733603520369
1.5270045002812669,0.16304991692383056
1.5276289143071438,0.15846368619008505
1.5282533283330206,0.14754439327286603
1.5288777423588966,0.1461956489380821
1.5295021563847735,0.15310101470432674
1.5301265704106504,0.1580882966571247
1.5307509844365272,0.15794883415747787
1.5313753984624032,0.15311603709941368
1.53199981248828,0.14865482452018314
1.532624226514157,0.14703178669444858
1.533248640540033,0.1379768403126479
1.5338730545659098,0.12336965149693294
1.5344974685917867,0.11751158687525967
1.5351218826176636,0.11621369920024731
1.5357462966435396,0.11293883012697865
1.5363707106694164,0.11530210320971916
1.5369951246952933,0.11686763926474682
1.5376195387211693,0.11367503785776974
1.5382439527470462,0.11155987177605235
1.538868366772923,0.10972681233621824
1.5394927807988,0.10906666021671538
1.540117194824676,0.11200536232399987
1.5407416088505528,0.1180739733338592
1.5413660228764297,0.11680722575086218
1.5419904369023056,0.10463201821484687
1.5426148509281825,0.08967449182932245
1.5432392649540594,0.07644082803042195
1.5438636789799354,0.06187737638949824
1.5444880930058122,0.04231774437847218
1.5451125070316891,0.037155860440565146
1.545736921057566,0.046254610720569835
1.546361335083442,0.05179605772022411
1.5469857491093189,0.051610736380235375
1.5476101631351957,0.04420617107146811
1.5482345771610717,0.035186220016708895
1.5488589911869486,0.03992543403563094
1.5494834052128255,0.059359669182155905
1.5501078192387023,0.07036124698087161
1.5507322332645783,0.07011900488773258
1.5513566472904552,0.07064422776027204
1.551981061316332,0.07315468552230177
1.552605475342208,0.06898455670526572
1.553229889368085,0.05951628904589266
1.5538543033939618,0.06198397420395576
1.5544787174198387,0.078056295996751
1.5551031314457147,0.08633742895642235
1.5557275454715915,0.08595310164036908
1.5563519594974684,0.0838849901900438
1.5569763735233444,0.07748158402196775
1.5576007875492213,0.07526613712606339
1.5582252015750981,0.0812283585255619
1.558849615600975,0.08685407613065431
1.559474029626851,0.09249934900825525
1.5600984436527279,0.1029463125893452
1.5607228576786047,0.11553742665323281
1.5613472717044807,0.12157787978377801
1.5619716857303576,0.11835105400096195
1.5625960997562345,0.1145441820879528
1.5632205137821114,0.11571908015825767
1.5638449278079873,0.12363222393812641
1.5644693418338642,0.12877367047404223
1.565093755859741,0.1221437105257355
1.565718169885617,0.12022832742350101
1.566342583911494,0.12473895033402786
1.5669669979373708,0.12186754409149084
1.5675914119632477,0.12056298522417744
1.5682158259891237,0.12492538633649872
1.5688402400150006,0.13180060067701244
1.5694646540408774,0.13742131256491297
1.5700890680667534,0.1358406871333025
1.5707134820926303,0.13279645796536638
1.5713378961185072,0.12998958279236913
1.5719623101443831,0.12486406199059077
1.57258672417026,0.11397708649650526
1.573211138196137,0.09614937839283484
1.5738355522220138,0.08652650572570815
1.5744599662478898,0.09217217213378041
1.5750843802737666,0.09812938295655643
1.5757087942996435,0.09571307694036892
1.5763332083255195,0.09004638094963816
1.5769576223513964,0.08352563972792695
1.5775820363772732,0.08015608511935345
1.57820645040315,0.08194363369618898
1.578830864429026,0.08464925854423161
1.579455278454903,0.08809182935297155
1.5800796924807798,0.09258094761214111
1.5807041065066558,0.09737246450451464
1.5813285205325327,0.10093818991793609
1.5819529345584096,0.09996802463018147
1.5825773485842864,0.09684101569088263
1.5832017626101624,0.09337667001742318
1.5838261766360393,0.08575254784720929
1.5844505906619162,0.07825924964040434
1.5850750046877922,0.07514146159778365
1.585699418713669,0.07282577874274478
1.586323832739546,0.07020502536002518
1.5869482467654228,0.06880060125407776
1.5875726607912988,0.06766928571942907
1.5881970748171756,0.06478508216395741
1.5888214888430525,0.06054679795058314
1.5894459028689285,0.060332519493291846
1.5900703168948054,0.06408164816627468
1.5906947309206823,0.06852512779928305
1.5913191449465591,0.0724145864515813
1.5919435589724351,0.07500036584209198
1.592567972998312,0.0796872674249389
1.5931923870241889,0.08858572718316017
1.5938168010500648,0.09198331456623265
1.5944412150759417,0.08666844667381125
1.5950656291018186,0.08280724421048707
1.5956900431276955,0.08452856143393661
1.5963144571535715,0.08731576179026838
1.5969388711794483,0.08288745089090976
1.5975632852053252,0.08166872288511869
1.5981876992312012,0.08942362041046059
1.598812113257078,0.09354720579781378
1.599436527282955,0.07865335912603097
1.6000609413088318,0.0569227800066429
1.6006853553347078,0.0446922640648184
1.6013097693605847,0.029304625902177018
1.6019341833864615,0.01684195477956962
1.6025585974123375,0.01848754912607526
1.6031830114382144,0.03224243106317602
1.6038074254640913,0.046818922512315675
1.6044318394899673,0.05453316222329396
1.6050562535158441,0.056414341947591165
1.605680667541721,0.0550895368254428
1.6063050815675979,0.05241812226212813
1.6069294955934739,0.049706850952898736
1.6075539096193507,0.049368026041284534
1.6081783236452276,0.04799109461125438
1.6088027376711036,0.04134881709159856
1.6094271516969805,0.04879450830840873
1.6100515657228573,0.06944636904234983
1.6106759797487342,0.07965605275894279
1.6113003937746102,0.09302730815664596
1.611924807800487,0.11490696586579682
1.612549221826364,0.12113161734797755
1.61317363585224,0.11544988759716075
1.6137980498781168,0.11432035400784998
1.6144224639039937,0.11357061586400838
1.6150468779298706,0.11141394440208185
1.6156712919557465,0.11361816257970463
1.6162957059816234,0.12226824500454476
1.6169201200075003,0.1379917159178529
1.6175445340333763,0.1476138937955176
1.6181689480592532,0.15202562710269057
1.61879336208513,0.15640015585724062
1.619417776111007,0.15899414490269254
1.6200421901368829,0.1586506456527518
1.6206666041627598,0.15186643677222672
1.6212910181886366,0.1460349342292227
1.6219154322145126,0.1416910301604947
1.6225398462403895,0.13362553659083198
1.6231642602662664,0.12322943625364688
1.6237886742921432,0.11936205578433974
1.6244130883180192,0.11441423878317658
1.625037502343896,0.10024859180036469
1.625661916369773,0.095251745547629
1.626286330395649,0.09435199767622415
1.6269107444215258,0.08426386273205537
1.6275351584474027,0.08333516296842873
1.6281595724732796,0.09101105674487515
1.6287839864991556,0.10057805528308048
1.6294084005250324,0.11101872310070793
1.6300328145509093,0.1118609599670555
1.6306572285767853,0.10397563484772546
1.6312816426026622,0.0994164173840972
1.631906056628539,0.10036626126426836
1.632530470654415,0.10313787797749649
1.633154884680292,0.10626976076262855
1.6337792987061688,0.10902441576983882
1.6344037127320457,0.11371790438236021
1.6350281267579216,0.11619811521033956
1.6356525407837985,0.12125590724369908
1.6362769548096754,0.11816197068697076
1.6369013688355514,0.10789784668994062
1.6375257828614282,0.11194356133586947
1.6381501968873051,0.11593046619184508
1.638774610913182,0.11410287671171682
1.639399024939058,0.13083518509571707
1.6400234389649349,0.15785998143787075
1.6406478529908117,0.16853883194995153
1.6412722670166877,0.15982178089164464
1.6418966810425646,0.16200887070107822
1.6425210950684415,0.18683081949916275
1.6431455090943183,0.20341232232308837
1.6437699231201943,0.20889857623642655
1.6443943371460712,0.2001753732771689
1.645018751171948,0.177490528667871
1.645643165197824,0.16989978276290268
1.646267579223701,0.1838208940263618
1.6468919932495778,0.1945980312341284
1.6475164072754547,0.19993821713911258
1.6481408213013307,0.19719801775094623
1.6487652353272075,0.18711551136548982
1.6493896493530844,0.1901166413473217
1.6500140633789604,0.18066599796574473
1.6506384774048373,0.1628927710896894
1.6512628914307141,0.16104221987474765
1.651887305456591,0.14765846099303573
1.652511719482467,0.1329677245379765
1.6531361335083439,0.13521625067027782
1.6537605475342207,0.1323864733654796
1.6543849615600967,0.1311046723597957
1.6550093755859736,0.13232017346267888
1.6556337896118505,0.13397342265522133
1.6562582036377274,0.14818915330072804
1.6568826176636033,0.15977703567440138
1.6575070316894802,0.15415434946179166
1.658131445715357,0.1540161608801569
1.658755859741233,0.17517503586076014
1.65938027376711,0.17925904950307656
1.6600046877929868,0.13834860946384428
1.6606291018188628,0.10849591696921626
1.6612535158447397,0.1290703119453271
1.6618779298706166,0.1565985135288115
1.6625023438964934,0.1524139700436227
1.6631267579223694,0.11724146268874147
1.6637511719482463,0.09598796185316132
1.6643755859741232,0.10973772634621508
1.6649999999999991,0.1264338024833359
1.665624414025876,0.13752144769272975
1.666248828051753,0.1339191882126164
1.6668732420776298,0.12100466710917265
1.6674976561035058,0.11572926241944607
1.6681220701293826,0.09909195600882593
1.6687464841552595,0.07781982920897389
1.6693708981811355,0.06791727661577861
1.6699953122070124,0.06986799465641215
1.6706197262328892,0.06976997610856783
1.671244140258766,0.06026662613059495
1.671868554284642,0.054766561989090856
1.672492968310519,0.053842778840218
1.6731173823363958,0.05214504713155323
1.6737417963622718,0.0467975883572679
1.6743662103881487,0.037149257223214396
1.6749906244140256,0.03596531643113701
1.6756150384399024,0.04609248384308418
1.6762394524657784,0.05238240475241222
1.6768638664916553,0.049439937498875104
1.6774882805175322,0.03599941076698879
1.6781126945434082,0.022422192150955887
1.678737108569285,0.019480966003876294
1.679361522595162,0.02130282671605522
1.6799859366210388,0.023370441101373682
1.6806103506469148,0.02560024891250794
1.6812347646727916,0.028607671881526298
1.6818591786986685,0.03166665932161661
1.6824835927245445,0.034245083868253826
1.6831080067504214,0.034410037124953205
1.6837324207762983,0.031496771074447164
1.6843568348021751,0.02818145942136136
1.6849812488280511,0.025804160068921046
1.685605662853928,0.022939000940370657
1.6862300768798049,0.020190961107606327
1.6868544909056808,0.02055093387256154
1.6874789049315577,0.022206371042998656
1.6881033189574346,0.02213828522094687
1.6887277329833106,0.022037507614462992
1.6893521470091875,0.022257074763754596
1.6899765610350643,0.022183802286784293
1.6906009750609412,0.022161073661960108
1.6912253890868172,0.022068425399509328
1.691849803112694,0.02169168880683805
1.692474217138571,0.019612920973443713
1.693098631164447,0.014687629932237531
1.6937230451903238,0.011481808261766322
1.6943474592162007,0.01307108422271031
1.6949718732420775,0.015064579064747567
1.6955962872679535,0.016163190858989204
1.6962207012938304,0.016535199300226032
1.6968451153197073,0.015793065463735264
1.6974695293455833,0.015812099423601296
1.6980939433714601,0.017221128049680408
1.698718357397337,0.023161046069944898
1.6993427714232139,0.03667266519607996
1.6999671854490899,0.05350222559570467
1.7005915994749667,0.06821974827382757
1.7012160135008436,0.072108522346174
1.7018404275267196,0.06806378684063928
1.7024648415525965,0.06629325163901194
1.7030892555784733,0.07425006825417355
1.7037136696043502,0.08569899599331803
1.7043380836302262,0.08260451773452775
1.704962497656103,0.06601217107518416
1.70558691168198,0.05333553288630075
1.706211325707856,0.05449567359969788
1.7068357397337328,0.06440561433562339
1.7074601537596097,0.07370655466483318
1.7080845677854866,0.08196907128808968
1.7087089818113625,0.0913833356449678
1.7093333958372394,0.09837944123905637
1.7099578098631163,0.0971466561167811
1.7105822238889923,0.09126790220195387
1.7112066379148692,0.0906939383717135
1.711831051940746,0.09352542963348484
1.712455465966623,0.09477422930739661
1.7130798799924989,0.09609903220571894
1.7137042940183758,0.10048562807607915
1.7143287080442526,0.10474236597791783
1.7149531220701286,0.1111403356308106
1.7155775360960055,0.12146069514026361
1.7162019501218824,0.1279559170904355
1.7168263641477584,0.12964566623421875
1.7174507781736352,0.12944013184595854
1.718075192199512,0.12808196034990368
1.718699606225389,0.12985960465607602
1.719324020251265,0.13064391894537244
1.7199484342771418,0.12400519392654374
1.7205728483030187,0.12222800216194359
1.7211972623288947,0.12291668424813715
1.7218216763547716,0.11729370165638733
1.7224460903806484,0.11641128581613654
1.7230705044065253,0.12014866259535109
1.7236949184324013,0.11882894706427376
1.7243193324582782,0.11610139249156046
1.724943746484155,0.11859225007847259
1.725568160510031,0.12295154371406858
1.726192574535908,0.12246164234905524
1.7268169885617848,0.11830823970799245
1.7274414025876617,0.1166692044886577
1.7280658166135376,0.11774902338892423
1.7286902306394145,0.12523059367761524
1.7293146446652914,0.13497594588388803
1.7299390586911674,0.13782474129421973
1.7305634727170442,0.13856001305793628
1.7311878867429211,0.14660464698664108
1.731812300768798,0.1593424612733886
1.732436714794674,0.17003503841926054
1.7330611288205509,0.1762569345804459
1.7336855428464277,0.18016306409935406
1.7343099568723037,0.1906674671962975
1.7349343708981806,0.1985398438156962
1.7355587849240575,0.19359905675032027
1.7361831989499343,0.18417706580340537
1.7368076129758103,0.16863735819623804
1.7374320270016872,0.14985766192967523
1.738056441027564,0.1367957438421508
1.73868085505344,0.12817086271874373
1.739305269079317,0.12475455576374432
1.7399296831051938,0.12396233607042864
1.7405540971310707,0.12193440831133817
1.7411785111569467,0.1243357165522478
1.7418029251828235,0.12890586649220054
1.7424273392087004,0.13444624910322162
1.7430517532345764,0.14131019682929197
1.7436761672604533,0.14141829059175964
1.7443005812863301,0.14243358898265174
1.7449249953122061,0.14890416302726428
1.745549409338083,0.1550108329876579
1.7461738233639599,0.1548364819476587
1.7467982373898367,0.15078566014088474
1.7474226514157127,0.1516462530627801
1.7480470654415896,0.1591237762179683
1.7486714794674665,0.17038184223104172
1.7492958934933425,0.17649998827294694
1.7499203075192193,0.17931507722234802
1.7505447215450962,0.18447014709000337
1.751169135570973,0.18691914502816273
1.751793549596849,0.1755012782004711
1.752417963622726,0.16098538474966267
1.7530423776486028,0.1631804170259668
1.7536667916744788,0.1713054779031233
1.7542912057003557,0.17531194864575317
1.7549156197262326,0.18086871927344708
1.7555400337521094,0.18314712290632826
1.7561644477779854,0.18356646478380656
1.7567888618038623,0.19466962831740636
1.7574132758297392,0.20680014458043905
1.7580376898556151,0.20245115042008247
1.758662103881492,0.1893159380892391
1.759286517907369,0.18422463361406954
1.7599109319332458,0.1845651811584699
1.7605353459591218,0.17841668696374885
1.7611597599849986,0.16909719692029293
1.7617841740108755,0.15801785771090235
1.7624085880367515,0.14401507993146742
1.7630330020626284,0.13002554270930558
1.7636574160885052,0.11881394630925697
1.764281830114382,0.11713209854420654
1.764906244140258,0.12297351068111775
1.765530658166135,0.12617724489308776
1.7661550721920118,0.13065926627942293
1.7667794862178878,0.1379196727097897
1.7674039002437647,0.144248077973345
1.7680283142696416,0.1502128464812115
1.7686527282955185,0.1552827425988637
1.7692771423213944,0.16339097909108474
1.7699015563472713,0.17248360460713347
1.7705259703731482,0.17331755057244663
1.7711503843990242,0.16671561415850078
1.771774798424901,0.16090757830588487
1.772399212450778,0.16236792503213685
1.773023626476654,0.16827540311749983
1.7736480405025308,0.16650814094231536
1.7742724545284076,0.1623859018434921
1.7748968685542845,0.16758460654257085
1.7755212825801605,0.17648898659713758
1.7761456966060374,0.1781265960396829
1.7767701106319143,0.1732952313057554
1.7773945246577902,0.17317709250456348
1.7780189386836671,0.1802635534869067
1.778643352709544,0.18754079716753133
1.7792677667354209,0.1866394686733196
1.7798921807612968,0.18460058650195482
1.7805165947871737,0.18971294492199747
1.7811410088130506,0.19253325346437714
1.7817654228389266,0.1897304588192593
1.7823898368648035,0.18214949701545105
1.7830142508906803,0.17357882862114143
1.7836386649165572,0.17190841983016109
1.7842630789424332,0.17344912540123855
1.78488749296831,0.1740239401164862
1.785511906994187,0.17729088556267822
1.786136321020063,0.18068136219710415
1.7867607350459398,0.17599871908670098
1.7873851490718167,0.16992438279973626
1.7880095630976935,0.17115513865537077
1.7886339771235695,0.17360334582734008
1.7892583911494464,0.17201528736685232
1.7898828051753233,0.17346418002809075
1.7905072192011993,0.17845002891752387
1.7911316332270761,0.17987213264072827
1.791756047252953,0.17782539537634393
1.7923804612788299,0.17565842622227973
1.7930048753047059,0.17363098671985977
1.7936292893305827,0.17164910480688605
1.7942537033564596,0.1704603607432002
1.7948781173823356,0.17291001486381422
1.7955025314082125,0.17346564173055795
1.7961269454340894,0.17039848559218168
1.7967513594599662,0.17030907955257701
1.7973757734858422,0.16729802225488066
1.798000187511719,0.15523530335714297
1.798624601537596,0.1455824410904062
1.799249015563472,0.14124240339175784
1.7998734295893488,0.13345378191660687
1.8004978436152257,0.12884300376033048
1.8011222576411026,0.13247919751153106
1.8017466716669785,0.13229198804813153
1.8023710856928554,0.1292312515450813
1.8029954997187323,0.13758708464581815
1.8036199137446083,0.14685234006211653
1.8042443277704852,0.14767244072626604
1.804868741796362,0.1402745219367854
1.805493155822238,0.12631592550103202
1.806117569848115,0.11228235885007795
1.8067419838739918,0.10425090581099968
1.8073663978998686,0.10493678068155339
1.8079908119257446,0.10976048680679333
1.8086152259516215,0.11141866871648225
1.8092396399774984,0.10892558401512593
1.8098640540033744,0.10499119653994653
1.8104884680292512,0.10310088884099704
1.811112882055128,0.10355407012304554
1.811737296081005,0.1027168976201936
1.812361710106881,0.09983187298457011
1.8129861241327578,0.09817410162417065
1.8136105381586347,0.09954136949119272
1.8142349521845107,0.09909446615664194
1.8148593662103876,0.09265829359393805
1.8154837802362644,0.08518571539567478
1.8161081942621413,0.07989605993777602
1.8167326082880173,0.07991138388603578
1.8173570223138942,0.08301865492854829
1.817981436339771,0.0849113758352893
1.818605850365647,0.08613660195858444
1.819230264391524,0.0856047652672425
1.8198546784174008,0.08554859811392793
1.8204790924432777,0.08674592636017436
1.8211035064691536,0.088115428153541
1.8217279204950305,0.09128185704470536
1.8223523345209074,0.09771320059605612
1.8229767485467834,0.10188466374513663
1.8236011625726603,0.09981397188126034
1.8242255765985371,0.09806347488638065
1.824849990624414,0.10195682676625431
1.82547440465029,0.10725410380752114
1.8260988186761669,0.10723626165909661
1.8267232327020437,0.10592412912789677
1.8273476467279197,0.10760059045931084
1.8279720607537966,0.10576410003430196
1.8285964747796735,0.09910320250316187
1.8292208888055503,0.09210048032128135
1.8298453028314263,0.08540436989460966
1.8304697168573032,0.08065181343454964
1.83109413088318,0.07970814507881065
1.831718544909056,0.07999932519218453
1.832342958934933,0.07893440220736853
1.8329673729608098,0.07535257706698481
1.8335917869866858,0.07144617951937951
1.8342162010125627,0.07045599262726296
1.8348406150384395,0.07463493869576018
1.8354650290643164,0.07975334355878269
1.8360894430901924,0.07951062249023244
1.8367138571160693,0.07854540311851801
1.8373382711419461,0.07764541442501763
1.8379626851678221,0.07327967503030014
1.838587099193699,0.06703656171185142
1.8392115132195759,0.061025840921426565
1.8398359272454528,0.059834464518506845
1.8404603412713287,0.06190962553778756
1.8410847552972056,0.05992923658449487
1.8417091693230825,0.0529233732044441
1.8423335833489585,0.04749078864959055
1.8429579973748353,0.04705033898934272
1.8435824114007122,0.04763601767614055
1.844206825426589,0.04658295012667942
1.844831239452465,0.04576444465887018
1.845455653478342,0.04729375244887375
1.8460800675042188,0.049589825568513976
1.8467044815300948,0.05040614759975165
1.8473288955559717,0.052455398938785036
1.8479533095818486,0.05548568974162323
1.8485777236077254,0.056012964895751714
1.8492021376336014,0.05590895013736087
1.8498265516594783,0.05756165638898273
1.8504509656853552,0.05839341751461648
1.8510753797112312,0.058540997491088057
1.851699793737108,0.06088795932352324
1.852324207762985,0.06289054936432258
1.8529486217888618,0.061184077758578384
1.8535730358147378,0.0569404680196479
1.8541974498406146,0.053208077004207655
1.8548218638664915,0.04810447303951511
1.8554462778923675,0.042921023839627495
1.8560706919182444,0.042605753078583844
1.8566951059441212,0.04606370182099991
1.8573195199699981,0.04820647606138079
1.857943933995874,0.0483044246209904
1.858568348021751,0.04770448669515838
1.8591927620476278,0.04489490135954949
1.8598171760735038,0.041902365335630284
1.8604415900993807,0.04226825472073399
1.8610660041252576,0.044338395090026905
1.8616904181511336,0.04505328848266287
1.8623148321770104,0.04578098240831036
1.8629392462028873,0.048203975370236456
1.8635636602287642,0.05354126495868877
1.8641880742546402,0.05542186673414036
1.864812488280517,0.050434468843911194
1.865436902306394,0.050044915892415345
1.86606131633227,0.05606827073860689
1.8666857303581468,0.06130890448206984
1.8673101443840237,0.062051765003372686
1.8679345584099005,0.05748673260601288
1.8685589724357765,0.04440078419244526
1.8691833864616534,0.026702699764535504
1.8698078004875303,0.018391907551705267
1.8704322145134062,0.017578763633674478
1.8710566285392831,0.01764606445945099
1.87168104256516,0.018457983529042186
1.8723054565910369,0.02090477599823015
1.8729298706169129,0.024561282567112895
1.8735542846427897,0.028554428316377927
1.8741786986686666,0.03247214679819953
1.8748031126945426,0.035386270875470534
1.8754275267204195,0.037118319942461946
1.8760519407462963,0.037568412732426046
1.8766763547721732,0.03849138274912016
1.8773007687980492,0.03976091701462769
1.877925182823926,0.042253900284855504
1.878549596849803,0.04768042733936202
1.879174010875679,0.06504985969886887
1.8797984249015558,0.09072809466881128
1.8804228389274327,0.11360261236773739
1.8810472529533095,0.13381422526035158
1.8816716669791855,0.1411144798440242
1.8822960810050624,0.14326216358784888
1.8829204950309393,0.14892356535153087
1.8835449090568153,0.14950527010459405
1.8841693230826921,0.14982051183180928
1.884793737108569,0.15659140501278057
1.8854181511344459,0.1608124237536292
1.8860425651603219,0.15926708376869597
1.8866669791861987,0.1548167587469311
1.8872913932120756,0.15631311011626897
1.8879158072379516,0.1607559373482833
1.8885402212638285,0.15885747293171654
1.8891646352897054,0.16144890921131677
1.8897890493155813,0.1636942225671037
1.8904134633414582,0.16315856441975923
1.891037877367335,0.16657018057487738
1.891662291393212,0.16958519118466475
1.892286705419088,0.1691316293836893
1.8929111194449648,0.1690001289449675
1.8935355334708417,0.1652935759442229
1.8941599474967177,0.15439023044453365
1.8947843615225946,0.1510639228157389
1.8954087755484714,0.1630026303036444
1.8960331895743483,0.16961259081705077
1.8966576036002243,0.1658205819023902
1.8972820176261012,0.1690104519145702
1.897906431651978,0.1743695891551461
1.898530845677854,0.16905762058904333
1.899155259703731,0.16206673963092766
1.8997796737296078,0.15600995019670855
1.9004040877554846,0.15129076621253537
1.9010285017813606,0.15127313861643704
1.9016529158072375,0.1511704175941581
1.9022773298331144,0.1499140878253031
1.9029017438589904,0.14699913673257542
1.9035261578848672,0.1395577621490966
1.904150571910744,0.13353388409323158
1.904774985936621,0.13201822711374114
1.905399399962497,0.12912784876040836
1.9060238139883738,0.12652904097258738
1.9066482280142507,0.12577357933192082
1.9072726420401267,0.1274603742452717
1.9078970560660036,0.1298434277644143
1.9085214700918804,0.12964463647958419
1.9091458841177573,0.12913677579012434
1.9097702981436333,0.13321891504253558
1.9103947121695102,0.14299597709710338
1.911019126195387,0.14939564071508976
1.911643540221263,0.1471062037016777
1.91226795424714,0.1431658383485793
1.9128923682730168,0.14178731120783108
1.9135167822988937,0.13995069807515756
1.9141411963247696,0.13661946336194836
1.9147656103506465,0.1285745021532622
1.9153900243765234,0.1287931157267072
1.9160144384023994,0.14040748465718347
1.9166388524282763,0.14804463358739733
1.9172632664541531,0.15172353475480058
1.9178876804800291,0.14912211686207358
1.918512094505906,0.14248726828072483
1.9191365085317829,0.14159523432664767
1.9197609225576597,0.13746620294241668
1.9203853365835357,0.1320205997726699
1.9210097506094126,0.12965385557683395
1.9216341646352895,0.12059764672357232
1.9222585786611655,0.1107080603377405
1.9228829926870423,0.10688063509019356
1.9235074067129192,0.10552744236227851
1.924131820738796,0.10820993546986431
1.924756234764672,0.11252081187668206
1.925380648790549,0.1120008360407102
1.9260050628164258,0.11347927223059755
1.9266294768423018,0.12027498059751811
1.9272538908681787,0.1272359098161745
1.9278783048940555,0.13082302826918696
1.9285027189199324,0.13323251955310403
1.9291271329458084,0.14054569212192464
1.9297515469716853,0.14911236483935988
1.9303759609975621,0.14909254669834085
1.9310003750234381,0.14736066582010598
1.931624789049315,0.15348833568709783
1.9322492030751919,0.1599133557755091
1.9328736171010688,0.1577254217165276
1.9334980311269447,0.1514075516818511
1.9341224451528216,0.14561153480518554
1.9347468591786985,0.14058694137515304
1.9353712732045745,0.1419475457041318
1.9359956872304513,0.14398638926272428
1.9366201012563282,0.13795255740385037
1.937244515282205,0.1300422274731255
1.937868929308081,0.12587957976622138
1.938493343333958,0.12806330434421764
1.9391177573598348,0.13291488709648636
1.9397421713857108,0.1355738761601369
1.9403665854115877,0.14228749598547233
1.9409909994374646,0.15262904920524628
1.9416154134633414,0.15863362384801988
1.9422398274892174,0.1610173753337965
1.9428642415150943,0.16569293707927793
1.9434886555409712,0.16914864263875162
1.9441130695668472,0.16585619728230044
1.944737483592724,0.1609865501684242
1.945361897618601,0.16098530857811594
1.9459863116444769,0.16255975429289848
1.9466107256703538,0.16379173858122562
1.9472351396962306,0.16606969593914706
1.9478595537221075,0.17205433285160987
1.9484839677479835,0.17511852541526318
1.9491083817738604,0.16690963560131836
1.9497327957997372,0.1540633096087288
1.9503572098256132,0.1467415993463052
1.95098162385149,0.1435107102989793
1.951606037877367,0.13918266263172577
1.9522304519032438,0.139218622958165
1.9528548659291198,0.14087707606250385
1.9534792799549967,0.1346766069324283
1.9541036939808736,0.12400172714417994
1.9547281080067496,0.11369856691103135
1.9553525220326264,0.10751246478070035
1.9559769360585033,0.1043665156311208
1.9566013500843802,0.10349558285682663
1.9572257641102562,0.10564489158014723
1.957850178136133,0.10709583668808173
1.95847459216201,0.10500853940579788
1.959099006187886,0.09787814254884326
1.9597234202137628,0.08944906987125278
1.9603478342396397,0.08666576162531105
1.9609722482655165,0.0898110996370911
1.9615966622913925,0.09194418793507268
1.9622210763172694,0.0898130488291325
1.9628454903431463,0.08694693494417445
1.9634699043690222,0.08727551202977193
1.9640943183948991,0.09096727890222073
1.964718732420776,0.09820029360757064
1.9653431464466529,0.10504766128141588
1.9659675604725289,0.11127289012193153
1.9665919744984057,0.11733505553765015
1.9672163885242826,0.11823358412359226
1.9678408025501586,0.11953030516833388
1.9684652165760355,0.12630595098619246
1.9690896306019123,0.1288395633896614
1.9697140446277892,0.12451625996778566
1.9703384586536652,0.12265229177787754
1.970962872679542,0.123962912340698
1.971587286705419,0.12660290296494908
1.972211700731295,0.12985196792077516
1.9728361147571718,0.1326062971640382
1.9734605287830487,0.13322796167043688
1.9740849428089247,0.13363428292847213
1.9747093568348015,0.13495439239096135
1.9753337708606784,0.1324097386626884
1.9759581848865553,0.12577487389812494
1.9765825989124313,0.12064637585210465
1.9772070129383081,0.12029313464638106
1.977831426964185,0.12254894405858943
1.978455840990061,0.12709317200928116
1.9790802550159379,0.1337736798342159
1.9797046690418147,0.13358188111472563
1.9803290830676916,0.12527051880384873
1.9809534970935676,0.11842571549876182
1.9815779111194445,0.11439855388037576
1.9822023251453214,0.11159868134216881
1.9828267391711973,0.10655467482265155
1.9834511531970742,0.10039992950281458
1.984075567222951,0.09784263720699556
1.984699981248828,0.0975850943453942
1.985324395274704,0.09774243073172272
1.9859488093005808,0.10154291769872817
1.9865732233264577,0.10781827845945138
1.9871976373523337,0.10960265679907961
1.9878220513782106,0.11010741433719182
1.9884464654040874,0.11375146189345602
1.9890708794299643,0.1173390604702251
1.9896952934558403,0.11655819648538109
1.9903197074817172,0.1119817166848307
1.990944121507594,0.10993768209150634
1.99156853553347,0.11457711411648461
1.992192949559347,0.12275164761628936
1.9928173635852238,0.1256053376866996
1.9934417776111006,0.12209541101942112
1.9940661916369766,0.11699357777758176
1.9946906056628535,0.11491256270436301
1.9953150196887304,0.1158263913430583
1.9959394337146064,0.11794582885856604
1.9965638477404832,0.11945239238089897
1.99718826176636,0.11775748960704417
1.997812675792237,0.11511650587136338
1.998437089818113,0.1164026871461892
1.9990615038439898,0.12411298997113591
1.9996859178698667,0.13511572256555257
2.0003103318957427,0.14375344083793845
2.0009347459216196,0.14702435461725785
2.0015591599474964,0.1455991183216107
2.0021835739733733,0.14236489276464356
2.0028079879992493,0.13795399606984285
2.003432402025126,0.1327689096201457
2.004056816051003,0.12566493921950564
2.004681230076879,0.11976425071560907
2.005305644102756,0.11881612917140787
2.005930058128633,0.12180765096292814
2.0065544721545088,0.12625443999577174
2.0071788861803856,0.12788573886240615
2.0078033002062625,0.12781205880072077
2.0084277142321394,0.1290438506481996
2.0090521282580154,0.13035153958177537
2.0096765422838923,0.13105752586086375
2.010300956309769,0.1323403124340344
2.010925370335645,0.13300837533720333
2.011549784361522,0.13198457669282904
2.012174198387399,0.12920383039873323
2.0127986124132757,0.12655063756191262
2.0134230264391517,0.12623849065824883
2.0140474404650286,0.12761891646188972
2.0146718544909055,0.12620766100829545
2.0152962685167815,0.12704923899931392
2.0159206825426583,0.13155257059969877
2.016545096568535,0.13441259239838327
2.017169510594412,0.14020230543221107
2.017793924620288,0.14701309381927685
2.018418338646165,0.14954552282377168
2.019042752672042,0.14891138100603954
2.019667166697918,0.1471013876214541
2.0202915807237947,0.14624041950248098
2.0209159947496715,0.1454046182132648
2.0215404087755484,0.1449071422421089
2.0221648228014244,0.14440091629778018
2.0227892368273013,0.13866311343916995
2.023413650853178,0.13199905725495334
2.024038064879054,0.12878507351056434
2.024662478904931,0.12781599178706912
2.025286892930808,0.12987877169882056
2.0259113069566848,0.13210166609916293
2.0265357209825607,0.1313798867133687
2.0271601350084376,0.1291652222691161
2.0277845490343145,0.12675799764123527
2.0284089630601905,0.12489631421334371
2.0290333770860673,0.12313579573087112
2.029657791111944,0.12222989249971783
2.030282205137821,0.12010405722455024
2.030906619163697,0.11342467468807253
2.031531033189574,0.10642222122214422
2.032155447215451,0.10304081225728771
2.032779861241327,0.10152223845371086
2.0334042752672037,0.10243022399227734
2.0340286892930806,0.10539448126679515
2.0346531033189565,0.10783286181573606
2.0352775173448334,0.11174766250213963
2.0359019313707103,0.11321192107292011
2.036526345396587,0.11048768100182375
2.037150759422463,0.10874312236461894
2.03777517344834,0.10812595188807168
2.038399587474217,0.10807038519807896
2.039024001500093,0.1074741582480282
2.0396484155259698,0.10446399593004348
2.0402728295518466,0.10171665118218624
2.0408972435777235,0.09905895506796941
2.0415216576035995,0.09876582418695509
2.0421460716294764,0.09987347872003446
2.0427704856553532,0.0996412806644085
2.0433948996812292,0.10109395191982073
2.044019313707106,0.10241412510847633
2.044643727732983,0.10299326305346927
2.04526814175886,0.10320772574994345
2.045892555784736,0.10172411171355258
2.0465169698106127,0.10139358482765637
2.0471413838364896,0.10306352907786227
2.0477657978623656,0.1067316299814702
2.0483902118882424,0.11047454619270806
2.0490146259141193,0.11451130572319217
2.049639039939996,0.11628263560372867
2.050263453965872,0.11354425318666483
2.050887867991749,0.11124446170440264
2.051512282017626,0.11208704844788034
2.052136696043502,0.11245115727184514
2.052761110069379,0.11030830168022784
2.0533855240952557,0.10864368465942591
2.0540099381211325,0.11010711223081204
2.0546343521470085,0.11067672597503168
2.0552587661728854,0.10753412435783789
2.0558831801987623,0.10479151800005934
2.0565075942246382,0.10446513169645777
2.057132008250515,0.10682260474120012
2.057756422276392,0.11279784418379919
2.058380836302269,0.11842656453307052
2.059005250328145,0.11890344802830562
2.0596296643540217,0.1159133550701175
2.0602540783798986,0.11290709467805607
2.0608784924057746,0.10876862317804643
2.0615029064316515,0.1072473479085984
2.0621273204575283,0.1132631591319602
2.0627517344834043,0.1183859015482861
2.063376148509281,0.11624630841512178
2.064000562535158,0.11045576323847665
2.064624976561035,0.10489959913210675
2.065249390586911,0.10177701618510915
2.065873804612788,0.1026794267055523
2.0664982186386647,0.10554279127555848
2.0671226326645407,0.10381357585507545
2.0677470466904175,0.09668954983454706
2.0683714607162944,0.09147517400484624
2.0689958747421713,0.0881320321680499
2.0696202887680473,0.0857562890763354
2.070244702793924,0.08737954953242064
2.070869116819801,0.09150647944818606
2.071493530845677,0.0964899107087466
2.072117944871554,0.09942546504369591
2.0727423588974307,0.10069806190406794
2.0733667729233076,0.10452073944135414
2.0739911869491836,0.10791787958863082
2.0746156009750605,0.11058800480161532
2.0752400150009374,0.11318436531474732
2.0758644290268133,0.10922276871141998
2.07648884305269,0.10459200656407433
2.077113257078567,0.11014169117343346
2.077737671104444,0.11711111408479602
2.07836208513032,0.11362913504580593
2.078986499156197,0.10224759434224766
2.0796109131820737,0.09051589316157678
2.0802353272079497,0.08850749395172233
2.0808597412338266,0.09107399315232392
2.0814841552597034,0.08947778708590114
2.0821085692855803,0.08471536041097122
2.0827329833114563,0.08482561305255329
2.083357397337333,0.0913183828320564
2.08398181136321,0.0955063776024408
2.084606225389086,0.09570347765260875
2.085230639414963,0.09571426211430246
2.0858550534408398,0.09397979595711535
2.0864794674667166,0.08971625077426174
2.0871038814925926,0.08777553126310826
2.0877282955184695,0.08722572295373626
2.0883527095443464,0.08937326694717843
2.0889771235702224,0.09725951592940388
2.0896015375960992,0.10008412023815758
2.090225951621976,0.09403364099286236
2.090850365647852,0.09002054667765799
2.091474779673729,0.087638198540719
2.092099193699606,0.08751025116211122
2.0927236077254827,0.09492231099707313
2.0933480217513587,0.10582005060684666
2.0939724357772356,0.10916865933756499
2.0945968498031124,0.10816213196660933
2.0952212638289884,0.10803483246238595
2.0958456778548653,0.11003274125365459
2.096470091880742,0.11723222855415075
2.097094505906619,0.1237715135412348
2.097718919932495,0.12624552041412787
2.098343333958372,0.1251368702356917
2.098967747984249,0.12444466750711744
2.0995921620101248,0.12620763418520245
2.1002165760360016,0.1285488254902367
2.1008409900618785,0.12761849354746702
2.1014654040877554,0.12842539752852397
2.1020898181136314,0.13090135144078374
2.1027142321395083,0.1320358795231459
2.103338646165385,0.13599261689940795
2.103963060191261,0.1393034784388533
2.104587474217138,0.13967708819704575
2.105211888243015,0.13570325062277888
2.1058363022688917,0.12793490448830655
2.1064607162947677,0.12118794397756387
2.1070851303206446,0.11830482990309099
2.1077095443465215,0.11847763557207987
2.1083339583723975,0.12029900604562771
2.1089583723982743,0.12166886662728893
2.109582786424151,0.12032922969342567
2.110207200450028,0.11776539662220273
2.110831614475904,0.11537112248434118
2.111456028501781,0.11231654634183914
2.112080442527658,0.108075470593377
2.112704856553534,0.10571613536902838
2.1133292705794107,0.10565164973437913
2.1139536846052875,0.10362783413597947
2.1145780986311644,0.09982205636127839
2.1152025126570404,0.0985256548962659
2.1158269266829173,0.10091205507996423
2.116451340708794,0.10118008579962105
2.11707575473467,0.09929924409815678
2.117700168760547,0.1033298303271724
2.118324582786424,0.11064089623676818
2.1189489968123,0.11370239916840386
2.1195734108381767,0.11291563689631609
2.1201978248640536,0.11189837177026518
2.1208222388899305,0.10969941308668556
2.1214466529158065,0.10448656893291441
2.1220710669416833,0.1004531756089646
2.12269548096756,0.10083978692868385
2.123319894993436,0.10487182609239858
2.123944309019313,0.10570330840420847
2.12456872304519,0.10373846780915637
2.125193137071067,0.10255274995860864
2.125817551096943,0.10228915232686753
2.1264419651228197,0.10542352578046069
2.1270663791486966,0.10942475660514228
2.1276907931745725,0.11116046230813803
2.1283152072004494,0.11420540907965804
2.1289396212263263,0.11717612654510261
2.129564035252203,0.11871325593958623
2.130188449278079,0.12015874935408558
2.130812863303956,0.12108653896122586
2.131437277329833,0.11915285400870139
2.132061691355709,0.11608790812159453
2.1326861053815858,0.1173337328793499
2.1333105194074626,0.12309108311438266
2.1339349334333395,0.12692191650119677
2.1345593474592155,0.12434071219563451
2.1351837614850924,0.12134697375498738
2.1358081755109692,0.12265350225114643
2.1364325895368452,0.12362553546073382
2.137057003562722,0.12449608411875271
2.137681417588599,0.12468134140349345
2.138305831614476,0.12270593298671391
2.138930245640352,0.12141783802597192
2.1395546596662287,0.12108086955617163
2.1401790736921056,0.12225290306912688
2.1408034877179816,0.12390384484127606
2.1414279017438584,0.12583528044398962
2.1420523157697353,0.12937124883318685
2.142676729795612,0.12917582674056854
2.143301143821488,0.12584118421964688
2.143925557847365,0.12502255347646132
2.144549971873242,0.12910744825539353
2.145174385899118,0.13529302376905175
2.145798799924995,0.1360117864538329
2.1464232139508717,0.13454021865475202
2.1470476279767476,0.13699643133268838
2.1476720420026245,0.1384410601154631
2.1482964560285014,0.13496672396148438
2.1489208700543783,0.1301505732828613
2.1495452840802542,0.12987248403724422
2.150169698106131,0.1346822519633008
2.150794112132008,0.13856047758985662
2.151418526157884,0.1384820071411546
2.152042940183761,0.1375023342029534
2.1526673542096377,0.1293397609309375
2.1532917682355146,0.11978498576846794
2.1539161822613906,0.11443431154609127
2.1545405962872675,0.11353012769827844
2.1551650103131443,0.11593181881552692
2.1557894243390203,0.1215369776687903
2.156413838364897,0.1261649310533304
2.157038252390774,0.12290439401581119
2.157662666416651,0.11607131483225616
2.158287080442527,0.11277118809230136
2.158911494468404,0.11216956730039278
2.1595359084942807,0.108825957030987
2.1601603225201567,0.10450388001622364
2.1607847365460335,0.10016054762660569
2.1614091505719104,0.09592304776637335
2.1620335645977873,0.09760677943954212
2.1626579786236633,0.10496348438659789
2.16328239264954,0.11401923291335311
2.163906806675417,0.12244417710754511
2.164531220701293,0.12554482039171838
2.16515563472717,0.12323333840626267
2.1657800487530467,0.12036488772184098
2.1664044627789236,0.12372897226563655
2.1670288768047996,0.12995216869995868
2.1676532908306765,0.12818533850147573
2.1682777048565534,0.11559859153666645
2.1689021188824293,0.09906255570661572
2.169526532908306,0.09186786736501407
2.170150946934183,0.09825447378629892
2.17077536096006,0.09967268532717767
2.171399774985936,0.09169635710461256
2.172024189011813,0.08849981821686387
2.1726486030376897,0.087122869012236
2.1732730170635657,0.08870220779076092
2.1738974310894426,0.09438298952150058
2.1745218451153194,0.09537852607865939
2.1751462591411954,0.09273020019614334
2.1757706731670723,0.09198811770402958
2.176395087192949,0.09310917415226697
2.177019501218826,0.09589779005665047
2.177643915244702,0.10160420462539865
2.178268329270579,0.10635233519196155
2.1788927432964558,0.11328994899343114
2.1795171573223318,0.12205196916196932
2.1801415713482086,0.1262887469460271
2.1807659853740855,0.12642831375621463
2.1813903993999624,0.12680905559461236
2.1820148134258384,0.13149734022662135
2.1826392274517152,0.1332999559862082
2.183263641477592,0.12989029660296048
2.183888055503468,0.1263904240268437
2.184512469529345,0.12694491698413085
2.185136883555222,0.12941233489388934
2.1857612975810987,0.1319215995045566
2.1863857116069747,0.13487985572362693
2.1870101256328516,0.13864485202494511
2.1876345396587284,0.1373962380579365
2.1882589536846044,0.13575601180044025
2.1888833677104813,0.13614587051612487
2.189507781736358,0.13637428018596548
2.190132195762235,0.13449076885810038
2.190756609788111,0.1300403149597816
2.191381023813988,0.13036277221472042
2.192005437839865,0.13401959836932562
2.1926298518657408,0.13377471144480815
2.1932542658916176,0.12819117557144813
2.1938786799174945,0.12353319376290701
2.1945030939433714,0.12443059003182218
2.1951275079692474,0.12419215789301633
2.1957519219951243,0.11788258654572623
2.196376336021001,0.10803812601802332
2.197000750046877,0.1009099616810624
2.197625164072754,0.10078974260704698
2.198249578098631,0.10530837556788383
2.1988739921245077,0.11082942455193674
2.1994984061503837,0.11549089453769901
2.2001228201762606,0.11762461818397665
2.2007472342021375,0.11913074203970606
2.2013716482280135,0.1197654598007402
2.2019960622538903,0.11953473774385517
2.202620476279767,0.1253101035753311
2.203244890305644,0.133977336182627
2.20386930433152,0.13914576974427167
2.204493718357397,0.14081763397787508
2.205118132383274,0.1404611219823641
2.20574254640915,0.1392161436027903
2.2063669604350267,0.1389509825062038
2.2069913744609035,0.14080447340670382
2.2076157884867795,0.1436850465689104
2.2082402025126564,0.1451886261952901
2.2088646165385333,0.13983407193385394
2.20948903056441,0.1307874177642417
2.210113444590286,0.12522164487677717
2.210737858616163,0.1204256547260385
2.21136227264204,0.11618158549371813
2.211986686667916,0.11432899878902489
2.2126111006937927,0.11189824504279329
2.2132355147196696,0.10702054771549312
2.2138599287455465,0.10410440447543438
2.2144843427714225,0.10077090040654109
2.2151087567972993,0.09694785320194751
2.2157331708231762,0.09860712513752802
2.216357584849052,0.10072982232583474
2.216981998874929,0.09788767620504625
2.217606412900806,0.09555315432579978
2.218230826926683,0.0962112879470015
2.218855240952559,0.09829526940719531
2.2194796549784357,0.09740800664496607
2.2201040690043126,0.09317612360788964
2.2207284830301885,0.08954411082321165
2.2213528970560654,0.08770067325909474
2.2219773110819423,0.08784007486527734
2.222601725107819,0.09011524430034952
2.223226139133695,0.09614932036262655
2.223850553159572,0.10362667376388428
2.224474967185449,0.1089769652434742
2.225099381211325,0.11143650123592501
2.2257237952372018,0.11215499888365026
2.2263482092630786,0.11363650240447735
2.2269726232889555,0.11279567053041799
2.2275970373148315,0.10942251713234612
2.2282214513407084,0.10936749858824399
2.2288458653665852,0.11418221968980498
2.2294702793924612,0.10902818566568065
2.230094693418338,0.09280622399577895
2.230719107444215,0.08057479584017649
2.231343521470092,0.07705171732276578
2.231967935495968,0.07986764382109582
2.2325923495218447,0.0871023317040521
2.2332167635477216,0.09015152361820714
2.2338411775735976,0.08202758451408168
2.2344655915994744,0.07597124749772832
2.2350900056253513,0.07882125625379513
2.2357144196512273,0.08247560049801615
2.236338833677104,0.08964742651193873
2.236963247702981,0.0974686067755298
2.237587661728858,0.09961751810385117
2.238212075754734,0.10333593376887111
2.238836489780611,0.10715465086999174
2.2394609038064877,0.106188516220075
2.2400853178323636,0.0993864307300894
2.2407097318582405,0.09070341697894545
2.2413341458841174,0.08797866053117406
2.2419585599099943,0.09092007941848826
2.2425829739358702,0.09834747331554879
2.243207387961747,0.1011924499692678
2.243831801987624,0.09532886024249142
2.2444562160135,0.08723502174333682
2.245080630039377,0.08289505052603724
2.2457050440652537,0.08610223057891006
2.2463294580911306,0.08950457791267265
2.2469538721170066,0.09098475746427877
2.2475782861428835,0.09023767540475533
2.2482027001687603,0.08844305868474538
2.2488271141946363,0.08969007644982675
2.249451528220513,0.09725084678012395
2.25007594224639,0.10228662415920184
2.250700356272267,0.1009321970224402
2.251324770298143,0.10422054614463816
2.25194918432402,0.11008556725124177
2.2525735983498967,0.11019311947232284
2.2531980123757727,0.10531328059653156
2.2538224264016495,0.1017383984979503
2.2544468404275264,0.10068855298792849
2.2550712544534033,0.09659152174181171
2.2556956684792793,0.0876267055538347
2.256320082505156,0.08129014169840781
2.256944496531033,0.08108331096112505
2.257568910556909,0.08512139329344362
2.258193324582786,0.08312754047185755
2.2588177386086628,0.07132122303183308
2.2594421526345396,0.06370978071924552
2.2600665666604156,0.06617350369538305
2.2606909806862925,0.06802249048233792
2.2613153947121694,0.06779195755465597
2.2619398087380453,0.06676059303267974
2.262564222763922,0.06659281792779066
2.263188636789799,0.06359935548478779
2.263813050815675,0.058157167203806294
2.264437464841552,0.05675918409010998
2.265061878867429,0.0558871228556466
2.2656862928933057,0.052305754189751766
2.2663107069191817,0.04837241796893538
2.2669351209450586,0.04549335953212485
2.2675595349709354,0.045337678584681754
2.2681839489968114,0.0477985951327337
2.2688083630226883,0.049764691659398286
2.269432777048565,0.04868572984716342
2.270057191074442,0.046708337901596376
2.270681605100318,0.04736935266979169
2.271306019126195,0.048920432962539
2.2719304331520718,0.04671700402225204
2.2725548471779478,0.04167673215780613
2.2731792612038246,0.03722637948434439
2.2738036752297015,0.033504559128182745
2.2744280892555784,0.031069574526222492
2.2750525032814544,0.0296681256313261
2.2756769173073312,0.028917018637676338
2.276301331333208,0.028157201612169325
2.276925745359084,0.026852350666332653
2.277550159384961,0.026089174391253984
2.278174573410838,0.02666424223503152
2.2787989874367147,0.026640339416673785
2.2794234014625907,0.027062549546308053
2.2800478154884676,0.030134072801905415
2.2806722295143445,0.035853366884938134
2.2812966435402204,0.043078999079340916
2.2819210575660973,0.04906564074972898
2.282545471591974,0.05040208720959444
2.283169885617851,0.047981003146228565
2.283794299643727,0.046132920648515166
2.284418713669604,0.04540266932210831
2.285043127695481,0.04436695962934388
2.2856675417213568,0.04459484799032878
2.2862919557472337,0.04562996487807524
2.2869163697731105,0.04635490293410375
2.2875407837989874,0.045936062944785507
2.2881651978248634,0.044935342495955106
2.2887896118507403,0.044401379809616434
2.289414025876617,0.044270601228400555
2.290038439902493,0.04405391833851659
2.29066285392837,0.04303971343051634
2.291287267954247,0.04233754981956282
2.291911681980123,0.04325615480067814
2.2925360960059997,0.04423718975443096
2.2931605100318766,0.043921610085531644
2.2937849240577535,0.04337782568924445
2.2944093380836295,0.04395679369239686
2.2950337521095063,0.04525499591044115
2.295658166135383,0.04585138330472489
2.296282580161259,0.045203141413053254
2.296906994187136,0.0442591450970192
2.297531408213013,0.04325472991667836
2.29815582223889,0.04310115571376284
2.298780236264766,0.0434953985944647
2.2994046502906427,0.04419889690911363
2.3000290643165195,0.04418802746171221
2.3006534783423955,0.04347177195654611
2.3012778923682724,0.04477521878251921
2.3019023063941493,0.047607924008608554
2.302526720420026,0.04772242143061463
2.303151134445902,0.046093746965707345
2.303775548471779,0.04666340312804473
2.304399962497656,0.047435348291839784
2.305024376523532,0.04785946713473373
2.3056487905494087,0.05005642849587244
2.3062732045752856,0.052750750723744966
2.3068976186011625,0.05448780464551013
2.3075220326270385,0.05627701002375379
2.3081464466529154,0.05776606072905886
2.3087708606787922,0.05984030296217505
2.309395274704668,0.06297382974420322
2.310019688730545,0.06768166272842954
2.310644102756422,0.07076926254914047
2.311268516782299,0.06893903201871625
2.311892930808175,0.06568921499030374
2.3125173448340517,0.06377005979143101
2.3131417588599286,0.06406940629089308
2.3137661728858046,0.06495924838193692
2.3143905869116814,0.06456462579686965
2.3150150009375583,0.06319637134118994
2.315639414963435,0.06329728894319189
2.316263828989311,0.06439604270408297
2.316888243015188,0.06367654563362424
2.317512657041065,0.06156671474684202
2.318137071066941,0.05817888955899052
2.3187614850928178,0.055352687912008904
2.3193858991186946,0.053724155708828616
2.3200103131445706,0.05306094928273801
2.3206347271704475,0.053632505336949264
2.3212591411963244,0.05642607143765179
2.3218835552222012,0.0591629724469241
2.3225079692480772,0.06009091362476533
2.323132383273954,0.06045921533298646
2.323756797299831,0.06072493579351067
2.324381211325707,0.06151785482434078
2.325005625351584,0.06316405927067437
2.3256300393774607,0.06273672715418474
2.3262544534033376,0.06157188652752378
2.3268788674292136,0.060085016931662204
2.3275032814550904,0.0559542106022081
2.3281276954809673,0.05299598714535196
2.3287521095068433,0.053273334570990885
2.32937652353272,0.053239720483780284
2.330000937558597,0.05356792436268572
2.330625351584474,0.053570137116120006
2.33124976561035,0.05470407353844854
2.331874179636227,0.05794355671702389
2.3324985936621037,0.056786604029852784
2.3331230076879796,0.05352411184831278
2.3337474217138565,0.05380596375875881
2.3343718357397334,0.05403776925145746
2.3349962497656103,0.05586675888805914
2.3356206637914863,0.06205381329324876
2.336245077817363,0.0694215382721688
2.33686949184324,0.07913249581993784
2.337493905869116,0.08494406762116558
2.338118319894993,0.08123385508140138
2.3387427339208697,0.08022239158376882
2.3393671479467466,0.08189772488276378
2.3399915619726226,0.08157843408765411
2.3406159759984995,0.0785407006463856
2.3412403900243763,0.07572879803614671
2.3418648040502523,0.07367718635145794
2.342489218076129,0.07151195394833651
2.343113632102006,0.07270568048291352
2.343738046127883,0.0738933685605698
2.344362460153759,0.07271884645228946
2.344986874179636,0.07119107335962156
2.3456112882055127,0.07037092508735644
2.3462357022313887,0.06847364608718336
2.3468601162572655,0.06642914786636211
2.3474845302831424,0.06589421243476364
2.3481089443090184,0.06632306756804565
2.3487333583348953,0.07009793927522959
2.349357772360772,0.07292790282725861
2.349982186386649,0.07143834202350764
2.350606600412525,0.06908168458788858
2.351231014438402,0.06720555114631244
2.3518554284642788,0.06888694121877187
2.3524798424901547,0.07002553626278327
2.3531042565160316,0.06832676723581751
2.3537286705419085,0.06717053036053967
2.3543530845677854,0.0690627440452446
2.3549774985936613,0.07769324150351128
2.355601912619538,0.08965184041939213
2.356226326645415,0.09764429124257616
2.356850740671291,0.10111994161976726
2.357475154697168,0.0988268409399751
2.358099568723045,0.08962761077951076
2.3587239827489217,0.08625989143505262
2.3593483967747977,0.092046688058835
2.3599728108006746,0.094999791392359
2.3605972248265514,0.09120596301905387
2.3612216388524274,0.09338644271911628
2.3618460528783043,0.09679418644716613
2.362470466904181,0.09421785202201852
2.363094880930058,0.09723494422305053
2.363719294955934,0.10031754027241999
2.364343708981811,0.09785454336940437
2.3649681230076878,0.09538173901937128
2.3655925370335638,0.09158947960888145
2.3662169510594406,0.08996713988918854
2.3668413650853175,0.09721992620778734
2.3674657791111944,0.10303905385475143
2.3680901931370704,0.10571408503511823
2.3687146071629472,0.11694384762435586
2.369339021188824,0.12322474876087681
2.3699634352147,0.11358168410047458
2.370587849240577,0.11416789948062175
2.371212263266454,0.12743785032480168
2.3718366772923307,0.1320027975462071
2.3724610913182067,0.12568496739818136
2.3730855053440836,0.11920877202057548
2.3737099193699605,0.11879835647139088
2.3743343333958364,0.11812826128897998
2.3749587474217133,0.11232919542830858
2.37558316144759,0.11282861380256544
2.376207575473466,0.1222870080414177
2.376831989499343,0.1280316750147096
2.37745640352522,0.12329105350031544
2.378080817551097,0.11986868729545316
2.378705231576973,0.12081572146231787
2.3793296456028497,0.11731396701902459
2.3799540596287265,0.11037092252932704
2.3805784736546025,0.10535970027214255
2.3812028876804794,0.10259507994656425
2.3818273017063563,0.10329220829836705
2.382451715732233,0.10838023927907772
2.383076129758109,0.1078182134100785
2.383700543783986,0.10053470006129808
2.384324957809863,0.09488006616026763
2.384949371835739,0.09554231366169048
2.3855737858616157,0.09998995103144788
2.3861981998874926,0.0979638009052011
2.3868226139133695,0.09420815511547836
2.3874470279392455,0.09496049963043601
2.3880714419651223,0.09204325593446984
2.388695855990999,0.08093308201232438
2.389320270016875,0.06663371316540087
2.389944684042752,0.05958578693298365
2.390569098068629,0.05993838344827164
2.391193512094506,0.06050544546902871
2.391817926120382,0.06349370893552342
2.3924423401462587,0.06748055844959067
2.3930667541721355,0.07016177934535647
2.3936911681980115,0.07471801181259083
2.3943155822238884,0.08340347536605464
2.3949399962497653,0.09019516416779068
2.395564410275642,0.09103782980929831
2.396188824301518,0.08851071251587048
2.396813238327395,0.08756098880205597
2.397437652353272,0.09035460241970078
2.398062066379148,0.09462380215105737
2.3986864804050247,0.09814774042297893
2.3993108944309016,0.09978885332861015
2.3999353084567785,0.10124535636199414
2.4005597224826545,0.10180573786501904
2.4011841365085314,0.09790195232070642
2.4018085505344082,0.08839238851625657
2.402432964560284,0.08669233384640351
2.403057378586161,0.09396251180943742
2.403681792612038,0.09798690723063307
2.404306206637915,0.09916340999706308
2.404930620663791,0.0967490500521512
2.4055550346896677,0.09310621269767393
2.4061794487155446,0.09606024881235861
2.4068038627414206,0.10489298264528883
2.4074282767672974,0.11314447169765067
2.4080526907931743,0.11505900854644897
2.4086771048190503,0.11624938244736793
2.409301518844927,0.11778655260948309
2.409925932870804,0.12214116004364825
2.410550346896681,0.1246843416010253
2.411174760922557,0.11556369701009003
2.4117991749484338,0.10658793686327081
2.4124235889743106,0.10650531839309427
2.4130480030001866,0.10626402388749027
2.4136724170260635,0.10675933113808697
2.4142968310519404,0.1116467006754555
2.4149212450778172,0.11445461436120904
2.4155456591036932,0.10893719182335453
2.41617007312957,0.1064607309034932
2.416794487155447,0.11105429898746404
2.417418901181323,0.11226290871133575
2.4180433152072,0.10899160117438389
2.4186677292330767,0.10460678306483188
2.4192921432589536,0.09930959762752643
2.4199165572848296,0.09552279996498197
2.4205409713107064,0.09273523917336596
2.4211653853365833,0.09062363150884947
2.4217897993624593,0.09038196674510333
2.422414213388336,0.09225261814537214
2.423038627414213,0.09619964925271748
2.42366304144009,0.10099160842993408
2.424287455465966,0.10184902636926033
2.424911869491843,0.0991704779200745
2.4255362835177197,0.09939232434225771
2.4261606975435956,0.10466527246838579
2.4267851115694725,0.10848507787949732
2.4274095255953494,0.10857187638136637
2.4280339396212263,0.11122035304231315
2.4286583536471023,0.11513789922190898
2.429282767672979,0.116620009665822
2.429907181698856,0.1197891985116735
2.430531595724732,0.1223930913492122
2.431156009750609,0.12071385677430266
2.4317804237764857,0.11716074983431982
2.4324048378023626,0.11394488723404332
2.4330292518282386,0.10927840770579123
2.4336536658541155,0.10511311030600197
2.4342780798799923,0.10510543750788148
2.4349024939058683,0.10678427580399137
2.435526907931745,0.10856427991562419
2.436151321957622,0.10825381298128403
2.436775735983498,0.10654530048538127
2.437400150009375,0.10757273640426435
2.438024564035252,0.10820848216648929
2.4386489780611287,0.10787663638291209
2.4392733920870047,0.10794584408182725
2.4398978061128815,0.10985458566815938
2.4405222201387584,0.11113522138468697
2.4411466341646344,0.1082777553679293
2.4417710481905113,0.10566854467122584
2.442395462216388,0.10492276062318313
2.443019876242265,0.10270072835171344
2.443644290268141,0.10189817732631326
2.444268704294018,0.10423941838607867
2.4448931183198948,0.10435219777142324
2.4455175323457707,0.10200701915812885
2.4461419463716476,0.10054357791496575
2.4467663603975245,0.1011246574876015
2.4473907744234014,0.10243170081438317
2.4480151884492773,0.10468304668097624
2.448639602475154,0.11089455012963809
2.449264016501031,0.11732677562603858
2.449888430526907,0.1180597966380337
2.450512844552784,0.11403324932489531
2.451137258578661,0.11048665324840334
2.4517616726045377,0.1101906378546845
2.4523860866304137,0.11136674047342573
2.4530105006562906,0.11149538951753017
2.4536349146821674,0.10981519895833614
2.4542593287080434,0.10597759192040075
2.4548837427339203,0.10387341384632984
2.455508156759797,0.10452240605513843
2.456132570785674,0.10510795448057171
2.45675698481155,0.10488619974168645
2.457381398837427,0.10249914144434118
2.4580058128633038,0.10119996532721494
2.4586302268891798,0.10117584584031973
2.4592546409150566,0.0988305055496259
2.4598790549409335,0.09614079354004958
2.4605034689668104,0.09484327719189749
2.4611278829926864,0.09467940985485757
2.4617522970185632,0.09507322991742734
2.46237671104444,0.096363286527724
2.463001125070316,0.09929033249319905
2.463625539096193,0.10209673475906167
2.46424995312207,0.10348578056521425
2.464874367147946,0.10409553667564383
2.4654987811738227,0.10450173245595225
2.4661231951996996,0.10380865060627606
2.4667476092255765,0.10603372978972783
2.4673720232514524,0.10634024606458711
2.4679964372773293,0.10198967121528815
2.468620851303206,0.10030864289250181
2.469245265329082,0.10224282646997354
2.469869679354959,0.10188777279051178
2.470494093380836,0.09735961547039987
2.471118507406713,0.09267774163463298
2.471742921432589,0.09133956941037591
2.4723673354584657,0.09149572696916926
2.4729917494843425,0.09011346901749143
2.4736161635102185,0.08889345547237883
2.4742405775360954,0.0908560043393014
2.4748649915619723,0.09412384137249634
2.475489405587849,0.09487320712787838
2.476113819613725,0.09571023714447213
2.476738233639602,0.09844180602128877
2.477362647665479,0.1009440108722545
2.477987061691355,0.10122574111876612
2.4786114757172317,0.10057469349128434
2.4792358897431086,0.09983063490848812
2.4798603037689855,0.10101825610069917
2.4804847177948615,0.10418788643827996
2.4811091318207383,0.10707522602900459
2.481733545846615,0.10943971846736858
2.482357959872491,0.10855386063594988
2.482982373898368,0.10175441404613397
2.483606787924245,0.09326270533256008
2.484231201950122,0.08606476975876437
2.484855615975998,0.08210324168968203
2.4854800300018747,0.07976298634275746
2.4861044440277515,0.07860410819927029
2.4867288580536275,0.08106043351614063
2.4873532720795044,0.08555049730704964
2.4879776861053813,0.08738742756180182
2.488602100131258,0.08601492528576243
2.489226514157134,0.0846190959947935
2.489850928183011,0.07997192771599877
2.490475342208888,0.07395468001361447
2.491099756234764,0.0742520202057438
2.4917241702606407,0.0783275851445833
2.4923485842865176,0.08252687666630992
2.4929729983123936,0.08681650905870231
2.4935974123382705,0.09122516109936576
2.4942218263641474,0.0937770471991309
2.4948462403900242,0.09391945117685783
2.4954706544159,0.09540345276543606
2.496095068441777,0.09772614586808002
2.496719482467654,0.09756016927441204
2.49734389649353,0.09455484700356745
2.497968310519407,0.09132774250060552
2.4985927245452837,0.08938982009469161
2.4992171385711606,0.08993480725975364
2.4998415525970366,0.09124640940905972
2.5004659666229134,0.0900562034363586
2.5010903806487903,0.08822836334357417
2.5017147946746663,0.08939729777514811
2.502339208700543,0.09204055080814762
2.50296362272642,0.09478547665289264
2.503588036752297,0.0975703969750486
2.504212450778173,0.09898567511322005
2.5048368648040498,0.0977937772043803
2.5054612788299266,0.09509091183199624
2.5060856928558026,0.0919105506559342
2.5067101068816795,0.09133692834136187
2.5073345209075564,0.09277238149327272
2.5079589349334332,0.0917787786124341
2.5085833489593092,0.08952862299216524
2.509207762985186,0.08769654014634544
2.509832177011063,0.08817538662813337
2.510456591036939,0.08959196542230972
2.511081005062816,0.0900018630000181
2.5117054190886927,0.09117236665479087
2.5123298331145696,0.089234479707154
2.5129542471404456,0.08477490124782874
2.5135786611663224,0.08165724347951023
2.5142030751921993,0.08379232362718095
2.5148274892180753,0.08594155434865239
2.515451903243952,0.0842751190852786
2.516076317269829,0.08320882250696704
2.516700731295706,0.08387650132150018
2.517325145321582,0.08235565218635513
2.517949559347459,0.0785832955216264
2.5185739733733357,0.07969958736164924
2.5191983873992116,0.08364075468601691
2.5198228014250885,0.08618000234685606
2.5204472154509654,0.08932493617316889
2.5210716294768414,0.09436081377445873
2.5216960435027183,0.0988442565060877
2.522320457528595,0.09954961248861506
2.522944871554472,0.09856110710653403
2.523569285580348,0.09722883802435718
2.524193699606225,0.09519007405958467
2.5248181136321017,0.09582918700579304
2.5254425276579777,0.10077645821933674
2.5260669416838546,0.10403936346638376
2.5266913557097315,0.10436426478537697
2.5273157697356083,0.10603357279889765
2.5279401837614843,0.10641504043468067
2.528564597787361,0.10301308213295424
2.529189011813238,0.10014235745807934
2.529813425839114,0.09883092196736223
2.530437839864991,0.09806091194740339
2.531062253890868,0.09630862621792148
2.5316866679167447,0.0950482855254348
2.5323110819426207,0.09423476831554603
2.5329354959684975,0.09307776083572922
2.5335599099943744,0.09268797241952657
2.5341843240202504,0.09162847702294855
2.5348087380461273,0.09028805382356175
2.535433152072004,0.09123829076635169
2.536057566097881,0.09311390323766326
2.536681980123757,0.09762350295558961
2.537306394149634,0.10213351640071114
2.5379308081755108,0.10092366766109104
2.5385552222013867,0.09810213705316237
2.5391796362272636,0.09685817140370788
2.5398040502531405,0.09750363801144621
2.5404284642790174,0.09843036658861208
2.5410528783048933,0.09630676034320454
2.54167729233077,0.09128250145853083
2.542301706356647,0.08659454635144329
2.542926120382523,0.0820225385888859
2.5435505344084,0.07938699539617874
2.544174948434277,0.08100900466295627
2.5447993624601537,0.0851784844918411
2.5454237764860297,0.09022902683214057
2.5460481905119066,0.09515289386244383
2.5466726045377834,0.09951707989477238
2.5472970185636594,0.10084651350744825
2.5479214325895363,0.09982563569239543
2.548545846615413,0.09762483515260137
2.549170260641289,0.09384639636713597
2.549794674667166,0.09491007034184512
2.550419088693043,0.09984398121067671
2.5510435027189198,0.10159666549405136
2.5516679167447958,0.10078120374270408
2.5522923307706726,0.10271813811419359
2.5529167447965495,0.1056019896571884
2.5535411588224255,0.10350704037021949
2.5541655728483024,0.1002390767465086
2.5547899868741792,0.09734734017991722
2.555414400900056,0.09382406943708738
2.556038814925932,0.0882036786263482
2.556663228951809,0.08028367052347979
2.557287642977686,0.07550463789561994
2.557912057003562,0.0759311024652499
2.5585364710294387,0.07422425761780291
2.5591608850553156,0.07072543561852766
2.5597852990811925,0.06916492284048378
2.5604097131070684,0.0678698806942192
2.5610341271329453,0.06747462287109138
2.561658541158822,0.06691313217968953
2.562282955184698,0.06591309248547043
2.562907369210575,0.0663098284114738
2.563531783236452,0.06787281250588897
2.564156197262329,0.06762653803267407
2.564780611288205,0.06844481677829857
2.5654050253140817,0.07413906086026031
2.5660294393399585,0.0801697841628369
2.5666538533658345,0.0824287179498813
2.5672782673917114,0.08662953113530783
2.5679026814175883,0.09616459363297203
2.568527095443465,0.10512246313195887
2.569151509469341,0.10834122770585827
2.569775923495218,0.1069652260143423
2.570400337521095,0.10368256454126364
2.571024751546971,0.10213964840422167
2.5716491655728477,0.10282429615727626
2.5722735795987246,0.10461099273803151
2.5728979936246015,0.10476864307296933
2.5735224076504775,0.10521704823395599
2.5741468216763543,0.10612010721786536
2.574771235702231,0.10606804877825116
2.575395649728107,0.1076297228451992
2.576020063753984,0.10786040701801806
2.576644477779861,0.10404832376049282
2.577268891805737,0.10010188418666735
2.577893305831614,0.09958856386263445
2.5785177198574907,0.10012700903993599
2.5791421338833675,0.09793288293254501
2.5797665479092435,0.09443511346572955
2.5803909619351204,0.09260114358710612
2.5810153759609973,0.09367688104429717
2.5816397899868733,0.09550445446797393
2.58226420401275,0.09694806621815931
2.582888618038627,0.09775457234086568
2.583513032064504,0.09837673037421917
2.58413744609038,0.09903625147847472
2.5847618601162567,0.09678985741655481
2.5853862741421336,0.09363471496698075
2.5860106881680096,0.09011731852214996
2.5866351021938865,0.08853659893439324
2.5872595162197634,0.08960445061740012
2.5878839302456402,0.09279092223794286
2.588508344271516,0.09611728106245498
2.589132758297393,0.09618981985949238
2.58975717232327,0.09612756537333939
2.590381586349146,0.0968918268488305
2.591006000375023,0.0947836775309395
2.5916304144008997,0.09052909616140661
2.5922548284267766,0.0881516670100309
2.5928792424526526,0.0894589451605988
2.5935036564785294,0.09126836434327992
2.5941280705044063,0.09300163339488762
2.5947524845302823,0.09617470250629015
2.595376898556159,0.09960061691988129
2.596001312582036,0.09979330607107435
2.596625726607913,0.10051579565376786
2.597250140633789,0.10529062950419821
2.5978745546596658,0.10872496624489789
2.5984989686855426,0.10927917367594017
2.5991233827114186,0.10786365461564218
2.5997477967372955,0.10387313621485787
2.6003722107631724,0.09681947733722487
2.6009966247890492,0.0891013778892851
2.6016210388149252,0.08415317337237596
2.602245452840802,0.07971802194460259
2.602869866866679,0.07981494127828284
2.603494280892555,0.08220851978433538
2.604118694918432,0.08158333291421424
2.6047431089443087,0.08182882957475301
2.6053675229701856,0.08119938510206857
2.6059919369960616,0.0769547852403753
2.6066163510219384,0.07384791350455965
2.6072407650478153,0.07381974421805707
2.6078651790736913,0.0759258752369784
2.608489593099568,0.07645233562436002
2.609114007125445,0.07571775369802672
2.609738421151321,0.07802934725130692
2.610362835177198,0.08607949131113309
2.610987249203075,0.09158673756144788
2.6116116632289517,0.09502838585015458
2.6122360772548276,0.10067195092168586
2.6128604912807045,0.1022830375233686
2.6134849053065814,0.10162114903865582
2.6141093193324574,0.10032434170882945
2.6147337333583343,0.10014112216827584
2.615358147384211,0.10093117128836127
2.615982561410088,0.1000725549070089
2.616606975435964,0.09945050007670529
2.617231389461841,0.09918250309410304
2.6178558034877177,0.09790511867804448
2.6184802175135937,0.09680139786311977
2.6191046315394706,0.09819102229521703
2.6197290455653475,0.10031634156524545
2.6203534595912243,0.10416336230318154
2.6209778736171003,0.1085160496202116
2.621602287642977,0.11400814099826728
2.622226701668854,0.12074827048307417
2.62285111569473,0.12372932040111614
2.623475529720607,0.12245975426687354
2.624099943746484,0.12224298757753968
2.6247243577723607,0.12311652976079737
2.6253487717982367,0.11977339655653485
2.6259731858241135,0.11523739398016516
2.6265975998499904,0.11671311034643642
2.6272220138758664,0.11888230991941402
2.6278464279017433,0.11867045010295259
2.62847084192762,0.11871794424408762
2.629095255953497,0.11778650826860346
2.629719669979373,0.11374063968616457
2.63034408400525,0.11167515761602494
2.6309684980311268,0.11182049424578251
2.6315929120570027,0.1110848295057478
2.6322173260828796,0.11124948818645686
2.6328417401087565,0.10960066823448796
2.6334661541346334,0.10759959288898373
2.6340905681605093,0.10776500180685578
2.6347149821863862,0.10893722567193513
2.635339396212263,0.10888244670321315
2.635963810238139,0.1110675746955121
2.636588224264016,0.1141207897199844
2.637212638289893,0.11575757231942574
2.637837052315769,0.11624250586779714
2.6384614663416457,0.11572365630631012
2.6390858803675226,0.11610234179053787
2.6397102943933994,0.11331988756152453
2.6403347084192754,0.10799885943747553
2.6409591224451523,0.10899885607768682
2.641583536471029,0.11594738108485284
2.642207950496905,0.12092613707323804
2.642832364522782,0.12227874849957698
2.643456778548659,0.12183050813905956
2.6440811925745358,0.12192122255462776
2.6447056066004118,0.1208511520173765
2.6453300206262886,0.11774963373552624
2.6459544346521655,0.11441611046052577
2.6465788486780415,0.11294900062992719
2.6472032627039184,0.11129220952932894
2.6478276767297952,0.11003676651875546
2.648452090755672,0.10894977864000129
2.649076504781548,0.10828582576488663
2.649700918807425,0.10890957681442943
2.650325332833302,0.11366675638208493
2.650949746859178,0.12288536555391842
2.6515741608850547,0.1322771108703636
2.6521985749109316,0.1388437198327806
2.6528229889368085,0.14027700621939534
2.6534474029626844,0.1390036074115903
2.6540718169885613,0.13906734356476877
2.654696231014438,0.1395972385843704
2.655320645040314,0.13992819484596908
2.655945059066191,0.1428210864967464
2.656569473092068,0.14695769468969225
2.657193887117945,0.1455371957240394
2.657818301143821,0.14159275838185226
2.6584427151696977,0.1395455340142538
2.6590671291955745,0.14159230558113345
2.6596915432214505,0.14686727691368892
2.6603159572473274,0.15592432226884095
2.6609403712732043,0.1628588187357475
2.661564785299081,0.16481286783170532
2.662189199324957,0.1639501996170537
2.662813613350834,0.16623938717531922
2.663438027376711,0.17100754755905173
2.664062441402587,0.1693772064962042
2.6646868554284637,0.16708372498722485
2.6653112694543406,0.17043969065083137
2.6659356834802166,0.1712301763977278
2.6665600975060935,0.1632149995969518
2.6671845115319703,0.16004114578150358
2.667808925557847,0.16270389053311785
2.668433339583723,0.1688679126704044
2.6690577536096,0.18330001993230688
2.669682167635477,0.19874811227893657
2.670306581661353,0.20195373768396271
2.67093099568723,0.19148714506846987
2.6715554097131067,0.18632616341113745
2.6721798237389836,0.18918450892767616
2.6728042377648595,0.190699821024574
2.6734286517907364,0.19141807420279255
2.6740530658166133,0.1823313153441938
2.6746774798424893,0.1701092881077346
2.675301893868366,0.1634727107742532
2.675926307894243,0.16018765972991916
2.67655072192012,0.16581050782649204
2.677175135945996,0.17177832143712615
2.6777995499718728,0.1664862043406063
2.6784239639977496,0.15764901098431577
2.6790483780236256,0.1521940697978997
2.6796727920495025,0.14970406738513092
2.6802972060753794,0.15151225199485338
2.6809216201012562,0.15665324788700383
2.681546034127132,0.15749069659662449
2.682170448153009,0.14871858353054618
2.682794862178886,0.12662872877400472
2.683419276204762,0.10505713817485478
2.684043690230639,0.0991068421228902
2.6846681042565157,0.09075956064220124
2.6852925182823926,0.06279744922813266
2.6859169323082686,0.031774512427281146
2.6865413463341454,0.019870435840166942
2.6871657603600223,0.01721165848436897
2.6877901743858983,0.015313716395083495
2.688414588411775,0.013967549318066763
2.689039002437652,0.012851562220991042
2.689663416463529,0.012317245058653139
2.690287830489405,0.01156885286758018
2.6909122445152818,0.01110699242727529
2.6915366585411586,0.011803124186183286
2.6921610725670346,0.012837537543623049
2.6927854865929115,0.010987677404084666
2.6934099006187884,0.0044483948568305905
2.6940343146446644,0.0008776231233865008
2.6946587286705412,0.00039085038158460163
2.695283142696418,7.326255022190218e-05
2.695907556722295,8.904001679445741e-06
2.696531970748171,0.0002283210358439872
2.697156384774048,0.0006676175256379098
2.6977807987999247,0.0003481156595271631
2.6984052128258007,1.8295959726765558e-05
2.6990296268516776,1.5829337833834062e-05
2.6996540408775545,0.0003976403002632514
2.7002784549034313,0.002260194035814934
2.7009028689293073,0.0031124946312265176
2.701527282955184,0.0032083648484014507
2.702151696981061,0.0030925333007623622
2.702776111006937,0.0021625070559449185
2.703400525032814,0.0027931461538028505
2.704024939058691,0.0028772374399702438
2.7046493530845677,0.0010908695385909177
2.7052737671104437,6.99201484407559e-05
2.7058981811363205,2.8319265010916997e-05
2.7065225951621974,0.0004204199562245463
2.7071470091880734,0.001922446145480198
2.7077714232139503,0.0024895896523565953
2.708395837239827,0.0017302395120709125
2.709020251265704,0.0017624791182230214
2.70964466529158,0.0017893456287854242
2.710269079317457,0.0019224468708376363
2.7108934933433337,0.0018833075757350476
2.7115179073692097,0.001542965377660455
2.7121423213950866,0.0018247342660441576
2.7127667354209635,0.0018607796659263257
2.7133911494468403,0.001332640225365951
2.7140155634727163,0.0012286873484848796
2.714639977498593,0.003723544028389884
2.71526439152447,0.006263496301145635
2.715888805550346,0.006874048623044235
2.716513219576223,0.007896833446447492
2.7171376336021,0.008823731930911408
2.7177620476279767,0.008717950217443272
2.7183864616538527,0.008210517743825741
2.7190108756797295,0.007915197286153678
2.7196352897056064,0.00792000340516301
2.7202597037314824,0.008717975110753059
2.7208841177573593,0.009441627948883594
2.721508531783236,0.010329157052369324
2.722132945809112,0.011414924545520297
2.722757359834989,0.011392545692561118
2.723381773860866,0.01192557700458232
2.7240061878867428,0.013103952205349049
2.7246306019126187,0.012635756873343017
2.7252550159384956,0.011811240659443358
2.7258794299643725,0.011902292597744623
2.7265038439902485,0.012175675627949122
2.7271282580161254,0.012181694277210274
2.7277526720420022,0.012556003866299634
2.728377086067879,0.012994849850504895
2.729001500093755,0.013443196265562526
2.729625914119632,0.01337808108776679
2.730250328145509,0.01314481435576698
2.730874742171385,0.013593937508177584
2.7314991561972617,0.014483684027909375
2.7321235702231386,0.015927441620805484
2.7327479842490154,0.017614778630582674
2.7333723982748914,0.018834469102492687
2.7339968123007683,0.018031230794828858
2.734621226326645,0.01551277284357334
2.735245640352521,0.014661117189436117
2.735870054378398,0.015778054597457344
2.736494468404275,0.01717074572900828
2.737118882430152,0.017789053910335743
2.7377432964560278,0.018142984582433457
2.7383677104819046,0.018474339548508537
2.7389921245077815,0.018314202194090832
2.7396165385336575,0.017923808163147297
2.7402409525595344,0.01884457128385877
2.7408653665854112,0.020245879011135465
2.741489780611288,0.020780572859295084
2.742114194637164,0.021203421155280552
2.742738608663041,0.02220253119454756
2.743363022688918,0.022888753594299368
2.743987436714794,0.023446325063408206
2.7446118507406707,0.022871117791642158
2.7452362647665476,0.022288223865140188
2.7458606787924245,0.022661294341024103
2.7464850928183004,0.022772666589806083
2.7471095068441773,0.02254467748094291
2.747733920870054,0.021677144039100107
2.74835833489593,0.02091462754277027
2.748982748921807,0.020612352400602864
2.749607162947684,0.021140869824535526
2.75023157697356,0.02106245024759288
2.750855990999437,0.020938323975833187
2.7514804050253137,0.021157749216626828
2.7521048190511905,0.02235683800677331
2.7527292330770665,0.025012213517782055
2.7533536471029434,0.026877025277960032
2.7539780611288203,0.027330475011627924
2.7546024751546963,0.028613249274925433
2.755226889180573,0.029435638809863173
2.75585130320645,0.029041883603926132
2.756475717232327,0.028858481985578898
2.757100131258203,0.02893065445167094
2.7577245452840797,0.028005772607833584
2.7583489593099566,0.02710918896736738
2.7589733733358326,0.026970756826978182
2.7595977873617095,0.02718821013486445
2.7602222013875863,0.02773476460284672
2.760846615413463,0.027841149794576952
2.761471029439339,0.028380982962636435
2.762095443465216,0.028691220457858324
2.762719857491093,0.02926265203547082
2.763344271516969,0.02917692765633173
2.763968685542846,0.028423477768731727
2.7645930995687227,0.029594769846259417
2.7652175135945996,0.03161671909319314
2.7658419276204755,0.03213764129082371
2.7664663416463524,0.032367520982689
2.7670907556722293,0.03369787925517679
2.7677151696981053,0.03435028525035717
2.768339583723982,0.035042950813667165
2.768963997749859,0.036596813889523974
2.769588411775736,0.04005361426734845
2.770212825801612,0.04424319035751762
2.7708372398274888,0.04836199517926747
2.7714616538533656,0.05229412758998329
2.7720860678792416,0.05166307100666252
2.7727104819051185,0.0443977038412874
2.7733348959309954,0.037779570016503505
2.7739593099568722,0.0353684558237212
2.774583723982748,0.036432818890657526
2.775208138008625,0.036306823629408555
2.775832552034502,0.033040917934529804
2.776456966060378,0.029481738075123193
2.777081380086255,0.027687276252437897
2.7777057941121317,0.026158854911759056
2.7783302081380086,0.026464725429353686
2.7789546221638846,0.02762023468704039
2.7795790361897614,0.027557978539885723
2.7802034502156383,0.029636158706385342
2.7808278642415143,0.03353573428403405
2.781452278267391,0.03742527279849537
2.782076692293268,0.04064797965049785
2.782701106319144,0.044265540242487494
2.783325520345021,0.04783536987101958
2.7839499343708978,0.048322718552907276
2.7845743483967746,0.044375355879337254
2.7851987624226506,0.04097810157394467
2.7858231764485275,0.04286186583442792
2.7864475904744044,0.046294661107073885
2.7870720045002804,0.04820026962754147
2.7876964185261572,0.04786658639331543
2.788320832552034,0.04558821290403971
2.788945246577911,0.043855079668480526
2.789569660603787,0.04221421287624164
2.790194074629664,0.0417403515833393
2.7908184886555407,0.04370156842757224
2.7914429026814167,0.04603661672897828
2.7920673167072936,0.04818690411137806
2.7926917307331705,0.050959385797075075
2.7933161447590473,0.052829950123046684
2.7939405587849233,0.05523382549849261
2.7945649728108,0.057214603056157096
2.795189386836677,0.057494424226882224
2.795813800862553,0.05601535696859311
2.79643821488843,0.05411256438103777
2.797062628914307,0.05410266482632538
2.7976870429401837,0.054369585470594686
2.7983114569660597,0.054549051363675514
2.7989358709919365,0.05383185033856665
2.7995602850178134,0.05542335056460771
2.8001846990436894,0.05724024584086893
2.8008091130695663,0.058150262247378424
2.801433527095443,0.060555561001763056
2.80205794112132,0.0664075805578031
2.802682355147196,0.0743329657884343
2.803306769173073,0.08079383710884094
2.8039311831989497,0.0761031646006049
2.8045555972248257,0.06877620891421353
2.8051800112507026,0.06661414729032053
2.8058044252765795,0.06337699592556066
2.8064288393024563,0.05901862277816598
2.8070532533283323,0.05613435960219415
2.807677667354209,0.054941268887431394
2.808302081380086,0.05457355330228497
2.808926495405962,0.05862106252503564
2.809550909431839,0.06726249676507315
2.810175323457716,0.07004902057791498
2.810799737483592,0.06709334141596768
2.8114241515094687,0.06572965920456954
2.8120485655353455,0.0653470450206391
2.8126729795612224,0.06616930062357045
2.8132973935870984,0.06513807152162573
2.8139218076129753,0.06306522949069959
2.814546221638852,0.061259996139968645
2.815170635664728,0.059512373128050314
2.815795049690605,0.05874345246854921
2.816419463716482,0.05964965888248928
2.8170438777423588,0.060074828131898184
2.8176682917682347,0.05931398520082563
2.8182927057941116,0.05845811377403878
2.8189171198199885,0.061950798733714854
2.8195415338458645,0.06650384249320601
2.8201659478717414,0.07019748525363914
2.8207903618976182,0.07389486512333321
2.821414775923495,0.07728943363031318
2.822039189949371,0.08257156261466328
2.822663603975248,0.08626462959125934
2.823288018001125,0.08488037627759284
2.823912432027001,0.08208765957873711
2.8245368460528777,0.08262533918925821
2.8251612600787546,0.08265300463168697
2.8257856741046314,0.08157107508487119
2.8264100881305074,0.08266292181743229
2.8270345021563843,0.08642589108451293
2.827658916182261,0.09323358269674394
2.828283330208137,0.09730530726519854
2.828907744234014,0.09863842274626647
2.829532158259891,0.1038976153499415
2.830156572285768,0.1108615506894793
2.8307809863116438,0.1142577589911066
2.8314054003375206,0.1147824157268601
2.8320298143633975,0.1143980295048089
2.8326542283892735,0.10812580187399878
2.8332786424151504,0.09834756125075192
2.8339030564410272,0.09342429540145038
2.834527470466904,0.08941407590368852
2.83515188449278,0.08442374203841048
2.835776298518657,0.08221247021204338
2.836400712544534,0.0857542505217013
2.83702512657041,0.09225821586371108
2.8376495405962867,0.09374361928309526
2.8382739546221636,0.09058724056356207
2.8388983686480396,0.0873415702886104
2.8395227826739164,0.08415167494405011
2.8401471966997933,0.08449221849852229
2.84077161072567,0.08401308890985529
2.841396024751546,0.07797668808291987
2.842020438777423,0.07021153315924095
2.8426448528033,0.06648411277845007
2.843269266829176,0.06923381905224384
2.843893680855053,0.07308260185016736
2.8445180948809297,0.07559593225330066
2.8451425089068065,0.0771593903283803
2.8457669229326825,0.07610782491809374
2.8463913369585594,0.07483547085634452
2.8470157509844363,0.07815684712003344
2.8476401650103123,0.08281511995774868
2.848264579036189,0.08540346769860083
2.848888993062066,0.08461688952498242
2.849513407087943,0.08230327575354478
2.850137821113819,0.0831080297867951
2.8507622351396957,0.08487503726394188
2.8513866491655726,0.08707606773560456
2.8520110631914486,0.08801683022269673
2.8526354772173255,0.08454816942726132
2.8532598912432023,0.07900131530606617
2.853884305269079,0.0786654151066287
2.854508719294955,0.0792411636806855
2.855133133320832,0.07557790898599691
2.855757547346709,0.06863056360796226
2.856381961372585,0.06331803096459046
2.857006375398462,0.06497733786050655
2.8576307894243387,0.06646646758744774
2.8582552034502156,0.06571848178904037
2.8588796174760915,0.07418613677422714
2.8595040315019684,0.09264941230310421
2.8601284455278453,0.11178701700755386
2.8607528595537213,0.11912878279342562
2.861377273579598,0.11612053502834845
2.862001687605475,0.10789032408228379
2.862626101631352,0.09739184021342263
2.863250515657228,0.09234540805066165
2.8638749296831048,0.09113951365315663
2.8644993437089816,0.08961595387046822
2.8651237577348576,0.08723519610642069
2.8657481717607345,0.07978890251383884
2.8663725857866114,0.07631030675138253
2.8669969998124873,0.08314560495897656
2.867621413838364,0.09486857897548649
2.868245827864241,0.10482148403864411
2.868870241890118,0.10873968830540999
2.869494655915994,0.1102724001718119
2.870119069941871,0.11135296314750451
2.8707434839677477,0.10760052489142624
2.8713678979936237,0.10086944466946338
2.8719923120195006,0.09935585719717341
2.8726167260453774,0.10343303092329773
2.8732411400712543,0.10497324515386437
2.8738655540971303,0.09838167143213364
2.874489968123007,0.09124581700931218
2.875114382148884,0.09192277148718367
2.87573879617476,0.09256435432448636
2.876363210200637,0.08503180242025563
2.8769876242265138,0.0813405556406455
2.8776120382523906,0.08624260233734647
2.8782364522782666,0.09149506549541128
2.8788608663041435,0.09108344634649382
2.8794852803300204,0.09409283348131604
2.8801096943558964,0.09828945935967828
2.8807341083817732,0.09479591022863802
2.88135852240765,0.09417230075156408
2.881982936433527,0.10182934441440943
2.882607350459403,0.09733323002124505
2.88323176448528,0.07058720912809237
2.8838561785111567,0.05314972002935037
2.8844805925370327,0.05159494743584427
2.8851050065629096,0.05417559902398946
2.8857294205887865,0.054252149603692956
2.8863538346146633,0.05594981592591497
2.8869782486405393,0.06648245350570611
2.887602662666416,0.08196921204645594
2.888227076692293,0.10943047768471177
2.888851490718169,0.12572181860306197
2.889475904744046,0.1199026331953228
2.890100318769923,0.11118223251735326
2.8907247327957997,0.10565789432383625
2.8913491468216757,0.10332559267687416
2.8919735608475525,0.0998094893185543
2.8925979748734294,0.0954237448695501
2.8932223888993054,0.09243934061429515
2.8938468029251823,0.08893429349075921
2.894471216951059,0.08486406960183923
2.895095630976935,0.0786310628861312
2.895720045002812,0.0740362551597889
2.896344459028689,0.07467982793473535
2.8969688730545657,0.07731560834252979
2.8975932870804417,0.08113389785251926
2.8982177011063186,0.08246689305915851
2.8988421151321955,0.07669663322301848
2.8994665291580715,0.07513396799440535
2.9000909431839483,0.07811012930862157
2.900715357209825,0.07703467577579623
2.901339771235702,0.0739664585413776
2.901964185261578,0.07286406071893961
2.902588599287455,0.07492772636198719
2.903213013313332,0.07453326843338395
2.903837427339208,0.07388715263639914
2.9044618413650847,0.0784193236888435
2.9050862553909615,0.08489698448787726
2.9057106694168384,0.08958364795495014
2.9063350834427144,0.09484424888338584
2.9069594974685913,0.0973124038700727
2.907583911494468,0.09209341358207204
2.908208325520344,0.08571435971730741
2.908832739546221,0.08132685668141769
2.909457153572098,0.07792679513252984
2.9100815675979748,0.07787743600666347
2.9107059816238507,0.07859143021220169
2.9113303956497276,0.0835469524821843
2.9119548096756045,0.08720703215525347
2.9125792237014805,0.08449951408819598
2.9132036377273574,0.0796278517751374
2.9138280517532342,0.07684800201813133
2.914452465779111,0.07900444697084255
2.915076879804987,0.08141025119870907
2.915701293830864,0.08508561812114387
2.916325707856741,0.09016706857768741
2.916950121882617,0.09187919705727124
2.9175745359084937,0.09182534154951767
2.9181989499343706,0.0950037916831078
2.9188233639602474,0.09721937404185609
2.9194477779861234,0.09623300966949175
2.9200721920120003,0.09857236227779467
2.920696606037877,0.1034178566197338
2.921321020063753,0.10738632197843896
2.92194543408963,0.11148974115582992
2.922569848115507,0.11441703143936341
2.923194262141383,0.11512504812568733
2.9238186761672598,0.11411972829093964
2.9244430901931366,0.10983084562893315
2.9250675042190135,0.10711726859072293
2.9256919182448895,0.10740461224033326
2.9263163322707664,0.10823727320750129
2.9269407462966432,0.10884987573658442
2.9275651603225192,0.10701516639800068
2.928189574348396,0.10366237567708828
2.928813988374273,0.10084480341458499
2.92943840240015,0.10063487019732771
2.930062816426026,0.10170370079540339
2.9306872304519027,0.10364869210093738
2.9313116444777796,0.10504793769348723
2.9319360585036556,0.1058034389178862
2.9325604725295324,0.10550197093530536
2.9331848865554093,0.10494772226760703
2.933809300581286,0.10457040037934262
2.934433714607162,0.10525949236125928
2.935058128633039,0.1089746277786405
2.935682542658916,0.11349653791291898
2.936306956684792,0.11389116920015954
2.936931370710669,0.11314966804112894
2.9375557847365457,0.11321892850210162
2.9381801987624225,0.11267738591550688
2.9388046127882985,0.1128070517914351
2.9394290268141754,0.11182462377099753
2.9400534408400523,0.1094927482436047
2.9406778548659283,0.10982665352726757
2.941302268891805,0.11143883324747546
2.941926682917682,0.10985011926531321
2.942551096943559,0.10732341122643747
2.943175510969435,0.10354863936224012
2.9437999249953117,0.09853738623733664
2.9444243390211886,0.09636362952626312
2.9450487530470646,0.09593838600796627
2.9456731670729415,0.09591689468658404
2.9462975810988183,0.0979497876166453
2.946921995124695,0.10051230965638998
2.947546409150571,0.09980940844893993
2.948170823176448,0.09775035161881332
2.948795237202325,0.09769937284829358
2.949419651228201,0.09811067340755217
2.950044065254078,0.09950271839176517
2.9506684792799547,0.10198498272568546
2.9512928933058307,0.10404057299511735
2.9519173073317075,0.10271857784810694
2.9525417213575844,0.1017759175090239
2.9531661353834613,0.10183984922106352
2.9537905494093373,0.10116855484786794
2.954414963435214,0.09783889861762231
2.955039377461091,0.08962628127793162
2.955663791486967,0.08315593753738304
2.956288205512844,0.08133821784256409
2.9569126195387208,0.08043698104910833
2.9575370335645976,0.07911098056041552
2.9581614475904736,0.07809797869941432
2.9587858616163505,0.0783137794319699
2.9594102756422274,0.08003180226841071
2.9600346896681033,0.08021564652979127
2.96065910369398,0.07893655191034273
2.961283517719857,0.07709409240910205
2.961907931745734,0.07493336751106658
2.96253234577161,0.0738293943780393
2.963156759797487,0.07474470611843384
2.9637811738233637,0.07733551061569847
2.9644055878492397,0.0821626635044847
2.9650300018751166,0.0885693448018027
2.9656544159009934,0.09345724054367452
2.9662788299268703,0.09585131785189913
2.9669032439527463,0.09592567633893753
2.967527657978623,0.09933743111581088
2.9681520720045,0.10183876707505388
2.968776486030376,0.10041699228220227
2.969400900056253,0.09610208292456726
2.9700253140821298,0.09101162627266855
2.9706497281080066,0.08942065781106887
2.9712741421338826,0.0911125897439477
2.9718985561597595,0.09317492449998037
2.9725229701856364,0.09241997334715622
2.9731473842115124,0.09117849527061775
2.9737717982373892,0.08863292305396983
2.974396212263266,0.08794162895964075
2.975020626289143,0.08937949459001572
2.975645040315019,0.09083522958314019
2.976269454340896,0.09339775442814258
2.9768938683667727,0.09706687808075955
2.9775182823926487,0.09722808689555643
2.9781426964185256,0.09562929135464998
2.9787671104444025,0.09324076284734246
2.9793915244702793,0.09027408478561669
2.9800159384961553,0.08686133941709649
2.980640352522032,0.08365979628297174
2.981264766547909,0.08131393110815391
2.981889180573785,0.07639224378093892
2.982513594599662,0.07417831115292087
2.983138008625539,0.07439187702084755
2.983762422651415,0.07372707783246338
2.9843868366772917,0.07275810195336532
2.9850112507031685,0.07030998830923338
2.9856356647290454,0.06961072508838231
2.9862600787549214,0.07272081035514322
2.9868844927807983,0.07753286659057676
2.987508906806675,0.08091459094607732
2.988133320832551,0.08264486575383564
2.988757734858428,0.08372845332468758
2.989382148884305,0.08429367366896608
2.9900065629101817,0.08302934876964016
2.9906309769360577,0.08262998779055138
2.9912553909619346,0.08373443021636334
2.9918798049878115,0.08521091230152283
2.9925042190136875,0.08821873085383884
2.9931286330395643,0.0906362103583947
2.993753047065441,0.0914446021024636
2.994377461091318,0.08994056048547057
2.995001875117194,0.08931698339452744
2.995626289143071,0.08852020036125265
2.996250703168948,0.08608000911329854
2.996875117194824,0.0825253695830003
2.9974995312207007,0.08085208844953898
2.9981239452465775,0.08093926405970733
2.9987483592724544,0.08041235434117706
2.9993727732983304,0.08071170908045658
2.9999971873242073,0.08364098817582685
3.000621601350084,0.08697070777765677
3.00124601537596,0.08817467342258269
3.001870429401837,0.0863357298073144
3.002494843427714,0.08305037631888751
3.0031192574535908,0.08044262824961709
3.0037436714794667,0.0796957616483247
3.0043680855053436,0.0806778824411571
3.0049924995312205,0.08289472920244415
3.0056169135570974,0.08482919312676468
3.0062413275829742,0.08559318994411261
3.0068657416088493,0.08679489212891875
3.007490155634726,0.08872489029973721
3.008114569660603,0.08658489722490113
3.00873898368648,0.08119124843252812
3.009363397712357,0.08160830158091911
3.0099878117382337,0.08392738310121832
3.0106122257641106,0.08561135615093235
3.0112366397899857,0.08678773848406035
3.0118610538158626,0.0862986909756163
3.0124854678417394,0.08702227182016282
3.0131098818676163,0.08831703178354663
3.013734295893493,0.08850409544237035
3.01435870991937,0.08909274955390131
3.014983123945247,0.08967718015600355
3.015607537971122,0.0871886479113164
3.016231951996999,0.08223519088053655
3.0168563660228758,0.07993852869718855
3.0174807800487526,0.07906087933441175
3.0181051940746295,0.07587066731026584
3.0187296081005064,0.07483307605068289
3.0193540221263833,0.07682807341648877
3.0199784361522584,0.07628591466189974
3.0206028501781352,0.07594487478764823
3.021227264204012,0.0779487740136661
3.021851678229889,0.08312349537665491
3.022476092255766,0.0879204555407003
3.0231005062816427,0.09094353423307355
3.023724920307518,0.09295030081362564
3.0243493343333947,0.09264461630642742
3.0249737483592716,0.09224585173234161
3.0255981623851484,0.09314834451412649
3.0262225764110253,0.09245141237352518
3.026846990436902,0.09035149164497217
3.027471404462779,0.08779095624402532
3.028095818488654,0.0876671118137825
3.028720232514531,0.08659357743493398
3.029344646540408,0.08238577721477966
3.029969060566285,0.07889883432375919
3.0305934745921617,0.07927817647735398
3.0312178886180385,0.0818977946641099
3.0318423026439154,0.08167082790668201
3.0324667166697905,0.07838804320790092
3.0330911306956674,0.07778829318856127
3.0337155447215443,0.08001649936498904
3.034339958747421,0.08082592529422974
3.034964372773298,0.08151297013943579
3.035588786799175,0.08365891883669695
3.0362132008250518,0.08613488863783
3.036837614850927,0.08725922279943787
3.0374620288768037,0.08695796684632148
3.0380864429026806,0.08487163868387317
3.0387108569285575,0.08632439403235302
3.0393352709544343,0.08902224090828312
3.039959684980311,0.08821208351585487
3.040584099006188,0.08491234255941559
3.041208513032063,0.0827930768599919
3.04183292705794,0.08087518622381043
3.042457341083817,0.08045852831035086
3.043081755109694,0.08079647056330448
3.0437061691355707,0.07993238581650843
3.0443305831614476,0.07833025902419571
3.0449549971873244,0.07669638013949041
3.0455794112131995,0.0770677278643671
3.0462038252390764,0.07824730819544644
3.0468282392649533,0.08060292715096787
3.04745265329083,0.084886624156978
3.048077067316707,0.08842245998338835
3.048701481342584,0.0926376376195113
3.0493258953684608,0.09437493059850686
3.049950309394336,0.09336602408451938
3.0505747234202127,0.09221558802099697
3.0511991374460896,0.08765904646802995
3.0518235514719665,0.0828556180368438
3.0524479654978434,0.0813998503158567
3.0530723795237202,0.08115670488611403
3.053696793549597,0.0812700387844277
3.054321207575472,0.08232935793315509
3.054945621601349,0.08035991056467287
3.055570035627226,0.07640589669160182
3.056194449653103,0.07423098350541603
3.0568188636789797,0.0749433133794435
3.0574432777048566,0.07748834624895985
3.0580676917307335,0.07885829106743975
3.0586921057566085,0.08042248209741407
3.0593165197824854,0.0822080344364666
3.0599409338083623,0.08262039624549046
3.060565347834239,0.08244027126208502
3.061189761860116,0.08315671956344532
3.061814175885993,0.08260096666042684
3.06243858991187,0.08108172378277739
3.063063003937745,0.08024937635568467
3.0636874179636218,0.08034403010332501
3.0643118319894986,0.0800972181993142
3.0649362460153755,0.07969985722869402
3.0655606600412524,0.07784401534316981
3.0661850740671293,0.07515950320991277
3.066809488093006,0.0736282221591489
3.0674339021188812,0.07323867192276592
3.068058316144758,0.0731020158654764
3.068682730170635,0.07347038505982773
3.069307144196512,0.07148048678499282
3.0699315582223887,0.06990644143407485
3.0705559722482656,0.07011572434462374
3.0711803862741425,0.07125120917985406
3.0718048003000176,0.07308476633756746
3.0724292143258944,0.07511777884651907
3.0730536283517713,0.07343480696031854
3.073678042377648,0.07169983704207647
3.074302456403525,0.07339587169955267
3.074926870429402,0.07322414062593288
3.075551284455279,0.07239873661418775
3.076175698481154,0.074733414244087
3.076800112507031,0.07482238400743593
3.0774245265329077,0.07326616220618438
3.0780489405587845,0.07386741360192967
3.0786733545846614,0.07403969351591606
3.0792977686105383,0.07282445919939165
3.079922182636415,0.07055635126572798
3.0805465966622902,0.06854724832297748
3.081171010688167,0.06565815896635643
3.081795424714044,0.06450338185808409
3.082419838739921,0.06619627637869122
3.0830442527657977,0.0672743399709766
3.0836686667916746,0.06739533632163167
3.0842930808175497,0.06556238751022686
3.0849174948434266,0.06618045913148136
3.0855419088693035,0.07144488617545194
3.0861663228951803,0.07890060508860267
3.086790736921057,0.08389530874343507
3.087415150946934,0.08710216413699585
3.088039564972811,0.0889418549966298
3.088663978998686,0.09224804772726786
3.089288393024563,0.09403577153392369
3.08991280705044,0.09195439160913908
3.0905372210763167,0.08897465746040115
3.0911616351021936,0.08715420690298645
3.0917860491280704,0.08818673218484865
3.0924104631539473,0.09102504090261257
3.0930348771798224,0.09225827064905631
3.0936592912056993,0.09003574721402066
3.094283705231576,0.08830282000938315
3.094908119257453,0.08656161803925995
3.09553253328333,0.08292975771753229
3.0961569473092068,0.0797336936726965
3.0967813613350836,0.0791567372738094
3.0974057753609587,0.08496627094024908
3.0980301893868356,0.09565072219790952
3.0986546034127125,0.10259754574232012
3.0992790174385894,0.10357064659282963
3.0999034314644662,0.09956799624258984
3.100527845490343,0.09668271307191514
3.10115225951622,0.09680157431623464
3.101776673542095,0.09724401540050856
3.102401087567972,0.09573042048924686
3.103025501593849,0.09024648355324283
3.1036499156197257,0.08592849991626271
3.1042743296456026,0.0849474017798735
3.1048987436714794,0.08413919330273135
3.1055231576973563,0.08203682887784897
3.1061475717232314,0.0823733473129771
3.1067719857491083,0.08532414691830072
3.107396399774985,0.08805744623985086
3.108020813800862,0.09168968173435597
3.108645227826739,0.09498922107694369
3.109269641852616,0.09859006078600095
3.1098940558784927,0.10154069111375005
3.1105184699043678,0.10126732097860194
3.1111428839302446,0.10169697385702214
3.1117672979561215,0.1037883958367117
3.1123917119819984,0.1031097991840237
3.1130161260078753,0.10146313223984993
3.113640540033752,0.10184888375013215
3.114264954059629,0.1030048912694623
3.114889368085504,0.10479020486063377
3.115513782111381,0.10308067872308177
3.116138196137258,0.09714936442529418
3.1167626101631347,0.09139328501472552
3.1173870241890116,0.08752256547625822
3.1180114382148885,0.08709074645638984
3.1186358522407653,0.08740978626159225
3.1192602662666404,0.08465751481344568
3.1198846802925173,0.08098371163604416
3.120509094318394,0.07836851537614845
3.121133508344271,0.07732339750496167
3.121757922370148,0.07684239077222854
3.122382336396025,0.07628981798327181
3.1230067504219017,0.07730654797060457
3.1236311644477768,0.07633687042836124
3.1242555784736536,0.07656099900333355
3.1248799924995305,0.07742317855896372
3.1255044065254074,0.07522997281383363
3.1261288205512843,0.0721749179411807
3.126753234577161,0.07031681759560023
3.127377648603038,0.07141690346581107
3.128002062628913,0.07155877976178165
3.12862647665479,0.06464518745816925
3.129250890680667,0.06109938130160199
3.1298753047065437,0.06091146181809359
3.1304997187324206,0.0587574741108148
3.1311241327582975,0.056743966054173776
3.1317485467841744,0.056847877251590115
3.1323729608100495,0.060735286738251536
3.1329973748359263,0.06426960296753478
3.133621788861803,0.06612549283618804
3.13424620288768,0.06498653284778025
3.134870616913557,0.061330121269664715
3.135495030939434,0.05786978680893691
3.1361194449653107,0.05528115922088868
3.136743858991186,0.05392032138205283
3.1373682730170627,0.04624351643043509
3.1379926870429395,0.03923059338640987
3.1386171010688164,0.0399328572053698
3.1392415150946933,0.04417254271961964
3.13986592912057,0.048200513494805176
3.1404903431464453,0.049796518810466324
3.141114757172322,0.05053562498867638
3.141739171198199,0.05299814421748722
3.142363585224076,0.05847532287275196
3.1429879992499528,0.0606763434090839
3.1436124132758296,0.05879418658152221
3.1442368273017065,0.056820670500192
3.1448612413275816,0.05964452140048363
3.1454856553534585,0.06379292977242232
3.1461100693793353,0.0647517424547844
3.1467344834052122,0.06633401126364304
3.147358897431089,0.07261365497236413
3.147983311456966,0.07482914772768497
3.148607725482843,0.07442168505122737
3.149232139508718,0.07791727418543357
3.149856553534595,0.07909006762965007
3.1504809675604717,0.07989848983896965
3.1511053815863486,0.08170010275810778
3.1517297956122254,0.08369767563153316
3.1523542096381023,0.08338436291193425
3.152978623663979,0.08232494288285758
3.1536030376898543,0.08277843825747488
3.154227451715731,0.08434573006731452
3.154851865741608,0.08618696436774227
3.155476279767485,0.0873839251242072
3.1561006937933618,0.0863305031593152
3.1567251078192387,0.08477934492499746
3.1573495218451155,0.08767392460240729
3.1579739358709906,0.08867894868133254
3.1585983498968675,0.08765079027506016
3.1592227639227444,0.0843859915373478
3.1598471779486212,0.08055640673897299
3.160471591974498,0.07839354616328796
3.161096006000375,0.07785983679536526
3.161720420026252,0.07240723993843487
3.162344834052127,0.06390850360900022
3.162969248078004,0.05815799409716773
3.1635936621038807,0.060020870426180775
3.1642180761297576,0.06377452367985913
3.1648424901556345,0.06179098241775875
3.1654669041815113,0.05866287380270961
3.166091318207388,0.061637989822465045
3.1667157322332633,0.06582483046115098
3.16734014625914,0.06678151195989702
3.167964560285017,0.06226522366126602
3.168588974310894,0.05711963206006805
3.169213388336771,0.05614199953008501
3.1698378023626477,0.06073825153708647
3.1704622163885245,0.06317091304929509
3.1710866304143996,0.05962211616079262
3.1717110444402765,0.05789703625231898
3.1723354584661534,0.06011542607878042
3.1729598724920303,0.05997596863910378
3.173584286517907,0.05917686528035624
3.174208700543784,0.061417382896646035
3.174833114569661,0.05805855270883892
3.175457528595536,0.05023190256617281
3.176081942621413,0.046076600207091346
3.1767063566472897,0.04439371798628734
3.1773307706731666,0.044954963049844546
3.1779551846990435,0.04530398189332468
3.1785795987249204,0.045194575732565086
3.1792040127507972,0.04551843731819276
3.1798284267766723,0.04682322368988452
3.180452840802549,0.04742062039140443
3.181077254828426,0.047704752890290074
3.181701668854303,0.048878458776695194
3.18232608288018,0.0501681169088681
3.1829504969060567,0.05076725263909394
3.1835749109319336,0.0504421977876817
3.1841993249578087,0.048682998380904736
3.1848237389836855,0.048134602710346135
3.1854481530095624,0.049154446347799495
3.1860725670354393,0.05096643997442289
3.186696981061316,0.05220487419944536
3.187321395087193,0.05392852491329199
3.18794580911307,0.0568136611852052
3.188570223138945,0.057879469492420524
3.189194637164822,0.05622406642084014
3.1898190511906988,0.0546208727555481
3.1904434652165756,0.0546931288444497
3.1910678792424525,0.053928747858995006
3.1916922932683294,0.055717393147765935
3.1923167072942062,0.061623476062548435
3.1929411213200813,0.06915929584556009
3.193565535345958,0.07558347636393029
3.194189949371835,0.08321871564669545
3.194814363397712,0.08751903641640686
3.195438777423589,0.0901790638435473
3.1960631914494657,0.09312203183846687
3.196687605475341,0.09119070343586226
3.1973120195012177,0.08747171028670499
3.1979364335270946,0.08379518094686168
3.1985608475529714,0.07435066236153381
3.1991852615788483,0.06854086105428082
3.199809675604725,0.07007575881437232
3.200434089630602,0.07193839426387241
3.201058503656477,0.07370774867697616
3.201682917682354,0.0787512401845497
3.202307331708231,0.08085879755060135
3.2029317457341078,0.07657656378192346
3.2035561597599846,0.07041131019193632
3.2041805737858615,0.06749904834824916
3.2048049878117384,0.0708220602392744
3.2054294018376135,0.07094092258547736
3.2060538158634904,0.06618084068109878
3.2066782298893672,0.06405895980113582
3.207302643915244,0.06180917027482968
3.207927057941121,0.061885980028099655
3.208551471966998,0.06195585652306148
3.2091758859928747,0.06354335341609534
3.20980030001875,0.061971478126353154
3.2104247140446267,0.05858011881914814
3.2110491280705036,0.05643369044235145
3.2116735420963805,0.052327366531270826
3.2122979561222573,0.04786586380008876
3.212922370148134,0.04974168272029218
3.213546784174011,0.053692839778356316
3.214171198199886,0.05412140007209467
3.214795612225763,0.056236319739258966
3.21542002625164,0.05666526147487022
3.216044440277517,0.05228766549310765
3.2166688543033937,0.05171668700167557
3.2172932683292705,0.0573306788951238
3.2179176823551474,0.06322872819981533
3.2185420963810225,0.06651089277301542
3.2191665104068994,0.06453132498325584
3.2197909244327763,0.05950498519991204
3.220415338458653,0.057204094225211964
3.22103975248453,0.054558607164842385
3.221664166510407,0.05510573307859192
3.2222885805362838,0.05485873672694077
3.222912994562159,0.05249530882027892
3.2235374085880357,0.05261605641012475
3.2241618226139126,0.05419685143236399
3.2247862366397895,0.05936673772110722
3.2254106506656663,0.06680189743277408
3.226035064691543,0.07175330309833532
3.22665947871742,0.06823059666487444
3.227283892743295,0.06155413413986292
3.227908306769172,0.059115762481518765
3.228532720795049,0.06095204333781966
3.229157134820926,0.06535600727142779
3.2297815488468027,0.0704290067525237
3.2304059628726796,0.07429667423975198
3.2310303768985564,0.08040786793292727
3.2316547909244315,0.09470031930521186
3.2322792049503084,0.11350254126092088
3.2329036189761853,0.12328572309454351
3.233528033002062,0.1232008843720788
3.234152447027939,0.11905094147216429
3.234776861053816,0.11352635948603178
3.2354012750796928,0.10913819589632937
3.236025689105568,0.10898489249833827
3.2366501031314447,0.108179800841424
3.2372745171573216,0.10678111298440465
3.2378989311831985,0.10300840630673488
3.2385233452090754,0.09697563840463447
3.2391477592349522,0.09276596776416392
3.239772173260829,0.09216551013364539
3.240396587286704,0.09440915214262721
3.241021001312581,0.09595125483258744
3.241645415338458,0.09660439093794235
3.242269829364335,0.09495221011365423
3.2428942433902117,0.09280054223648747
3.2435186574160886,0.0909299245015217
3.2441430714419655,0.08822256616230355
3.2447674854678406,0.0877100114551264
3.2453918994937174,0.08802014085671557
3.2460163135195943,0.08883013593716134
3.246640727545471,0.08885672855966495
3.247265141571348,0.08867272256103012
3.247889555597225,0.08927983608151338
3.248513969623102,0.08911846862952673
3.249138383648977,0.0874678299084186
3.2497627976748538,0.08647050268253402
3.2503872117007306,0.08712597615140251
3.2510116257266075,0.08540059513866279
3.2516360397524844,0.08388509513293507
3.2522604537783613,0.08366257443106428
3.2528848678042364,0.08142258239035871
3.2535092818301132,0.07962242479085736
3.25413369585599,0.07840405048405048
3.254758109881867,0.07792715433898653
3.255382523907744,0.07728746547227844
3.2560069379336207,0.07693483147145917
3.2566313519594976,0.0786119636018845
3.2572557659853727,0.07967910290438715
3.2578801800112496,0.07948682497682209
3.2585045940371264,0.07981628059012652
3.2591290080630033,0.07996981930646277
3.25975342208888,0.07997680232224354
3.260377836114757,0.08135603548270133
3.261002250140634,0.08205637233107901
3.261626664166509,0.08028922042067857
3.262251078192386,0.08199414199335539
3.262875492218263,0.08431842150138188
3.2634999062441397,0.08582511773664536
3.2641243202700165,0.08678370525117601
3.2647487342958934,0.08563204030714092
3.2653731483217703,0.08309227336626451
3.2659975623476454,0.08170931894439094
3.2666219763735223,0.08184130219492727
3.267246390399399,0.08256556663523375
3.267870804425276,0.08280176774898482
3.268495218451153,0.08250611523584239
3.2691196324770297,0.08342861318936089
3.2697440465029066,0.08385601483731767
3.2703684605287817,0.08222179186213059
3.2709928745546586,0.08068452758534543
3.2716172885805355,0.07876054559552334
3.2722417026064123,0.0778208657179589
3.272866116632289,0.07830152826764147
3.273490530658166,0.07764670289777871
3.274114944684043,0.07684756238706039
3.274739358709918,0.07578967069357145
3.275363772735795,0.07451544401611464
3.275988186761672,0.07459415590492964
3.2766126007875487,0.07537689461643347
3.2772370148134256,0.07599454771231597
3.2778614288393024,0.0748017794881917
3.2784858428651793,0.07461015110089847
3.2791102568910544,0.07541314096740323
3.2797346709169313,0.07544919474691916
3.280359084942808,0.07472862120592241
3.280983498968685,0.0752271857763758
3.281607912994562,0.07556126902157263
3.2822323270204388,0.07657883422099755
3.2828567410463156,0.07883281841114181
3.2834811550721907,0.08116598440011978
3.2841055690980676,0.08224770940200882
3.2847299831239445,0.08290925744753777
3.2853543971498214,0.08279393699820897
3.2859788111756982,0.08097366788632795
3.286603225201575,0.07912339551367822
3.287227639227452,0.07702541707766641
3.287852053253327,0.0759040953213687
3.288476467279204,0.07422289775193674
3.289100881305081,0.07361176595081105
3.2897252953309577,0.0749771836234154
3.2903497093568346,0.07642569609278857
3.2909741233827114,0.0777333786858693
3.2915985374085883,0.07777490172213618
3.2922229514344634,0.07887486984115452
3.2928473654603403,0.08171660271185813
3.293471779486217,0.08069886817859595
3.294096193512094,0.07830143193905655
3.294720607537971,0.07772657692132766
3.295345021563848,0.0799468779558453
3.2959694355897247,0.08336523752150883
3.2965938496155998,0.0836662529720843
3.2972182636414766,0.08157612478837244
3.2978426776673535,0.0799868645198755
3.2984670916932304,0.07897534645094825
3.2990915057191073,0.07501204889648679
3.299715919744984,0.06888510742984792
3.300340333770861,0.06548944550051367
3.300964747796736,0.06534295244991654
3.301589161822613,0.06762872306581968
3.30221357584849,0.06859683991665835
3.3028379898743667,0.06475965922431912
3.3034624039002436,0.06043548857105424
3.3040868179261205,0.06077704717388207
3.3047112319519973,0.062459602816292245
3.3053356459778724,0.06726453455725022
3.3059600600037493,0.07248111868523945
3.306584474029626,0.0752317095826998
3.307208888055503,0.07606789626648443
3.30783330208138,0.0759465904111597
3.308457716107257,0.07475534708957907
3.3090821301331337,0.07613952805167741
3.309706544159009,0.07910252315757269
3.3103309581848857,0.08178950043587034
3.3109553722107625,0.08367482273544394
3.3115797862366394,0.08276350765276433
3.3122042002625163,0.0798192162363772
3.312828614288393,0.07757750009868905
3.3134530283142682,0.07594749881887088
3.314077442340145,0.07618940426165462
3.314701856366022,0.07604567435929639
3.315326270391899,0.07445617143730376
3.3159506844177757,0.07432991925927959
3.3165750984436526,0.07514326697724268
3.3171995124695295,0.07542174884136148
3.3178239264954046,0.0752474872430601
3.3184483405212815,0.07336160967956082
3.3190727545471583,0.07049534263288566
3.319697168573035,0.06934825278515182
3.320321582598912,0.06859596430363109
3.320945996624789,0.06866380614135206
3.321570410650666,0.06877226245670287
3.322194824676541,0.06776108849301883
3.322819238702418,0.06658595475514942
3.3234436527282947,0.06708871705663762
3.3240680667541715,0.06767557641806653
3.3246924807800484,0.0673261912315615
3.3253168948059253,0.06777149395895984
3.325941308831802,0.06847630174404741
3.3265657228576773,0.0663714910251473
3.327190136883554,0.06378817956603972
3.327814550909431,0.061416085811498114
3.328438964935308,0.06025044629000924
3.3290633789611848,0.06097067074990657
3.3296877929870616,0.060542990335381505
3.3303122070129385,0.06225151880546329
3.3309366210388136,0.06553933538726493
3.3315610350646905,0.06786011633678588
3.3321854490905674,0.06595106396122445
3.3328098631164442,0.061549651984657804
3.333434277142321,0.06124189810350246
3.334058691168198,0.06642092276257208
3.334683105194075,0.07103314821050503
3.33530751921995,0.07120222192890761
3.335931933245827,0.06771042190478568
3.3365563472717037,0.06681455489159192
3.3371807612975806,0.06698691910708457
3.3378051753234574,0.06807993352179338
3.3384295893493343,0.06884520051180015
3.339054003375211,0.06902957405299029
3.3396784174010863,0.06810411473656419
3.340302831426963,0.07119377527401893
3.34092724545284,0.07445542611611305
3.341551659478717,0.0745392808034426
3.342176073504594,0.07658247790451171
3.3428004875304707,0.07938574570423106
3.3434249015563475,0.07818307741426862
3.3440493155822226,0.07566205567359466
3.3446737296080995,0.07271911133064599
3.3452981436339764,0.0695871969409457
3.3459225576598532,0.0680235529117624
3.34654697168573,0.07012535776035668
3.347171385711607,0.07559840512188104
3.347795799737484,0.07924105278385501
3.348420213763359,0.08004361886706363
3.349044627789236,0.07836011302094216
3.3496690418151127,0.07588614550301817
3.3502934558409896,0.07335822185805316
3.3509178698668665,0.0714412764709262
3.3515422838927433,0.07094063589073923
3.35216669791862,0.07143886914930717
3.3527911119444953,0.07234198413961362
3.353415525970372,0.07358028604330445
3.354039939996249,0.07490204421210041
3.354664354022126,0.07591530319437258
3.355288768048003,0.07633207372471336
3.3559131820738797,0.07679947007289
3.3565375960997565,0.07588521225188669
3.3571620101256316,0.07597550005281682
3.3577864241515085,0.07911457194736193
3.3584108381773854,0.08330534650443908
3.3590352522032623,0.08533933835693439
3.359659666229139,0.0834586133624829
3.360284080255016,0.08100795886184065
3.360908494280893,0.07999199259863737
3.361532908306768,0.08327069151139452
3.362157322332645,0.08104309696275552
3.3627817363585217,0.07360849073419048
3.3634061503843986,0.07022781623259991
3.3640305644102755,0.06992082112957178
3.3646549784361524,0.07053904110353257
3.3652793924620292,0.07197818415954801
3.3659038064879043,0.07194757466629018
3.366528220513781,0.07436422428033669
3.367152634539658,0.08009341847636423
3.367777048565535,0.08544772609450155
3.368401462591412,0.09155555156518914
3.3690258766172887,0.09499095517341746
3.369650290643164,0.08737814275187192
3.3702747046690407,0.07980722276497307
3.3708991186949175,0.07770260001840387
3.3715235327207944,0.07874563028157816
3.3721479467466713,0.07569278278618141
3.372772360772548,0.06936327812648983
3.373396774798425,0.0656914818548903
3.3740211888243,0.06573764252345964
3.374645602850177,0.06562303743328576
3.375270016876054,0.06288636815887019
3.3758944309019308,0.062179128724025604
3.3765188449278076,0.061759477061660795
3.3771432589536845,0.06245485039459427
3.3777676729795614,0.06405819836264379
3.3783920870054365,0.06581196353976047
3.3790165010313133,0.0693367341818788
3.37964091505719,0.0708588895067499
3.380265329083067,0.07029195731323008
3.380889743108944,0.07311186142454504
3.381514157134821,0.0787492756363298
3.3821385711606977,0.08082441974047609
3.382762985186573,0.08099103396429126
3.3833873992124497,0.08048665795684609
3.3840118132383266,0.08150295437039161
3.3846362272642034,0.08149662293909851
3.3852606412900803,0.08193290279120558
3.385885055315957,0.08382260071694207
3.386509469341834,0.08158175957738659
3.387133883367709,0.07981533718271007
3.387758297393586,0.07803865087545961
3.388382711419463,0.07278455742978973
3.3890071254453398,0.06533707513065329
3.3896315394712166,0.062443720256126226
3.3902559534970935,0.06327538872343841
3.3908803675229704,0.06655555545768846
3.3915047815488455,0.07285063654728817
3.3921291955747224,0.07826367342953451
3.3927536096005992,0.08115970841660983
3.393378023626476,0.08397748205632685
3.394002437652353,0.08243614872521624
3.39462685167823,0.08120917300567793
3.3952512657041067,0.08346063594487432
3.395875679729982,0.08265835045496933
3.3965000937558587,0.08039811377633926
3.3971245077817356,0.07948804702814745
3.3977489218076125,0.07786061919702213
3.3983733358334893,0.07598677479367269
3.398997749859366,0.0776172589015053
3.399622163885243,0.08009199382604397
3.400246577911118,0.07701154769126392
3.400870991936995,0.07215479786389598
3.401495405962872,0.0709734623228688
3.402119819988749,0.07328876654108371
3.4027442340146257,0.0752773348370055
3.4033686480405025,0.07476474717999601
3.4039930620663794,0.07203461665157863
3.4046174760922545,0.07269530671220506
3.4052418901181314,0.07114538799102997
3.4058663041440083,0.06568226315940484
3.406490718169885,0.060888728275877456
3.407115132195762,0.05076015302928992
3.407739546221639,0.04278049536498833
3.4083639602475158,0.042662798227187534
3.408988374273391,0.043662000747974127
3.4096127882992677,0.043857876077789175
3.4102372023251446,0.043995014880302066
3.4108616163510215,0.04632387014829486
3.4114860303768983,0.05059735322975848
3.4121104444027752,0.05322765758429271
3.412734858428652,0.05362877188099828
3.413359272454527,0.05243531007433988
3.413983686480404,0.05285541893524728
3.414608100506281,0.05269571408270159
3.415232514532158,0.05215545292674326
3.4158569285580347,0.05260624105883329
3.4164813425839116,0.05317455315268595
3.4171057566097884,0.05210409205186434
3.4177301706356635,0.052447877009776024
3.4183545846615404,0.05323298930730793
3.4189789986874173,0.05179629374589817
3.419603412713294,0.05217838081804395
3.420227826739171,0.05149971838522509
3.420852240765048,0.051845999891931636
3.4214766547909248,0.05185359554153755
3.4221010688168,0.05397442627756717
3.4227254828426767,0.0577826775140558
3.4233498968685536,0.06358766964331915
3.4239743108944305,0.06957007035975699
3.4245987249203074,0.07379646457733431
3.4252231389461842,0.0742394415941365
3.4258475529720593,0.07426742140899081
3.426471966997936,0.07804043216987469
3.427096381023813,0.08220366550310435
3.42772079504969,0.08401621663418639
3.428345209075567,0.08336715037881003
3.4289696231014437,0.08100851032722854
3.4295940371273206,0.07893858110219996
3.4302184511531957,0.07969427056080859
3.4308428651790726,0.08199368771523655
3.4314672792049494,0.08342356104725838
3.4320916932308263,0.0839355864885789
3.432716107256703,0.08334011035190005
3.43334052128258,0.0811384886316905
3.433964935308457,0.08052143907973966
3.434589349334332,0.07935197980891187
3.435213763360209,0.07701280635942949
3.4358381773860858,0.07689213667361758
3.4364625914119626,0.07542022989369587
3.4370870054378395,0.075837023493399
3.4377114194637164,0.0757848806372763
3.4383358334895933,0.07652630290447975
3.4389602475154684,0.0761546103642338
3.4395846615413452,0.0737405357585079
3.440209075567222,0.07184449118014784
3.440833489593099,0.07107459039276164
3.441457903618976,0.0715632084690317
3.4420823176448527,0.07212056240406732
3.4427067316707296,0.07412279385380242
3.4433311456966047,0.07568675140952795
3.4439555597224816,0.07524671400462267
3.4445799737483584,0.07555141237053647
3.4452043877742353,0.0749219317516031
3.445828801800112,0.07294201314423565
3.446453215825989,0.07148310084112965
3.447077629851866,0.07154670303776245
3.447702043877741,0.07177351089729474
3.448326457903618,0.07299387502700787
3.448950871929495,0.07561131760814119
3.4495752859553717,0.07918428887934041
3.4501996999812485,0.08022742455840606
3.4508241140071254,0.07911774443452646
3.4514485280330023,0.07834340386030715
3.4520729420588774,0.07738945156078043
3.4526973560847543,0.07636015280819705
3.453321770110631,0.07267202264507833
3.453946184136508,0.06996991263608326
3.454570598162385,0.06820368432381017
3.4551950121882617,0.06655017948018586
3.4558194262141386,0.06820163356120484
3.4564438402400137,0.07125612236972388
3.4570682542658906,0.07236874643545618
3.4576926682917675,0.07253612109606418
3.4583170823176443,0.074021853825781
3.458941496343521,0.07460174412763908
3.459565910369398,0.0742684352611459
3.460190324395275,0.07248874687728993
3.46081473842115,0.07065587479390215
3.461439152447027,0.06990004196552581
3.462063566472904,0.06795359643955892
3.4626879804987807,0.06721760503076883
3.4633123945246576,0.06906225796236856
3.4639368085505344,0.07275281263682871
3.4645612225764113,0.07430258249763994
3.4651856366022864,0.07478288406659275
3.4658100506281633,0.07509354904290708
3.46643446465404,0.07581764136843697
3.467058878679917,0.07473027115713694
3.467683292705794,0.07497198062834434
3.4683077067316708,0.07497042735186693
3.4689321207575476,0.07463792430925312
3.4695565347834227,0.07166726142252748
3.4701809488092996,0.0689099553939867
3.4708053628351765,0.06913726512148279
3.4714297768610534,0.06896556134671102
3.4720541908869302,0.06823431680337086
3.472678604912807,0.06942151353991102
3.473303018938684,0.06924185996863871
3.473927432964559,0.06838416614944194
3.474551846990436,0.06937112700191558
3.475176261016313,0.07178408687543943
3.4758006750421897,0.07298613404431935
3.4764250890680666,0.07244735372141503
3.4770495030939434,0.07137996006359823
3.4776739171198203,0.0720466850476643
3.4782983311456954,0.0720997208816002
3.4789227451715723,0.07090593892965942
3.479547159197449,0.07146971804757221
3.480171573223326,0.07301734916141811
3.480795987249203,0.07313201079773994
3.48142040127508,0.07394046188127687
3.4820448153009567,0.07400330673997275
3.4826692293268318,0.07304806063066964
3.4832936433527086,0.07241488048440994
3.4839180573785855,0.07209208620244853
3.4845424714044624,0.07191502811594035
3.4851668854303393,0.0721387476472319
3.485791299456216,0.0739325656034061
3.4864157134820912,0.07433842881552849
3.487040127507968,0.07164332800795728
3.487664541533845,0.07029907948729403
3.488288955559722,0.07104145043189873
3.4889133695855987,0.07082967591428833
3.4895377836114756,0.07004628958261835
3.4901621976373525,0.06869062238546367
3.4907866116632276,0.06846708810866088
3.4914110256891044,0.06728500716703223
3.4920354397149813,0.06458903666014855
3.492659853740858,0.0623481206596392
3.493284267766735,0.06496247990766577
3.493908681792612,0.07094827903019314
3.494533095818489,0.07806518755600142
3.495157509844364,0.07911635250848728
3.495781923870241,0.07830814617711483
3.4964063378961177,0.07791265377399521
3.4970307519219945,0.07764546779603958
3.4976551659478714,0.07631433882099313
3.4982795799737483,0.07312629151162517
3.498903993999625,0.07140440875201634
3.4995284080255002,0.07361041230675211
3.500152822051377,0.07558129341213544
3.500777236077254,0.07439788717718736
3.501401650103131,0.07278798394368761
3.5020260641290077,0.07334393269717703
3.5026504781548846,0.07419300350356076
3.5032748921807615,0.07296948293354122
3.5038993062066366,0.07003062108892567
3.5045237202325135,0.06779631583177498
3.5051481342583903,0.06555025280838937
3.505772548284267,0.06239698014292586
3.506396962310144,0.06286492578000169
3.507021376336021,0.06571810930484544
3.507645790361898,0.06834916305590202
3.508270204387773,0.07039561445971249
3.50889461841365,0.07205655905107251
3.5095190324395267,0.0728603162642171
3.5101434464654035,0.07243713408178559
3.5107678604912804,0.07150839023382698
3.5113922745171573,0.06942618572422918
3.512016688543034,0.06740814977313986
3.5126411025689093,0.0678476336242487
3.513265516594786,0.06851625094488764
3.513889930620663,0.06822449368887981
3.51451434464654,0.06618708948445176
3.5151387586724168,0.06821579205030022
3.5157631726982936,0.0723445923152699
3.5163875867241705,0.07421318369132165
3.5170120007500456,0.07192203194963334
3.5176364147759225,0.06667581089119123
3.5182608288017994,0.0640072096370278
3.5188852428276762,0.06458248178986162
3.519509656853553,0.06535814984865931
3.52013407087943,0.06766302049346141
3.520758484905307,0.06939541242384281
3.521382898931182,0.07015128912757292
3.522007312957059,0.06886844980473183
3.5226317269829357,0.07016848278930399
3.5232561410088126,0.07308267915995682
3.5238805550346894,0.07374487325682902
3.5245049690605663,0.07466337957086569
3.525129383086443,0.07375438745376682
3.5257537971123183,0.07362370794536605
3.526378211138195,0.07130464022992607
3.527002625164072,0.06521452312591268
3.527627039189949,0.06093939790285886
3.528251453215826,0.060373542557029924
3.5288758672417027,0.06314633235501228
3.5295002812675795,0.06867225024525868
3.5301246952934546,0.07261003005132832
3.5307491093193315,0.07337386879630244
3.5313735233452084,0.07160657317468175
3.5319979373710852,0.07062634228546011
3.532622351396962,0.0684395793405061
3.533246765422839,0.06711223581086864
3.533871179448716,0.06835605698368521
3.534495593474591,0.06859015371556496
3.535120007500468,0.06960542860815418
3.5357444215263447,0.07183146614142939
3.5363688355522216,0.07143370386133192
3.5369932495780985,0.06994739378852474
3.5376176636039753,0.06930616331817528
3.538242077629852,0.06928964304628116
3.5388664916557273,0.0695463700220942
3.539490905681604,0.07260333185562967
3.540115319707481,0.07567450095247118
3.540739733733358,0.07715241470170259
3.541364147759235,0.07495569481451705
3.5419885617851117,0.0756565605313126
3.5426129758109868,0.07769732931791709
3.5432373898368636,0.0769954115606336
3.5438618038627405,0.07421686796148436
3.5444862178886174,0.07326464673971185
3.5451106319144943,0.07323116877148436
3.545735045940371,0.07200805147069528
3.546359459966248,0.0703407927951387
3.546983873992123,0.07006768106732239
3.547608288018,0.07012975841290174
3.548232702043877,0.07159621428286538
3.5488571160697537,0.07387184049599124
3.5494815300956306,0.07457592226455376
3.5501059441215075,0.074435232187507
3.5507303581473844,0.07373658254050955
3.5513547721732595,0.07131580832966192
3.5519791861991363,0.07371119072137901
3.552603600225013,0.0754378987297963
3.55322801425089,0.07355000136084315
3.553852428276767,0.07333603794488902
3.554476842302644,0.0734864693890258
3.5551012563285207,0.07343462816096588
3.555725670354396,0.0734556590399115
3.5563500843802727,0.07224522240037456
3.5569744984061495,0.07062607026475994
3.5575989124320264,0.07165884508476757
3.5582233264579033,0.07190456272182806
3.55884774048378,0.0693511912209035
3.559472154509657,0.06886026606354347
3.560096568535532,0.06838685893987088
3.560720982561409,0.06942236529031905
3.561345396587286,0.07089491839746967
3.5619698106131628,0.07186088258480965
3.5625942246390396,0.07149309029906027
3.5632186386649165,0.07066786250544371
3.5638430526907934,0.07001274980690063
3.5644674667166685,0.06913044773552758
3.5650918807425453,0.07167523983610723
3.5657162947684222,0.07463521247547751
3.566340708794299,0.07352900082266291
3.566965122820176,0.0761615671102589
3.567589536846053,0.07914844585474771
3.5682139508719297,0.08364762755840435
3.568838364897805,0.08561706358481834
3.5694627789236817,0.08192070256257875
3.5700871929495586,0.07978484107723982
3.5707116069754354,0.08104914133582347
3.5713360210013123,0.08181799101231782
3.571960435027189,0.08109826429218205
3.572584849053066,0.08099794309468392
3.573209263078941,0.0818740767019097
3.573833677104818,0.08102528537769513
3.574458091130695,0.07811292005317101
3.5750825051565718,0.07510822062343177
3.5757069191824487,0.07213712743771457
3.5763313332083255,0.07198002463121998
3.5769557472342024,0.0732301845274103
3.5775801612600775,0.07328522883153271
3.5782045752859544,0.07316820687677952
3.5788289893118312,0.07190628328152743
3.579453403337708,0.07183821969223461
3.580077817363585,0.07619223492160578
3.580702231389462,0.07713804138856503
3.5813266454153387,0.073557350773219
3.581951059441214,0.07252396977945082
3.5825754734670907,0.07114677283737522
3.5831998874929676,0.07405426015201845
3.5838243015188445,0.07390594265935507
3.5844487155447213,0.07257485984494869
3.585073129570598,0.0736686019493211
3.585697543596475,0.07413779471401867
3.58632195762235,0.07161223367359706
3.586946371648227,0.06733612719807536
3.587570785674104,0.06507819726090766
3.588195199699981,0.06547669886629355
3.5888196137258577,0.06542029644008769
3.5894440277517345,0.06275828865853941
3.5900684417776114,0.06366015565380131
3.5906928558034865,0.06570762647301008
3.5913172698293634,0.06627232257869045
3.5919416838552403,0.06638360352574012
3.592566097881117,0.06711611173627398
3.593190511906994,0.06747351269268523
3.593814925932871,0.0672346646126237
3.5944393399587478,0.06643806413819067
3.595063753984623,0.06550115600674597
3.5956881680104997,0.06478360812300142
3.5963125820363766,0.06453232747021923
3.5969369960622535,0.06357594778469165
3.5975614100881304,0.06315781116049468
3.5981858241140072,0.06330271446325228
3.5988102381398823,0.0628437139948381
3.599434652165759,0.06243899838691295
3.600059066191636,0.06121972764350102
3.600683480217513,0.06076116520714042
3.60130789424339,0.06234460479167738
3.6019323082692667,0.06341656311785011
3.6025567222951436,0.06323367763150348
3.6031811363210187,0.06451198233615876
3.6038055503468955,0.06334633711003754
3.6044299643727724,0.06422792202909054
3.6050543783986493,0.06467132201862483
3.605678792424526,0.06300297709764965
3.606303206450403,0.06121289925241903
3.60692762047628,0.06280056985023896
3.607552034502155,0.06545474719154815
3.608176448528032,0.06657447358569649
3.6088008625539088,0.0685988772881858
3.6094252765797856,0.06974816308938904
3.6100496906056625,0.06858624097893275
3.6106741046315394,0.06791102450103086
3.6112985186574162,0.07120272794047136
3.6119229326832913,0.07348068427412348
3.612547346709168,0.0776459147896715
3.613171760735045,0.0804750556578491
3.613796174760922,0.07320910044175839
3.614420588786799,0.06341071135147548
3.6150450028126757,0.06591366247373155
3.6156694168385526,0.07102893061470975
3.6162938308644277,0.07490859182491652
3.6169182448903046,0.07410203498969595
3.6175426589161814,0.0663949149365515
3.6181670729420583,0.05236035700532674
3.618791486967935,0.039695478303794884
3.619415900993812,0.033790090390327376
3.620040315019689,0.02905424699054578
3.620664729045564,0.02357929476696971
3.621289143071441,0.021950221335640833
3.6219135570973178,0.024845660266933686
3.6225379711231946,0.027810532331508257
3.6231623851490715,0.02847260811274971
3.6237867991749484,0.029634758929374876
3.6244112132008253,0.033293979311033436
3.6250356272267004,0.03735445025889536
3.6256600412525772,0.0396190298178705
3.626284455278454,0.039950872282275264
3.626908869304331,0.04169842425411358
3.627533283330208,0.04234379789264496
3.6281576973560847,0.04113011312680046
3.6287821113819616,0.04133729365098461
3.6294065254078367,0.04255411027456783
3.6300309394337136,0.04298325479002464
3.6306553534595905,0.04452725007428342
3.6312797674854673,0.04605741740221709
3.631904181511344,0.04429870348085696
3.632528595537221,0.04757445766622842
3.633153009563098,0.04942771099033443
3.633777423588973,0.05011605868617556
3.63440183761485,0.048737490387393674
3.635026251640727,0.0477291110814148
3.6356506656666037,0.04716008489333814
3.6362750796924805,0.04786288296025577
3.6368994937183574,0.05096677363567541
3.6375239077442343,0.05093301981999694
3.6381483217701094,0.05095732695299665
3.6387727357959863,0.053464800339541985
3.639397149821863,0.0550085280149217
3.64002156384774,0.054515245623109845
3.640645977873617,0.054834142027190315
3.6412703918994938,0.05800151799940342
3.6418948059253706,0.06151580291308203
3.6425192199512457,0.06456617460867554
3.6431436339771226,0.06867595818687056
3.6437680480029995,0.07575630076922138
3.6443924620288763,0.07576547017589207
3.645016876054753,0.07078017611717147
3.64564129008063,0.06719612295323496
3.646265704106507,0.06681478471032948
3.646890118132382,0.06477795813802663
3.647514532158259,0.06213302190629757
3.648138946184136,0.06314091547019285
3.6487633602100127,0.06554822580285923
3.6493877742358896,0.06392062536725443
3.6500121882617664,0.06508398523049276
3.6506366022876433,0.06709660448252128
3.6512610163135184,0.06795862267995564
3.6518854303393953,0.07407224741598066
3.652509844365272,0.08474959031786564
3.653134258391149,0.09626526852111338
3.653758672417026,0.09846176705148049
3.6543830864429028,0.09944729356760611
3.655007500468778,0.09731416151355499
3.6556319144946547,0.09357689138525978
3.6562563285205316,0.090935989010675
3.6568807425464085,0.08561461090103091
3.6575051565722854,0.08004540530027912
3.6581295705981622,0.07758122114006198
3.658753984624039,0.07842888766397746
3.659378398649914,0.07826677334809858
3.660002812675791,0.07964229373473748
3.660627226701668,0.08395676461325068
3.661251640727545,0.08474245416204641
3.6618760547534217,0.08429509006243177
3.6625004687792986,0.08205391092011345
3.6631248828051755,0.07853105214992603
3.6637492968310506,0.07518819721451812
3.6643737108569274,0.07161397221302992
3.6649981248828043,0.07081162306894008
3.665622538908681,0.07414304046979674
3.666246952934558,0.07195384938544476
3.666871366960435,0.07185465595847505
3.667495780986312,0.07358828279026576
3.668120195012187,0.07015980081753356
3.6687446090380638,0.07034661717272953
3.6693690230639406,0.07259510004436924
3.6699934370898175,0.07049296644910223
3.6706178511156944,0.06530670436681382
3.6712422651415713,0.06417482434158474
3.671866679167448,0.06492307669538175
3.6724910931933232,0.0624778267673853
3.6731155072192,0.06176170962379993
3.673739921245077,0.0647293897636714
3.674364335270954,0.0671520913986742
3.6749887492968307,0.07133091661978612
3.6756131633227076,0.07457198737590473
3.6762375773485845,0.07237365917512326
3.6768619913744596,0.07016155408919103
3.6774864054003364,0.06884244664342462
3.6781108194262133,0.06862701858948446
3.67873523345209,0.07259340091008433
3.679359647477967,0.07463779243690029
3.679984061503844,0.07493810904714081
3.680608475529721,0.07560700798491421
3.681232889555596,0.08104302326251903
3.681857303581473,0.08070164580882151
3.6824817176073497,0.07714356762837855
3.6831061316332265,0.07510114642882922
3.6837305456591034,0.0746130713933028
3.6843549596849803,0.07399895380261964
3.684979373710857,0.07134433889424717
3.6856037877367323,0.07295260732351153
3.686228201762609,0.07563789170910261
3.686852615788486,0.07308561223925564
3.687477029814363,0.06968963512998606
3.6881014438402397,0.06583819182661857
3.6887258578661166,0.06543181258085726
3.6893502718919935,0.06783455350700904
3.6899746859178686,0.07092930486258042
3.6905990999437455,0.07301747049147564
3.6912235139696223,0.07178737722866126
3.691847927995499,0.07179421923211135
3.692472342021376,0.07472371431052274
3.693096756047253,0.07605052060550724
3.69372117007313,0.07587210800532067
3.694345584099005,0.07557185128215362
3.694969998124882,0.07494324325861126
3.6955944121507587,0.07502156375230822
3.6962188261766356,0.07269041292674254
3.6968432402025124,0.06749937126380003
3.6974676542283893,0.06520333756892113
3.698092068254266,0.06493853828058747
3.6987164822801413,0.06620882387440996
3.699340896306018,0.06682912798764493
3.699965310331895,0.06928619034636933
3.700589724357772,0.07100959179083668
3.7012141383836488,0.07143170654894539
3.7018385524095256,0.0702373795067252
3.7024629664354025,0.06995665918462629
3.7030873804612776,0.06823773106566515
3.7037117944871545,0.06670342188750986
3.7043362085130314,0.06591624370193591
3.7049606225389082,0.06584841736259056
3.705585036564785,0.06457218240292893
3.706209450590662,0.06529700057268997
3.706833864616539,0.0669085867694303
3.707458278642414,0.06802314060484035
3.708082692668291,0.0701624175802433
3.7087071066941677,0.07029476867782791
3.7093315207200446,0.06818901239878741
3.7099559347459214,0.06850553910666121
3.7105803487717983,0.06955343168282725
3.711204762797675,0.06880848119025305
3.7118291768235503,0.06645718805622951
3.712453590849427,0.06438873130259162
3.713078004875304,0.06353377590929635
3.713702418901181,0.06390535477358661
3.714326832927058,0.06781947224294566
3.7149512469529347,0.06949878173077478
3.7155756609788098,0.07107191065374417
3.7162000750046866,0.06977613788225814
3.7168244890305635,0.06893746300579752
3.7174489030564404,0.06961427033819913
3.7180733170823173,0.07041361898733631
3.718697731108194,0.07242660671893004
3.719322145134071,0.0716682448765793
3.719946559159946,0.07044015051952586
3.720570973185823,0.06807835092981476
3.7211953872117,0.06807428879244583
3.7218198012375767,0.06890087163111625
3.7224442152634536,0.06977335168642346
3.7230686292893305,0.06879340670465256
3.7236930433152073,0.06687433900651835
3.7243174573410824,0.06474999552744129
3.7249418713669593,0.06429867647714779
3.725566285392836,0.0629442989725853
3.726190699418713,0.0658507141409017
3.72681511344459,0.06654657361660882
3.727439527470467,0.06638921493851682
3.7280639414963437,0.06737123838028145
3.728688355522219,0.06767390807461571
3.7293127695480957,0.06683198880749822
3.7299371835739725,0.06841099375627194
3.7305615975998494,0.07205337377364321
3.7311860116257263,0.07392965973523373
3.731810425651603,0.07423568253842867
3.73243483967748,0.07164489367764418
3.733059253703355,0.06915243736758969
3.733683667729232,0.0660681745125807
3.734308081755109,0.06513576859538421
3.7349324957809857,0.06672560314155059
3.7355569098068626,0.07052221631229952
3.7361813238327395,0.07199143397787591
3.7368057378586164,0.070846046319374
3.7374301518844915,0.07044748112966795
3.7380545659103683,0.07092340856077153
3.738678979936245,0.07071257079060049
3.739303393962122,0.06965596576761157
3.739927807987999,0.06823565145106361
3.740552222013876,0.07033891921430159
3.7411766360397527,0.06979127253053408
3.741801050065628,0.07029460440232217
3.7424254640915047,0.07057185551251134
3.7430498781173815,0.0698293835474197
3.7436742921432584,0.0674822687093621
3.7442987061691353,0.06549345228733607
3.744923120195012,0.06314574865543751
3.745547534220889,0.06235834952903359
3.746171948246764,0.06121688068354221
3.746796362272641,0.06258973652478379
3.747420776298518,0.06287947577122031
3.7480451903243948,0.0653316294441071
3.7486696043502716,0.06727612928129588
3.7492940183761485,0.06910154949582517
3.7499184324020254,0.06992634004441062
3.7505428464279005,0.06760107677887392
3.7511672604537774,0.0672963040861856
3.7517916744796542,0.07094681198860993
3.752416088505531,0.07027214385951182
3.753040502531408,0.0687003918581529
3.753664916557285,0.0671296867062369
3.7542893305831617,0.0651796105909748
3.754913744609037,0.062289893202338686
3.7555381586349137,0.060890955958413526
3.7561625726607906,0.059989598894719554
3.7567869866866674,0.06290496611011634
3.7574114007125443,0.06669973930048106
3.758035814738421,0.06677260442499497
3.758660228764298,0.06902371772010638
3.759284642790173,0.07082384422099507
3.75990905681605,0.06530447129392125
3.760533470841927,0.062276553515992136
3.761157884867804,0.06564147483151274
3.7617822988936807,0.07030113655835252
3.7624067129195575,0.06988804867717278
3.7630311269454344,0.06945240167584951
3.7636555409713095,0.0718502107233148
3.7642799549971864,0.06899045284840277
3.7649043690230632,0.06961066934354124
3.76552878304894,0.06872960733234636
3.766153197074817,0.07051927493250024
3.766777611100694,0.06894623968049163
3.7674020251265707,0.06883015436565383
3.768026439152446,0.06774320747089042
3.7686508531783227,0.06691774528163766
3.7692752672041996,0.06530059279429207
3.7698996812300765,0.06474634160398125
3.7705240952559533,0.06477830999722815
3.77114850928183,0.06570370698704663
3.7717729233077053,0.06722728220595608
3.772397337333582,0.06670656241263803
3.773021751359459,0.06743200978792288
3.773646165385336,0.06928164904242431
3.774270579411213,0.06845158379296366
3.7748949934370897,0.07078285146388566
3.7755194074629665,0.06954064350537317
3.7761438214888416,0.07158502298517275
3.7767682355147185,0.07183753633816643
3.7773926495405954,0.07533180252958825
3.7780170635664723,0.07392610002147437
3.778641477592349,0.07078329040950776
3.779265891618226,0.06721062568282486
3.779890305644103,0.06603250235536261
3.780514719669978,0.06442534224345349
3.781139133695855,0.06377581702181372
3.7817635477217317,0.06377504698634773
3.7823879617476086,0.06999232986448341
3.7830123757734855,0.07192960844504362
3.7836367897993624,0.07310617214536805
3.7842612038252392,0.07159525166506825
3.7848856178511143,0.07367273397748295
3.785510031876991,0.07475714446093025
3.786134445902868,0.07348665211544642
3.786758859928745,0.07187287777889803
3.787383273954622,0.06785255978727198
3.7880076879804987,0.06693333948688404
3.7886321020063756,0.06340575732891285
3.7892565160322507,0.06281664622208985
3.7898809300581275,0.06126630836100938
3.7905053440840044,0.06089487491779631
3.7911297581098813,0.06161400472260429
3.791754172135758,0.058809654984604796
3.792378586161635,0.05940106311536715
3.793003000187512,0.05860100332179506
3.793627414213387,0.06092504894756793
3.794251828239264,0.06357845037775271
3.7948762422651408,0.06673935593970266
3.7955006562910176,0.06644129344325157
3.7961250703168945,0.06689154861185945
3.7967494843427714,0.0663036627014054
3.7973738983686482,0.06448628951084645
3.7979983123945233,0.06848404043287053
3.7986227264204,0.0699386889190979
3.799247140446277,0.07006336907317533
3.799871554472154,0.07282891882866863
3.800495968498031,0.07478906779958291
3.8011203825239077,0.07446805453002357
3.8017447965497846,0.07408880270684134
3.8023692105756597,0.07575295947469483
3.8029936246015366,0.07627679303187368
3.8036180386274134,0.07233044517710875
3.8042424526532903,0.06968086349931345
3.804866866679167,0.06939312183398774
3.805491280705044,0.06832661244161667
3.806115694730921,0.06419218711685572
3.806740108756796,0.06077600504912327
3.807364522782673,0.056652306833992104
3.8079889368085498,0.05442787787534684
3.8086133508344266,0.05563620492758472
3.8092377648603035,0.05625922459799261
3.8098621788861804,0.056637804536886785
3.8104865929120573,0.06094097078877877
3.8111110069379324,0.07035273919443699
3.8117354209638092,0.0755970767352096
3.812359834989686,0.07653235924946494
3.812984249015563,0.07922849635023226
3.81360866304144,0.07414845089959565
3.8142330770673167,0.07392373495380959
3.8148574910931936,0.07173726480754862
3.8154819051190687,0.07048166150764573
3.8161063191449456,0.07232844954789108
3.8167307331708225,0.06692545722163626
3.8173551471966993,0.05880680913303181
3.817979561222576,0.054494088935189
3.818603975248453,0.05151068024614316
3.81922838927433,0.05270284995560611
3.819852803300205,0.05519422203748009
3.820477217326082,0.055596681972189754
3.821101631351959,0.05684648874342283
3.8217260453778357,0.06157477313607901
3.8223504594037125,0.05577998901864338
3.8229748734295894,0.03510721289604154
3.8235992874554663,0.02420150504169906
3.8242237014813414,0.03224390756069772
3.8248481155072183,0.05684804319303832
3.825472529533095,0.06524387889666045
3.826096943558972,0.07108695531170028
3.826721357584849,0.06670152577446962
3.8273457716107258,0.05917862346248513
3.827970185636601,0.05450557903970292
3.8285945996624777,0.0573213771461365
3.8292190136883546,0.06419259687906445
3.8298434277142315,0.07042599538436776
3.8304678417401083,0.08250422433317454
3.831092255765985,0.08225016880803829
3.831716669791862,0.07849584069531532
3.832341083817737,0.07447753991870328
3.832965497843614,0.07224419435058527
3.833589911869491,0.07100049739254367
3.834214325895368,0.0689357176647967
3.8348387399212447,0.06753925547444842
3.8354631539471216,0.06691186175261958
3.8360875679729984,0.06755801319162631
3.8367119819988735,0.06594596268024103
3.8373363960247504,0.06285274321995431
3.8379608100506273,0.06552512935845581
3.838585224076504,0.06812304203591919
3.839209638102381,0.06859521579602293
3.839834052128258,0.06852025358946953
3.8404584661541348,0.06667726769921475
3.84108288018001,0.06609237416514152
3.8417072942058867,0.06932450134321684
3.8423317082317636,0.07043267665093568
3.8429561222576405,0.07094630001601031
3.8435805362835174,0.07019882292925075
3.8442049503093942,0.07040957773248495
3.844829364335271,0.06761244665155577
3.845453778361146,0.06515825054292466
3.846078192387023,0.06641377648378108
3.8467026064129,0.06836450173891703
3.847327020438777,0.06588464273943874
3.8479514344646537,0.06659587786217115
3.8485758484905306,0.06558250738020535
3.8492002625164075,0.06737254326799302
3.8498246765422826,0.06772437803883029
3.8504490905681594,0.06747608375289052
3.8510735045940363,0.06608076093914564
3.851697918619913,0.0665640730909324
3.85232233264579,0.0658260649797884
3.852946746671667,0.06373488631780988
3.853571160697544,0.06467861534282662
3.854195574723419,0.0636134832064876
3.8548199887492958,0.06320806778937797
3.8554444027751726,0.06679175421344176
3.8560688168010495,0.06658814007062851
3.8566932308269264,0.06488928276656741
3.8573176448528033,0.06252122929239942
3.85794205887868,0.0638607662492358
3.8585664729045552,0.06406799822481636
3.859190886930432,0.061010164744504644
3.859815300956309,0.06393471700919787
3.860439714982186,0.06361550213784023
3.8610641290080627,0.06342933019385086
3.8616885430339396,0.059844456961361814
3.8623129570598165,0.0632813595957157
3.8629373710856916,0.06798912359989712
3.8635617851115684,0.06652064298304486
3.8641861991374453,0.06755068522008587
3.864810613163322,0.06753332875596602
3.865435027189199,0.06725284711175333
3.866059441215076,0.06624914971186151
3.866683855240953,0.06485075163294904
3.867308269266828,0.06547103910385488
3.867932683292705,0.06593623023476215
3.8685570973185817,0.0661522515116666
3.8691815113444585,0.06513531507325915
3.8698059253703354,0.06652506943116557
3.8704303393962123,0.0658029981881367
3.871054753422089,0.06529775199637053
3.8716791674479643,0.061963387030163054
3.872303581473841,0.06687324989065016
3.872927995499718,0.06442301102236685
3.873552409525595,0.06329172183154522
3.8741768235514717,0.06352517712730202
3.8748012375773486,0.06565592314184762
3.8754256516032255,0.06619819005168517
3.8760500656291006,0.06720451174692646
3.8766744796549775,0.06820734615417144
3.8772988936808543,0.06980408162537158
3.877923307706731,0.06829428690137293
3.878547721732608,0.0665062369307735
3.879172135758485,0.06829035096184095
3.879796549784362,0.06904886350276604
3.880420963810237,0.07243854619749611
3.881045377836114,0.07194361925238588
3.8816697918619907,0.07150315850758363
3.8822942058878676,0.07398515841050966
3.8829186199137444,0.07165485384429855
3.8835430339396213,0.06881454854822734
3.884167447965498,0.0677714448402241
3.8847918619913733,0.07027624541650614
3.88541627601725,0.07099034323277084
3.886040690043127,0.06978175915220608
3.886665104069004,0.0670736938066788
3.8872895180948808,0.06734258572072441
3.8879139321207576,0.06875968178231431
3.8885383461466327,0.06958773628036018
3.8891627601725096,0.06656104592032554
3.8897871741983865,0.067241892389351
3.8904115882242634,0.06668039548223996
3.8910360022501402,0.06807277498416406
3.891660416276017,0.06676857086204024
3.892284830301894,0.06545542687306773
3.892909244327769,0.06293964262319683
3.893533658353646,0.06233749856696722
3.894158072379523,0.06339853337456068
3.8947824864053997,0.06391465139614931
3.8954069004312766,0.06630693982891048
3.8960313144571534,0.0688473598966042
3.8966557284830303,0.07038954357274807
3.8972801425089054,0.06628074011335204
3.8979045565347823,0.06310622725691706
3.898528970560659,0.060094491919604774
3.899153384586536,0.06374523062350204
3.899777798612413,0.06809837517757096
3.90040221263829,0.06655699923025038
3.9010266266641667,0.06696864153661568
3.9016510406900418,0.06770609095547535
3.9022754547159186,0.06702105029677476
3.9028998687417955,0.06376171287582749
3.9035242827676724,0.06491673919082984
3.9041486967935493,0.06553842266532442
3.904773110819426,0.0670617778018341
3.905397524845303,0.0663457305948135
3.906021938871178,0.06828739630751392
3.906646352897055,0.05874874503867018
3.907270766922932,0.046554050803008326
3.9078951809488087,0.04615769478008678
3.9085195949746856,0.04884646478008483
3.9091440090005625,0.05124829721221833
3.9097684230264393,0.04923070750119707
3.9103928370523144,0.04628591417358369
3.9110172510781913,0.04360053705893581
3.911641665104068,0.047068455327895053
3.912266079129945,0.04775011690605978
3.912890493155822,0.051948072764613815
3.913514907181699,0.056602712434502336
3.9141393212075757,0.061194205750189565
3.914763735233451,0.06535615273291309
3.9153881492593277,0.06737998660306853
3.9160125632852045,0.07494074791907153
3.9166369773110814,0.0834297859338691
3.9172613913369583,0.08131890712377311
3.917885805362835,0.07751747255867134
3.918510219388712,0.07355652674897949
3.919134633414587,0.07178100745075874
3.919759047440464,0.06981353607879014
3.920383461466341,0.06985519813130747
3.9210078754922177,0.06968549567112174
3.9216322895180946,0.06896634632517637
3.9222567035439715,0.0690200435998205
3.9228811175698484,0.06887009205889702
3.9235055315957235,0.07088683540740062
3.9241299456216003,0.06948481117529431
3.924754359647477,0.06880028168939535
3.925378773673354,0.06809586675245263
3.926003187699231,0.06696805014911177
3.926627601725108,0.06706209925207036
3.9272520157509847,0.06776378128949892
3.92787642977686,0.0690512608037285
3.9285008438027367,0.06858202627362114
3.9291252578286135,0.06687419884899991
3.9297496718544904,0.06749279290940416
3.9303740858803673,0.06768060479697219
3.930998499906244,0.0688028769156857
3.931622913932121,0.06792663908707346
3.932247327957996,0.06801865280966835
3.932871741983873,0.06537669405125607
3.93349615600975,0.06408078640562173
3.9341205700356268,0.06423538225754186
3.9347449840615036,0.06528907245686835
3.9353693980873805,0.06756711709212698
3.9359938121132574,0.0663054488985391
3.9366182261391325,0.06579857520343879
3.9372426401650094,0.06597971087830087
3.9378670541908862,0.06575762046457659
3.938491468216763,0.06329797643730298
3.93911588224264,0.06431909814171394
3.939740296268517,0.06452427099555168
3.9403647102943937,0.06479742842160494
3.940989124320269,0.06418415780724092
3.9416135383461457,0.055277448189998815
3.9422379523720226,0.06676621832634064
3.9428623663978994,0.0668093629695604
3.9434867804237763,0.06732305201640336
3.944111194449653,0.06721871933569196
3.9447356084755283,0.0661104865635325
3.945360022501405,0.06583170663816022
3.945984436527282,0.06555228778144827
3.946608850553159,0.06736387829276883
3.947233264579036,0.06689643609126554
3.9478576786049127,0.06694758796666246
3.9484820926307895,0.06451639252277702
3.9491065066566646,0.06508061060664248
3.9497309206825415,0.06596406505386564
3.9503553347084184,0.06825654213096305
3.9509797487342952,0.0660483517146227
3.951604162760172,0.06519490788691472
3.952228576786049,0.06659417391897514
3.952852990811926,0.05993434586462084
3.953477404837801,0.05647898793994786
3.954101818863678,0.06250582148033225
3.9547262328895547,0.06649893625673739
3.9553506469154316,0.06684053849054597
3.9559750609413085,0.06746153473028127
3.9565994749671853,0.0675185009310195
3.957223888993062,0.06539206535600009
3.9578483030189373,0.06504788668880211
3.958472717044814,0.06541816720646054
3.959097131070691,0.0650799144565887
3.959721545096568,0.06492134339110557
3.960345959122445,0.0659658148085798
3.9609703731483217,0.06612631427393396
3.9615947871741986,0.0656503691561318
3.9622192012000736,0.06643175564139228
3.9628436152259505,0.0658642711651045
3.9634680292518274,0.06776596775417772
3.9640924432777043,0.06638260386036293
3.964716857303581,0.06498592515788475
3.965341271329458,0.06230499048114054
3.965965685355335,0.06316978220897287
3.96659009938121,0.06129544603667442
3.967214513407087,0.06596024907148755
3.9678389274329637,0.06814556418793861
3.9684633414588406,0.0658415119364413
3.9690877554847175,0.06288217599988338
3.9697121695105944,0.06316372791653027
3.9703365835364712,0.06308252434986011
3.9709609975623463,0.06211707703655891
3.971585411588223,0.05867494224175092
3.9722098256141,0.06052706900590181
3.972834239639977,0.05942181266458211
3.973458653665854,0.06231695478266921
3.9740830676917307,0.055932569512980854
3.9747074817176076,0.06061833092209519
3.9753318957434827,0.06965250217067151
3.9759563097693595,0.06864500325200813
3.9765807237952364,0.06927852335099122
3.9772051378211133,0.07051620313498276
3.97782955184699,0.07140127519407964
3.978453965872867,0.07110195669728663
3.979078379898744,0.06891545767686316
3.979702793924619,0.06856560300292196
3.980327207950496,0.06749827657027493
3.9809516219763728,0.06661716485198801
3.9815760360022496,0.06554689715739248
3.9822004500281265,0.06423514031794389
3.9828248640540034,0.0646618471868219
3.9834492780798803,0.06436782094369559
3.9840736921057553,0.06473241562707305
3.9846981061316322,0.06259344230475164
3.985322520157509,0.06591579150544155
3.985946934183386,0.06489544172419111
3.986571348209263,0.06396584869195537
3.9871957622351397,0.06492714581082404
3.9878201762610166,0.06503112730944416
3.9884445902868917,0.06356353315243875
3.9890690043127686,0.06289343441154016
3.9896934183386454,0.0633955451887025
3.9903178323645223,0.06307595247372218
3.990942246390399,0.06534991780036022
3.991566660416276,0.06558001687683637
3.992191074442153,0.06505390998318707
3.992815488468028,0.06612680139711638
3.993439902493905,0.06583677852637194
3.9940643165197818,0.06331772374047294
3.9946887305456587,0.06149557132628454
3.9953131445715355,0.06153479453571198
3.9959375585974124,0.06351885149389858
3.9965619726232893,0.06159114042114903
3.9971863866491644,0.0506267397252109
3.9978108006750412,0.057048485916739486
3.998435214700918,0.054229579615339675
3.999059628726795,0.04768179428595977
3.999684042752672,0.050796189051132964
4.000308456778549,0.05352318769129664
4.000932870804424,0.0593613548848874
4.001557284830301,0.06462322572817236
4.002181698856178,0.07410900446241125
4.0028061128820545,0.07836971206085919
4.003430526907931,0.07267371391935917
4.004054940933808,0.06999502291185895
4.004679354959685,0.06957748450824905
4.00530376898556,0.06760343385375424
4.005928183011437,0.06872145279981857
4.006552597037314,0.06711994381212683
4.007177011063191,0.06522473391789022
4.007801425089068,0.06549829462126734
4.0084258391149445,0.06648797169397355
4.009050253140821,0.06678313803297806
4.0096746671666965,0.06620956075458245
4.010299081192573,0.06601437554433891
4.01092349521845,0.06416465150496715
4.011547909244327,0.06534996568364212
4.012172323270204,0.06677170335770846
4.012796737296081,0.06502226726020834
4.013421151321958,0.06673851818693904
4.014045565347833,0.06526297189614881
4.01466997937371,0.06718851792115657
4.015294393399587,0.06761910572998113
4.0159188074254635,0.06534809512675435
4.01654322145134,0.0671411235725907
4.017167635477217,0.06144734426138039
4.017792049503094,0.0598080558283897
4.018416463528969,0.06228752236488254
4.019040877554846,0.06416789363645205
4.019665291580723,0.06440670292618692
4.0202897056066,0.05786494340429417
4.020914119632477,0.05892322949720423
4.021538533658354,0.06923075071265809
4.02216294768423,0.06908901728641327
4.0227873617101055,0.06665634363801425
4.023411775735982,0.06557368068222777
4.024036189761859,0.0646001405640328
4.024660603787736,0.06576840002467975
4.025285017813613,0.06497672400893449
4.02590943183949,0.06451359119499592
4.026533845865367,0.06519801138097651
4.027158259891242,0.06469284949455831
4.027782673917119,0.0644805913797192
4.028407087942996,0.06475128928388749
4.0290315019688725,0.06366601388802903
4.029655915994749,0.06496191339743196
4.030280330020626,0.0650831734131856
4.030904744046503,0.06589766457593048
4.031529158072378,0.06471746851000541
4.032153572098255,0.06455201243688406
4.032777986124132,0.06510234291026118
4.033402400150009,0.06381972809286066
4.034026814175886,0.06482412241568018
4.034651228201763,0.06397870925742821
4.0352756422276395,0.06476774458189982
4.035900056253515,0.06355479516787652
4.036524470279391,0.06254726460784703
4.037148884305268,0.06464811071735962
4.037773298331145,0.06559311721439079
4.038397712357022,0.06451349598004129
4.039022126382899,0.06490759304879493
4.039646540408776,0.065146894479007
4.040270954434651,0.06366568439314127
4.040895368460528,0.06490364648823141
4.041519782486405,0.06470922480700994
4.0421441965122815,0.06323606364836955
4.042768610538158,0.0628566421721197
4.043393024564035,0.06318467141240637
4.044017438589912,0.0642612513591141
4.044641852615787,0.0654580483027601
4.045266266641664,0.06427410031337939
4.045890680667541,0.0661086935351605
4.046515094693418,0.06367643702850895
4.047139508719295,0.0630970471047155
4.047763922745172,0.06407857228080953
4.0483883367710485,0.06340867502010814
4.049012750796924,0.06278930324772278
4.0496371648228005,0.061698989332399645
4.050261578848677,0.064492604938939
4.050885992874554,0.06457505935202734
4.051510406900431,0.06475383837877044
4.052134820926308,0.06440899625404435
4.052759234952185,0.06462201868406245
4.05338364897806,0.06427568776445952
4.054008063003937,0.0639278131449704
4.054632477029814,0.06342925714941487
4.0552568910556905,0.064041066374136
4.055881305081567,0.06184059451434391
4.056505719107444,0.0621225909464321
4.057130133133321,0.06356099984712313
4.057754547159196,0.06416449507915878
4.058378961185073,0.06550315642967337
4.05900337521095,0.06660520790905908
4.059627789236827,0.06541345445703986
4.060252203262704,0.06399419813498965
4.060876617288581,0.0639212588410519
4.061501031314456,0.06389291643936552
4.062125445340333,0.06383274333792074
4.0627498593662095,0.06358213368444524
4.063374273392086,0.06404440069059378
4.063998687417963,0.06414180506918105
4.06462310144384,0.06286818130031271
4.065247515469717,0.06303460561077776
4.065871929495592,0.065692944424934
4.066496343521469,0.06626272994692109
4.067120757547346,0.06335870433696865
4.067745171573223,0.062408953831763
4.0683695855991,0.06416640662076249
4.068993999624976,0.06408814613361802
4.069618413650853,0.06329062519126998
4.070242827676728,0.06302789097384573
4.070867241702605,0.06480675522011227
4.071491655728482,0.059260433005196164
4.072116069754359,0.06405922798724495
4.072740483780236,0.06563786035578967
4.073364897806113,0.06116823565033434
4.07398931183199,0.058267807282084916
4.074613725857865,0.06480183320591498
4.075238139883742,0.052137703246963964
4.0758625539096185,0.05682890975286008
4.076486967935495,0.07269120045204873
4.077111381961372,0.06851755400135377
4.077735795987249,0.06666494785571961
4.078360210013126,0.0651879603422347
4.078984624039001,0.06460913158409744
4.079609038064878,0.06523130549719122
4.080233452090755,0.06432736885713006
4.080857866116632,0.06415819406409798
4.081482280142509,0.06388288642047403
4.0821066941683855,0.0632953854468081
4.082731108194262,0.06428572651373177
4.083355522220137,0.06461916162539008
4.083979936246014,0.0636088361875177
4.084604350271891,0.06310309071365602
4.085228764297768,0.06407610515674683
4.085853178323645,0.06317449583301239
4.086477592349522,0.06352913678099956
4.087102006375399,0.06340090097013887
4.087726420401274,0.06370741458685668
4.088350834427151,0.06483869745377083
4.0889752484530275,0.06363006399028563
4.089599662478904,0.06239863881197878
4.090224076504781,0.06324677575777679
4.090848490530658,0.06429218766151192
4.091472904556535,0.06399944840619085
4.09209731858241,0.06331816323908221
4.092721732608287,0.06269125269543004
4.093346146634164,0.06329501643246707
4.093970560660041,0.06327036799429321
4.094594974685918,0.062868146571016
4.0952193887117945,0.06299289574634509
4.095843802737671,0.06326876965601338
4.096468216763546,0.06401407129875052
4.097092630789423,0.06527837144715248
4.0977170448153,0.062408016341146934
4.098341458841177,0.06348723134483011
4.098965872867054,0.06440365301254694
4.099590286892931,0.06329335468271863
4.100214700918808,0.06349634687073562
4.100839114944683,0.06466228864681603
4.10146352897056,0.06251262108949532
4.1020879429964365,0.06348767429077892
4.102712357022313,0.0625488455280594
4.10333677104819,0.06363299550091699
4.103961185074067,0.06348201241314758
4.104585599099944,0.06360253018958772
4.105210013125819,0.06400429259357113
4.105834427151696,0.06285607127571123
4.106458841177573,0.06290801682421378
4.10708325520345,0.06304156100095251
4.107707669229327,0.0629726087967339
4.1083320832552035,0.05970816322322629
4.10895649728108,0.05235604878153862
4.1095809113069555,0.05726579956321574
4.110205325332832,0.0684867170449082
4.110829739358709,0.06876655133859236
4.111454153384586,0.06620910692665191
4.112078567410463,0.06476933162920978
4.11270298143634,0.06386301458838642
4.113327395462217,0.06318914839519903
4.113951809488092,0.06362685721022378
4.114576223513969,0.06465576136497951
4.1152006375398456,0.0633597578956848
4.115825051565722,0.06287461625282934
4.116449465591599,0.06440046570901731
4.117073879617476,0.06369509219336156
4.117698293643351,0.06337749737663907
4.118322707669228,0.06287131351966554
4.118947121695105,0.06338246001557381
4.119571535720982,0.06370805268243797
4.120195949746859,0.06333483683101522
4.120820363772736,0.0625535839468455
4.1214447777986125,0.0641480803334564
4.122069191824488,0.06349634148150489
4.1226936058503645,0.06323797509552062
4.123318019876241,0.06399577412474601
4.123942433902118,0.06322217757463797
4.124566847927995,0.06234321189490609
4.125191261953872,0.06388339392231175
4.125815675979749,0.06211002280514146
4.126440090005624,0.06333636616823898
4.127064504031501,0.06356289074439306
4.127688918057378,0.06382189766867631
4.128313332083255,0.06390214624919754
4.1289377461091314,0.06293573450568506
4.129562160135008,0.06329692704161563
4.130186574160885,0.06272853391452662
4.13081098818676,0.06388165702169042
4.131435402212637,0.06377085683532899
4.132059816238514,0.06322481504702751
4.132684230264391,0.06364730740308014
4.133308644290268,0.06468492438276359
4.133933058316145,0.06441374370069533
4.1345574723420215,0.06417740213149262
4.135181886367897,0.060800653109050716
4.1358063003937735,0.06108796016374087
4.13643071441965,0.06269758010877263
4.137055128445527,0.06292532358056996
4.137679542471404,0.06322205867487725
4.138303956497281,0.06297293530253628
4.138928370523158,0.06297106989944473
4.139552784549033,0.06343184821784249
4.14017719857491,0.06394154290716905
4.140801612600787,0.06314208415690772
4.141426026626664,0.06330173961469157
4.1420504406525405,0.061884472565443514
4.142674854678417,0.061595490646322124
4.143299268704294,0.05785910003847331
4.143923682730169,0.055597909184694594
4.144548096756046,0.06729514712038122
4.145172510781923,0.0671229705104126
4.1457969248078,0.06421356989875887
4.146421338833677,0.0640660932101326
4.147045752859554,0.06400519554320659
4.1476701668854306,0.06344868814813902
4.148294580911306,0.06316960156906401
4.1489189949371825,0.06290520424541464
4.149543408963059,0.06257956893626102
4.150167822988936,0.06271111319551138
4.150792237014813,0.06434395017145772
4.15141665104069,0.0641289960884332
4.152041065066567,0.06288390825272414
4.152665479092442,0.06299160927867406
4.153289893118319,0.0633868450295374
4.153914307144196,0.0626917885244063
4.154538721170073,0.06245095979259628
4.1551631351959495,0.06273018601073885
4.155787549221826,0.06331152120425323
4.156411963247703,0.06273073577625796
4.157036377273578,0.06294059051909848
4.157660791299455,0.06316451602469055
4.158285205325332,0.06255740303836453
4.158909619351209,0.06302381418203504
4.159534033377086,0.06242078245919304
4.160158447402963,0.06300597192970206
4.16078286142884,0.06227808654489103
4.161407275454715,0.06254868294880792
4.1620316894805915,0.06328205078682496
4.162656103506468,0.06275354224700855
4.163280517532345,0.06239623854230286
4.163904931558222,0.06323990406319971
4.164529345584099,0.06298161855201793
4.165153759609976,0.06307651015781393
4.165778173635851,0.062277594758866905
4.166402587661728,0.06210983943984708
4.167027001687605,0.06360258479313895
4.167651415713482,0.06283338506751669
4.1682758297393585,0.06145358417971852
4.168900243765235,0.06404059327043665
4.169524657791112,0.06287719171298858
4.170149071816987,0.06240535221616408
4.170773485842864,0.06263714083457002
4.171397899868741,0.0629945785849741
4.172022313894618,0.06219835406647197
4.172646727920495,0.062157143555779185
4.173271141946372,0.06150494151083195
4.173895555972247,0.062345713457948246
4.174519969998124,0.06349271630909138
4.175144384024001,0.06302712612614311
4.175768798049877,0.0628644739942614
4.176393212075754,0.062117630095726004
4.177017626101631,0.06271697254197692
4.177642040127508,0.06281554169989641
4.178266454153383,0.062054326694986596
4.17889086817926,0.06191732328341981
4.179515282205137,0.062405878956437365
4.180139696231014,0.061140502570894775
4.180764110256891,0.06145889611871748
4.1813885242827675,0.06217444525874842
4.182012938308644,0.06462496731335864
4.1826373523345195,0.06311262069560257
4.183261766360396,0.06325388747613063
4.183886180386273,0.06276407234730272
4.18451059441215,0.06224292770390064
4.185135008438027,0.06246119826291322
4.185759422463904,0.06216276984535211
4.186383836489781,0.06124557270017048
4.187008250515656,0.06464025225603395
4.187632664541533,0.06284212930502206
4.18825707856741,0.06269791180024446
4.1888814925932865,0.06178735059147407
4.189505906619163,0.062137746322688134
4.19013032064504,0.0626565368578694
4.190754734670917,0.0627926613379777
4.191379148696792,0.06180599837525429
4.192003562722669,0.062168102816835116
4.192627976748546,0.062122003690527915
4.193252390774423,0.06230049750277006
4.1938768048003,0.06281674356019415
4.1945012188261765,0.06264837835601049
4.195125632852053,0.05947247077517628
4.1957500468779285,0.06030866655669106
4.196374460903805,0.06586465054962637
4.196998874929682,0.06349062939827396
4.197623288955559,0.06271438180299466
4.198247702981436,0.06225360943375281
4.198872117007313,0.06131124411230634
4.19949653103319,0.049060517605486936
4.200120945059065,0.058017645670900155
4.200745359084942,0.06910305583642351
4.201369773110819,0.0642770155632326
4.2019941871366955,0.06296318173334048
4.202618601162572,0.06296423570508053
4.203243015188449,0.06257436552333237
4.203867429214326,0.06274769055914219
4.204491843240201,0.06250592227363137
4.205116257266078,0.06232231830617222
4.205740671291955,0.0625790460667874
4.206365085317832,0.06234285058065542
4.206989499343709,0.06220651788345569
4.207613913369586,0.06254592782361616
4.208238327395462,0.06279179615186559
4.2088627414213375,0.062032124170190994
4.209487155447214,0.06202598575112874
4.210111569473091,0.06205134691422435
4.210735983498968,0.06230223866484387
4.211360397524845,0.06208488628690491
4.211984811550722,0.06251061059096999
4.212609225576599,0.06230319437677444
4.213233639602474,0.06212771836695776
4.213858053628351,0.061593399110945427
4.214482467654228,0.062247399562867
4.2151068816801045,0.0626291503551116
4.215731295705981,0.061867770799219825
4.216355709731858,0.06226812494946989
4.216980123757735,0.06176093626358685
4.21760453778361,0.06207504212036509
4.218228951809487,0.06224058346225917
4.218853365835364,0.06183969439892569
4.219477779861241,0.06253547148696345
4.220102193887118,0.062373932146720976
4.220726607912995,0.060107898672764434
4.2213510219388715,0.05800994901401398
4.221975435964747,0.06538463051154969
4.222599849990623,0.06239110404866345
4.2232242640165,0.061976216824068585
4.223848678042377,0.06201845317363204
4.224473092068254,0.06237130129687153
4.225097506094131,0.061717916080633275
4.225721920120008,0.06197028993741317
4.226346334145883,0.061671795171006696
4.22697074817176,0.06164814322850093
4.227595162197637,0.06130244550402251
4.2282195762235135,0.0609977080826973
4.22884399024939,0.060830420705459576
4.229468404275267,0.05989680388002886
4.230092818301142,0.06157437688873797
4.230717232327019,0.06143619670749571
4.231341646352896,0.06153774943265402
4.231966060378773,0.06144071196099722
4.23259047440465,0.06106674477512127
4.233214888430527,0.06198601922885777
4.233839302456404,0.06063938056859321
4.234463716482279,0.04550457926339617
4.235088130508156,0.0050118863660324415
4.2357125445340325,0.00013637472261149194
4.236336958559909,2.8359209459426746e-05
4.236961372585786,1.021763967966527e-05
4.237585786611663,4.7651139639609575e-06
4.23821020063754,2.5683800538222613e-06
4.238834614663415,0.000553192498087656
4.239459028689292,0.00039850102955450603
4.240083442715169,2.4227585432164504e-06
4.240707856741046,8.452345595094304e-07
4.2413322707669225,4.951656737628527e-07
4.241956684792799,3.400853020472389e-07
4.242581098818676,2.5104853840408496e-07
4.243205512844551,1.9333073939403896e-07
4.243829926870428,1.5324621320299753e-07
4.244454340896305,1.2411064411450331e-07
4.245078754922182,1.022128462302461e-07
4.245703168948059,8.531744461811609e-08
4.246327582973936,7.200137984118843e-08
4.246951996999813,6.132146511091999e-08
4.247576411025688,5.263233366285731e-08
4.248200825051565,4.5480554282540445e-08
4.2488252390774415,3.953953922884684e-08
4.249449653103318,3.456849060409253e-08
4.250074067129195,3.038553957985958e-08
4.250698481155072,2.684992970642706e-08
4.251322895180949,2.3850199128910744e-08
4.251947309206824,2.1296042631287234e-08
4.252571723232701,1.9113085903740434e-08
4.253196137258578,1.723911457158016e-08
4.253820551284455,1.562170935733188e-08
4.254444965310332,1.4216737814155962e-08
4.255069379336208,1.2987117935576683e-08
4.255693793362085,1.1902090648419646e-08
4.25631820738796,1.0936505628545724e-08
4.256942621413837,1.0070236479277223e-08
4.257567035439714,9.287534187216174e-09
4.258191449465591,8.576452958394627e-09
4.258815863491468,7.92805937772196e-09
4.259440277517345,7.3358555743441535e-09
4.260064691543222,6.795078719177509e-09
4.260689105569097,6.302093579444084e-09
4.261313519594974,5.853898785433397e-09
4.2619379336208505,5.4476286837521984e-09
4.262562347646727,5.080366878645841e-09
4.263186761672604,4.7489198535449645e-09
4.263811175698481,4.44976738249096e-09
4.264435589724358,4.179244123798703e-09
4.265060003750233,3.933549333228747e-09
4.26568441777611,3.7089833918551293e-09
4.266308831801987,3.5021355324544767e-09
4.266933245827864,3.3100972671306436e-09
4.267557659853741,3.1304590377557964e-09
4.2681820738796175,2.9615588802487715e-09
4.268806487905494,2.8022549504887784e-09
4.269430901931369,2.65192586282359e-09
4.270055315957246,2.5104467403944408e-09
4.270679729983123,2.3777960654845135e-09
4.271304144009,2.254079714266333e-09
4.271928558034877,2.139329655841919e-09
4.272552972060754,2.0333826873249604e-09
4.273177386086631,1.9357733199435322e-09
4.273801800112506,1.8458259289938248e-09
4.274426214138383,1.7626969278348307e-09
4.2750506281642595,1.6853031869639505e-09
4.275675042190136,1.6126830997270236e-09
4.276299456216013,1.5439521665233617e-09
4.27692387024189,1.4783376193680076e-09
4.277548284267767,1.4154271925374247e-09
4.278172698293642,1.3549874585022844e-09
4.278797112319519,1.2970520971462588e-09
4.279421526345396,1.241778729871577e-09
4.280045940371273,1.189401658483177e-09
4.28067035439715,1.1401503566143952e-09
4.2812947684230265,1.0941508797566234e-09
4.281919182448903,1.051343673622368e-09
4.2825435964747784,1.0115172211700812e-09
4.283168010500655,9.74344534014786e-10
4.283792424526532,9.39320045821897e-10
4.284416838552409,9.059887842210412e-10
4.285041252578286,8.739726714820327e-10
4.285665666604163,8.429438758677845e-10
4.28629008063004,8.127581779154384e-10
4.286914494655915,7.834133809718215e-10
4.287538908681792,7.550631280238443e-10
4.2881633227076685,7.27949960080616e-10
4.288787736733545,7.02233576439988e-10
4.289412150759422,6.780815456994666e-10
4.290036564785299,6.554883413430452e-10
4.290660978811174,6.344039046684655e-10
4.291285392837051,6.145982531261692e-10
4.291909806862928,5.957824112657201e-10
4.292534220888805,5.776599377515967e-10
4.293158634914682,5.599776655114512e-10
4.293783048940559,5.426127964630265e-10
4.2944074629664355,5.255453820787388e-10
4.295031876992311,5.088695819219456e-10
4.2956562910181875,4.927457150097155e-10
4.296280705044064,4.773764232831041e-10
4.296905119069941,4.628953251759813e-10
4.297529533095818,4.493480243680452e-10
4.298153947121695,4.366832378090809e-10
4.298778361147572,4.247687719486607e-10
4.299402775173447,4.1337269919189177e-10
4.300027189199324,4.0225836017985166e-10
4.300651603225201,3.9129135128179367e-10
4.3012760172510776,3.8041178362840873e-10
4.301900431276954,3.696260198333439e-10
4.302524845302831,3.590554713442727e-10
4.303149259328708,3.489086363669369e-10
4.303773673354583,3.392814683852674e-10
4.30439808738046,3.302833083820188e-10
4.305022501406337,3.218951463565104e-10
4.305646915432214,3.140004714774877e-10
4.306271329458091,3.064643669554008e-10
4.306895743483968,2.990734715897809e-10
4.3075201575098445,2.917074261462484e-10
4.30814457153572,2.843199730299491e-10
4.3087689855615965,2.7693326419444785e-10
4.309393399587473,2.696887986839022e-10
4.31001781361335,2.627332385829888e-10
4.310642227639227,2.562018193238866e-10
4.311266641665104,2.501274514681051e-10
4.311891055690981,2.444842358239577e-10
4.312515469716856,2.3912743496170524e-10
4.313139883742733,2.339238726486339e-10
4.31376429776861,2.2870094305954962e-10
4.314388711794487,2.234209274380646e-10
4.3150131258203634,2.1810744570077708e-10
4.31563753984624,2.1281552476602242e-10
4.316261953872117,2.076922415198862e-10
4.316886367897992,2.0289597438150786e-10
4.317510781923869,1.9847736616965757e-10
4.318135195949746,1.9438842122345372e-10
4.318759609975623,1.9050108089311776e-10
4.3193840240015,1.8668651902293616e-10
4.320008438027377,1.8283162935555075e-10
4.3206328520532535,1.7887747457271916e-10
4.321257266079129,1.7484537889633736e-10
4.3218816801050055,1.7090145780703252e-10
4.322506094130882,1.6711770388498018e-10
4.323130508156759,1.635926491166955e-10
4.323754922182636,1.603672646363296e-10
4.324379336208513,1.573606648524782e-10
4.32500375023439,1.5447060401969837e-10
4.325628164260265,1.515576677635961e-10
4.326252578286142,1.4855989103510495e-10
4.326876992312019,1.4546466008139334e-10
4.327501406337896,1.4235454855104652e-10
4.3281258203637725,1.3936126414101638e-10
4.328750234389649,1.3656851476086023e-10
4.329374648415526,1.3402783939770857e-10
4.329999062441401,1.3169093864433882e-10
4.330623476467278,1.294611712854877e-10
4.331247890493155,1.2719254334594547e-10
4.331872304519032,1.2483318745139094e-10
4.332496718544909,1.2235016232174715e-10
4.333121132570786,1.198752496852061e-10
4.333745546596663,1.1748696751485028e-10
4.334369960622538,1.1528795204999947e-10
4.3349943746484145,1.1329573302426397e-10
4.335618788674291,1.1148401343921475e-10
4.336243202700168,1.0971325669236347e-10
4.336867616726045,1.0790360789497701e-10
4.337492030751922,1.059475295642665e-10
4.338116444777799,1.0391705433668314e-10
4.338740858803674,1.01914708890479e-10
4.339365272829551,1.0002159030644658e-10
4.339989686855428,9.83353627256974e-11
4.340614100881305,9.680852059716546e-11
4.3412385149071815,9.537316187065234e-11
4.341862928933058,9.391255618995703e-11
4.342487342958935,9.23413293093574e-11
4.34311175698481,9.070711360965617e-11
4.343736171010687,8.902137979606096e-11
4.344360585036564,8.741244724649197e-11
4.344984999062441,8.598912101595158e-11
4.345609413088318,8.472940981268274e-11
4.346233827114195,8.353166186218298e-11
4.34685824114007,8.234270586233364e-11
4.347482655165947,8.105952040297798e-11
4.3481070691918235,7.965251321149876e-11
4.3487314832177,7.82279497829087e-11
4.349355897243577,7.688916973162627e-11
4.349980311269454,7.56930816805925e-11
4.350604725295331,7.466798308202106e-11
4.351229139321206,7.369264209316665e-11
4.351853553347083,7.268865509170914e-11
4.35247796737296,7.157491297077691e-11
4.353102381398837,7.036393127693559e-11
4.353726795424714,6.915520152272917e-11
4.3543512094505905,6.803553295950804e-11
4.354975623476467,6.705882655639366e-11
4.3556000375023425,6.622755399834407e-11
4.356224451528219,6.540660617205622e-11
4.356848865554096,6.452922112034249e-11
4.357473279579973,6.352822969256289e-11
4.35809769360585,6.246683229326397e-11
4.358722107631727,6.14601725680128e-11
4.359346521657604,6.057267201067755e-11
4.359970935683479,5.980276085039772e-11
4.360595349709356,5.912224542362262e-11
4.361219763735233,5.840366171815876e-11
4.361844177761109,5.757016095911748e-11
4.362468591786986,5.664854647203325e-11
4.363093005812863,5.5747928735024195e-11
4.36371741983874,5.494241485681711e-11
4.364341833864615,5.424580940105014e-11
4.364966247890492,5.3665389391940865e-11
4.365590661916369,5.305108342778008e-11
4.366215075942246,5.2339054004859964e-11
4.366839489968123,5.153744454921778e-11
4.3674639039939995,5.0735499837841656e-11
4.368088318019876,5.0031744297933854e-11
4.3687127320457515,4.943548591351614e-11
4.369337146071628,4.890824452440418e-11
4.369961560097505,4.8380834718758646e-11
4.370585974123382,4.777001680811809e-11
4.371210388149259,4.704012077049188e-11
4.371834802175136,4.633919169102315e-11
4.372459216201013,4.573605247929034e-11
4.373083630226888,4.520619232687164e-11
4.373708044252765,4.476822243766962e-11
4.374332458278642,4.4276533483558693e-11
4.3749568723045185,4.3722322872840706e-11
4.375581286330395,4.307926713281158e-11
4.376205700356272,4.2449803779698825e-11
4.376830114382149,4.1932436478779294e-11
4.377454528408024,4.151714938162036e-11
4.378078942433901,4.1102615542943876e-11
4.378703356459778,4.065941426750387e-11
4.379327770485655,4.012427953133098e-11
4.379952184511532,3.9536433183437346e-11
4.3805765985374086,3.90305731595157e-11
4.381201012563285,3.861454633257926e-11
4.3818254265891605,3.826358184173714e-11
4.382449840615037,3.789198343907486e-11
4.383074254640914,3.7445482719556066e-11
4.383698668666791,3.694033926498958e-11
4.384323082692668,3.642231022856074e-11
4.384947496718545,3.60052238457122e-11
4.385571910744422,3.5674506503083715e-11
4.386196324770297,3.536765583963984e-11
4.386820738796174,3.4995711014412467e-11
4.387445152822051,3.454480102948333e-11
4.3880695668479275,3.4074684667682026e-11
4.388693980873804,3.367507993166435e-11
4.389318394899681,3.337134367443755e-11
4.389942808925558,3.308785899599834e-11
4.390567222951433,3.276472245597227e-11
4.39119163697731,3.235868634792862e-11
4.391816051003187,3.194051221973835e-11
4.392440465029064,3.156447216453425e-11
4.393064879054941,3.126529910986206e-11
4.393689293080818,3.103385661987778e-11
4.3943137071066944,3.07522975481518e-11
4.3949381211325695,3.038474655948522e-11
4.395562535158446,2.9985872402049547e-11
4.396186949184323,2.9622323192455015e-11
4.3968113632102,2.9361791973912613e-11
4.397435777236077,2.9153977309847245e-11
4.398060191261954,2.8907179250461727e-11
4.398684605287831,2.8567248209856738e-11
4.399309019313706,2.8209560524572166e-11
4.399933433339583,2.787962352957672e-11
4.40055784736546,2.7656398145632304e-11
4.4011822613913365,2.7471709799294613e-11
4.401806675417213,2.722514733225984e-11
4.40243108944309,2.6892655455995974e-11
4.403055503468965,2.6592529222147995e-11
4.403679917494842,2.628697794463613e-11
4.404304331520719,2.6098036958188017e-11
4.404928745546596,2.5922927227717067e-11
4.405553159572473,2.567817177478283e-11
4.40617757359835,2.536247218292486e-11
4.406801987624227,2.5061924425916972e-11
4.407426401650102,2.4848655093553648e-11
4.408050815675979,2.4698980097988867e-11
4.408675229701855,2.4510898162437046e-11
4.409299643727732,2.4248534876552096e-11
4.409924057753609,2.395767238226362e-11
4.410548471779486,2.3715872033977143e-11
4.411172885805363,2.3533219172369653e-11
4.411797299831238,2.3399581200488542e-11
4.412421713857115,2.31845186015288e-11
4.413046127882992,2.2935298966602706e-11
4.413670541908869,2.2671995129768333e-11
4.4142949559347455,2.2472853088428768e-11
4.414919369960622,2.234240383782828e-11
4.415543783986499,2.220294239901091e-11
4.416168198012374,2.1957833605210877e-11
4.416792612038251,2.1697434689671405e-11
4.417417026064128,2.1508989728708098e-11
4.418041440090005,2.1375312367078347e-11
4.418665854115882,2.1255303589504128e-11
4.419290268141759,2.104992157653034e-11
4.419914682167636,2.083119922341004e-11
4.420539096193511,2.059734643520235e-11
4.421163510219388,2.047548436090981e-11
4.4217879242452645,2.0365457227092958e-11
4.422412338271141,2.0203814119299875e-11
4.423036752297018,1.997123596925404e-11
4.423661166322895,1.976314612297758e-11
4.424285580348772,1.96136412567143e-11
4.424909994374647,1.953091419185141e-11
4.425534408400524,1.9390849293977423e-11
4.426158822426401,1.9190667276245965e-11
4.426783236452278,1.8993825698539683e-11
4.4274076504781545,1.883964880598116e-11
4.428032064504031,1.8762563482521737e-11
4.428656478529908,1.8635963898703168e-11
4.429280892555783,1.8479359616821722e-11
4.42990530658166,1.8267857989707042e-11
4.430529720607537,1.813041742525261e-11
4.431154134633414,1.8049061396039003e-11
4.431778548659291,1.7934006573949296e-11
4.432402962685168,1.7744287085222035e-11
4.433027376711045,1.7555648301252623e-11
4.43365179073692,1.7437695653459078e-11
4.434276204762797,1.7379490968109718e-11
4.4349006187886735,1.7267347726041293e-11
4.43552503281455,1.7090721433826865e-11
4.436149446840427,1.6901704433952536e-11
4.436773860866304,1.6801282137812138e-11
4.437398274892181,1.6741009952316224e-11
4.438022688918056,1.6641101433468654e-11
4.438647102943933,1.6467417818028784e-11
4.43927151696981,1.6318561684073835e-11
4.439895930995687,1.623312416769733e-11
4.440520345021564,1.6150094815630912e-11
4.44114475904744,1.6031114459350935e-11
4.441769173073317,1.5865531752593127e-11
4.442393587099192,1.5742780792984847e-11
4.443018001125069,1.5675934486350467e-11
4.443642415150946,1.5588313977014076e-11
4.444266829176823,1.5465762688614482e-11
4.4448912432027,1.5313282993603362e-11
4.445515657228577,1.5223724285186373e-11
4.446140071254454,1.5173576392907774e-11
4.446764485280329,1.5084468020049593e-11
4.447388899306206,1.4942354038701746e-11
4.4480133133320825,1.4805137894835982e-11
4.448637727357959,1.472875864912749e-11
4.449262141383836,1.467740947666244e-11
4.449886555409713,1.4557113055229315e-11
4.45051096943559,1.442722742271029e-11
4.451135383461465,1.4340190405157528e-11
4.451759797487342,1.4284781578822303e-11
4.452384211513219,1.4216292192061723e-11
4.453008625539096,1.4102883088944303e-11
4.453633039564973,1.397380429019042e-11
4.4542574535908495,1.3908025821030204e-11
4.454881867616726,1.3859021271175956e-11
4.455506281642601,1.3739891001109408e-11
4.456130695668478,1.361338738154295e-11
4.456755109694355,1.354289578514248e-11
4.457379523720232,1.3502374180337228e-11
4.458003937746109,1.3423555485764514e-11
4.458628351771986,1.3292022071515187e-11
4.459252765797863,1.3190642820686897e-11
4.459877179823738,1.316197644409036e-11
4.460501593849615,1.3122220797451608e-11
4.4611260078754915,1.3005194846776227e-11
4.461750421901368,1.2895658956184017e-11
4.462374835927245,1.2845826614732845e-11
4.462999249953122,1.2797335737179079e-11
4.463623663978997,1.2713549065672031e-11
4.464248078004874,1.2601771671203598e-11
4.464872492030751,1.253010362712593e-11
4.465496906056628,1.2519314600155758e-11
4.466121320082505,1.2438655813724593e-11
4.466745734108382,1.2317202305297201e-11
4.4673701481342585,1.2234329052513859e-11
4.467994562160134,1.2209750248231793e-11
4.4686189761860104,1.2146303310434255e-11
4.469243390211887,1.2054544229067543e-11
4.469867804237764,1.1947467158993303e-11
4.470492218263641,1.1932706947715986e-11
4.471116632289518,1.1893148027398153e-11
4.471741046315395,1.1797358250512019e-11
4.47236546034127,1.1705777785521702e-11
4.472989874367147,1.1674243379400517e-11
4.473614288393024,1.164887035354138e-11
4.4742387024189005,1.155269642277123e-11
4.474863116444777,1.145701062434586e-11
4.475487530470654,1.1421264340984024e-11
4.476111944496531,1.1390181997609151e-11
4.476736358522406,1.1318428959112902e-11
4.477360772548283,1.122936913548932e-11
4.47798518657416,1.1189448771749232e-11
4.478609600600037,1.1147543305883473e-11
4.479234014625914,1.1069542602622543e-11
4.479858428651791,1.1009912841316537e-11
4.4804828426776675,1.1005303251883032e-11
4.481107256703543,1.0957404688254831e-11
4.4817316707294195,1.0856532949516618e-11
4.482356084755296,1.0781762937376686e-11
4.482980498781173,1.0755623405060393e-11
4.48360491280705,1.0733694929907715e-11
4.484229326832927,1.0640194905876085e-11
4.484853740858804,1.0576349326417864e-11
4.485478154884679,1.056708832565831e-11
4.486102568910556,1.0536419228184279e-11
4.486726982936433,1.043623353891434e-11
4.48735139696231,1.0386234698976091e-11
4.487975810988186,1.0364035955951305e-11
4.488600225014063,1.0317813903735678e-11
4.48922463903994,1.0253468667762895e-11
4.489849053065815,1.0200147616192816e-11
4.490473467091692,1.0186615582573287e-11
4.491097881117569,1.0123474300717796e-11
4.491722295143446,1.0045411309046405e-11
4.492346709169323,1.0010187629978494e-11
4.4929711231952,1.0020816829953113e-11
4.4935955372210765,9.94962905075922e-12
4.494219951246952,9.875168035856333e-12
4.4948443652728285,9.8823853958078e-12
4.495468779298705,9.833408907183967e-12
4.496093193324582,9.7512892539796e-12
4.496717607350459,9.698925873391419e-12
4.497342021376336,9.705293331331534e-12
4.497966435402213,9.670619977117895e-12
4.498590849428088,9.573242808526098e-12
4.499215263453965,9.55844945170142e-12
4.499839677479842,9.511079582291602e-12
4.500464091505719,9.473202987573645e-12
4.5010885055315955,9.412224899645676e-12
4.501712919557472,9.390750149511858e-12
4.502337333583349,9.370912387296311e-12
4.502961747609224,9.31293763890415e-12
4.503586161635101,9.273081452738647e-12
4.504210575660978,9.253367070062119e-12
4.504834989686855,9.20657709220094e-12
4.505459403712732,9.152305113869675e-12
4.506083817738609,9.158060934490027e-12
4.5067082317644855,9.128232304387947e-12
4.507332645790361,9.065508105129401e-12
4.5079570598162375,9.026079513310963e-12
4.508581473842114,9.009810362162069e-12
4.509205887867991,8.985887329272256e-12
4.509830301893868,8.887992436634295e-12
4.510454715919745,8.894632653988634e-12
4.511079129945622,8.875133378041993e-12
4.511703543971497,8.838586189663939e-12
4.512327957997374,8.783769384589188e-12
4.512952372023251,8.783368367244398e-12
4.513576786049128,8.758963688195849e-12
4.5142012000750045,8.707062340538757e-12
4.514825614100881,8.684806865195038e-12
4.515450028126758,8.667083584397158e-12
4.516074442152633,8.588463376743114e-12
4.51669885617851,8.561733185523623e-12
4.517323270204387,8.565290398437397e-12
4.517947684230264,8.51885216838866e-12
4.518572098256141,8.472702235467295e-12
4.519196512282018,8.480978769847849e-12
4.519820926307893,8.423635949202345e-12
4.52044534033377,8.39705224824312e-12
4.5210697543596465,8.401454087200046e-12
4.521694168385523,8.354201261762701e-12
4.5223185824114,8.303588655108038e-12
4.522942996437277,8.286726613771829e-12
4.523567410463154,8.275792350413982e-12
4.524191824489029,8.232529407456888e-12
4.524816238514906,8.220370390082097e-12
4.525440652540783,8.20239801942389e-12
4.52606506656666,8.170970916083974e-12
4.526689480592537,8.124730417275332e-12
4.5273138946184135,8.117241844878848e-12
4.52793830864429,8.077917339855771e-12
4.5285627226701655,8.035385357378576e-12
4.529187136696042,8.052556484347909e-12
4.529811550721919,8.028563588210988e-12
4.530435964747796,7.966570723315357e-12
4.531060378773673,7.955618591173875e-12
4.53168479279955,7.957349529806811e-12
4.532309206825427,7.885113728024055e-12
4.532933620851302,7.876454779342788e-12
4.533558034877179,7.898685071920125e-12
4.5341824489030556,7.835708066917855e-12
4.534806862928932,7.8196213520012e-12
4.535431276954809,7.820781671184392e-12
4.536055690980686,7.765205085110572e-12
4.536680105006563,7.738686494831427e-12
4.537304519032438,7.752558738602719e-12
4.537928933058315,7.697218236387102e-12
4.538553347084192,7.667277597462216e-12
4.539177761110069,7.69403111383074e-12
4.539802175135946,7.652560411809096e-12
4.5404265891618225,7.609843791094561e-12
4.541051003187699,7.62379156004535e-12
4.5416754172135745,7.57286467836975e-12
4.542299831239451,7.570691186017838e-12
4.542924245265328,7.562297994586655e-12
4.543548659291205,7.523445030332893e-12
4.544173073317082,7.514209147942532e-12
4.544797487342959,7.505146083182757e-12
4.545421901368836,7.47434758033128e-12
4.546046315394711,7.43439770471942e-12
4.546670729420588,7.452518470198696e-12
4.547295143446465,7.425682780137787e-12
4.5479195574723414,7.391019987115325e-12
4.548543971498218,7.38837490926006e-12
4.549168385524095,7.341125086266521e-12
4.549792799549972,7.320424822995556e-12
4.550417213575847,7.332690096824537e-12
4.551041627601724,7.298635808940497e-12
4.551666041627601,7.283894237877048e-12
4.552290455653478,7.287030425062018e-12
4.552914869679355,7.236988475546475e-12
4.5535392837052315,7.224555675806521e-12
4.554163697731108,7.216162580698954e-12
4.5547881117569835,7.184321083820998e-12
4.55541252578286,7.175606555816562e-12
4.556036939808737,7.1777122699371036e-12
4.556661353834614,7.12830355027376e-12
4.557285767860491,7.144265562609571e-12
4.557910181886368,7.12560545753848e-12
4.558534595912245,7.100352446089247e-12
4.55915900993812,7.09246427457484e-12
4.559783423963997,7.067274765213706e-12
4.560407837989874,7.03834827220264e-12
4.5610322520157505,7.046928510017727e-12
4.561656666041627,7.043029655252494e-12
4.562281080067504,7.001936660603604e-12
4.562905494093381,7.015970219357036e-12
4.563529908119256,6.964136102063116e-12
4.564154322145133,6.967819497746027e-12
4.56477873617101,6.9681698395129974e-12
4.565403150196887,6.936102125884081e-12
4.566027564222764,6.928852959461308e-12
4.5666519782486406,6.923780766458405e-12
4.567276392274517,6.904855945260756e-12
4.5679008063003925,6.926628164453403e-12
4.568525220326269,6.8769160931785774e-12
4.569149634352146,6.861840932415715e-12
4.569774048378023,6.839791252305761e-12
4.5703984624039,6.813548413131083e-12
4.571022876429777,6.81577643448108e-12
4.571647290455654,6.8157004286944035e-12
4.572271704481529,6.799158146793844e-12
4.572896118507406,6.7782805258665436e-12
4.573520532533283,6.756792292811611e-12
4.5741449465591595,6.7472247389279935e-12
4.574769360585036,6.759612692531789e-12
4.575393774610913,6.717261611255431e-12
4.576018188636788,6.7386765557983125e-12
4.576642602662665,6.7138070620253974e-12
4.577267016688542,6.688370452458228e-12
4.577891430714419,6.7127318678407765e-12
4.578515844740296,6.6894733797185715e-12
4.579140258766173,6.666271277524985e-12
4.57976467279205,6.6573420294172236e-12
4.580389086817925,6.6454812091582165e-12
4.5810135008438015,6.633412428778309e-12
4.581637914869678,6.620855391432056e-12
4.582262328895555,6.6176167925269995e-12
4.582886742921432,6.614172991211053e-12
4.583511156947309,6.583360354833637e-12
4.584135570973186,6.588444739794151e-12
4.584759984999061,6.560416692059681e-12
4.585384399024938,6.567339270610076e-12
4.586008813050815,6.5615060380678814e-12
4.586633227076692,6.536025907002996e-12
4.5872576411025685,6.543985080629234e-12
4.587882055128445,6.503262955341167e-12
4.588506469154322,6.4930782538235065e-12
4.589130883180197,6.50779982212664e-12
4.589755297206074,6.501450595784966e-12
4.590379711231951,6.506353991887561e-12
4.591004125257828,6.48362071322947e-12
4.591628539283705,6.4577152210486064e-12
4.592252953309582,6.486105749036578e-12
4.592877367335459,6.436120846132797e-12
4.593501781361334,6.471787385607993e-12
4.594126195387211,6.444253189128062e-12
4.594750609413087,6.444371607435012e-12
4.595375023438964,6.430144421530291e-12
4.595999437464841,6.4000411938780215e-12
4.596623851490718,6.433151309163428e-12
4.597248265516595,6.382496062264145e-12
4.59787267954247,6.372990546252995e-12
4.598497093568347,6.382163118895689e-12
4.599121507594224,6.355657723574477e-12
4.599745921620101,6.393456583496633e-12
4.6003703356459775,6.361012938573209e-12
4.600994749671854,6.372354367308966e-12
4.601619163697731,6.323398173389531e-12
4.602243577723606,6.332176648722114e-12
4.602867991749483,6.346284617682228e-12
4.60349240577536,6.315772665934697e-12
4.604116819801237,6.3381818437414495e-12
4.604741233827114,6.2838250360505896e-12
4.605365647852991,6.305538328965027e-12
4.605990061878868,6.289260474792484e-12
4.606614475904743,6.284414677719927e-12
4.60723888993062,6.291651636450855e-12
4.6078633039564965,6.258147746722691e-12
4.608487717982373,6.2852947022688155e-12
4.60911213200825,6.2611962108508634e-12
4.609736546034127,6.29187095904713e-12
4.610360960060004,6.26326146796391e-12
4.610985374085879,6.2329656419845845e-12
4.611609788111756,6.242782793761634e-12
4.612234202137633,6.220126097535828e-12
4.61285861616351,6.2218628316620665e-12
4.6134830301893865,6.195321451651755e-12
4.614107444215263,6.233456628610132e-12
4.61473185824114,6.209347795780033e-12
4.615356272267015,6.2169572804630265e-12
4.615980686292892,6.2218008060523405e-12
4.616605100318769,6.1962843948768295e-12
4.617229514344646,6.1936155312755615e-12
4.617853928370523,6.178554760060562e-12
4.6184783423964,6.191699342897059e-12
4.619102756422277,6.167789227070677e-12
4.619727170448152,6.184565042626242e-12
4.620351584474029,6.154026321779435e-12
4.6209759984999055,6.153478056645825e-12
4.621600412525782,6.14834729624269e-12
4.622224826551659,6.146521941375968e-12
4.622849240577536,6.14247442413737e-12
4.623473654603413,6.1386112828174365e-12
4.624098068629288,6.151274584440326e-12
4.624722482655165,6.125835641389611e-12
4.625346896681042,6.131270859763221e-12
4.625971310706919,6.118458015778929e-12
4.626595724732796,6.1334070606166125e-12
4.627220138758672,6.117521481129138e-12
4.627844552784549,6.109388930427419e-12
4.628468966810424,6.103245860564334e-12
4.629093380836301,6.106236564046888e-12
4.629717794862178,6.088257840179626e-12
4.630342208888055,6.096731726631639e-12
4.630966622913932,6.0965440503384474e-12
4.631591036939809,6.10477307675493e-12
4.632215450965684,6.084176751979025e-12
4.632839864991561,6.075258778176308e-12
4.633464279017438,6.10014988999714e-12
4.6340886930433145,6.098816242670912e-12
4.634713107069191,6.078029287663617e-12
4.635337521095068,6.090316638921671e-12
4.635961935120945,6.080573370620071e-12
4.63658634914682,6.073021932641134e-12
4.637210763172697,6.06452810322787e-12
4.637835177198574,6.0444195306371086e-12
4.638459591224451,6.074508545921502e-12
4.639084005250328,6.061092087688119e-12
4.639708419276205,6.048148431844925e-12
4.6403328333020815,6.016035764875347e-12
4.640957247327957,6.0587631488913814e-12
4.641581661353833,6.015685197376469e-12
4.64220607537971,6.0317832247609596e-12
4.642830489405587,6.0320115433836145e-12
4.643454903431464,6.0588950059563296e-12
4.644079317457341,6.0586545060724904e-12
4.644703731483218,6.008281088306559e-12
4.645328145509093,6.03372533475085e-12
4.64595255953497,6.036274203254174e-12
4.646576973560847,6.012215449698434e-12
4.6472013875867235,6.035079582243481e-12
4.6478258016126,6.021617049373422e-12
4.648450215638477,6.019878397114463e-12
4.649074629664354,6.023638314568455e-12
4.649699043690229,6.029780656143152e-12
4.650323457716106,6.015042034649062e-12
4.650947871741983,6.021844410961608e-12
4.65157228576786,6.025728452809074e-12
4.652196699793737,6.0054553812691226e-12
4.652821113819614,6.034583310921392e-12
4.6534455278454905,5.99645459599801e-12
4.654069941871366,6.015433206766389e-12
4.6546943558972425,6.003698960137961e-12
4.655318769923119,5.997947728226321e-12
4.655943183948996,6.0096744132275565e-12
4.656567597974873,5.9797186558000005e-12
4.65719201200075,5.983663551689542e-12
4.657816426026627,6.00642046124215e-12
4.658440840052502,5.98357206823767e-12
4.659065254078379,5.981608569327496e-12
4.659689668104256,6.001857596806851e-12
4.6603140821301325,5.988791159203139e-12
4.660938496156009,5.995808028931178e-12
4.661562910181886,6.0023610808562155e-12
4.662187324207763,6.002456563915315e-12
4.662811738233638,5.974142888545937e-12
4.663436152259515,5.994162487875617e-12
4.664060566285392,6.001771811257782e-12
4.664684980311269,5.999618093356902e-12
4.665309394337146,5.981772334835042e-12
4.665933808363023,6.008042152504546e-12
4.6665582223888995,6.0020048976695076e-12
4.667182636414775,6.023975137226702e-12
4.6678070504406515,5.989818899493797e-12
4.668431464466528,5.99208123742009e-12
4.669055878492405,6.002760069089621e-12
4.669680292518282,5.984029053445142e-12
4.670304706544159,5.98331624143183e-12
4.670929120570036,5.994097137614866e-12
4.671553534595911,6.011542154109487e-12
4.672177948621788,5.974356197191944e-12
4.672802362647665,6.022657371399615e-12
4.673426776673542,5.979054503983187e-12
4.674051190699418,6.009318559606161e-12
4.674675604725295,6.001309385495257e-12
4.675300018751172,6.009446959532424e-12
4.675924432777047,6.010692202365006e-12
4.676548846802924,5.986815364678434e-12
4.677173260828801,5.990505035874504e-12
4.677797674854678,5.9878228547361634e-12
4.678422088880555,6.002005725160171e-12
4.679046502906432,5.994404584708071e-12
4.6796709169323085,5.984026169485371e-12
4.680295330958184,5.993838150116612e-12
4.6809197449840605,5.995365892909137e-12
4.681544159009937,6.0158752034064405e-12
4.682168573035814,6.0185005471519915e-12
4.682792987061691,6.002391277825827e-12
4.683417401087568,6.015462887865628e-12
4.684041815113445,6.030107217775226e-12
4.68466622913932,5.9982380476851086e-12
4.685290643165197,6.0037036430901815e-12
4.685915057191074,6.010074210922029e-12
4.686539471216951,6.014221793790662e-12
4.6871638852428275,6.009948611158695e-12
4.687788299268704,6.007547144367106e-12
4.688412713294581,6.0090866985035446e-12
4.689037127320456,6.0304363416173054e-12
4.689661541346333,6.033475893798402e-12
4.69028595537221,6.033339668371012e-12
4.690910369398087,6.0155631645790834e-12
4.691534783423964,6.012110146562394e-12
4.692159197449841,6.018996681692915e-12
4.692783611475716,6.021511316426731e-12
4.693408025501593,6.032730645116588e-12
4.6940324395274695,6.037581151919581e-12
4.694656853553346,6.0381764901497515e-12
4.695281267579223,6.020122031389655e-12
4.6959056816051,6.038300475367168e-12
4.696530095630977,6.038817033554023e-12
4.697154509656852,6.05266727758094e-12
4.697778923682729,6.05483856336141e-12
4.698403337708606,6.024660393298189e-12
4.699027751734483,6.067403295188778e-12
4.69965216576036,6.050514059043999e-12
4.7002765797862365,6.0615052654732124e-12
4.700900993812113,6.0614526031050386e-12
4.7015254078379884,6.040489206282633e-12
4.702149821863865,6.072439943073669e-12
4.702774235889742,6.073144581402679e-12
4.703398649915619,6.048959553825111e-12
4.704023063941496,6.090895518327783e-12
4.704647477967373,6.061228083155223e-12
4.70527189199325,6.04815830685668e-12
4.705896306019125,6.070460509119699e-12
4.706520720045002,6.07858162464331e-12
4.7071451340708785,6.078816462567447e-12
4.707769548096755,6.083734631036203e-12
4.708393962122632,6.109845184654793e-12
4.709018376148509,6.069735538235732e-12
4.709642790174386,6.1023588167129896e-12
4.710267204200261,6.093214757335557e-12
4.710891618226138,6.090089692476702e-12
4.711516032252015,6.101582800812261e-12
4.712140446277892,6.118542927466408e-12
4.712764860303769,6.126113082587948e-12
4.7133892743296455,6.104216256550436e-12
4.714013688355522,6.141948767460673e-12
4.7146381023813975,6.100316596552005e-12
4.715262516407274,6.125701201538088e-12
4.715886930433151,6.122550850527741e-12
4.716511344459028,6.1447048987576525e-12
4.717135758484905,6.142962225404597e-12
4.717760172510782,6.113732707519117e-12
4.718384586536659,6.145731251971657e-12
4.719009000562534,6.1582970724013665e-12
4.719633414588411,6.1363555839793305e-12
4.7202578286142876,6.139989040525946e-12
4.720882242640164,6.142571445294711e-12
4.721506656666041,6.163872572686441e-12
4.722131070691918,6.176292652528349e-12
4.722755484717795,6.177039801053735e-12
4.72337989874367,6.193624396151597e-12
4.724004312769547,6.162481104735236e-12
4.724628726795424,6.1711023633788875e-12
4.725253140821301,6.18831502072846e-12
4.725877554847178,6.207588994735503e-12
4.7265019688730545,6.176828858142552e-12
4.727126382898931,6.212509899374819e-12
4.7277507969248065,6.197840655453617e-12
4.728375210950683,6.195982149553646e-12
4.72899962497656,6.212101679871775e-12
4.729624039002437,6.210430931048135e-12
4.730248453028314,6.227606869099118e-12
4.730872867054191,6.222691632121971e-12
4.731497281080068,6.222548020440883e-12
4.732121695105943,6.227732007224047e-12
4.73274610913182,6.218617094949837e-12
4.733370523157697,6.2566304259882114e-12
4.7339949371835734,6.257477990303121e-12
4.73461935120945,6.260424637522849e-12
4.735243765235327,6.260453342646745e-12
4.735868179261204,6.285034933345034e-12
4.736492593287079,6.263861210750889e-12
4.737117007312956,6.275678734706198e-12
4.737741421338833,6.27390857047996e-12
4.73836583536471,6.297263102317286e-12
4.738990249390587,6.313064675895991e-12
4.7396146634164635,6.271451134457596e-12
4.74023907744234,6.3078524679385076e-12
4.7408634914682155,6.326273722653139e-12
4.741487905494092,6.3481018943465605e-12
4.742112319519969,6.324588775536639e-12
4.742736733545846,6.310219701363074e-12
4.743361147571723,6.324261600018307e-12
4.7439855615976,6.3372494800662975e-12
4.744609975623477,6.350858191549945e-12
4.745234389649352,6.333264322961306e-12
4.745858803675229,6.367557593346138e-12
4.746483217701106,6.357884278112641e-12
4.7471076317269825,6.333738800690326e-12
4.747732045752859,6.363318620242162e-12
4.748356459778736,6.387991675051739e-12
4.748980873804611,6.4115249423138e-12
4.749605287830488,6.4088501640024954e-12
4.750229701856365,6.371052082096034e-12
4.750854115882242,6.378341164017526e-12
4.751478529908119,6.387849382747236e-12
4.752102943933996,6.435605644027845e-12
4.752727357959873,6.431952588267547e-12
4.753351771985748,6.406481508633212e-12
4.7539761860116245,6.434084974519781e-12
4.754600600037501,6.440731012126324e-12
4.755225014063378,6.4437284856115e-12
4.755849428089255,6.465158018465662e-12
4.756473842115132,6.484458481661447e-12
4.757098256141009,6.4580638050026185e-12
4.757722670166884,6.4728859918063075e-12
4.758347084192761,6.477811224605391e-12
4.758971498218638,6.483009237460506e-12
4.759595912244515,6.502604226183036e-12
4.7602203262703915,6.488656920506357e-12
4.760844740296268,6.501294856500026e-12
4.761469154322145,6.526940993188588e-12
4.76209356834802,6.519664224312705e-12
4.762717982373897,6.546368690855833e-12
4.763342396399774,6.516534805334711e-12
4.763966810425651,6.5502567938064696e-12
4.764591224451528,6.535053416630796e-12
4.765215638477405,6.559781988349822e-12
4.765840052503282,6.572767791146973e-12
4.766464466529157,6.594218915946866e-12
4.7670888805550335,6.561756418849181e-12
4.76771329458091,6.581050469366306e-12
4.768337708606787,6.604201325509957e-12
4.768962122632664,6.598916716783645e-12
4.769586536658541,6.627217707881117e-12
4.770210950684418,6.616677955434557e-12
4.770835364710293,6.647187850225817e-12
4.77145977873617,6.621616594891201e-12
4.772084192762047,6.6455275475104174e-12
4.772708606787924,6.636186121729992e-12
4.7733330208138005,6.6606351051805726e-12
4.773957434839677,6.624553929216692e-12
4.774581848865554,6.681015366605117e-12
4.775206262891429,6.688780909416827e-12
4.775830676917306,6.682010247010736e-12
4.776455090943183,6.703139482424781e-12
4.77707950496906,6.667463060670455e-12
4.777703918994937,6.705539561202168e-12
4.778328333020814,6.741116024815703e-12
4.778952747046691,6.696436127686843e-12
4.779577161072566,6.742802342324962e-12
4.780201575098443,6.734044332001666e-12
4.780825989124319,6.77989386035691e-12
4.781450403150196,6.762088297115779e-12
4.782074817176073,6.768723718311033e-12
4.78269923120195,6.7765406153809554e-12
4.783323645227827,6.769009236517451e-12
4.783948059253702,6.807155851168594e-12
4.784572473279579,6.798936966877445e-12
4.785196887305456,6.807651089362316e-12
4.785821301331333,6.840505844667863e-12
4.7864457153572095,6.85362077546623e-12
4.787070129383086,6.853581226352807e-12
4.787694543408963,6.853152891597199e-12
4.788318957434838,6.8439315603102994e-12
4.788943371460715,6.888669934901298e-12
4.789567785486592,6.865991815237311e-12
4.790192199512469,6.878765361960908e-12
4.790816613538346,6.9069166492951184e-12
4.791441027564223,6.908295732257457e-12
4.7920654415901,6.932418858801085e-12
4.792689855615975,6.910220650110441e-12
4.793314269641852,6.9132949946592615e-12
4.7939386836677285,6.918697046985018e-12
4.794563097693605,6.947416913404257e-12
4.795187511719482,6.966551247014003e-12
4.795811925745359,6.975440245352996e-12
4.796436339771236,7.000508561840281e-12
4.797060753797111,6.964994792286573e-12
4.797685167822988,7.02034892329848e-12
4.798309581848865,7.022065588402721e-12
4.798933995874742,7.0074669593246205e-12
4.7995584099006185,7.0311419459260924e-12
4.800182823926495,7.0560898569465255e-12
4.800807237952372,7.07167549828633e-12
4.801431651978247,7.062840467180639e-12
4.802056066004124,7.079812968232549e-12
4.802680480030001,7.092336036029875e-12
4.803304894055878,7.120468190784211e-12
4.803929308081755,7.124152046867189e-12
4.804553722107632,7.125067208328639e-12
4.805178136133507,7.140953170657571e-12
4.805802550159384,7.140764623256103e-12
4.806426964185261,7.139554966371858e-12
4.8070513782111375,7.1651438426831716e-12
4.807675792237014,7.1745914665003885e-12
4.808300206262891,7.189841815389195e-12
4.808924620288768,7.208378022041083e-12
4.809549034314643,7.214280102594962e-12
4.81017344834052,7.191896336638846e-12
4.810797862366397,7.2060696958566746e-12
4.811422276392274,7.241143080940981e-12
4.812046690418151,7.243754766748057e-12
4.812671104444028,7.2628889970234824e-12
4.813295518469904,7.292525552829267e-12
4.8139199324957795,7.297805423360382e-12
4.814544346521656,7.276360697953868e-12
4.815168760547533,7.327353290686282e-12
4.81579317457341,7.341558335472854e-12
4.816417588599287,7.381574741059262e-12
4.817042002625164,7.355103355724888e-12
4.817666416651041,7.379461869950337e-12
4.818290830676916,7.381187095242291e-12
4.818915244702793,7.396307295252525e-12
4.81953965872867,7.412350550203307e-12
4.8201640727545465,7.393504459142293e-12
4.820788486780423,7.444760800778095e-12
4.8214129008063,7.427036208693758e-12
4.822037314832177,7.46032081362809e-12
4.822661728858052,7.461661880027268e-12
4.823286142883929,7.478843684228756e-12
4.823910556909806,7.53014214500026e-12
4.824534970935683,7.488035598559536e-12
4.82515938496156,7.525017276126629e-12
4.825783798987437,7.512988906649805e-12
4.8264082130133135,7.539296580926527e-12
4.827032627039189,7.578221331213638e-12
4.827657041065065,7.566539188866564e-12
4.828281455090942,7.570548388795733e-12
4.828905869116819,7.60970368251773e-12
4.829530283142696,7.641104218552078e-12
4.830154697168573,7.626898403927024e-12
4.83077911119445,7.625463338801634e-12
4.831403525220325,7.668361123528878e-12
4.832027939246202,7.685865516063679e-12
4.832652353272079,7.694227194963107e-12
4.8332767672979555,7.709798654377749e-12
4.833901181323832,7.713335349887372e-12
4.834525595349709,7.701405513330656e-12
4.835150009375586,7.712119071247532e-12
4.835774423401461,7.756895124724648e-12
4.836398837427338,7.767213209070785e-12
4.837023251453215,7.807310289485463e-12
4.837647665479092,7.788839947311484e-12
4.838272079504969,7.802556940915879e-12
4.838896493530846,7.839978154554826e-12
4.8395209075567225,7.877879403869467e-12
4.840145321582598,7.840781285355739e-12
4.8407697356084745,7.850460992571555e-12
4.841394149634351,7.893060080275061e-12
4.842018563660228,7.898173543428661e-12
4.842642977686105,7.906480792092479e-12
4.843267391711982,7.93306510770212e-12
4.843891805737859,7.954076287792153e-12
4.844516219763734,7.974194065663572e-12
4.845140633789611,8.003290860688648e-12
4.845765047815488,7.972332132349248e-12
4.8463894618413645,8.015500238134177e-12
4.847013875867241,8.049404754643035e-12
4.847638289893118,8.070884600746142e-12
4.848262703918995,8.066222432877721e-12
4.84888711794487,8.136269854760527e-12
4.849511531970747,8.092361883263431e-12
4.850135945996624,8.119123815288703e-12
4.850760360022501,8.14736489709259e-12
4.851384774048378,8.192972926941909e-12
4.852009188074255,8.19969257015752e-12
4.8526336021001315,8.190586325286028e-12
4.853258016126007,8.209261587989629e-12
4.8538824301518835,8.234619957097865e-12
4.85450684417776,8.244631889808636e-12
4.855131258203637,8.232717847605778e-12
4.855755672229514,8.322685335151598e-12
4.856380086255391,8.295697759584822e-12
4.857004500281268,8.3116665185459e-12
4.857628914307143,8.34384625076749e-12
4.85825332833302,8.355616985576459e-12
4.858877742358897,8.39026619136969e-12
4.859502156384774,8.424288266979232e-12
4.86012657041065,8.38643747312681e-12
4.860750984436527,8.43641064193332e-12
4.861375398462404,8.450701371237914e-12
4.861999812488279,8.513487743863585e-12
4.862624226514156,8.490123407996471e-12
4.863248640540033,8.467805506217546e-12
4.86387305456591,8.522849007730373e-12
4.864497468591787,8.577010914125097e-12
4.865121882617664,8.555544429832176e-12
4.865746296643539,8.607378404644773e-12
4.866370710669416,8.611681189447341e-12
4.8669951246952925,8.633131456677629e-12
4.867619538721169,8.621476843565727e-12
4.868243952747046,8.720807514407666e-12
4.868868366772923,8.663164708501238e-12
4.8694927807988,8.724738519364646e-12
4.870117194824675,8.723897139361335e-12
4.870741608850552,8.752204709171591e-12
4.871366022876429,8.823615533856528e-12
4.871990436902306,8.792440000191002e-12
4.872614850928183,8.820432244959537e-12
4.8732392649540595,8.867234477063525e-12
4.873863678979936,8.894795215712483e-12
4.874488093005811,8.91768191161717e-12
4.875112507031688,8.94733441448401e-12
4.875736921057565,8.941650922584611e-12
4.876361335083442,8.95499700699827e-12
4.876985749109319,8.96586426672581e-12
4.877610163135196,9.02483111286187e-12
4.878234577161073,9.015707128724684e-12
4.878858991186948,9.076464970659543e-12
4.879483405212825,9.111893501731338e-12
4.8801078192387015,9.124606875120233e-12
4.880732233264578,9.129187964637814e-12
4.881356647290455,9.148635945319696e-12
4.881981061316332,9.175974029325128e-12
4.882605475342209,9.183667262790799e-12
4.883229889368084,9.25891302786703e-12
4.883854303393961,9.252302364533287e-12
4.884478717419838,9.32493852230193e-12
4.885103131445715,9.334589681432971e-12
4.885727545471592,9.370917271580063e-12
4.8863519594974685,9.363158456144616e-12
4.886976373523345,9.3658109581692e-12
4.8876007875492204,9.400305371605692e-12
4.888225201575097,9.449412174158899e-12
4.888849615600974,9.487062129442095e-12
4.889474029626851,9.468350591272204e-12
4.890098443652728,9.534561989476532e-12
4.890722857678605,9.581192735254138e-12
4.891347271704482,9.575404805651519e-12
4.891971685730357,9.587677041767276e-12
4.892596099756234,9.679188579863363e-12
4.8932205137821105,9.68404316417095e-12
4.893844927807987,9.722124469990677e-12
4.894469341833864,9.713093790605234e-12
4.895093755859741,9.746250274461276e-12
4.895718169885618,9.745365415620492e-12
4.896342583911493,9.808663607253664e-12
4.89696699793737,9.870299221704315e-12
4.897591411963247,9.888939587736346e-12
4.898215825989124,9.922222435861068e-12
4.898840240015001,9.919981633879643e-12
4.8994646540408775,9.947948947133445e-12
4.900089068066754,1.002116668123026e-11
4.9007134820926295,1.0072527082849528e-11
4.901337896118506,1.0038674398458133e-11
4.901962310144383,1.0114496729753256e-11
4.90258672417026,1.0127006403605274e-11
4.903211138196137,1.0163056436123357e-11
4.903835552222014,1.0225852799206062e-11
4.904459966247891,1.0204599818597809e-11
4.905084380273766,1.0277581453271748e-11
4.905708794299643,1.029828417582062e-11
4.90633320832552,1.0368177872413467e-11
4.906957622351396,1.0391482664182104e-11
4.907582036377273,1.0377745703875793e-11
4.90820645040315,1.0484038762289022e-11
4.908830864429027,1.0469901654350973e-11
4.909455278454902,1.0495552913248958e-11
4.910079692480779,1.0546304179388003e-11
4.910704106506656,1.0570387126771136e-11
4.911328520532533,1.0632667850365194e-11
4.91195293455841,1.0677590482068701e-11
4.9125773485842865,1.0674305367589176e-11
4.913201762610163,1.0761590220052758e-11
4.9138261766360385,1.079739712987895e-11
4.914450590661915,1.0819696430326364e-11
4.915075004687792,1.0869384344468361e-11
4.915699418713669,1.0909504874045201e-11
4.916323832739546,1.0973580530990247e-11
4.916948246765423,1.0981923795962214e-11
4.9175726607913,1.106865963835036e-11
4.918197074817175,1.1066302740126032e-11
4.918821488843052,1.112624680993661e-11
4.919445902868929,1.114184753300075e-11
4.9200703168948055,1.1207189970964238e-11
4.920694730920682,1.1265489425739459e-11
4.921319144946559,1.1268192741544316e-11
4.921943558972434,1.1352820639710474e-11
4.922567972998311,1.138720926673528e-11
4.923192387024188,1.1407439685406477e-11
4.923816801050065,1.1497526212377615e-11
4.924441215075942,1.151555914771127e-11
4.925065629101819,1.1597036776422778e-11
4.9256900431276955,1.1621858549303436e-11
4.926314457153571,1.1682150158483357e-11
4.9269388711794475,1.1753634456587643e-11
4.927563285205324,1.1756350495360468e-11
4.928187699231201,1.1834171517461405e-11
4.928812113257078,1.1897531792341484e-11
4.929436527282955,1.1962889167947456e-11
4.930060941308832,1.1954892734488567e-11
4.930685355334707,1.2030435817379771e-11
4.931309769360584,1.2085159769846594e-11
4.931934183386461,1.2174112068316712e-11
4.932558597412338,1.2227639905019649e-11
4.9331830114382145,1.2254130436045496e-11
4.933807425464091,1.2288675401935003e-11
4.934431839489968,1.2364679345065005e-11
4.935056253515843,1.2426814635826266e-11
4.93568066754172,1.2503955838982083e-11
4.936305081567597,1.2583766732343985e-11
4.936929495593474,1.2627177581759525e-11
4.937553909619351,1.2748011832932122e-11
4.938178323645228,1.2758162219229158e-11
4.938802737671105,1.2847470667488729e-11
4.93942715169698,1.2908944987609664e-11
4.9400515657228565,1.3007039698292627e-11
4.940675979748733,1.308516180332353e-11
4.94130039377461,1.3135089800593166e-11
4.941924807800487,1.3170670947509207e-11
4.942549221826364,1.3317548057948135e-11
4.943173635852241,1.328821408620034e-11
4.943798049878116,1.3383835214286987e-11
4.944422463903993,1.3443252277770081e-11
4.94504687792987,1.3534338703913982e-11
4.945671291955747,1.360839111879517e-11
4.9462957059816235,1.3690499732498724e-11
4.9469201200075,1.369769647902926e-11
4.947544534033377,1.3873270236048948e-11
4.948168948059252,1.3951718332296389e-11
4.948793362085129,1.4091477539715982e-11
4.949417776111006,1.4091822216721253e-11
4.950042190136883,1.4212021457892965e-11
4.95066660416276,1.4298247306485154e-11
4.951291018188637,1.440149486318329e-11
4.951915432214514,1.4475869500646897e-11
4.952539846240389,1.4569044493682536e-11
4.9531642602662656,1.4687602676243924e-11
4.953788674292142,1.4826270967808594e-11
4.954413088318019,1.48662273414857e-11
4.955037502343896,1.4995851744254673e-11
4.955661916369773,1.5124059795778293e-11
4.95628633039565,1.5165973453264693e-11
4.956910744421525,1.532844444964161e-11
4.957535158447402,1.5445478838677715e-11
4.958159572473279,1.5541592619658352e-11
4.958783986499156,1.5650471785029653e-11
4.9594084005250325,1.577589484234536e-11
4.960032814550909,1.5955233010378487e-11
4.960657228576786,1.6033399917053844e-11
4.961281642602661,1.610091910186962e-11
4.961906056628538,1.639412088124698e-11
4.962530470654415,1.6390612063648038e-11
4.963154884680292,1.654279842318632e-11
4.963779298706169,1.677318673288233e-11
4.964403712732046,1.6840457161485265e-11
4.965028126757923,1.6962351305265928e-11
4.965652540783798,1.7079441986893176e-11
4.966276954809675,1.7387158159523272e-11
4.9669013688355514,1.748075167870225e-11
4.967525782861428,1.7666013844036373e-11
4.968150196887305,1.7786472571525913e-11
4.968774610913182,1.797814258444536e-11
4.969399024939059,1.8120070483389234e-11
4.970023438964934,1.841055519723705e-11
4.970647852990811,1.858428847193875e-11
4.971272267016688,1.871063155129525e-11
4.971896681042565,1.9077222055446714e-11
4.9725210950684415,1.9125138932167075e-11
4.973145509094318,1.949021095132548e-11
4.973769923120195,1.9665193396015147e-11
4.97439433714607,1.9937216637558724e-11
4.975018751171947,2.0172031862214393e-11
4.975643165197824,2.0366887663920514e-11
4.976267579223701,2.0696270972095317e-11
4.976891993249578,2.0841879588918273e-11
4.977516407275455,2.1166910620969768e-11
4.97814082130133,2.1530885913553293e-11
4.978765235327207,2.184699980051779e-11
4.979389649353084,2.2149787540234465e-11
4.9800140633789605,2.2561503733822206e-11
4.980638477404837,2.2915109539765998e-11
4.981262891430714,2.317477016396845e-11
4.981887305456591,2.3604466967437355e-11
4.982511719482466,2.400336730928013e-11
4.983136133508343,2.447783409281097e-11
4.98376054753422,2.4977148664499414e-11
4.984384961560097,2.5572256272744252e-11
4.985009375585974,2.5959429661543837e-11
4.9856337896118506,2.6661794853010374e-11
4.986258203637727,2.7068162301890226e-11
4.9868826176636025,2.7741792590285494e-11
4.987507031689479,2.8552676278311962e-11
4.988131445715356,2.9212080067287686e-11
4.988755859741233,3.008537845265146e-11
4.98938027376711,3.088731761035268e-11
4.990004687792987,3.173190274994269e-11
4.990629101818864,3.284769453135856e-11
4.991253515844739,3.3996796066528984e-11
4.991877929870616,3.529463039946956e-11
4.992502343896493,3.6780204896689746e-11
4.9931267579223695,3.854965472879444e-11
4.993751171948246,4.03422912470375e-11
4.994375585974123,4.2409537054594886e-11
4.995,4.504492023114434e-11
