energy,dos
-3.4965,-4.130042045776521e-11
-3.4960629101818865,-3.890372717984296e-11
-3.495625820363773,-3.697505196585809e-11
-3.4951887305456593,-3.498497831818783e-11
-3.4947516407275456,-3.3506567869614155e-11
-3.494314550909432,-3.183967886645441e-11
-3.4938774610913184,-3.0906725236341905e-11
-3.4934403712732047,-2.958725811146058e-11
-3.493003281455091,-2.8591006309537697e-11
-3.4925661916369775,-2.779874793710371e-11
-3.492129101818864,-2.66067901007697e-11
-3.49169201200075,-2.5896363989390672e-11
-3.4912549221826366,-2.529786483916123e-11
-3.490817832364523,-2.4720775054302534e-11
-3.4903807425464093,-2.3960022362613227e-11
-3.4899436527282957,-2.3274978367051324e-11
-3.489506562910182,-2.2754010776850482e-11
-3.4890694730920684,-2.2107819831209208e-11
-3.4886323832739548,-2.1897835186158355e-11
-3.488195293455841,-2.1243759981308696e-11
-3.4877582036377275,-2.0808705975872004e-11
-3.487321113819614,-2.0511122652771154e-11
-3.4868840240015,-2.0056015143604254e-11
-3.4864469341833866,-1.9564723984164895e-11
-3.486009844365273,-1.9264335290065165e-11
-3.4855727545471593,-1.8961579902383336e-11
-3.4851356647290457,-1.8507990153507544e-11
-3.484698574910932,-1.8174001595263428e-11
-3.4842614850928184,-1.7886481042552837e-11
-3.4838243952747048,-1.7583691185716827e-11
-3.483387305456591,-1.7422814452225847e-11
-3.4829502156384775,-1.6993971938496455e-11
-3.482513125820364,-1.689909779420457e-11
-3.4820760360022502,-1.640422557635956e-11
-3.4816389461841366,-1.621218191016704e-11
-3.481201856366023,-1.5968981175278193e-11
-3.4807647665479093,-1.5698947578157577e-11
-3.4803276767297957,-1.5667241295379692e-11
-3.479890586911682,-1.5199418471524308e-11
-3.4794534970935684,-1.5187010673786473e-11
-3.479016407275455,-1.4718494376452354e-11
-3.478579317457341,-1.4551210385943728e-11
-3.4781422276392275,-1.4370397699649057e-11
-3.477705137821114,-1.4284442067410666e-11
-3.4772680480030003,-1.4061694098661554e-11
-3.4768309581848866,-1.3840650805267116e-11
-3.476393868366773,-1.3694976698353673e-11
-3.4759567785486594,-1.3546178212883188e-11
-3.4755196887305457,-1.3514057659156256e-11
-3.475082598912432,-1.3227779840660945e-11
-3.4746455090943185,-1.3133478512580846e-11
-3.474208419276205,-1.2846260535605658e-11
-3.473771329458091,-1.265962439644776e-11
-3.4733342396399776,-1.2632801248794026e-11
-3.472897149821864,-1.2388282041199137e-11
-3.4724600600037503,-1.2293116073834579e-11
-3.4720229701856367,-1.2194410155812676e-11
-3.471585880367523,-1.1941355712154242e-11
-3.4711487905494094,-1.1941273660214716e-11
-3.4707117007312958,-1.1734650307347783e-11
-3.470274610913182,-1.1564982548650617e-11
-3.4698375210950685,-1.1558053662275728e-11
-3.469400431276955,-1.1279904131828987e-11
-3.468963341458841,-1.1187433318233405e-11
-3.4685262516407276,-1.1061549546731486e-11
-3.468089161822614,-1.0970074149225582e-11
-3.4676520720045003,-1.0759733708124986e-11
-3.4672149821863867,-1.0789911430101766e-11
-3.466777892368273,-1.0577131669579846e-11
-3.4663408025501594,-1.0612134466754502e-11
-3.465903712732046,-1.0423701447533747e-11
-3.465466622913932,-1.0406157040140538e-11
-3.4650295330958185,-1.023640487071304e-11
-3.464592443277705,-1.0094898864328902e-11
-3.4641553534595912,-9.904045714349849e-12
-3.4637182636414776,-9.83261535811575e-12
-3.463281173823364,-9.742736349535093e-12
-3.4628440840052503,-9.639794422547625e-12
-3.4624069941871367,-9.591499602956734e-12
-3.461969904369023,-9.462375438448504e-12
-3.4615328145509094,-9.204718869622053e-12
-3.461095724732796,-9.161351690336138e-12
-3.460658634914682,-9.164341198461023e-12
-3.4602215450965685,-9.074847436124881e-12
-3.459784455278455,-8.866175141316883e-12
-3.4593473654603413,-8.798161683139818e-12
-3.4589102756422276,-8.843097543659072e-12
-3.458473185824114,-8.552181312838224e-12
-3.4580360960060004,-8.646263177609585e-12
-3.4575990061878867,-8.510614085233941e-12
-3.457161916369773,-8.332796789046409e-12
-3.4567248265516595,-8.478788687738257e-12
-3.456287736733546,-8.188735055441872e-12
-3.455850646915432,-8.311917908682931e-12
-3.4554135570973186,-8.007961091076355e-12
-3.454976467279205,-8.064280484645069e-12
-3.4545393774610913,-7.889792576270177e-12
-3.4541022876429777,-7.9405197811317e-12
-3.453665197824864,-7.6684125414312e-12
-3.4532281080067504,-7.684101418928416e-12
-3.4527910181886368,-7.662165824740023e-12
-3.452353928370523,-7.413050899924373e-12
-3.4519168385524095,-7.559084989683876e-12
-3.451479748734296,-7.334462389237215e-12
-3.4510426589161822,-7.304229881326927e-12
-3.4506055690980686,-7.380343271709677e-12
-3.450168479279955,-7.151496814845963e-12
-3.4497313894618413,-6.9846578792336584e-12
-3.4492942996437277,-7.052252726770063e-12
-3.448857209825614,-6.9733856344208286e-12
-3.4484201200075004,-6.738668739297642e-12
-3.447983030189387,-6.7422227385338504e-12
-3.447545940371273,-6.804051432546356e-12
-3.4471088505531595,-6.730083644622449e-12
-3.446671760735046,-6.593122980263475e-12
-3.4462346709169323,-6.433694155360781e-12
-3.4457975810988186,-6.416405139391307e-12
-3.445360491280705,-6.445964029068105e-12
-3.4449234014625914,-6.408829140043103e-12
-3.444486311644478,-6.283204456360802e-12
-3.4440492218263645,-6.097656708469126e-12
-3.443612132008251,-6.059776417843894e-12
-3.4431750421901373,-5.958790947525041e-12
-3.4427379523720236,-5.924002826885142e-12
-3.44230086255391,-5.907139234816472e-12
-3.4418637727357964,-5.85422641729372e-12
-3.4414266829176827,-5.878968828436783e-12
-3.440989593099569,-5.862886190057525e-12
-3.4405525032814555,-5.835240920274272e-12
-3.440115413463342,-5.7035587396607404e-12
-3.439678323645228,-5.617916510298212e-12
-3.4392412338271146,-5.572136951790844e-12
-3.438804144009001,-5.54966267409227e-12
-3.4383670541908873,-5.488264585810656e-12
-3.4379299643727737,-5.366712008024073e-12
-3.43749287455466,-5.341629037067995e-12
-3.4370557847365464,-5.246355034069796e-12
-3.4366186949184327,-5.172198649065046e-12
-3.436181605100319,-5.035795179387481e-12
-3.4357445152822055,-4.940921098005572e-12
-3.435307425464092,-4.770571180968722e-12
-3.434870335645978,-4.747857617832963e-12
-3.4344332458278646,-4.780514283344137e-12
-3.433996156009751,-4.794346174473778e-12
-3.4335590661916373,-4.866844762247902e-12
-3.4331219763735237,-4.826234978761436e-12
-3.43268488655541,-4.709858759013062e-12
-3.4322477967372964,-4.4494531799185314e-12
-3.4318107069191828,-4.3528343654360855e-12
-3.431373617101069,-4.34849107997096e-12
-3.4309365272829555,-4.475810788940605e-12
-3.430499437464842,-4.487166528095969e-12
-3.4300623476467282,-4.298085311026813e-12
-3.4296252578286146,-4.023827834563965e-12
-3.429188168010501,-4.029567180465783e-12
-3.4287510781923873,-4.204404722502313e-12
-3.4283139883742737,-4.182465801773328e-12
-3.42787689855616,-3.856537715962231e-12
-3.4274398087380464,-3.756003745365602e-12
-3.427002718919933,-3.957037309200726e-12
-3.426565629101819,-3.941005736405106e-12
-3.4261285392837055,-3.6226218773230697e-12
-3.425691449465592,-3.5651194464844906e-12
-3.4252543596474783,-3.816307526786588e-12
-3.4248172698293646,-3.5875186380596528e-12
-3.424380180011251,-3.371098635859299e-12
-3.4239430901931374,-3.588605065742644e-12
-3.4235060003750237,-3.501534367908642e-12
-3.42306891055691,-3.1800142900456297e-12
-3.4226318207387965,-3.3975919990431792e-12
-3.422194730920683,-3.367579290487977e-12
-3.421757641102569,-3.0202038413099606e-12
-3.4213205512844556,-3.3023246236088856e-12
-3.420883461466342,-3.116926769915118e-12
-3.4204463716482283,-2.9083259815320232e-12
-3.4200092818301147,-3.169034749984437e-12
-3.419572192012001,-2.7764924172629764e-12
-3.4191351021938874,-2.8931372876113398e-12
-3.4186980123757738,-2.9620240951702413e-12
-3.41826092255766,-2.546707908222135e-12
-3.4178238327395465,-2.8820856543508874e-12
-3.417386742921433,-2.4929505139172036e-12
-3.416949653103319,-2.688058832170232e-12
-3.4165125632852056,-2.5202939241010273e-12
-3.416075473467092,-2.4528270115074294e-12
-3.4156383836489783,-2.528582148623662e-12
-3.4152012938308647,-2.1626302017882104e-12
-3.414764204012751,-2.498999167946448e-12
-3.4143271141946374,-2.049736949179715e-12
-3.413890024376524,-2.478695947311804e-12
-3.41345293455841,-1.922751193848246e-12
-3.4130158447402965,-2.347128403529737e-12
-3.412578754922183,-1.887038291711279e-12
-3.4121416651040692,-2.2097329106178844e-12
-3.4117045752859556,-1.6859972059768437e-12
-3.411267485467842,-2.103949709812447e-12
-3.4108303956497283,-1.627819711797571e-12
-3.4103933058316147,-2.0296357657487585e-12
-3.409956216013501,-1.5309803668329031e-12
-3.4095191261953874,-1.849279847841567e-12
-3.409082036377274,-1.45150098372921e-12
-3.40864494655916,-1.7160746247343145e-12
-3.4082078567410465,-1.4371822784368175e-12
-3.407770766922933,-1.4257619263905642e-12
-3.4073336771048193,-1.5383366851220074e-12
-3.4068965872867056,-1.1363123540527841e-12
-3.406459497468592,-1.5793077682420612e-12
-3.4060224076504784,-8.994569854484394e-13
-3.4055853178323647,-1.3605019034254056e-12
-3.405148228014251,-1.0396224859378207e-12
-3.4047111381961375,-9.138828484971344e-13
-3.404274048378024,-1.2790891518792296e-12
-3.40383695855991,-6.787460305841408e-13
-3.4033998687417966,-1.0570088176842695e-12
-3.402962778923683,-8.731470172822122e-13
-3.4025256891055693,-5.437195785258394e-13
-3.4020885992874557,-1.0203022561851977e-12
-3.401651509469342,-4.682581330279222e-13
-3.4012144196512284,-5.300573911151239e-13
-3.4007773298331148,-8.200249766025343e-13
-3.400340240015001,-2.0071829561932209e-13
-3.3999031501968875,-4.809050430311419e-13
-3.399466060378774,-5.762334710898872e-13
-3.3990289705606602,-3.113297050274783e-14
-3.3985918807425466,-2.8020929420304165e-13
-3.398154790924433,-4.543192012351473e-13
-3.3977177011063193,1.7647582942113453e-13
-3.3972806112882057,-6.559506548172885e-14
-3.396843521470092,-3.1651804719392506e-13
-3.3964064316519784,2.635991887798848e-13
-3.395969341833865,2.591230608541148e-13
-3.395532252015751,-1.7263849858457056e-13
-3.3950951621976375,2.0267780379284363e-13
-3.394658072379524,6.310505721683728e-13
-3.3942209825614102,1.9734116624069742e-13
-3.3937838927432966,1.5913240529438465e-13
-3.393346802925183,7.605717730281867e-13
-3.3929097131070693,7.382724324021908e-13
-3.3924726232889557,3.152242674483048e-13
-3.392035533470842,5.261037219263824e-13
-3.3915984436527284,1.0578302077561891e-12
-3.391161353834615,9.537681275224108e-13
-3.390724264016501,5.578827448900779e-13
-3.3902871741983875,7.757081514238833e-13
-3.389850084380274,1.3416799987020118e-12
-3.3894129945621603,1.2845589350543278e-12
-3.3889759047440466,8.510722057317046e-13
-3.388538814925933,8.489065095329726e-13
-3.3881017251078194,1.456380659805016e-12
-3.3876646352897057,1.7143508315197709e-12
-3.387227545471592,1.3649502802074801e-12
-3.3867904556534785,1.097620534507054e-12
-3.386353365835365,1.2602943778546754e-12
-3.385916276017251,1.8469702383877137e-12
-3.3854791861991376,2.068170842105179e-12
-3.385042096381024,1.7969744456981625e-12
-3.3846050065629103,1.4133261267922883e-12
-3.3841679167447967,1.5455992596942328e-12
-3.383730826926683,2.132981940055132e-12
-3.3832937371085694,2.4820752541344066e-12
-3.3828566472904558,2.392360575652766e-12
-3.382419557472342,1.9866274633181347e-12
-3.3819824676542285,1.7308466331869485e-12
-3.381545377836115,2.006414707310773e-12
-3.3811082880180012,2.540410349342202e-12
-3.3806711981998876,2.9343171429965198e-12
-3.380234108381774,2.9989942043923435e-12
-3.3797970185636603,2.695291279246301e-12
-3.3793599287455467,2.3239824625644508e-12
-3.378922838927433,2.220494859460655e-12
-3.3784857491093194,2.5708365979131243e-12
-3.378048659291206,3.0220585153807915e-12
-3.377611569473092,3.4609214596559642e-12
-3.3771744796549785,3.679479875796648e-12
-3.376737389836865,3.5344321263622e-12
-3.3763003000187513,3.2460055502422937e-12
-3.3758632102006376,3.0056604732355614e-12
-3.375426120382524,2.8946264861304766e-12
-3.3749890305644104,2.976391412823868e-12
-3.3745519407462967,3.332789735020926e-12
-3.374114850928183,3.763300419247058e-12
-3.3736777611100695,4.179594967827207e-12
-3.373240671291956,4.425468244962355e-12
-3.372803581473842,4.562335026655809e-12
-3.3723664916557285,4.5180521332001146e-12
-3.371929401837615,4.331528243708142e-12
-3.3714923120195013,4.117301082944002e-12
-3.3710552222013876,3.9647183214256095e-12
-3.370618132383274,3.7986524209952325e-12
-3.3701810425651604,3.806537269468273e-12
-3.3697439527470467,3.928727962411953e-12
-3.369306862928933,4.121227330336055e-12
-3.3688697731108195,4.32386491499202e-12
-3.368432683292706,4.663013213836531e-12
-3.367995593474592,4.959238587366819e-12
-3.3675585036564786,5.2617942219651656e-12
-3.367121413838365,5.5032599894185724e-12
-3.3666843240202513,5.7650787341437974e-12
-3.3662472342021377,5.973948922940804e-12
-3.365810144384024,6.1411715505763626e-12
-3.3653730545659104,6.3179666219992404e-12
-3.3649359647477968,6.444569349727493e-12
-3.364498874929683,6.5710077966401166e-12
-3.3640617851115695,6.720566175548851e-12
-3.363624695293456,6.779348645836048e-12
-3.3631876054753422,6.8715720819438686e-12
-3.3627505156572286,6.962174411970115e-12
-3.362313425839115,7.118455435446307e-12
-3.3618763360210013,7.2109841826942245e-12
-3.3614392462028877,7.352416397996614e-12
-3.361002156384774,7.492658305619052e-12
-3.3605650665666604,7.621653441694761e-12
-3.360127976748547,7.760846074400568e-12
-3.359690886930433,7.95297562115999e-12
-3.3592537971123195,8.091142432410019e-12
-3.358816707294206,8.213440313403924e-12
-3.3583796174760923,8.383636253318212e-12
-3.3579425276579786,8.430153654869879e-12
-3.357505437839865,8.578508292311267e-12
-3.3570683480217514,8.563896806627329e-12
-3.3566312582036377,8.590602291922869e-12
-3.356194168385524,8.5497022016644e-12
-3.3557570785674105,8.401571774275834e-12
-3.355319988749297,8.271675091229168e-12
-3.354882898931183,8.104739965998997e-12
-3.3544458091130696,8.018242382891795e-12
-3.354008719294956,7.877119838955737e-12
-3.3535716294768423,7.791001321324728e-12
-3.3531345396587287,7.941911144095968e-12
-3.352697449840615,8.190088616309907e-12
-3.3522603600225014,8.608255148416617e-12
-3.3518232702043878,9.146362226105818e-12
-3.351386180386274,9.777308019677022e-12
-3.3509490905681605,1.045685361098433e-11
-3.350512000750047,1.1021465103969857e-11
-3.350074910931933,1.1370607469899924e-11
-3.3496378211138196,1.1399755416430132e-11
-3.349200731295706,1.1162022767499703e-11
-3.3487636414775923,1.0727105152361126e-11
-3.3483265516594787,1.0210541720357143e-11
-3.347889461841365,9.821272454587911e-12
-3.3474523720232514,9.776995519128185e-12
-3.3470152822051378,1.017109794200137e-11
-3.346578192387024,1.1054422229181111e-11
-3.346141102568911,1.2107308666338051e-11
-3.3457040127507973,1.3023388908448196e-11
-3.3452669229326837,1.3499705006614509e-11
-3.34482983311457,1.3257831037182245e-11
-3.3443927432964564,1.2578021004486817e-11
-3.343955653478343,1.1764712409355162e-11
-3.343518563660229,1.1292262261901479e-11
-3.3430814738421155,1.1644648397078745e-11
-3.342644384024002,1.2726828446364097e-11
-3.3422072942058882,1.4144142559240642e-11
-3.3417702043877746,1.5169831264832236e-11
-3.341333114569661,1.528792040203589e-11
-3.3408960247515473,1.444992749019644e-11
-3.3404589349334337,1.3300084444250254e-11
-3.34002184511532,1.2764174897899384e-11
-3.3395847552972064,1.3455529070694898e-11
-3.339147665479093,1.5086079840230794e-11
-3.338710575660979,1.670620496201874e-11
-3.3382734858428655,1.7152517258561708e-11
-3.337836396024752,1.624495938197656e-11
-3.3373993062066383,1.4755891269285733e-11
-3.3369622163885246,1.4203911675517452e-11
-3.336525126570411,1.538890248425364e-11
-3.3360880367522974,1.7542002920797192e-11
-3.3356509469341837,1.8956558006015456e-11
-3.33521385711607,1.8452739093979614e-11
-3.3347767672979565,1.666463477916569e-11
-3.334339677479843,1.570583566497834e-11
-3.333902587661729,1.675971001478215e-11
-3.3334654978436156,1.9267931697452284e-11
-3.333028408025502,2.0839092265471024e-11
-3.3325913182073883,1.9915937471409602e-11
-3.3321542283892747,1.7829791976574088e-11
-3.331717138571161,1.7251633516798863e-11
-3.3312800487530474,1.9357587250280036e-11
-3.3308429589349338,2.2195238385131034e-11
-3.33040586911682,2.247885639448914e-11
-3.3299687792987065,2.023788555464737e-11
-3.329531689480593,1.8628412289102828e-11
-3.3290945996624792,2.0310890061907715e-11
-3.3286575098443656,2.3694015043864214e-11
-3.328220420026252,2.457430469663618e-11
-3.3277833302081383,2.209916308628378e-11
-3.3273462403900247,2.018596122334917e-11
-3.326909150571911,2.2200391092361912e-11
-3.3264720607537974,2.597856378622835e-11
-3.326034970935684,2.6348408977083805e-11
-3.32559788111757,2.3195897584625977e-11
-3.3251607912994565,2.190177128264115e-11
-3.324723701481343,2.5362718558390986e-11
-3.3242866116632293,2.87505739819781e-11
-3.3238495218451156,2.7186903449121417e-11
-3.323412432027002,2.36924181475218e-11
-3.3229753422088883,2.5019916175856525e-11
-3.3225382523907747,2.985292188461207e-11
-3.322101162572661,3.057867467306201e-11
-3.3216640727545474,2.656163134506907e-11
-3.321226982936434,2.5697996375683387e-11
-3.32078989311832,3.068997732662394e-11
-3.3203528033002065,3.332209431893961e-11
-3.319915713482093,2.942217895800483e-11
-3.3194786236639793,2.7173376452927273e-11
-3.3190415338458656,3.214473153944561e-11
-3.318604444027752,3.586796959699887e-11
-3.3181673542096384,3.1875089520309e-11
-3.3177302643915247,2.909373620929185e-11
-3.317293174573411,3.448964868363812e-11
-3.3168560847552975,3.839803306653489e-11
-3.316418994937184,3.367164283698952e-11
-3.31598190511907,3.1295024771209515e-11
-3.3155448153009566,3.79129635974957e-11
-3.315107725482843,4.0809277877521476e-11
-3.3146706356647293,3.481254199627151e-11
-3.3142335458466157,3.440515663108048e-11
-3.313796456028502,4.233738934409993e-11
-3.3133593662103884,4.2291121795571764e-11
-3.3129222763922748,3.567541810660215e-11
-3.312485186574161,3.940204713846129e-11
-3.3120480967560475,4.693995518385456e-11
-3.311611006937934,4.223176779912848e-11
-3.3111739171198202,3.793912219057059e-11
-3.3107368273017066,4.65451513408895e-11
-3.310299737483593,4.935756971486469e-11
-3.3098626476654793,4.11704990216327e-11
-3.3094255578473657,4.415819675777649e-11
-3.308988468029252,5.348009407218596e-11
-3.3085513782111384,4.774398141644574e-11
-3.308114288393025,4.3455637520070545e-11
-3.307677198574911,5.43493078910978e-11
-3.3072401087567975,5.493680485689095e-11
-3.306803018938684,4.5806385217504966e-11
-3.3063659291205703,5.3654737513211426e-11
-3.3059288393024566,6.082586541828136e-11
-3.305491749484343,5.0615632852210666e-11
-3.3050546596662294,5.323306076443204e-11
-3.3046175698481157,6.51373095739777e-11
-3.304180480030002,5.660057643609222e-11
-3.3037433902118885,5.395618858014407e-11
-3.303306300393775,6.83177438566285e-11
-3.302869210575661,6.294380603040358e-11
-3.3024321207575476,5.602876684598411e-11
-3.301995030939434,7.134554838131056e-11
-3.3015579411213203,6.904940270673249e-11
-3.3011208513032066,5.903568473033647e-11
-3.300683761485093,7.47803908604673e-11
-3.3002466716669794,7.476206206795304e-11
-3.2998095818488657,6.276114084765268e-11
-3.299372492030752,7.909839684099698e-11
-3.2989354022126385,8.010667927589561e-11
-3.298498312394525,6.686532286109906e-11
-3.298061222576411,8.462233963648742e-11
-3.2976241327582976,8.493651440411779e-11
-3.297187042940184,7.138137559412656e-11
-3.2967499531220703,9.145966281578564e-11
-3.2963128633039567,8.912612851816864e-11
-3.295875773485843,7.672169581370849e-11
-3.2954386836677294,9.970431482650908e-11
-3.2950015938496158,9.22476621432467e-11
-3.294564504031502,8.368076732678818e-11
-3.2941274142133885,1.0873146689184511e-10
-3.293690324395275,9.425045148783988e-11
-3.2932532345771612,9.337525692636787e-11
-3.2928161447590476,1.173025445663128e-10
-3.292379054940934,9.569558606133539e-11
-3.2919419651228203,1.0671349931466188e-10
-3.2915048753047067,1.2348376638160379e-10
-3.291067785486593,9.850920655840527e-11
-3.2906306956684794,1.235389390581927e-10
-3.290193605850366,1.2527168443947128e-10
-3.289756516032252,1.0648917144487e-10
-3.2893194262141385,1.4090550330983433e-10
-3.288882336396025,1.2289811109539113e-10
-3.2884452465779113,1.2332033328222353e-10
-3.2880081567597976,1.5302039063716726e-10
-3.287571066941684,1.2135023111324166e-10
-3.2871339771235704,1.4875614860898005e-10
-3.2866968873054567,1.5418881499742295e-10
-3.286259797487343,1.3054032198678841e-10
-3.2858227076692295,1.7422373777546812e-10
-3.285385617851116,1.4689152192603385e-10
-3.284948528033002,1.577691953637959e-10
-3.2845114382148886,1.850498271321104e-10
-3.284074348396775,1.4696359323764098e-10
-3.2836372585786613,1.94836281178608e-10
-3.2832001687605477,1.76135252673375e-10
-3.282763078942434,1.737241295516003e-10
-3.2823259891243204,2.1596431057801653e-10
-3.2818888993062068,1.6924793558646548e-10
-3.281451809488093,2.2155854990560255e-10
-3.2810147196699795,2.0544250084909825e-10
-3.280577629851866,1.9907046834278155e-10
-3.280140540033752,2.495342438979903e-10
-3.2797034502156386,1.9507291267999207e-10
-3.279266360397525,2.591240076683436e-10
-3.2788292705794113,2.3288392186024143e-10
-3.2783921807612977,2.374057228962928e-10
-3.277955090943184,2.853587980179185e-10
-3.2775180011250704,2.264148985878e-10
-3.277080911306957,3.0955164279437286e-10
-3.276643821488843,2.5718737964544287e-10
-3.2762067316707295,2.9548720109877267e-10
-3.275769641852616,3.1732404595236155e-10
-3.2753325520345022,2.7413787074504553e-10
-3.2748954622163886,3.6673761835059024e-10
-3.274458372398275,2.844347845257775e-10
-3.2740212825801613,3.777955763933837e-10
-3.2735841927620477,3.3752661518419434e-10
-3.273147102943934,3.5821231255784036e-10
-3.2727100131258204,4.1014919782876456e-10
-3.272272923307707,3.417400545395976e-10
-3.271835833489593,4.662775711019006e-10
-3.2713987436714795,3.6039072045106493e-10
-3.270961653853366,4.847001448197352e-10
-3.2705245640352523,4.2245332532427e-10
-3.2700874742171386,4.716749395426338e-10
-3.269650384399025,5.102363596958739e-10
-3.2692132945809114,4.5392431171173317e-10
-3.2687762047627977,5.939089306010325e-10
-3.268339114944684,4.6122953757271153e-10
-3.2679020251265705,6.493983860723886e-10
-3.267464935308457,5.108781594145538e-10
-3.267027845490343,6.695513434236847e-10
-3.2665907556722296,6.015669753953533e-10
-3.266153665854116,6.650408498940759e-10
-3.2657165760360023,7.174097515043888e-10
-3.2652794862178887,6.571903305088315e-10
-3.264842396399775,8.366750145553365e-10
-3.2644053065816614,6.685881135759441e-10
-3.2639682167635478,9.40775695598984e-10
-3.263531126945434,7.157366164231476e-10
-3.2630940371273205,1.0196614551839988e-09
-3.262656947309207,8.057628644138995e-10
-3.2622198574910932,1.0732007811145588e-09
-3.2617827676729796,9.368967620869632e-10
-3.261345677854866,1.1089913140388154e-09
-3.2609085880367523,1.101605036774702e-09
-3.2604714982186387,1.1392163238581528e-09
-3.260034408400525,1.2902758143466966e-09
-3.2595973185824114,1.17714147340107e-09
-3.259160228764298,1.493895149721816e-09
-3.258723138946184,1.234817788856084e-09
-3.2582860491280705,1.7065891658324935e-09
-3.257848959309957,1.3215639132347487e-09
-3.2574118694918432,1.9259707493497826e-09
-3.2569747796737296,1.4441370711941098e-09
-3.256537689855616,2.153593222150473e-09
-3.2561006000375023,1.6068673131053875e-09
-3.2556635102193887,2.394188113596196e-09
-3.255226420401275,1.812753392879308e-09
-3.2547893305831614,2.655630508618803e-09
-3.254352240765048,2.0642855806858194e-09
-3.253915150946934,2.9479589066755865e-09
-3.2534780611288205,2.3640473329825757e-09
-3.253040971310707,3.284005346564414e-09
-3.2526038814925933,2.715474842713944e-09
-3.2521667916744796,3.6794295215153712e-09
-3.251729701856366,3.1230561855339443e-09
-3.2512926120382524,4.153740200996282e-09
-3.2508555222201387,3.5927326188193762e-09
-3.250418432402025,4.73185450176043e-09
-3.2499813425839115,4.1316885694590105e-09
-3.249544252765798,5.446148661303971e-09
-3.249107162947684,4.748563449705708e-09
-3.2486700731295706,6.339802427380863e-09
-3.248232983311457,5.4534309002818305e-09
-3.2477958934933433,7.470986544069219e-09
-3.2473588036752297,6.258215841391288e-09
-3.246921713857116,8.918082550654457e-09
-3.2464846240390024,7.178468978328134e-09
-3.2460475342208888,1.07866545200104e-08
-3.245610444402775,8.237772353913395e-09
-3.2451733545846615,1.3216777952597982e-08
-3.244736264766548,9.477872814012769e-09
-3.2442991749484342,1.6390038631918308e-08
-3.2438620851303206,1.0980769542553925e-08
-3.243424995312207,2.0532375554464305e-08
-3.2429879054940933,1.2914346725484568e-08
-3.2425508156759797,2.5906885163290917e-08
-3.242113725857866,1.5622219139796312e-08
-3.2416766360397524,3.278432783788755e-08
-3.241239546221639,1.9797205640185802e-08
-3.240802456403525,4.137472501613842e-08
-3.2403653665854115,2.6807641124100583e-08
-3.239928276767298,5.169462753140825e-08
-3.2394911869491843,3.930188194025459e-08
-3.2390540971310706,6.335704920242253e-08
-3.238617007312957,6.231889778266551e-08
-3.2381799174948434,7.533118928766926e-08
-3.2377428276767297,1.053381097999039e-07
-3.237305737858616,8.599377020670733e-08
-3.2368686480405024,1.8613499213021495e-07
-3.236431558222389,9.483049746416053e-08
-3.235994468404275,3.3835379124114027e-07
-3.2355573785861615,1.1130959106872692e-07
-3.235120288768048,6.275532293248264e-07
-3.2346831989499343,1.952197767161721e-07
-3.234246109131821,1.1894691189176924e-06
-3.2338090193137075,6.556427083481944e-07
-3.233371929495594,2.3386673454742395e-06
-3.23293483967748,3.2949070581763535e-06
-3.2324977498593666,4.973082872413116e-06
-3.232060660041253,2.3813843013513963e-05
-3.2316235702231393,1.3230001478284895e-05
-3.2311864804050257,0.0004653120719040253
-3.230749390586912,0.00028622200593856137
-3.2303123007687984,0.5543301246755737
-3.2298752109506847,0.0020485991589232603
-3.229438121132571,0.00042422851341613054
-3.2290010313144575,5.25683767684611e-05
-3.228563941496344,2.6825070612389984e-05
-3.22812685167823,3.26882892848782e-05
-3.2276897618601166,6.482364055947262e-05
-3.227252672042003,0.0001748897667946064
-3.2268155822238893,0.0009532438500478148
-3.2263784924057757,0.014655685597861647
-3.225941402587662,1.8781980877852023
-3.2255043127695484,0.1472473591312489
-3.2250672229514348,0.001055376257209482
-3.224630133133321,0.00035600214776935313
-3.2241930433152075,8.269894273777924e-05
-3.223755953497094,6.005689002277482e-05
-3.2233188636789802,8.20775070504314e-05
-3.2228817738608666,0.00021000207102304477
-3.222444684042753,0.0009641125358672935
-3.2220075942246393,0.03198573168729125
-3.2215705044065257,1.743695982976878
-3.221133414588412,0.2641673970079129
-3.2206963247702984,0.3788386904177335
-3.220259234952185,0.4399553894233855
-3.219822145134071,0.003600205153793411
-3.2193850553159575,6.74626035962157e-05
-3.218947965497844,0.0001370444050456014
-3.2185108756797303,3.6730353146762723e-05
-3.2180737858616166,6.636616303648452e-05
-3.217636696043503,0.00015144420108068312
-3.2171996062253894,0.0005603153191533828
-3.2167625164072757,0.006376634924337333
-3.216325426589162,1.1988606672384574
-3.2158883367710485,0.6201463981653078
-3.215451246952935,0.004635514168725797
-3.215014157134821,0.0002786854264383479
-3.2145770673167076,0.00014509160818040507
-3.214139977498594,3.376403635830052e-05
-3.2137028876804803,2.4609259142596797e-05
-3.2132657978623667,1.1865542247488741e-05
-3.212828708044253,2.2624587188593147e-05
-3.2123916182261394,3.769739313268798e-05
-3.2119545284080258,8.086699512577926e-05
-3.211517438589912,0.002454917513092107
-3.2110803487717985,0.30330174620516576
-3.210643258953685,0.12624588261789396
-3.210206169135571,0.0008384992510625742
-3.2097690793174576,4.4049479365641147e-05
-3.209331989499344,4.983557451190776e-05
-3.2088948996812303,2.77308152975874e-06
-3.2084578098631167,6.422280590486255e-06
-3.208020720045003,3.0570696580845984e-06
-3.2075836302268894,5.785620123676634e-07
-3.207146540408776,1.6528667076943848e-06
-3.206709450590662,3.15391241769817e-07
-3.2062723607725485,4.7586991777813116e-07
-3.205835270954435,4.579009509606358e-07
-3.2053981811363212,9.541821717467906e-08
-3.2049610913182076,2.9218020041906447e-07
-3.204524001500094,1.2633513263890353e-07
-3.2040869116819803,9.274751115613547e-08
-3.2036498218638667,1.5074514687745e-07
-3.203212732045753,4.3679415125150667e-08
-3.2027756422276394,8.39490878435211e-08
-3.202338552409526,6.987058949580005e-08
-3.201901462591412,2.9439045145140824e-08
-3.2014643727732985,6.291045370530202e-08
-3.201027282955185,3.164356690580043e-08
-3.2005901931370713,2.8592002144849535e-08
-3.2001531033189576,4.1280113740278324e-08
-3.199716013500844,1.676695598215607e-08
-3.1992789236827304,2.6870254244432586e-08
-3.1988418338646167,2.4961207293387914e-08
-3.198404744046503,1.2309083700664974e-08
-3.1979676542283895,2.274278344568077e-08
-3.197530564410276,1.4762779831282108e-08
-3.197093474592162,1.1354703864373018e-08
-3.1966563847740486,1.7662648704860447e-08
-3.196219294955935,9.272872311670359e-09
-3.1957822051378213,1.0935586789362876e-08
-3.1953451153197077,1.2983939160660259e-08
-3.194908025501594,6.698092203573204e-09
-3.1944709356834804,1.0171653848305325e-08
-3.1940338458653668,9.341564703921803e-09
-3.193596756047253,5.6360647555003995e-09
-3.1931596662291395,9.057242221335866e-09
-3.192722576411026,6.811709775539448e-09
-3.1922854865929122,5.222906611037886e-09
-3.1918483967747986,7.823135107534783e-09
-3.191411306956685,5.197943155364668e-09
-3.1909742171385713,5.0223254833038835e-09
-3.1905371273204577,6.674606157813121e-09
-3.190100037502344,4.2374767036324726e-09
-3.1896629476842304,4.86204020274316e-09
-3.189225857866117,5.7254954390806575e-09
-3.188788768048003,3.7027947488544906e-09
-3.1883516782298895,4.703413669827147e-09
-3.187914588411776,5.012136944946142e-09
-3.1874774985936623,3.4325496944502513e-09
-3.1870404087755486,4.560944347060778e-09
-3.186603318957435,4.5259644854916215e-09
-3.1861662291393213,3.326987125871838e-09
-3.1857291393212077,4.462336657024051e-09
-3.185292049503094,4.240880037113542e-09
-3.1848549596849804,3.33153502539629e-09
-3.184417869866867,4.4325838700080585e-09
-3.183980780048753,4.130062731983433e-09
-3.1835436902306395,3.421465026966915e-09
-3.183106600412526,4.491061497498613e-09
-3.1826695105944123,4.174746436852127e-09
-3.1822324207762986,3.5899270816815098e-09
-3.181795330958185,4.653071113423448e-09
-3.1813582411400714,4.3676672729182586e-09
-3.1809211513219577,3.84164639773104e-09
-3.180484061503844,4.933042822497628e-09
-3.1800469716857305,4.714681716209039e-09
-3.179609881867617,4.189647660541841e-09
-3.179172792049503,5.347042554701869e-09
-3.1787357022313896,5.236412127914085e-09
-3.178298612413276,4.655622152292304e-09
-3.1778615225951623,5.914718331597637e-09
-3.1774244327770487,5.970572353126393e-09
-3.176987342958935,5.273390399453217e-09
-3.1765502531408214,6.6606717740171275e-09
-3.1761131633227078,6.97618993608645e-09
-3.175676073504594,6.096236681049518e-09
-3.1752389836864805,7.615113980823989e-09
-3.174801893868367,8.338879782123198e-09
-3.1743648040502532,7.2110993150658006e-09
-3.1739277142321396,8.815779213432245e-09
-3.173490624414026,1.0176545527172772e-08
-3.1730535345959123,8.763310405676714e-09
-3.1726164447777987,1.0313860171161103e-08
-3.172179354959685,1.264253855299055e-08
-3.1717422651415714,1.0998530642051277e-08
-3.171305175323458,1.2192707693286599e-08
-3.170868085505344,1.5921406675101982e-08
-3.1704309956872305,1.4328721482841489e-08
-3.169993905869117,1.4620171155145631e-08
-3.1695568160510033,2.021104456512704e-08
-3.1691197262328896,1.9428144822636102e-08
-3.168682636414776,1.797821787851342e-08
-3.1682455465966624,2.5689987143663276e-08
-3.1678084567785487,2.7353469431353945e-08
-3.167371366960435,2.3158634971162385e-08
-3.1669342771423215,3.2498231008022946e-08
-3.166497187324208,3.9653068261295774e-08
-3.166060097506094,3.2193828472316644e-08
-3.1656230076879806,4.086391734251471e-08
-3.165185917869867,5.837437011496875e-08
-3.1647488280517533,4.9527790167546245e-08
-3.1643117382336396,5.1819023430550195e-08
-3.163874648415526,8.579763895496326e-08
-3.1634375585974124,8.447043297693125e-08
-3.1630004687792987,6.988082521750762e-08
-3.162563378961185,1.23749908995499e-07
-3.1621262891430715,1.5582949807709455e-07
-3.161689199324958,1.120363272072247e-07
-3.161252109506844,1.7322630769975493e-07
-3.1608150196887306,3.007741766508584e-07
-3.160377929870617,2.3827013224584655e-07
-3.1599408400525033,2.414441514271227e-07
-3.1595037502343897,5.932912255204575e-07
-3.159066660416276,6.692068964855555e-07
-3.1586295705981624,4.1137067414799785e-07
-3.1581924807800488,1.192268377844631e-06
-3.157755390961935,2.3803086226921285e-06
-3.1573183011438215,1.5244009599296612e-06
-3.156881211325708,2.565705937641326e-06
-3.1564441215075942,1.2168022655029563e-05
-3.1560070316894806,1.7297591443647198e-05
-3.155569941871367,1.0595574691093138e-05
-3.1551328520532533,0.0002063334525531861
-3.1546957622351397,0.0022292790757626694
-3.154258672417026,0.22667649220898548
-3.1538215825989124,0.2192134591601449
-3.153384492780799,0.0022577593164289866
-3.152947402962685,0.00035939402211682743
-3.1525103131445715,0.0011936718630989566
-3.152073223326458,0.10042324322813392
-3.1516361335083443,0.6748408875954881
-3.1511990436902306,0.21170068039520937
-3.150761953872117,0.0011140027906263897
-3.1503248640540034,0.00042680328447502076
-3.1498877742358897,0.0010646892537569698
-3.149450684417776,0.14424288198305873
-3.1490135945996625,0.7399717802393807
-3.148576504781549,0.5935416746538774
-3.148139414963435,0.006626158801503123
-3.1477023251453216,0.0022057460165753667
-3.147265235327208,0.20562449429890936
-3.1468281455090943,0.6203188068119808
-3.1463910556909807,0.9484785788481451
-3.145953965872867,0.22667108875947015
-3.1455168760547534,0.0023689623143974283
-3.1450797862366398,0.006770012023944658
-3.1446426964185266,0.11606902237399587
-3.144205606600413,0.005418332858342327
-3.1437685167822993,0.28499176196933906
-3.1433314269641857,0.45699190903320097
-3.142894337146072,0.09872575530347327
-3.1424572473279584,0.38031641758434737
-3.1420201575098448,0.09740729405043067
-3.141583067691731,0.0012518749138443416
-3.1411459778736175,0.0005026287190686555
-3.140708888055504,0.001664676147898686
-3.14027179823739,0.44968610585183866
-3.1398347084192766,0.37663548293778326
-3.139397618601163,0.1521402794376841
-3.1389605287830493,0.004503865235695402
-3.1385234389649357,0.00026927435974676017
-3.138086349146822,0.0002932253840714104
-3.1376492593287084,0.0014939408037285063
-3.137212169510595,0.3150030096903464
-3.136775079692481,0.15927788807510426
-3.1363379898743675,0.0012838423704999266
-3.135900900056254,0.00015297253610401554
-3.1354638102381402,3.574926149909854e-05
-3.1350267204200266,1.615658483696329e-05
-3.134589630601913,8.42967398740927e-06
-3.1341525407837993,4.394521525796075e-06
-3.1337154509656857,3.1741120216491005e-06
-3.133278361147572,3.234243136412802e-06
-3.1328412713294584,4.243996211385524e-06
-3.132404181511345,7.355013152104719e-06
-3.131967091693231,1.408717156683451e-05
-3.1315300018751175,5.131515950777776e-05
-3.131092912057004,0.0031418182773136267
-3.1306558222388903,0.04253921698134859
-3.1302187324207766,0.03144006576209916
-3.129781642602663,0.09509856239625006
-3.1293445527845494,0.13882154280966255
-3.1289074629664357,0.0834086742701908
-3.128470373148322,0.11347216090168596
-3.1280332833302085,0.09963854151312881
-3.127596193512095,0.10939339110903563
-3.127159103693981,0.03885721649292862
-3.1267220138758676,0.06262091729107676
-3.126284924057754,0.06475562027761857
-3.1258478342396403,0.12030281631337505
-3.1254107444215267,0.10571414329832785
-3.124973654603413,0.08810933642560201
-3.1245365647852994,0.3049554654985145
-3.1240994749671858,0.36808433865252815
-3.123662385149072,0.3037400333920953
-3.1232252953309585,0.2575565750210699
-3.122788205512845,0.2731088561658478
-3.1223511156947312,0.1857595051890286
-3.1219140258766176,0.13602453633990363
-3.121476936058504,0.16833897813767112
-3.1210398462403903,0.15973241380369166
-3.1206027564222767,0.15026023891831994
-3.120165666604163,0.15818440495641237
-3.1197285767860494,0.14273758463597577
-3.119291486967936,0.18814016124743752
-3.118854397149822,0.1992177368432745
-3.1184173073317085,0.18152171860938954
-3.117980217513595,0.3600265421718748
-3.1175431276954813,0.3531403862896916
-3.1171060378773676,0.26012318093153536
-3.116668948059254,0.17874090139459603
-3.1162318582411404,0.1622145274162223
-3.1157947684230267,0.097619268929571
-3.115357678604913,0.16263265858969023
-3.1149205887867994,0.20824221325470565
-3.114483498968686,0.1958063740723428
-3.114046409150572,0.2307512812148831
-3.1136093193324585,0.20680779926456352
-3.113172229514345,0.17149603282863776
-3.1127351396962313,0.1904662331740166
-3.1122980498781176,0.1951365390649336
-3.111860960060004,0.18456013917311992
-3.1114238702418904,0.19722632260311704
-3.1109867804237767,0.21357594221655282
-3.110549690605663,0.14083473137934713
-3.1101126007875495,0.1344533644053185
-3.109675510969436,0.16471160313686406
-3.109238421151322,0.1972805687116532
-3.1088013313332086,0.15897985725102776
-3.108364241515095,0.14511689902054684
-3.1079271516969813,0.15614954679166046
-3.1074900618788677,0.203047450659447
-3.107052972060754,0.2323198082525791
-3.1066158822426404,0.18440048611452556
-3.1061787924245268,0.14363332292553346
-3.105741702606413,0.14477445726288557
-3.1053046127882995,0.14986077799766434
-3.104867522970186,0.1516225188322258
-3.1044304331520722,0.14866817508469424
-3.1039933433339586,0.16381631733656574
-3.103556253515845,0.185335471843009
-3.1031191636977313,0.20735766519904636
-3.1026820738796177,0.14634276679629643
-3.102244984061504,0.09931106216145803
-3.1018078942433904,0.05655932958282018
-3.101370804425277,0.0714172660216973
-3.100933714607163,0.06308950523494915
-3.1004966247890495,0.04289278854839814
-3.100059534970936,0.04504357679611235
-3.0996224451528223,0.0657991241607707
-3.0991853553347086,0.11990845109160264
-3.098748265516595,0.1504559929997665
-3.0983111756984814,0.09975272749331761
-3.0978740858803677,0.10217310126613999
-3.097436996062254,0.15853665087753455
-3.0969999062441405,0.15362702237937367
-3.096562816426027,0.13635063344837248
-3.096125726607913,0.1291068494664289
-3.0956886367897996,0.14374007734595162
-3.095251546971686,0.1889306287381061
-3.0948144571535723,0.17985140843798325
-3.0943773673354587,0.1358115293405089
-3.093940277517345,0.08918761837324787
-3.0935031876992314,0.0965990317667205
-3.0930660978811177,0.07299288344163482
-3.092629008063004,0.12296418975231009
-3.0921919182448905,0.21528782765826993
-3.091754828426777,0.2259120043095129
-3.091317738608663,0.11781249200706052
-3.0908806487905496,0.15806727852658492
-3.090443558972436,0.16238676003939242
-3.0900064691543223,0.18454370445264745
-3.0895693793362087,0.21256222404799072
-3.089132289518095,0.43688309937621683
-3.0886951996999814,0.3801878749249265
-3.0882581098818678,0.22954780842559466
-3.087821020063754,0.17954005196040274
-3.0873839302456405,0.18722057424250815
-3.086946840427527,0.1971350196536906
-3.0865097506094132,0.3169149614124173
-3.0860726607912996,0.33470328265881316
-3.085635570973186,0.4173123336231933
-3.0851984811550723,0.22579520844180095
-3.0847613913369587,0.17653945274577373
-3.084324301518845,0.22807413183822808
-3.0838872117007314,0.16782446404725992
-3.083450121882618,0.225663617637893
-3.083013032064504,0.3967841656287914
-3.0825759422463905,0.456447706540082
-3.082138852428277,0.3786363539604503
-3.0817017626101633,0.2109426647394977
-3.0812646727920496,0.19991408505812758
-3.080827582973936,0.13739786555565442
-3.0803904931558224,0.20435348002596102
-3.0799534033377087,0.3146406297451635
-3.079516313519595,0.35817045557448857
-3.0790792237014815,0.44124499816790014
-3.078642133883368,0.3310513705798215
-3.078205044065254,0.1396968950096448
-3.0777679542471406,0.21026769616142862
-3.077330864429027,0.15380400599629465
-3.0768937746109133,0.17601643201028022
-3.0764566847927997,0.2546772522303387
-3.076019594974686,0.21985147896973484
-3.0755825051565724,0.15305082393143402
-3.0751454153384588,0.10693792553713553
-3.074708325520345,0.16381643805498278
-3.0742712357022315,0.2847795475159064
-3.073834145884118,0.2787797808280956
-3.073397056066004,0.17973753531534034
-3.0729599662478906,0.15534496618493304
-3.072522876429777,0.17195810899954697
-3.0720857866116633,0.09996903880488055
-3.0716486967935497,0.02643461140614956
-3.071211606975436,0.03017045283724485
-3.0707745171573224,0.04620968937005167
-3.070337427339209,0.08047014081345173
-3.069900337521095,0.1097580120691078
-3.0694632477029815,0.15162359109022988
-3.069026157884868,0.0958270741608029
-3.0685890680667542,0.0030254435533425593
-3.0681519782486406,0.00023683317268662817
-3.067714888430527,0.0180658272978891
-3.0672777986124133,0.009051361407662236
-3.0668407087942997,0.013020170658446295
-3.066403618976186,0.11363725767040407
-3.0659665291580724,0.03979335766102522
-3.065529439339959,0.2079681541215423
-3.065092349521845,0.15251208587715975
-3.0646552597037315,0.12842073740226728
-3.064218169885618,0.07304594929678031
-3.0637810800675043,0.059980290645913474
-3.0633439902493906,0.06782375425777663
-3.062906900431277,0.08531553147881822
-3.0624698106131634,0.1625523713670693
-3.0620327207950497,0.17924544544961035
-3.061595630976936,0.14223078148800228
-3.0611585411588225,0.10484610643344572
-3.060721451340709,0.11179081882250826
-3.060284361522595,0.11371032138671065
-3.0598472717044816,0.0536382009824889
-3.059410181886368,0.0931973728742342
-3.0589730920682543,0.2020359252475731
-3.0585360022501407,0.1513378972835407
-3.058098912432027,0.11884535661812722
-3.0576618226139134,0.11793253776352881
-3.0572247327957998,0.11783977335733155
-3.056787642977686,0.10082512063452301
-3.0563505531595725,0.05874355635888399
-3.055913463341459,0.09239966699804471
-3.0554763735233452,0.09549901290431098
-3.0550392837052316,0.07029377162828068
-3.054602193887118,0.09582751939965224
-3.0541651040690043,0.10926200181143629
-3.0537280142508907,0.07994323610345523
-3.053290924432777,0.040396923024479836
-3.0528538346146634,0.04701283847372013
-3.05241674479655,0.0536205675956354
-3.051979654978436,0.07665004431440899
-3.0515425651603225,0.07753237831850336
-3.051105475342209,0.10127421336533982
-3.0506683855240952,0.11004201828924406
-3.0502312957059816,0.05941230521929826
-3.049794205887868,0.06133458192014102
-3.0493571160697543,0.06348309289100529
-3.0489200262516407,0.05865870547578956
-3.048482936433527,0.07273839220080502
-3.0480458466154134,0.0776427860672786
-3.0476087567973,0.10086977371026729
-3.047171666979186,0.09036702647863748
-3.0467345771610725,0.058088105853975856
-3.046297487342959,0.05614498971159266
-3.0458603975248453,0.06661888195153629
-3.0454233077067316,0.08214179296345216
-3.044986217888618,0.09149583561822273
-3.0445491280705044,0.09160939586902975
-3.0441120382523907,0.051711445248316605
-3.043674948434277,0.04390563503291541
-3.0432378586161635,0.05310123358829223
-3.04280076879805,0.07968555456605508
-3.042363678979936,0.08538431266215503
-3.0419265891618226,0.08805950292615214
-3.041489499343709,0.08080700263753406
-3.0410524095255953,0.07991609966466026
-3.0406153197074817,0.06574420055482806
-3.040178229889368,0.07961824075154136
-3.0397411400712544,0.11385133219295793
-3.0393040502531408,0.12318408694933661
-3.038866960435027,0.10438348401165468
-3.0384298706169135,0.10860481327771196
-3.0379927807988,0.0997550263615946
-3.0375556909806862,0.11291624014360273
-3.0371186011625726,0.15444338663325946
-3.036681511344459,0.11637588913049522
-3.0362444215263453,0.058629555856907004
-3.0358073317082317,0.06454159243224944
-3.035370241890118,0.06300561177326988
-3.0349331520720044,0.06335134997443859
-3.034496062253891,0.06651331850097665
-3.034058972435777,0.07949860481071573
-3.0336218826176635,0.08843856049766115
-3.03318479279955,0.046361320418922554
-3.0327477029814363,0.04682827847331715
-3.0323106131633226,0.04991078618920558
-3.031873523345209,0.045878582146711124
-3.0314364335270954,0.07516390017724006
-3.0309993437089817,0.10730377489540777
-3.030562253890868,0.05348879772108307
-3.0301251640727545,0.048146504147122494
-3.0296880742546413,0.035744129114176564
-3.0292509844365276,0.08452423160967797
-3.028813894618414,0.10774213548381488
-3.0283768048003004,0.1244858660175733
-3.0279397149821867,0.13153339004938697
-3.027502625164073,0.09935678411075247
-3.0270655353459595,0.10274287210667932
-3.026628445527846,0.12595486920009927
-3.026191355709732,0.104900187429161
-3.0257542658916186,0.1250954540917766
-3.025317176073505,0.1605392870998081
-3.0248800862553913,0.14890194586356725
-3.0244429964372777,0.12064842086996716
-3.024005906619164,0.10831859280093571
-3.0235688168010504,0.11763442554096472
-3.0231317269829368,0.11983131864850428
-3.022694637164823,0.15102656175154844
-3.0222575473467095,0.13761330474796246
-3.021820457528596,0.12097637244419931
-3.021383367710482,0.09127731634075546
-3.0209462778923686,0.10380499007862846
-3.020509188074255,0.09349336834347535
-3.0200720982561413,0.13479395080245973
-3.0196350084380277,0.16268984334977016
-3.019197918619914,0.1347023778136784
-3.0187608288018004,0.09800920302182378
-3.0183237389836868,0.12230345282896994
-3.017886649165573,0.10397228883879375
-3.0174495593474595,0.13610016178312462
-3.017012469529346,0.1434793424936214
-3.0165753797112322,0.1238611811056508
-3.0161382898931186,0.12653768283803285
-3.015701200075005,0.16958413457840674
-3.0152641102568913,0.14699573849071412
-3.0148270204387777,0.14381004737874442
-3.014389930620664,0.1382974795403865
-3.0139528408025504,0.1457844116076546
-3.013515750984437,0.15852077672674422
-3.013078661166323,0.15446698295408495
-3.0126415713482095,0.1272864474430501
-3.012204481530096,0.09825534878133527
-3.0117673917119823,0.10206074516639171
-3.0113303018938686,0.12979535948508347
-3.010893212075755,0.12656726075470434
-3.0104561222576414,0.1377904315265786
-3.0100190324395277,0.13207296465843696
-3.009581942621414,0.14022620185438736
-3.0091448528033005,0.10782407771575106
-3.008707762985187,0.10196564855146717
-3.008270673167073,0.10647048034056192
-3.0078335833489596,0.1372512211892228
-3.007396493530846,0.10958388101113457
-3.0069594037127323,0.17359491615012887
-3.0065223138946187,0.1878075481503217
-3.006085224076505,0.19296590444201414
-3.0056481342583914,0.21728261266434037
-3.0052110444402778,0.23609647748310972
-3.004773954622164,0.22339260115653148
-3.0043368648040505,0.17085162016402783
-3.003899774985937,0.19196411046779807
-3.003462685167823,0.20798129102427823
-3.0030255953497096,0.22886591393693081
-3.002588505531596,0.2879460303132406
-3.0021514157134823,0.23840230028116308
-3.0017143258953687,0.10433504616301074
-3.001277236077255,0.10211062218237787
-3.0008401462591414,0.12231645886566408
-3.000403056441028,0.12316016929070477
-2.999965966622914,0.12814769080941604
-2.9995288768048005,0.15515378021853263
-2.999091786986687,0.1529833892709029
-2.9986546971685732,0.08334422151036879
-2.9982176073504596,0.08077856148656488
-2.997780517532346,0.08360890184992323
-2.9973434277142323,0.07474275096009372
-2.9969063378961187,0.07008605533814605
-2.996469248078005,0.0706808829552004
-2.9960321582598914,0.07670053515415551
-2.995595068441778,0.0842533135934735
-2.995157978623664,0.08531191028739019
-2.9947208888055505,0.08719386648695997
-2.994283798987437,0.08600477019351628
-2.9938467091693233,0.08138739557783689
-2.9934096193512096,0.08474682222655945
-2.992972529533096,0.09103175804999263
-2.9925354397149824,0.09465569455589318
-2.9920983498968687,0.0941390449567815
-2.991661260078755,0.09090905890331193
-2.9912241702606415,0.0928171013515361
-2.990787080442528,0.09161375954668065
-2.990349990624414,0.0895142052833126
-2.9899129008063006,0.09002687865700118
-2.989475810988187,0.0929976523808257
-2.9890387211700733,0.08944739311644286
-2.9886016313519597,0.08805443917732933
-2.988164541533846,0.0948967104069226
-2.9877274517157324,0.09826580853392909
-2.9872903618976188,0.10526970475810328
-2.986853272079505,0.10756988186043197
-2.9864161822613915,0.10940568819809084
-2.985979092443278,0.10840745838170877
-2.9855420026251642,0.11304425366290607
-2.9851049128070506,0.11928461231480093
-2.984667822988937,0.11988192222306285
-2.9842307331708233,0.12223227346853516
-2.9837936433527097,0.13557024566741516
-2.983356553534596,0.13323792803799608
-2.9829194637164824,0.1481957682147108
-2.982482373898369,0.15935062947141873
-2.982045284080255,0.17303978645856397
-2.9816081942621415,0.19656342164252377
-2.981171104444028,0.15910484241159614
-2.9807340146259143,0.1838318282108869
-2.9802969248078006,0.16566492068513744
-2.979859834989687,0.1488028486379305
-2.9794227451715734,0.14329096022464038
-2.9789856553534597,0.13455355916222797
-2.978548565535346,0.13495094584136785
-2.9781114757172324,0.12761016102818432
-2.977674385899119,0.11996411492376213
-2.977237296081005,0.12077198146748871
-2.9768002062628915,0.11918108005825057
-2.976363116444778,0.10471143166095953
-2.9759260266266643,0.1020263859449995
-2.9754889368085506,0.10549074919318102
-2.975051846990437,0.11126925432609026
-2.9746147571723234,0.10759158258056971
-2.9741776673542097,0.1055984127308266
-2.973740577536096,0.104431735183339
-2.9733034877179825,0.09444656588550301
-2.972866397899869,0.09173489567629459
-2.972429308081755,0.09705889805665961
-2.9719922182636416,0.10782817625710328
-2.971555128445528,0.1076972263750732
-2.9711180386274143,0.1013455231183246
-2.9706809488093007,0.10260556026874389
-2.970243858991187,0.10333504741615958
-2.9698067691730734,0.1024573870430211
-2.9693696793549598,0.09908407403194666
-2.968932589536846,0.08960030530723022
-2.9684954997187325,0.08854766807354882
-2.968058409900619,0.08418875542596939
-2.9676213200825052,0.08192060938150257
-2.9671842302643916,0.0871384038707439
-2.966747140446278,0.0934751309110768
-2.9663100506281643,0.08957813040048747
-2.9658729608100507,0.09078781095345881
-2.965435870991937,0.08539898108081852
-2.9649987811738234,0.08387797495255665
-2.96456169135571,0.08349894596923783
-2.964124601537596,0.08579175314102752
-2.9636875117194825,0.08637071346936934
-2.963250421901369,0.08785909470220644
-2.9628133320832553,0.08139443794232178
-2.9623762422651416,0.08286179922719196
-2.961939152447028,0.08888051000457273
-2.9615020626289144,0.08478290885705551
-2.9610649728108007,0.0717453843579328
-2.960627882992687,0.0718670984039492
-2.9601907931745735,0.07501484971159175
-2.95975370335646,0.0812419942687889
-2.959316613538346,0.07502492393148041
-2.9588795237202326,0.06972034367106761
-2.958442433902119,0.04917542030969988
-2.9580053440840053,0.04266453984171075
-2.9575682542658916,0.04182003842302948
-2.957131164447778,0.044706069288105076
-2.9566940746296644,0.04496644992029546
-2.9562569848115507,0.04973817452245554
-2.955819894993437,0.04950747201938086
-2.9553828051753235,0.05584276298696683
-2.95494571535721,0.058920773177373764
-2.954508625539096,0.06342317914815725
-2.9540715357209826,0.07412924339691414
-2.953634445902869,0.07533981735982212
-2.9531973560847553,0.0788028336728759
-2.9527602662666417,0.09349410360996006
-2.952323176448528,0.0893445263670206
-2.9518860866304144,0.07611598255560323
-2.9514489968123008,0.07516851122248412
-2.951011906994187,0.08335861621811824
-2.9505748171760735,0.0760461793078507
-2.95013772735796,0.07717506104749762
-2.9497006375398462,0.07582652612871896
-2.9492635477217326,0.07575583303589122
-2.948826457903619,0.07159016090374501
-2.9483893680855053,0.0723215176529346
-2.9479522782673917,0.09504986178710709
-2.947515188449278,0.13831599375268547
-2.9470780986311644,0.18078441633364242
-2.946641008813051,0.17156905185471755
-2.9462039189949376,0.09285829079499393
-2.945766829176824,0.08985405594964278
-2.9453297393587103,0.09370043237471533
-2.9448926495405967,0.07664602936911248
-2.944455559722483,0.06921711464513444
-2.9440184699043694,0.06674327762197442
-2.943581380086256,0.06978358101939457
-2.943144290268142,0.06157344697005247
-2.9427072004500285,0.06640201620619787
-2.942270110631915,0.06788405119847578
-2.9418330208138013,0.06612624383692743
-2.9413959309956876,0.061214617072357466
-2.940958841177574,0.0605600147296169
-2.9405217513594604,0.061124421171012126
-2.9400846615413467,0.0460227311562598
-2.939647571723233,0.04796777994366835
-2.9392104819051195,0.06145851644650134
-2.938773392087006,0.07489827694453723
-2.938336302268892,0.12079352985298934
-2.9378992124507786,0.1826836188261254
-2.937462122632665,0.28348904860063606
-2.9370250328145513,0.35511341630251875
-2.9365879429964377,0.44109636018225074
-2.936150853178324,0.37272403659905157
-2.9357137633602104,0.2942507352789909
-2.9352766735420968,0.27807222351254013
-2.934839583723983,0.21054864317753205
-2.9344024939058695,0.18112141243011778
-2.933965404087756,0.1552370287545842
-2.9335283142696422,0.13094174308783532
-2.9330912244515286,0.08391921847856118
-2.932654134633415,0.08015383584823685
-2.9322170448153013,0.01586450791918544
-2.9317799549971877,0.0002398125129080604
-2.931342865179074,5.636254689608289e-05
-2.9309057753609604,2.3710735302004192e-05
-2.930468685542847,1.4154949896142972e-05
-2.930031595724733,1.1671433489483064e-05
-2.9295945059066195,1.3516480989368164e-05
-2.929157416088506,2.17928405706227e-05
-2.9287203262703922,4.925241345289339e-05
-2.9282832364522786,0.00019000367173359784
-2.927846146634165,0.02010068861110633
-2.9274090568160513,0.04056736891379372
-2.9269719669979377,0.17075849234269963
-2.926534877179824,0.14188119697200077
-2.9260977873617104,0.27869203715078716
-2.925660697543597,0.15132732807428037
-2.925223607725483,0.11046755323029192
-2.9247865179073695,0.044303314598569114
-2.924349428089256,0.0060517759288597605
-2.9239123382711423,0.00022661016611280428
-2.9234752484530286,5.226154597838795e-05
-2.923038158634915,2.0838700282320395e-05
-2.9226010688168014,1.1372201969594956e-05
-2.9221639789986877,8.142161939578976e-06
-2.921726889180574,7.727235262832772e-06
-2.9212897993624605,9.66039426922008e-06
-2.920852709544347,1.5391340116305178e-05
-2.920415619726233,3.0677147685028945e-05
-2.9199785299081196,7.965692130426298e-05
-2.919541440090006,0.00032110603857197877
-2.9191043502718923,0.004736261770793235
-2.9186672604537787,0.1309080657989375
-2.918230170635665,0.25888023304919533
-2.9177930808175514,0.08366928149049782
-2.9173559909994378,0.0019810334681740374
-2.916918901181324,0.000480925739686268
-2.9164818113632105,0.007441546785714645
-2.916044721545097,0.1144684737820122
-2.9156076317269832,0.21260672426420116
-2.9151705419088696,0.16481459917961527
-2.914733452090756,0.20548332780563625
-2.9142963622726423,0.22207605724621762
-2.9138592724545287,0.24133338187736314
-2.913422182636415,0.18033055936015874
-2.9129850928183014,0.1776123758498919
-2.912548003000188,0.2611170481558897
-2.912110913182074,0.22827916136651544
-2.9116738233639605,0.17748111870174127
-2.911236733545847,0.26207600874069414
-2.9107996437277333,0.25598369361578605
-2.9103625539096196,0.16879392097566429
-2.909925464091506,0.13950902457252398
-2.9094883742733924,0.12225880637676415
-2.9090512844552787,0.18619520543817722
-2.908614194637165,0.1579179012103409
-2.9081771048190515,0.1498886437889437
-2.907740015000938,0.17517293271592504
-2.907302925182824,0.18584770671561518
-2.9068658353647105,0.15168076752150195
-2.906428745546597,0.1786880184251932
-2.9059916557284833,0.14153811728116109
-2.9055545659103696,0.2034937672221099
-2.905117476092256,0.2981502685517912
-2.9046803862741424,0.2872187585257226
-2.9042432964560287,0.2509415376714789
-2.903806206637915,0.2105559531308263
-2.9033691168198015,0.21777004382543966
-2.902932027001688,0.09347141434133578
-2.902494937183574,0.041941047024526786
-2.9020578473654606,0.05107628491035694
-2.901620757547347,0.09096743970172269
-2.9011836677292333,0.10898791819352498
-2.9007465779111197,0.09560061772417021
-2.900309488093006,0.08925110912436175
-2.8998723982748924,0.1303287056189231
-2.8994353084567788,0.1746688672000303
-2.898998218638665,0.15815997601265605
-2.8985611288205515,0.11187302655079337
-2.898124039002438,0.14310777237936215
-2.8976869491843242,0.1424201366567526
-2.8972498593662106,0.14653916055088426
-2.896812769548097,0.13268819947938065
-2.8963756797299833,0.16590103079957566
-2.8959385899118697,0.19133700900628364
-2.895501500093756,0.14568706564928063
-2.8950644102756424,0.08363094602911601
-2.894627320457529,0.0471561299340303
-2.894190230639415,0.04954261738380724
-2.8937531408213015,0.05138209753055412
-2.893316051003188,0.053813414272580365
-2.8928789611850743,0.06532358201720172
-2.8924418713669606,0.0760609879579083
-2.892004781548847,0.06622585352541564
-2.8915676917307334,0.0686109297357128
-2.8911306019126197,0.09585299936558132
-2.890693512094506,0.11767803980858317
-2.8902564222763925,0.03445095661863753
-2.889819332458279,0.010917811302476743
-2.889382242640165,0.04497332242166209
-2.8889451528220516,0.058033153076671305
-2.888508063003938,0.06883536624336507
-2.8880709731858243,0.0760313993314378
-2.8876338833677107,0.07344119634843528
-2.887196793549597,0.053629664925438345
-2.8867597037314834,0.05457178127145019
-2.8863226139133698,0.033616326585864616
-2.885885524095256,0.0029113381609759395
-2.8854484342771425,0.00013850044767632616
-2.885011344459029,8.104609649297187e-05
-2.884574254640915,0.00017393099275830694
-2.8841371648228016,0.0011700530891725698
-2.883700075004688,0.031633957813700646
-2.8832629851865743,0.13849771471121677
-2.8828258953684607,0.2575519536217576
-2.882388805550347,0.2873886979744786
-2.8819517157322334,0.20351721511613863
-2.8815146259141198,0.059680009271058244
-2.881077536096006,0.037386448870118535
-2.8806404462778925,0.04899475089412676
-2.880203356459779,0.05175289624281521
-2.8797662666416652,0.10783996312907851
-2.8793291768235516,0.09114137840321591
-2.878892087005438,0.15069425513475787
-2.8784549971873243,0.15025724146732733
-2.8780179073692107,0.12106886590420671
-2.877580817551097,0.233697349857777
-2.8771437277329834,0.274798870394187
-2.87670663791487,0.17157089757830168
-2.876269548096756,0.2591010544172971
-2.8758324582786425,0.19212686832358042
-2.875395368460529,0.1134108346639097
-2.8749582786424153,0.24724114216463025
-2.8745211888243016,0.15738031245791603
-2.874084099006188,0.16843616558526373
-2.8736470091880744,0.11268761852161689
-2.8732099193699607,0.07449347945549763
-2.872772829551847,0.046206445646575764
-2.8723357397337335,0.04543857140287794
-2.87189864991562,0.08879584623134497
-2.871461560097506,0.12056649612385985
-2.8710244702793926,0.1745176180574287
-2.870587380461279,0.16774188332169926
-2.8701502906431653,0.1887613536771961
-2.8697132008250517,0.18658094660083155
-2.869276111006938,0.1482589990221654
-2.8688390211888244,0.10842621263817323
-2.8684019313707108,0.1394492530724546
-2.867964841552597,0.21796757496788427
-2.8675277517344835,0.17232570445915293
-2.86709066191637,0.14714445557482006
-2.866653572098256,0.1526978895147597
-2.8662164822801426,0.1303720479623958
-2.865779392462029,0.11418661141649619
-2.8653423026439153,0.1365161673578003
-2.8649052128258017,0.1870547618210416
-2.864468123007688,0.16455353614483084
-2.8640310331895744,0.10961476761707267
-2.863593943371461,0.11314779001371136
-2.863156853553347,0.10645351494047581
-2.8627197637352335,0.11848715794129301
-2.86228267391712,0.11623824362445742
-2.8618455840990062,0.10155061301039521
-2.8614084942808926,0.08778551790258608
-2.860971404462779,0.1144601096647787
-2.8605343146446653,0.11017006962188856
-2.8600972248265517,0.15568465627644873
-2.859660135008438,0.11575138042241914
-2.8592230451903244,0.07794134132992668
-2.858785955372211,0.09356363619850656
-2.858348865554097,0.08669536887123856
-2.8579117757359835,0.10703072915455515
-2.85747468591787,0.10518927907937202
-2.8570375960997563,0.10158141290327802
-2.8566005062816426,0.10302233050313943
-2.856163416463529,0.11697881148476727
-2.8557263266454154,0.1295938902150337
-2.8552892368273017,0.12045947866363063
-2.854852147009188,0.10916470236520281
-2.8544150571910745,0.11373344974577485
-2.853977967372961,0.11283037434723299
-2.853540877554847,0.12230055066855132
-2.8531037877367336,0.08278231343761229
-2.85266669791862,0.11169916141013463
-2.8522296081005063,0.11538056052929146
-2.8517925182823927,0.09505469155570216
-2.851355428464279,0.06885195493445942
-2.8509183386461654,0.09120264990487607
-2.8504812488280518,0.11177650533297345
-2.850044159009938,0.08521298770260843
-2.8496070691918245,0.06410738744106967
-2.849169979373711,0.05281790544506689
-2.8487328895555972,0.05481491397355142
-2.8482957997374836,0.03932724787172829
-2.84785870991937,0.035482854138387414
-2.8474216201012563,0.039758756951574915
-2.8469845302831427,0.0365257775920521
-2.846547440465029,0.043170375180643164
-2.8461103506469154,0.056500462818641205
-2.845673260828802,0.0536184561158803
-2.845236171010688,0.05913927439910606
-2.8447990811925745,0.06165828061540729
-2.844361991374461,0.06136027392008504
-2.8439249015563473,0.0827959872939011
-2.8434878117382336,0.09017035629377075
-2.84305072192012,0.0984514039595912
-2.8426136321020063,0.08826519729073189
-2.8421765422838927,0.08411292627088493
-2.841739452465779,0.10948079717238894
-2.8413023626476654,0.1154387984853947
-2.840865272829552,0.10185509271473037
-2.840428183011438,0.08063194870890825
-2.8399910931933245,0.10410164632367407
-2.839554003375211,0.12484250247624065
-2.8391169135570973,0.11565644116961557
-2.8386798237389836,0.09983045806213278
-2.83824273392087,0.11411739949883315
-2.8378056441027564,0.13878528463313175
-2.8373685542846427,0.1490626809415288
-2.836931464466529,0.14157807766280758
-2.8364943746484155,0.10622609887062355
-2.836057284830302,0.12533442383498233
-2.835620195012188,0.1138081425692947
-2.8351831051940746,0.09305764808502462
-2.834746015375961,0.08235369873312468
-2.8343089255578473,0.07990637000376244
-2.8338718357397337,0.08864452022347616
-2.83343474592162,0.09765889654240421
-2.8329976561035064,0.11490548593260239
-2.8325605662853928,0.1020538891198799
-2.832123476467279,0.08850826193201264
-2.8316863866491655,0.08376129635413074
-2.831249296831052,0.07985357585482102
-2.8308122070129382,0.10716733457571372
-2.8303751171948246,0.12121527389190233
-2.829938027376711,0.15042604008973373
-2.8295009375585973,0.17071789972402257
-2.8290638477404837,0.14088983295802912
-2.82862675792237,0.09759519369285682
-2.8281896681042564,0.1047743919670787
-2.827752578286143,0.11486147086001242
-2.827315488468029,0.1147576520233654
-2.8268783986499155,0.1650516704961152
-2.826441308831802,0.13212277402497305
-2.8260042190136883,0.08634487702843288
-2.8255671291955746,0.09493602198021152
-2.825130039377461,0.117850921273864
-2.8246929495593474,0.11762305203480183
-2.8242558597412337,0.11498758038065278
-2.82381876992312,0.12042206135526008
-2.8233816801050065,0.1300608669458707
-2.822944590286893,0.17310970432643846
-2.822507500468779,0.185260130262795
-2.8220704106506656,0.14080298108976785
-2.821633320832552,0.15503190193817534
-2.8211962310144383,0.19444641919498765
-2.8207591411963246,0.1861780205614544
-2.820322051378211,0.19857796220515198
-2.8198849615600974,0.20322334246466364
-2.8194478717419837,0.1927424017329405
-2.81901078192387,0.19343546670434628
-2.818573692105757,0.18687974752571404
-2.8181366022876433,0.17397059370861404
-2.8176995124695297,0.15323314952117958
-2.817262422651416,0.1555105738486619
-2.8168253328333024,0.1540343370688486
-2.8163882430151888,0.1632220078019996
-2.815951153197075,0.18074433588771258
-2.8155140633789615,0.17213042600657896
-2.815076973560848,0.16980849942716522
-2.814639883742734,0.1369666113462004
-2.8142027939246206,0.1147791185937029
-2.813765704106507,0.13457486127499374
-2.8133286142883933,0.1490355864267637
-2.8128915244702797,0.1376643869924429
-2.812454434652166,0.13025323876233866
-2.8120173448340524,0.11369782440653564
-2.811580255015939,0.09990571300146382
-2.811143165197825,0.08611826084208225
-2.8107060753797115,0.1222592419354663
-2.810268985561598,0.13040836896799815
-2.8098318957434842,0.12358291480439176
-2.8093948059253706,0.11913627893063686
-2.808957716107257,0.10719888094609807
-2.8085206262891433,0.10985882448681086
-2.8080835364710297,0.09972493646953422
-2.807646446652916,0.09544638483486352
-2.8072093568348024,0.10596016376647814
-2.806772267016689,0.11720852941719641
-2.806335177198575,0.1148700162622027
-2.8058980873804615,0.1289895345660051
-2.805460997562348,0.14749591365547837
-2.8050239077442343,0.1336333911725847
-2.8045868179261206,0.10620877864671092
-2.804149728108007,0.07707350680220994
-2.8037126382898934,0.08058639884576248
-2.8032755484717797,0.09139649436061256
-2.802838458653666,0.08498174842646758
-2.8024013688355525,0.08798167991723431
-2.801964279017439,0.06974690198620605
-2.801527189199325,0.08476158711487237
-2.8010900993812116,0.0818718749454078
-2.800653009563098,0.08472707802636167
-2.8002159197449843,0.10147148961366077
-2.7997788299268707,0.09500550181529266
-2.799341740108757,0.11364313414883698
-2.7989046502906434,0.11924433716206399
-2.7984675604725298,0.11897976396065237
-2.798030470654416,0.11293566301739318
-2.7975933808363025,0.12886599162462486
-2.797156291018189,0.14508156081762325
-2.7967192012000752,0.12446361303014365
-2.7962821113819616,0.08917664746177265
-2.795845021563848,0.07728746898354835
-2.7954079317457343,0.0860571097370767
-2.7949708419276207,0.09331138722152554
-2.794533752109507,0.0874188246693336
-2.7940966622913934,0.09782482001640214
-2.79365957247328,0.08162472858151518
-2.793222482655166,0.07296403249215085
-2.7927853928370525,0.07488521684541463
-2.792348303018939,0.09091036955265867
-2.7919112132008252,0.10150625416646256
-2.7914741233827116,0.0856422366717416
-2.791037033564598,0.09032679418128146
-2.7905999437464843,0.11963623881195054
-2.7901628539283707,0.11295538765945005
-2.789725764110257,0.09141676030078791
-2.7892886742921434,0.09762827372403407
-2.78885158447403,0.0974504503806891
-2.788414494655916,0.09508850312631004
-2.7879774048378025,0.09208683598743973
-2.787540315019689,0.10068208141098656
-2.7871032252015753,0.08804480293859092
-2.7866661353834616,0.07979927462579518
-2.786229045565348,0.09057624906072266
-2.7857919557472344,0.09117244701406894
-2.7853548659291207,0.11831311680967656
-2.784917776111007,0.11036286277177121
-2.7844806862928935,0.0733690699094437
-2.78404359647478,0.06687461145024685
-2.783606506656666,0.07730328928736949
-2.7831694168385526,0.10695895406253839
-2.782732327020439,0.154519042363332
-2.7822952372023253,0.1562255645973063
-2.7818581473842117,0.11492145238540712
-2.781421057566098,0.12333790914250065
-2.7809839677479844,0.1502869159955538
-2.7805468779298708,0.13648554188025394
-2.780109788111757,0.10770723941881737
-2.7796726982936435,0.09596111768800819
-2.77923560847553,0.10728289918059039
-2.7787985186574162,0.15360883101172768
-2.7783614288393026,0.15769254597399068
-2.777924339021189,0.15597852433035436
-2.7774872492030753,0.17515970356151872
-2.7770501593849617,0.16150639115598514
-2.776613069566848,0.17543834864666533
-2.7761759797487344,0.1764136982572982
-2.775738889930621,0.155059951414554
-2.775301800112507,0.15497593553837155
-2.7748647102943935,0.15066789027964042
-2.77442762047628,0.1472683854906351
-2.7739905306581663,0.12449128864042859
-2.7735534408400526,0.11698054480173413
-2.773116351021939,0.1394579375417153
-2.7726792612038254,0.14368191054894439
-2.7722421713857117,0.1546336559476999
-2.771805081567598,0.18189094446703233
-2.7713679917494844,0.1767033903797592
-2.770930901931371,0.16624774210203638
-2.770493812113257,0.187379106411651
-2.7700567222951435,0.18341607226248663
-2.76961963247703,0.1560822921625975
-2.7691825426589163,0.1680159083918969
-2.7687454528408026,0.16669568528715054
-2.768308363022689,0.18944998286594217
-2.7678712732045754,0.22217719469700467
-2.7674341833864617,0.22255188732345027
-2.766997093568348,0.2610077921840641
-2.7665600037502345,0.2806997940574273
-2.766122913932121,0.3123507964591009
-2.765685824114007,0.2894036658940188
-2.7652487342958936,0.2550833568957242
-2.76481164447778,0.21796226121518125
-2.7643745546596663,0.2356534549971318
-2.7639374648415527,0.19360515908419587
-2.763500375023439,0.0921555703136805
-2.7630632852053254,0.09746155569806654
-2.7626261953872118,0.10963548332557242
-2.762189105569098,0.10844996376029636
-2.7617520157509845,0.10928052514000543
-2.761314925932871,0.12611677915124503
-2.7608778361147572,0.185026297226276
-2.7604407462966436,0.23691566298899633
-2.76000365647853,0.24563179920463848
-2.7595665666604163,0.23509721539327502
-2.7591294768423027,0.23413571588476115
-2.758692387024189,0.21934380753047808
-2.7582552972060754,0.191133208926475
-2.757818207387962,0.17981596598941246
-2.757381117569848,0.17941895141200923
-2.7569440277517345,0.19979443148045634
-2.756506937933621,0.1421519468005409
-2.7560698481155073,0.1503979723568464
-2.7556327582973936,0.18704335063852334
-2.75519566847928,0.22063785550549372
-2.7547585786611664,0.1971082119207941
-2.7543214888430527,0.19569077444202726
-2.753884399024939,0.1597009128766538
-2.7534473092068255,0.14929696396136719
-2.753010219388712,0.19947839619907065
-2.752573129570598,0.1883126061542222
-2.7521360397524846,0.18009234306709823
-2.751698949934371,0.17156785937614408
-2.7512618601162573,0.13969850363583788
-2.7508247702981437,0.13350779021088977
-2.75038768048003,0.14066688630545707
-2.7499505906619164,0.20627468927643927
-2.7495135008438027,0.19695176134173042
-2.749076411025689,0.18184793945237707
-2.7486393212075755,0.1624653737426569
-2.748202231389462,0.22219680862343244
-2.747765141571348,0.2295085332062687
-2.7473280517532346,0.1887136593558713
-2.746890961935121,0.1859045849846756
-2.7464538721170073,0.1990316241611571
-2.7460167822988937,0.1532459475212831
-2.74557969248078,0.14366838774452798
-2.7451426026626664,0.1187779246883951
-2.7447055128445528,0.11743172701359975
-2.744268423026439,0.16077930391988038
-2.7438313332083255,0.15789253496213118
-2.743394243390212,0.11301028947573911
-2.7429571535720982,0.12737971393709077
-2.7425200637539846,0.14181215608964853
-2.742082973935871,0.145786043414843
-2.741645884117758,0.12348882626614448
-2.741208794299644,0.1367167109999596
-2.7407717044815305,0.1801875007109545
-2.740334614663417,0.17947729433018433
-2.7398975248453032,0.1885896964657763
-2.7394604350271896,0.265507891510565
-2.739023345209076,0.2592232610304092
-2.7385862553909623,0.19796730267330798
-2.7381491655728487,0.19924773358845754
-2.737712075754735,0.18662615162597299
-2.7372749859366214,0.1551446209801101
-2.736837896118508,0.12828671428585803
-2.736400806300394,0.12239222458805414
-2.7359637164822805,0.10656578044321996
-2.735526626664167,0.10478901360810843
-2.7350895368460533,0.11497217644047202
-2.7346524470279396,0.1292740457462426
-2.734215357209826,0.12451575811263961
-2.7337782673917124,0.10463369165945775
-2.7333411775735987,0.1318684670975064
-2.732904087755485,0.12828274125792805
-2.7324669979373715,0.10500565377801661
-2.732029908119258,0.07040122229270987
-2.731592818301144,0.06344098601955413
-2.7311557284830306,0.09434577235285668
-2.730718638664917,0.11609778363519486
-2.7302815488468033,0.10859723852347855
-2.7298444590286897,0.09989185466337784
-2.729407369210576,0.062311111466602516
-2.7289702793924624,0.021769670268883972
-2.7285331895743488,0.0011150972132498846
-2.728096099756235,0.00018048772503730153
-2.7276590099381215,0.0015809176103104114
-2.727221920120008,0.01156004567032384
-2.7267848303018942,0.01690907404477885
-2.7263477404837806,0.029113042833142373
-2.725910650665667,0.0493366490994401
-2.7254735608475533,0.0859388681994384
-2.7250364710294397,0.06421167683092002
-2.724599381211326,0.047396127915037924
-2.7241622913932124,0.04594209368284129
-2.723725201575099,0.047506774778060853
-2.723288111756985,0.05264550796224555
-2.7228510219388715,0.06360654161612957
-2.722413932120758,0.10155189103143085
-2.7219768423026443,0.15269181154983133
-2.7215397524845306,0.0937362991916735
-2.721102662666417,0.032218823002147054
-2.7206655728483033,0.08602531178529564
-2.7202284830301897,0.12355369019484048
-2.719791393212076,0.1263938640594224
-2.7193543033939624,0.10717855671000635
-2.718917213575849,0.07501753302415645
-2.718480123757735,0.08917499319611435
-2.7180430339396215,0.10771801859751391
-2.717605944121508,0.11168060485266806
-2.7171688543033943,0.12693529373024956
-2.7167317644852806,0.15052520996072363
-2.716294674667167,0.1591284687028345
-2.7158575848490534,0.17448157823633623
-2.7154204950309397,0.1628002812032701
-2.714983405212826,0.14878342754152135
-2.7145463153947125,0.17825608771752194
-2.714109225576599,0.17968837164891727
-2.713672135758485,0.17978862889483405
-2.7132350459403716,0.16261211732365724
-2.712797956122258,0.12095465574848177
-2.7123608663041443,0.17406074344463915
-2.7119237764860307,0.11535918925696333
-2.711486686667917,0.027405032023314537
-2.7110495968498034,0.06481948920009774
-2.7106125070316898,0.07923989762322595
-2.710175417213576,0.021255869933337803
-2.7097383273954625,0.03735747117282846
-2.709301237577349,0.029167181771033245
-2.7088641477592352,0.05088957747407915
-2.7084270579411216,0.017781450591478735
-2.707989968123008,0.004347501594504849
-2.7075528783048943,0.0008988610334827796
-2.7071157884867807,0.03851004670287145
-2.706678698668667,0.13533673107153468
-2.7062416088505534,0.17401435422908024
-2.70580451903244,0.12328561489081578
-2.705367429214326,0.1448695083655404
-2.7049303393962125,0.19104775033705987
-2.704493249578099,0.2368284420613252
-2.7040561597599853,0.23832178220744307
-2.7036190699418716,0.13141305324880734
-2.703181980123758,0.14710363188436076
-2.7027448903056444,0.21325993742691035
-2.7023078004875307,0.1475710215415351
-2.701870710669417,0.13768541396438003
-2.7014336208513035,0.14212004436295508
-2.70099653103319,0.13039009638973917
-2.700559441215076,0.10160809615989337
-2.7001223513969626,0.08623234314727686
-2.699685261578849,0.11465599425859033
-2.6992481717607353,0.11955055123055983
-2.6988110819426216,0.10818391070258684
-2.698373992124508,0.10788614180272725
-2.6979369023063944,0.1366283837725807
-2.6974998124882807,0.16259649570584825
-2.697062722670167,0.1407441756882312
-2.6966256328520535,0.11034547102610594
-2.69618854303394,0.14151718393701243
-2.695751453215826,0.14119986578092147
-2.6953143633977126,0.14778242330980182
-2.694877273579599,0.16047596623834284
-2.6944401837614853,0.19631967534202263
-2.6940030939433717,0.21555011844784447
-2.693566004125258,0.2131682774514525
-2.6931289143071444,0.18764834937511624
-2.6926918244890308,0.16984350289914474
-2.692254734670917,0.14613688608667896
-2.6918176448528035,0.14260257938204915
-2.69138055503469,0.1416290037675206
-2.6909434652165762,0.13490135749438836
-2.6905063753984626,0.14781096697995433
-2.690069285580349,0.15149716777459402
-2.6896321957622353,0.1415889915284199
-2.6891951059441217,0.1333889807290401
-2.688758016126008,0.1805287845330981
-2.6883209263078944,0.17920261028916612
-2.687883836489781,0.16058318817321451
-2.687446746671667,0.1278100861421154
-2.6870096568535535,0.12485861991512924
-2.68657256703544,0.1484802418857449
-2.6861354772173263,0.16495333423906297
-2.6856983873992126,0.1455743863207723
-2.685261297581099,0.12502788533368667
-2.6848242077629854,0.15987680502053755
-2.6843871179448717,0.1793008044236517
-2.683950028126758,0.16709234598844544
-2.6835129383086445,0.15474261324056013
-2.683075848490531,0.14115064116662515
-2.682638758672417,0.11943082587917804
-2.6822016688543036,0.10381818035660985
-2.68176457903619,0.11566648912510287
-2.6813274892180763,0.15106529727645293
-2.6808903993999627,0.1653996786955967
-2.680453309581849,0.15911047212212973
-2.6800162197637354,0.14026479337580752
-2.6795791299456218,0.15353376497020985
-2.679142040127508,0.1655585029511369
-2.6787049503093945,0.16464072444173036
-2.678267860491281,0.15133147755034648
-2.677830770673167,0.16137707363017761
-2.6773936808550536,0.17644480381536498
-2.67695659103694,0.17977471823664432
-2.6765195012188263,0.156192905593373
-2.6760824114007127,0.14311968487274992
-2.675645321582599,0.15457125109678535
-2.6752082317644854,0.14037274036126884
-2.6747711419463718,0.12985589889376223
-2.674334052128258,0.17298424451084873
-2.6738969623101445,0.2044196305603029
-2.673459872492031,0.19675752640757663
-2.6730227826739172,0.19189279687329827
-2.6725856928558036,0.19507274991110554
-2.67214860303769,0.19102455291702333
-2.6717115132195763,0.17622250338687095
-2.6712744234014627,0.18148192550862494
-2.670837333583349,0.18344672238229537
-2.6704002437652354,0.17729912340390222
-2.669963153947122,0.17178015017998263
-2.669526064129008,0.1624925434567761
-2.6690889743108945,0.14154289399136327
-2.668651884492781,0.12660679408343023
-2.6682147946746673,0.1088814850161846
-2.6677777048565536,0.09934612579068693
-2.66734061503844,0.10260609644708088
-2.6669035252203264,0.10570379374926173
-2.6664664354022127,0.11307574843111781
-2.666029345584099,0.11262999207907284
-2.6655922557659855,0.09120575990904807
-2.665155165947872,0.06867056915380192
-2.664718076129758,0.06500274566610023
-2.6642809863116446,0.0850350853862654
-2.663843896493531,0.10583598436808093
-2.6634068066754173,0.1241999976832691
-2.6629697168573037,0.12129727376301609
-2.66253262703919,0.10378516737185703
-2.6620955372210764,0.1102507487612172
-2.6616584474029628,0.1169783182520813
-2.661221357584849,0.11929690514827367
-2.6607842677667355,0.08622584959861443
-2.660347177948622,0.04594035620109109
-2.659910088130508,0.058855489874194984
-2.6594729983123946,0.057596192656499665
-2.659035908494281,0.05804751070042221
-2.6585988186761673,0.06604162739853922
-2.6581617288580537,0.07313022263018844
-2.65772463903994,0.07576671773552135
-2.6572875492218264,0.07718117528443348
-2.656850459403713,0.07937292557260774
-2.656413369585599,0.07774235078296887
-2.6559762797674855,0.07703288980893322
-2.655539189949372,0.0800794099570876
-2.6551021001312582,0.07958728944464422
-2.6546650103131446,0.11664154637633248
-2.654227920495031,0.1266458875658358
-2.6537908306769173,0.10465776134274686
-2.6533537408588037,0.0821829495278551
-2.65291665104069,0.07080723532884543
-2.6524795612225764,0.10045564130012175
-2.652042471404463,0.1346081405489267
-2.651605381586349,0.1633288422113248
-2.6511682917682355,0.1517022346703203
-2.650731201950122,0.133650597151409
-2.6502941121320083,0.1288640145291159
-2.6498570223138946,0.1321243977820982
-2.649419932495781,0.14079728118910495
-2.6489828426776674,0.1601986529673143
-2.6485457528595537,0.17565631884250646
-2.64810866304144,0.17509672325313846
-2.6476715732233265,0.16008531160286538
-2.647234483405213,0.1455356827159767
-2.646797393587099,0.14080750918242887
-2.6463603037689856,0.11312445619931329
-2.645923213950872,0.11299750154970045
-2.6454861241327583,0.10703024142554227
-2.6450490343146447,0.1138151802595195
-2.644611944496531,0.13632675209139186
-2.6441748546784174,0.12409038029538062
-2.6437377648603038,0.12737980062259083
-2.64330067504219,0.1410504366360199
-2.6428635852240765,0.15450633405399494
-2.642426495405963,0.16148751286548696
-2.6419894055878492,0.17884148742981368
-2.6415523157697356,0.18073079249470908
-2.641115225951622,0.18878460242682293
-2.6406781361335083,0.18162702133713315
-2.6402410463153947,0.16482285108173697
-2.639803956497281,0.1654989471440158
-2.6393668666791674,0.16478589108711203
-2.638929776861054,0.16038633570081062
-2.63849268704294,0.19110479011498174
-2.6380555972248265,0.16941768889117517
-2.637618507406713,0.15542696997991334
-2.6371814175885993,0.16241174830732713
-2.6367443277704856,0.15899470565213816
-2.636307237952372,0.18105387333952955
-2.6358701481342584,0.1893236163361554
-2.6354330583161447,0.2053226242560695
-2.634995968498031,0.19834823862467302
-2.6345588786799174,0.20529007713969522
-2.634121788861804,0.1886663161059678
-2.63368469904369,0.1790642240088934
-2.6332476092255765,0.19747827461106546
-2.632810519407463,0.22116606597719984
-2.6323734295893493,0.23508815113934145
-2.6319363397712356,0.2350469050755413
-2.631499249953122,0.23654190608900397
-2.6310621601350084,0.23128584495202714
-2.6306250703168947,0.2291138197649241
-2.630187980498781,0.23950813006050545
-2.6297508906806675,0.23362886091870627
-2.629313800862554,0.24743216038640894
-2.62887671104444,0.2620840201948519
-2.6284396212263266,0.2620918854796243
-2.628002531408213,0.24566249248656588
-2.6275654415900993,0.23150685093384213
-2.6271283517719857,0.23038053064122518
-2.626691261953872,0.2269754414010475
-2.6262541721357584,0.20885567344063016
-2.6258170823176448,0.22000472385633354
-2.625379992499531,0.23550257579963604
-2.6249429026814175,0.2464846643903446
-2.624505812863304,0.25168874269953156
-2.6240687230451902,0.251808278899036
-2.6236316332270766,0.2442314605454023
-2.623194543408963,0.23850537004092118
-2.6227574535908493,0.23006785137514824
-2.6223203637727357,0.2274964010557099
-2.621883273954622,0.19469601439289508
-2.6214461841365084,0.16012758931271548
-2.621009094318395,0.1727719460275495
-2.620572004500281,0.19411793596236512
-2.6201349146821675,0.1972339424985457
-2.619697824864054,0.2127305697163419
-2.6192607350459403,0.22938091575083425
-2.6188236452278266,0.2001612258089421
-2.618386555409713,0.15768419684850693
-2.6179494655915994,0.14063063259444616
-2.6175123757734857,0.15561700432960307
-2.617075285955372,0.16401371257025857
-2.6166381961372585,0.16762670645595262
-2.616201106319145,0.17343519999915766
-2.615764016501031,0.17005166049168255
-2.6153269266829176,0.1631334943301421
-2.614889836864804,0.16285953454301164
-2.6144527470466903,0.15367749668697714
-2.614015657228577,0.14015540709526872
-2.6135785674104635,0.14276155015708394
-2.61314147759235,0.1622944812591652
-2.612704387774236,0.15100801604534847
-2.6122672979561226,0.15623299618899708
-2.611830208138009,0.1696747511482049
-2.6113931183198953,0.18523346475410568
-2.6109560285017817,0.17265646670262055
-2.610518938683668,0.14307151858804326
-2.6100818488655544,0.1430306908470099
-2.6096447590474408,0.1313949576186242
-2.609207669229327,0.12727611803995093
-2.6087705794112135,0.11865311455117765
-2.6083334895931,0.1298129039213803
-2.607896399774986,0.12610322252442538
-2.6074593099568726,0.1446378357922177
-2.607022220138759,0.14869600882176318
-2.6065851303206453,0.13579785433589403
-2.6061480405025317,0.12152774119299108
-2.605710950684418,0.12103225784971548
-2.6052738608663044,0.1409284942048848
-2.604836771048191,0.16834999095889522
-2.604399681230077,0.18358513114995398
-2.6039625914119635,0.22764245867494076
-2.60352550159385,0.2539418752168023
-2.6030884117757362,0.2225893440667635
-2.6026513219576226,0.22865714328278244
-2.602214232139509,0.2415111293115261
-2.6017771423213953,0.25659241786040055
-2.6013400525032817,0.275043272524464
-2.600902962685168,0.23985684119620726
-2.6004658728670544,0.2311605983127106
-2.600028783048941,0.23077792083274665
-2.599591693230827,0.22594816738808884
-2.5991546034127135,0.2934838664271121
-2.5987175135946,0.3248314391209864
-2.5982804237764863,0.2856508844531485
-2.5978433339583726,0.22746558417425633
-2.597406244140259,0.1954309028496449
-2.5969691543221454,0.1762439354269747
-2.5965320645040317,0.1798899532960947
-2.596094974685918,0.1875345052843817
-2.5956578848678045,0.18948965290314432
-2.595220795049691,0.199522957071647
-2.594783705231577,0.21878034745596106
-2.5943466154134636,0.22730400631312325
-2.59390952559535,0.21872050564140907
-2.5934724357772363,0.2098086475632452
-2.5930353459591227,0.19673815621315138
-2.592598256141009,0.22449030885465565
-2.5921611663228954,0.20495089295667532
-2.5917240765047818,0.13874414336233531
-2.591286986686668,0.16459083236455616
-2.5908498968685545,0.16013895571774642
-2.590412807050441,0.14591070759593577
-2.5899757172323272,0.14731557126416714
-2.5895386274142136,0.1457963435171687
-2.5891015375961,0.13452341251840272
-2.5886644477779863,0.12349472463995599
-2.5882273579598727,0.12667480281003649
-2.587790268141759,0.13956054391710915
-2.5873531783236454,0.16422933530201106
-2.586916088505532,0.15408766110874167
-2.586478998687418,0.19476176826520006
-2.5860419088693045,0.19637306313577932
-2.585604819051191,0.1690449186520019
-2.5851677292330772,0.1255810894301404
-2.5847306394149636,0.12427695736242932
-2.58429354959685,0.14275415184770884
-2.5838564597787363,0.15590835703283018
-2.5834193699606227,0.16417752078669698
-2.582982280142509,0.20151962213787006
-2.5825451903243954,0.1693510730423213
-2.582108100506282,0.1727533093706561
-2.581671010688168,0.18767594196004497
-2.5812339208700545,0.18371986537643684
-2.580796831051941,0.1658818029421494
-2.5803597412338273,0.11917246484703885
-2.5799226514157136,0.10344740146867824
-2.5794855615976,0.13030246837508194
-2.5790484717794864,0.11632902551634502
-2.5786113819613727,0.09554512274576975
-2.578174292143259,0.10333666898149962
-2.5777372023251455,0.12344156357730343
-2.577300112507032,0.12234187663326589
-2.576863022688918,0.12795321461393308
-2.5764259328708046,0.13204697423482886
-2.575988843052691,0.11536550286604687
-2.5755517532345773,0.10413808930104226
-2.5751146634164637,0.1019163184953833
-2.57467757359835,0.08118163719277462
-2.5742404837802364,0.0875976484910049
-2.5738033939621228,0.09320083993377447
-2.573366304144009,0.11175950509006981
-2.5729292143258955,0.12700479566632536
-2.572492124507782,0.14649954523961897
-2.5720550346896682,0.1475573740262208
-2.5716179448715546,0.13367106821547178
-2.571180855053441,0.11061232702041357
-2.5707437652353273,0.10120282607550711
-2.5703066754172137,0.10011352685633466
-2.5698695855991,0.1057704810348163
-2.5694324957809864,0.11739569038932678
-2.568995405962873,0.12995311004509338
-2.568558316144759,0.13247859622987565
-2.5681212263266455,0.13670977266226222
-2.567684136508532,0.13614247369115023
-2.5672470466904183,0.13541872780399739
-2.5668099568723046,0.16023016489530922
-2.566372867054191,0.1677616887658313
-2.5659357772360774,0.14829011136591677
-2.5654986874179637,0.15374886758891002
-2.56506159759985,0.13047605483834926
-2.5646245077817365,0.12886462402294743
-2.564187417963623,0.1736362808316115
-2.563750328145509,0.1614935537325643
-2.5633132383273955,0.1502782052975926
-2.562876148509282,0.15834824169054637
-2.5624390586911683,0.1545520962953343
-2.5620019688730546,0.14084776535834947
-2.561564879054941,0.13506364768829257
-2.5611277892368274,0.14288355506886172
-2.5606906994187137,0.14287225363093323
-2.5602536096006,0.15383971956071232
-2.5598165197824865,0.16231772011906984
-2.559379429964373,0.17746195540997856
-2.558942340146259,0.18178377986327607
-2.5585052503281456,0.1591088294898624
-2.558068160510032,0.16328845663832922
-2.5576310706919183,0.16778239276611373
-2.5571939808738047,0.16371571647296648
-2.556756891055691,0.16040808699471243
-2.5563198012375774,0.1673339321568004
-2.5558827114194638,0.189703996262496
-2.55544562160135,0.1835156593267032
-2.5550085317832365,0.19023993496785127
-2.554571441965123,0.17803055921408534
-2.5541343521470092,0.14796600233561377
-2.5536972623288956,0.12644880791955473
-2.553260172510782,0.1214556767105254
-2.5528230826926683,0.1439921355277464
-2.5523859928745547,0.16970646791950514
-2.551948903056441,0.1641493754094488
-2.5515118132383274,0.16651594294901956
-2.551074723420214,0.18881541050737413
-2.5506376336021,0.18753403525296802
-2.5502005437839865,0.15076826294243834
-2.549763453965873,0.1341055610066752
-2.5493263641477593,0.1626218390372993
-2.5488892743296456,0.1749613806422649
-2.548452184511532,0.20363986457715394
-2.5480150946934184,0.19325467972204338
-2.5475780048753047,0.17193395040202972
-2.547140915057191,0.16246665058462956
-2.5467038252390775,0.1744808497207691
-2.546266735420964,0.18939094815867225
-2.54582964560285,0.19580702152907684
-2.5453925557847366,0.1947393294839186
-2.544955465966623,0.20505094253699394
-2.5445183761485093,0.23287411009843417
-2.5440812863303957,0.23293055019292067
-2.543644196512282,0.21059502460303897
-2.5432071066941684,0.23123558587010073
-2.5427700168760548,0.260226686229077
-2.542332927057941,0.2517594091749306
-2.5418958372398275,0.23498761364786688
-2.541458747421714,0.24189646831952544
-2.5410216576036,0.24202901820090963
-2.5405845677854866,0.2309839828645825
-2.540147477967373,0.2166338820637447
-2.5397103881492593,0.22057422906776109
-2.5392732983311457,0.25315106189286407
-2.538836208513032,0.21576799852213097
-2.5383991186949184,0.20727534625923866
-2.5379620288768048,0.2149723466994064
-2.537524939058691,0.20710234192039656
-2.537087849240578,0.19582949858500012
-2.5366507594224643,0.19443005991076961
-2.5362136696043507,0.2004068052662331
-2.535776579786237,0.17494839796630032
-2.5353394899681234,0.15902511551387838
-2.53490240015001,0.1796250055914578
-2.534465310331896,0.17617627365192673
-2.5340282205137825,0.17055385905109996
-2.533591130695669,0.15986158631707062
-2.5331540408775552,0.15828767663654944
-2.5327169510594416,0.18569687840067434
-2.532279861241328,0.20220517252690073
-2.5318427714232143,0.18812436052034612
-2.5314056816051007,0.1998433044394467
-2.530968591786987,0.18749704872609
-2.5305315019688734,0.16154602840641602
-2.53009441215076,0.14633192124589156
-2.529657322332646,0.16901117459362627
-2.5292202325145325,0.17825984078676466
-2.528783142696419,0.16923306664192275
-2.5283460528783053,0.20322534729732925
-2.5279089630601916,0.19156264556940888
-2.527471873242078,0.17246223872684094
-2.5270347834239644,0.17553347564368324
-2.5265976936058507,0.18335630703300845
-2.526160603787737,0.20214695034305566
-2.5257235139696235,0.2063313690382185
-2.52528642415151,0.1844803508194835
-2.524849334333396,0.1687843324602997
-2.5244122445152826,0.18316491856888728
-2.523975154697169,0.20031574645315403
-2.5235380648790553,0.18994058641735662
-2.5231009750609417,0.18125662377601706
-2.522663885242828,0.1633245660744524
-2.5222267954247144,0.1966172025164222
-2.5217897056066008,0.23808247812333252
-2.521352615788487,0.2516371828607679
-2.5209155259703735,0.24806424781282424
-2.52047843615226,0.2632370155465667
-2.5200413463341462,0.262869702502902
-2.5196042565160326,0.24395501102522746
-2.519167166697919,0.2584986001725694
-2.5187300768798053,0.23740606515897691
-2.5182929870616917,0.20539910559364447
-2.517855897243578,0.23009039524089606
-2.5174188074254644,0.26908102488007063
-2.516981717607351,0.24641885992791207
-2.516544627789237,0.243702574666773
-2.5161075379711235,0.24519394052022117
-2.51567044815301,0.2358946003801872
-2.5152333583348963,0.20117244299597295
-2.5147962685167826,0.1741293999213714
-2.514359178698669,0.1547921739201317
-2.5139220888805553,0.17262285948493503
-2.5134849990624417,0.19748416112812367
-2.513047909244328,0.20697715120376228
-2.5126108194262144,0.2063920694049492
-2.512173729608101,0.19502552087464872
-2.511736639789987,0.1952156232279707
-2.5112995499718735,0.19289546005834862
-2.51086246015376,0.1985531438488802
-2.5104253703356463,0.1977417106345498
-2.5099882805175326,0.1856340645330592
-2.509551190699419,0.17536120029061825
-2.5091141008813054,0.17473610668088627
-2.5086770110631917,0.17089157028210347
-2.508239921245078,0.16861990282239528
-2.5078028314269645,0.14674554454329325
-2.507365741608851,0.1511610928280795
-2.506928651790737,0.1413055706140395
-2.5064915619726236,0.1325204529448653
-2.50605447215451,0.11871410178844173
-2.5056173823363963,0.10821422435461213
-2.5051802925182827,0.13661116823243546
-2.504743202700169,0.15929173616653042
-2.5043061128820554,0.13514299520401907
-2.5038690230639418,0.12843221794325183
-2.503431933245828,0.1350324548999886
-2.5029948434277145,0.14661437680099706
-2.502557753609601,0.15110372516650683
-2.5021206637914872,0.14130262526694817
-2.5016835739733736,0.14509506004746317
-2.50124648415526,0.15451409603375882
-2.5008093943371463,0.16384004798142146
-2.5003723045190327,0.17009140995820832
-2.499935214700919,0.17254774317909252
-2.4994981248828054,0.20128835834148248
-2.499061035064692,0.21292698071383118
-2.498623945246578,0.19954829044890984
-2.4981868554284645,0.19493743868754204
-2.497749765610351,0.15969533693043814
-2.4973126757922373,0.14352853072740338
-2.4968755859741236,0.14860393407936706
-2.49643849615601,0.1612672465137346
-2.4960014063378964,0.16540712226051593
-2.4955643165197827,0.16787138582956432
-2.495127226701669,0.17345048099251
-2.4946901368835555,0.1659825071254534
-2.494253047065442,0.1563332136970035
-2.493815957247328,0.15671995633995978
-2.4933788674292146,0.16084426454923142
-2.492941777611101,0.1635863565670473
-2.4925046877929873,0.13568383460832986
-2.4920675979748736,0.11647390739091355
-2.49163050815676,0.12951417679376334
-2.4911934183386464,0.14172891330450293
-2.4907563285205327,0.15136298940784543
-2.490319238702419,0.13873935441219562
-2.4898821488843055,0.116496762936571
-2.489445059066192,0.12779365845922055
-2.489007969248078,0.16854938205978778
-2.4885708794299646,0.190310603727061
-2.488133789611851,0.1965979497799442
-2.4876966997937373,0.20415312415561765
-2.4872596099756237,0.19768816099851177
-2.48682252015751,0.19259644819611185
-2.4863854303393964,0.19133895507584536
-2.4859483405212828,0.19832920994041
-2.485511250703169,0.18362383739011376
-2.4850741608850555,0.16418207057415152
-2.484637071066942,0.16201921440830283
-2.4841999812488282,0.1530945313514665
-2.4837628914307146,0.14551885526281297
-2.483325801612601,0.15296784738162203
-2.4828887117944873,0.1575581404696878
-2.4824516219763737,0.1664720291659123
-2.48201453215826,0.16096468541953454
-2.4815774423401464,0.1491076767867792
-2.481140352522033,0.15108145151010768
-2.480703262703919,0.1931800141413083
-2.4802661728858055,0.20470854716757883
-2.479829083067692,0.18237817413679894
-2.4793919932495783,0.17820238413619902
-2.4789549034314646,0.1668269428103109
-2.478517813613351,0.15162648288622488
-2.4780807237952374,0.15822224018925843
-2.4776436339771237,0.16335761809819366
-2.47720654415901,0.16739525270661312
-2.4767694543408965,0.16496705203488873
-2.476332364522783,0.15673433147124652
-2.475895274704669,0.15631411450370902
-2.4754581848865556,0.15781501152958718
-2.475021095068442,0.1806742585439073
-2.4745840052503283,0.1769574757224622
-2.4741469154322147,0.1702013664889013
-2.473709825614101,0.1700805311196628
-2.4732727357959874,0.16818760815242814
-2.4728356459778738,0.18080789133047678
-2.47239855615976,0.20343869575590529
-2.4719614663416465,0.24251181612693745
-2.471524376523533,0.24420857811660152
-2.471087286705419,0.20201734982766606
-2.4706501968873056,0.16801527530488128
-2.470213107069192,0.1853461629562955
-2.4697760172510783,0.20420788141528987
-2.4693389274329647,0.17626487360478693
-2.468901837614851,0.17779876546190373
-2.4684647477967374,0.17422827401832458
-2.468027657978624,0.17694155875398185
-2.46759056816051,0.2091092173516817
-2.4671534783423965,0.20425609934673233
-2.466716388524283,0.19290655195559983
-2.4662792987061692,0.21830180716176617
-2.4658422088880556,0.24679258525886946
-2.465405119069942,0.24784824481796847
-2.4649680292518283,0.22612683281722942
-2.4645309394337147,0.19947678013297285
-2.464093849615601,0.1944632135953775
-2.4636567597974874,0.18497768274458157
-2.463219669979374,0.1696001539981483
-2.46278258016126,0.1374318256280995
-2.4623454903431465,0.10684201861436791
-2.461908400525033,0.0949178641096373
-2.4614713107069193,0.13094853220296235
-2.4610342208888056,0.17074752711681235
-2.460597131070692,0.15865232480361594
-2.4601600412525784,0.12819473988547483
-2.4597229514344647,0.12942251779146982
-2.459285861616351,0.17296004146445493
-2.4588487717982375,0.1803693574765967
-2.458411681980124,0.18639276664317025
-2.45797459216201,0.22633363602583473
-2.4575375023438966,0.2041345636614023
-2.457100412525783,0.1658068457118506
-2.4566633227076693,0.1691900350372127
-2.4562262328895557,0.16859325833305314
-2.455789143071442,0.18054388582139222
-2.4553520532533284,0.16833330675494623
-2.4549149634352148,0.12244351507986621
-2.454477873617101,0.12635637357324495
-2.4540407837989875,0.1300945229970659
-2.453603693980874,0.16364363579520239
-2.4531666041627602,0.14375173243095016
-2.4527295143446466,0.1321364983661708
-2.452292424526533,0.17858789592779492
-2.4518553347084193,0.19210797476326172
-2.4514182448903057,0.19465145216525048
-2.450981155072192,0.18852136168178898
-2.4505440652540784,0.17895153971584074
-2.450106975435965,0.16797557335872018
-2.449669885617851,0.17858450232703155
-2.4492327957997375,0.17361146089528043
-2.448795705981624,0.1964883292327951
-2.4483586161635102,0.1946007749957028
-2.4479215263453966,0.18537215198683238
-2.447484436527283,0.15814803707318173
-2.4470473467091693,0.10255813640056521
-2.4466102568910557,0.12646131593723933
-2.446173167072942,0.1710776536930581
-2.4457360772548284,0.14704403747933684
-2.445298987436715,0.0964260149356133
-2.444861897618601,0.07512354978527958
-2.4444248078004875,0.0688329853829617
-2.443987717982374,0.05768790050403016
-2.4435506281642603,0.04490423237276173
-2.4431135383461466,0.017063873204943174
-2.442676448528033,0.004875975351352893
-2.4422393587099194,0.004973584261707865
-2.4418022688918057,0.01627361465482687
-2.441365179073692,0.020187352681299734
-2.4409280892555785,0.027421307137949262
-2.440490999437465,0.024617433442241786
-2.440053909619351,0.016759092380203098
-2.4396168198012376,0.005213301247041342
-2.439179729983124,0.001017752126794057
-2.4387426401650103,2.7248756475811555e-05
-2.4383055503468967,1.2203235880722649e-05
-2.437868460528783,2.250620382819863e-05
-2.4374313707106694,5.9028666458897284e-05
-2.4369942808925558,0.0003826174008328939
-2.436557191074442,0.005712297314938644
-2.4361201012563285,0.011857087708018165
-2.435683011438215,0.025387547566775914
-2.4352459216201012,0.08578095584217874
-2.4348088318019876,0.13736614862610153
-2.434371741983874,0.1409315574234706
-2.4339346521657603,0.11982515360308432
-2.4334975623476467,0.09958195964952946
-2.433060472529533,0.06324391932211836
-2.4326233827114194,0.02340079469697818
-2.432186292893306,0.05425130349332967
-2.431749203075192,0.0695941922918808
-2.4313121132570785,0.02732792361109702
-2.430875023438965,0.0038883442924711256
-2.4304379336208513,0.01686537983064361
-2.4300008438027376,0.035993550614563385
-2.429563753984624,0.04005588448077668
-2.4291266641665104,0.022552013734262598
-2.4286895743483967,0.0021069678170831186
-2.428252484530283,0.00012225910791854175
-2.4278153947121695,3.363078546189296e-05
-2.427378304894056,1.0052188793858818e-05
-2.426941215075942,4.7736797035707176e-06
-2.4265041252578285,3.678007827424923e-06
-2.426067035439715,2.571909227398066e-06
-2.4256299456216013,1.44511109365632e-06
-2.4251928558034876,8.670661405409854e-07
-2.424755765985374,7.373987058657781e-07
-2.4243186761672604,6.619641144433993e-07
-2.4238815863491467,4.943925215989264e-07
-2.423444496531033,3.389715693243495e-07
-2.4230074067129195,2.779008517905025e-07
-2.422570316894806,2.6531392062947493e-07
-2.422133227076692,2.325941655111495e-07
-2.4216961372585786,1.8063172196763373e-07
-2.421259047440465,1.4700935401978524e-07
-2.4208219576223513,1.3893554735818688e-07
-2.4203848678042377,1.3241947608705884e-07
-2.419947777986124,1.1468111782846292e-07
-2.4195106881680104,9.701204263594134e-08
-2.4190735983498968,9.010840321823969e-08
-2.418636508531783,8.851117817724867e-08
-2.4181994187136695,8.318885407024089e-08
-2.417762328895556,7.527228447282614e-08
-2.4173252390774422,7.072338641142193e-08
-2.4168881492593286,6.989682683925852e-08
-2.416451059441215,6.899572120238615e-08
-2.4160139696231013,6.70118840899667e-08
-2.4155768798049877,6.577454860911516e-08
-2.415139789986874,6.602590762875766e-08
-2.4147027001687604,6.728541867302112e-08
-2.414265610350647,6.927525844379268e-08
-2.413828520532533,7.150140367715001e-08
-2.4133914307144195,7.458336785836418e-08
-2.412954340896306,8.158985370580227e-08
-2.4125172510781923,9.149421293413955e-08
-2.4120801612600786,9.557011941809072e-08
-2.411643071441965,9.984899955321393e-08
-2.4112059816238514,1.4833378238705982e-07
-2.4107688918057377,2.6516674747623463e-07
-2.410331801987624,3.200518683727475e-07
-2.4098947121695105,1.6477654750613476e-07
-2.409457622351397,2.3528074455707735e-06
-2.409020532533283,9.350006974841063e-05
-2.4085834427151696,0.0006067067623870345
-2.408146352897056,0.00032923250014814
-2.4077092630789423,3.6384319623880485e-06
-2.4072721732608287,2.463019977243296e-06
-2.406835083442715,1.3391980909965458e-06
-2.4063979936246014,1.5024172736805515e-06
-2.4059609038064877,2.5419871804439186e-06
-2.405523813988374,4.412318940117388e-06
-2.4050867241702605,1.0699516206140154e-05
-2.404649634352147,6.192533596222425e-05
-2.404212544534033,0.0013872928016335723
-2.4037754547159196,0.008685629433728862
-2.403338364897806,0.012332514734995048
-2.4029012750796923,0.009762271487026023
-2.4024641852615787,0.011265024037259526
-2.402027095443465,0.012220088976514507
-2.4015900056253514,0.009382498334904229
-2.4011529158072378,0.013829340136606725
-2.400715825989124,0.011017593530730504
-2.4002787361710105,0.004757654172860407
-2.399841646352897,0.0064317677392521635
-2.3994045565347832,0.0062745020008210025
-2.3989674667166696,0.018309910954267542
-2.398530376898556,0.03244524151672931
-2.3980932870804423,0.020102606558425034
-2.3976561972623287,0.02388219255402801
-2.397219107444215,0.049011600440642324
-2.3967820176261014,0.0599272324803765
-2.3963449278079882,0.02449081942029887
-2.3959078379898746,0.04146019028048605
-2.395470748171761,0.07221170267401854
-2.3950336583536473,0.0632457050950936
-2.3945965685355337,0.0459890935153184
-2.39415947871742,0.02822391629351615
-2.3937223888993064,0.03983480700882263
-2.393285299081193,0.03283076396448496
-2.392848209263079,0.020675169422243476
-2.3924111194449655,0.02227810996363381
-2.391974029626852,0.03392912331577419
-2.3915369398087383,0.04070796641127085
-2.3910998499906246,0.03730555768454003
-2.390662760172511,0.03389106613435121
-2.3902256703543974,0.047985737915864114
-2.3897885805362837,0.08970691634299036
-2.38935149071817,0.0615589464800483
-2.3889144009000565,0.05274965129283864
-2.388477311081943,0.0819448728691354
-2.388040221263829,0.06686290825038323
-2.3876031314457156,0.0338986062885808
-2.387166041627602,0.05770820347599783
-2.3867289518094883,0.1008685603361054
-2.3862918619913747,0.07631026853974845
-2.385854772173261,0.04917291645420737
-2.3854176823551474,0.04341511026466586
-2.3849805925370338,0.08502641081982412
-2.38454350271892,0.10478702232755908
-2.3841064129008065,0.1282163532536577
-2.383669323082693,0.16413206234702013
-2.3832322332645792,0.15344723316487582
-2.3827951434464656,0.13198945915391255
-2.382358053628352,0.1265780307454945
-2.3819209638102383,0.15689266491084755
-2.3814838739921247,0.18864942247387417
-2.381046784174011,0.18976672958551627
-2.3806096943558974,0.24196235409359762
-2.380172604537784,0.27727580011562497
-2.37973551471967,0.28498978612621756
-2.3792984249015565,0.3127252283928134
-2.378861335083443,0.3171737709365125
-2.3784242452653293,0.2977868954388793
-2.3779871554472156,0.3332156078053103
-2.377550065629102,0.34945418266283607
-2.3771129758109883,0.3242852699641045
-2.3766758859928747,0.332805440072065
-2.376238796174761,0.3749320656738965
-2.3758017063566474,0.3849085613812006
-2.375364616538534,0.38032499146743914
-2.37492752672042,0.38524287796559264
-2.3744904369023065,0.35525422357599246
-2.374053347084193,0.3798819447036633
-2.3736162572660793,0.43219938876974123
-2.3731791674479656,0.40546664441660724
-2.372742077629852,0.35695013627946814
-2.3723049878117384,0.3334697370126888
-2.3718678979936247,0.3487816595126584
-2.371430808175511,0.3736598294842434
-2.3709937183573975,0.362797826017284
-2.370556628539284,0.34523876204592135
-2.37011953872117,0.3392364785511584
-2.3696824489030566,0.321833188308163
-2.369245359084943,0.32143155664280326
-2.3688082692668293,0.32364120416460906
-2.3683711794487157,0.3042728188389958
-2.367934089630602,0.26138513501833016
-2.3674969998124884,0.24651261691358536
-2.3670599099943748,0.23798299926729108
-2.366622820176261,0.22835226999497404
-2.3661857303581475,0.2207213476452627
-2.365748640540034,0.21090787022422577
-2.3653115507219202,0.21014730911096127
-2.3648744609038066,0.2009896285697649
-2.364437371085693,0.20164783359213906
-2.3640002812675793,0.21960312375910407
-2.3635631914494657,0.2197229137855876
-2.363126101631352,0.22866520120095496
-2.3626890118132384,0.2438534360882511
-2.362251921995125,0.2353113633091059
-2.361814832177011,0.24003860911582467
-2.3613777423588975,0.25572571630475466
-2.360940652540784,0.2637383659469225
-2.3605035627226703,0.24986054966468937
-2.3600664729045566,0.23977933907516172
-2.359629383086443,0.232166566114306
-2.3591922932683294,0.22702983650409084
-2.3587552034502157,0.22206910041777986
-2.358318113632102,0.19157001852443264
-2.3578810238139885,0.18462985571507878
-2.357443933995875,0.2014559069198574
-2.357006844177761,0.20288233232147992
-2.3565697543596476,0.18875734260669796
-2.356132664541534,0.18372194170231218
-2.3556955747234203,0.17063565688295093
-2.3552584849053066,0.1728320727438588
-2.354821395087193,0.17209763811986808
-2.3543843052690794,0.1448659883277922
-2.3539472154509657,0.16348105237264604
-2.353510125632852,0.19458525309765368
-2.3530730358147385,0.1989977287591286
-2.352635945996625,0.19029265900201925
-2.352198856178511,0.19484585336563015
-2.3517617663603976,0.18858658889071692
-2.351324676542284,0.1965432932175469
-2.3508875867241703,0.22197965579260928
-2.3504504969060567,0.22110137320317266
-2.350013407087943,0.21181705808228674
-2.3495763172698294,0.1919030625371204
-2.3491392274517158,0.19838586456833882
-2.348702137633602,0.20563025784111597
-2.3482650478154885,0.1902283435108608
-2.347827957997375,0.1778043185600031
-2.3473908681792612,0.1638421882961558
-2.3469537783611476,0.1557156244646291
-2.346516688543034,0.1567761449262142
-2.3460795987249203,0.1508279034161544
-2.3456425089068067,0.1461693779849753
-2.3452054190886935,0.13982302482648554
-2.34476832927058,0.13107860339016023
-2.3443312394524662,0.13857775569112177
-2.3438941496343526,0.14490577203478291
-2.343457059816239,0.1432457478585895
-2.3430199699981253,0.1452032243235534
-2.3425828801800117,0.1466858920117599
-2.342145790361898,0.1545572561062023
-2.3417087005437844,0.15506579234613818
-2.341271610725671,0.16530748089179337
-2.340834520907557,0.1735440732206602
-2.3403974310894435,0.16345197531900071
-2.33996034127133,0.15600397023395293
-2.3395232514532163,0.14078017429101178
-2.3390861616351026,0.14235460991770077
-2.338649071816989,0.1560683127788923
-2.3382119819988754,0.15994623826393273
-2.3377748921807617,0.16518918583038658
-2.337337802362648,0.15691198349665622
-2.3369007125445345,0.14510304146206512
-2.336463622726421,0.1334957934125276
-2.336026532908307,0.12790591818489389
-2.3355894430901936,0.12090235757619383
-2.33515235327208,0.1246080334901745
-2.3347152634539663,0.13038286649519212
-2.3342781736358527,0.126833030679827
-2.333841083817739,0.1305811826179381
-2.3334039939996254,0.14637107358284387
-2.3329669041815118,0.17743558288830355
-2.332529814363398,0.16957628345220388
-2.3320927245452845,0.15022576044907107
-2.331655634727171,0.15025073423328433
-2.331218544909057,0.1539162396064515
-2.3307814550909436,0.1465061877972294
-2.33034436527283,0.14344547378349048
-2.3299072754547163,0.14658107743561616
-2.3294701856366027,0.15267989396676654
-2.329033095818489,0.16653426521679945
-2.3285960060003754,0.17851781280616777
-2.328158916182262,0.1777106822657599
-2.327721826364148,0.17086133831215639
-2.3272847365460345,0.1781482873147718
-2.326847646727921,0.20834087454244762
-2.3264105569098072,0.1901969831908805
-2.3259734670916936,0.15281824610418746
-2.32553637727358,0.14337916102593148
-2.3250992874554663,0.1408896131578653
-2.3246621976373527,0.13617291819130953
-2.324225107819239,0.13112799123276683
-2.3237880180011254,0.15104132635337056
-2.323350928183012,0.17102590647843385
-2.322913838364898,0.17127131382558516
-2.3224767485467845,0.1689336742460382
-2.322039658728671,0.17205541895560622
-2.3216025689105573,0.19655111920417112
-2.3211654790924436,0.18172560066809312
-2.32072838927433,0.17177167417464578
-2.3202912994562164,0.1921263841809702
-2.3198542096381027,0.19299029570497495
-2.319417119819989,0.19594705053093325
-2.3189800300018755,0.19928032828669576
-2.318542940183762,0.17341500248040415
-2.318105850365648,0.15144388275106466
-2.3176687605475346,0.15569094952258994
-2.317231670729421,0.1945214531338745
-2.3167945809113073,0.22028098310252847
-2.3163574910931937,0.16394843680029644
-2.31592040127508,0.17167919948931623
-2.3154833114569664,0.2008952122298265
-2.3150462216388528,0.215501007462349
-2.314609131820739,0.23702099877216437
-2.3141720420026255,0.23235480291299532
-2.313734952184512,0.18823202291813804
-2.3132978623663982,0.18777002156314282
-2.3128607725482846,0.17365537286789673
-2.312423682730171,0.15502547195073066
-2.3119865929120573,0.1606566135068415
-2.3115495030939437,0.16730171199070318
-2.31111241327583,0.17016257857841416
-2.3106753234577164,0.17817771518871778
-2.310238233639603,0.18616184168693176
-2.309801143821489,0.18981209196684
-2.3093640540033755,0.1766275291692216
-2.308926964185262,0.16136779493188783
-2.3084898743671483,0.1660709594728556
-2.3080527845490346,0.15226257039981453
-2.307615694730921,0.13524820828621623
-2.3071786049128074,0.1353493278192823
-2.3067415150946937,0.15489443820708967
-2.30630442527658,0.18766214499138073
-2.3058673354584664,0.20104528351145268
-2.305430245640353,0.18896104300385388
-2.304993155822239,0.17630982960846073
-2.3045560660041255,0.18389880828893088
-2.304118976186012,0.19322748128409847
-2.3036818863678983,0.21036655073971203
-2.3032447965497846,0.2038931470423205
-2.302807706731671,0.1893866639705682
-2.3023706169135574,0.18692237750565224
-2.3019335270954437,0.1683239567546979
-2.30149643727733,0.16624450527536605
-2.3010593474592165,0.21425026901749944
-2.300622257641103,0.2305314113452532
-2.300185167822989,0.2181947650143308
-2.2997480780048756,0.22560902770812324
-2.299310988186762,0.21201295769227893
-2.2988738983686483,0.1823914937515684
-2.2984368085505347,0.190561101958536
-2.297999718732421,0.18161022015758038
-2.2975626289143074,0.1639131179201527
-2.2971255390961938,0.1262209007867237
-2.29668844927808,0.1283006029525803
-2.2962513594599665,0.14569523284571823
-2.295814269641853,0.14891523836144124
-2.2953771798237392,0.14441410723553377
-2.2949400900056256,0.14518498517065234
-2.294503000187512,0.16856074859027442
-2.2940659103693983,0.1888383572068879
-2.2936288205512847,0.17906829513864012
-2.293191730733171,0.1942418921274808
-2.2927546409150574,0.1953412831827564
-2.292317551096944,0.19320828000223395
-2.29188046127883,0.21057862053753743
-2.2914433714607165,0.2450474652529364
-2.291006281642603,0.261890191461319
-2.2905691918244893,0.23702621968641893
-2.2901321020063756,0.18287504112940062
-2.289695012188262,0.16538458654209554
-2.2892579223701484,0.2111339482703474
-2.2888208325520347,0.2640337755857715
-2.288383742733921,0.2798772833039991
-2.2879466529158075,0.23865502156701693
-2.287509563097694,0.1897829985657399
-2.28707247327958,0.16958606800446135
-2.2866353834614666,0.1690441125654214
-2.286198293643353,0.1872818774854679
-2.2857612038252393,0.19031379758361286
-2.2853241140071257,0.18929280491272404
-2.284887024189012,0.1998177725169934
-2.2844499343708984,0.18815711231400242
-2.2840128445527847,0.14595677640294138
-2.283575754734671,0.1162722677884956
-2.2831386649165575,0.10615539090823707
-2.282701575098444,0.10848886214436537
-2.28226448528033,0.11914671222776195
-2.2818273954622166,0.12536035189978317
-2.281390305644103,0.13050494590301925
-2.2809532158259893,0.1456890081285047
-2.2805161260078757,0.16349724996090137
-2.280079036189762,0.15215304948358296
-2.2796419463716484,0.14952826236440106
-2.2792048565535348,0.16481451501979874
-2.278767766735421,0.15241743495170734
-2.2783306769173075,0.11907694402653624
-2.277893587099194,0.07947421729607877
-2.2774564972810802,0.06700672495861915
-2.2770194074629666,0.07680382354139857
-2.276582317644853,0.1363212326737349
-2.2761452278267393,0.15798663101535354
-2.2757081380086257,0.13861135142750325
-2.275271048190512,0.14132066171710708
-2.2748339583723984,0.1463861762184116
-2.274396868554285,0.15296068627332135
-2.273959778736171,0.15955799023101536
-2.2735226889180575,0.1770281151178446
-2.273085599099944,0.18590948221142142
-2.2726485092818303,0.1637515992120063
-2.2722114194637166,0.16768330899283954
-2.271774329645603,0.1694004363825749
-2.2713372398274894,0.17280224659069593
-2.2709001500093757,0.20054220842437953
-2.270463060191262,0.20367080711388155
-2.2700259703731485,0.20257794864605186
-2.269588880555035,0.1777355985719285
-2.269151790736921,0.16101710684758944
-2.2687147009188076,0.16768702496750795
-2.268277611100694,0.16292408810050893
-2.2678405212825803,0.13317709793606186
-2.2674034314644667,0.11361668020684147
-2.266966341646353,0.13896069673163974
-2.2665292518282394,0.17958518545066074
-2.2660921620101258,0.2139854524657978
-2.265655072192012,0.20708987365125134
-2.2652179823738985,0.17842153329071908
-2.264780892555785,0.16689870978270224
-2.264343802737671,0.19244560969843796
-2.2639067129195576,0.18456219233885726
-2.263469623101444,0.17588592636697079
-2.2630325332833303,0.18011921431256975
-2.2625954434652167,0.16932889917339472
-2.262158353647103,0.14925171019239053
-2.2617212638289894,0.12096899001351367
-2.261284174010876,0.12239233176314014
-2.260847084192762,0.12542660914806794
-2.2604099943746485,0.14105447617963196
-2.259972904556535,0.14433566506535242
-2.2595358147384212,0.14519370106116294
-2.2590987249203076,0.14344358352058986
-2.258661635102194,0.13113329702840335
-2.2582245452840803,0.10798368230294464
-2.2577874554659667,0.0971184694033724
-2.257350365647853,0.102817839306712
-2.2569132758297394,0.11581812835191456
-2.256476186011626,0.1369565695132181
-2.256039096193512,0.11908479609913311
-2.2556020063753985,0.10954478828417673
-2.255164916557285,0.11725876032048198
-2.2547278267391713,0.13736621566809287
-2.2542907369210576,0.1524183011135196
-2.253853647102944,0.14020736148003046
-2.2534165572848304,0.11135729735527558
-2.2529794674667167,0.12352698942514262
-2.252542377648603,0.1543905576111888
-2.2521052878304895,0.15474361748320134
-2.251668198012376,0.14261077020475438
-2.251231108194262,0.12432052620926148
-2.2507940183761486,0.12098106318452298
-2.250356928558035,0.1210345918326263
-2.2499198387399213,0.120771518024649
-2.2494827489218077,0.0989708323020234
-2.249045659103694,0.06285594777415722
-2.2486085692855804,0.06123726451030289
-2.2481714794674668,0.0774592205064057
-2.247734389649353,0.0730596066542486
-2.2472972998312395,0.06249936123289774
-2.246860210013126,0.08244188576387972
-2.2464231201950122,0.09249057321326215
-2.2459860303768986,0.10622415323140073
-2.245548940558785,0.11307997687970214
-2.2451118507406713,0.11793620613877134
-2.2446747609225577,0.118360758214338
-2.244237671104444,0.11749933294398986
-2.2438005812863304,0.11102037477331952
-2.243363491468217,0.10807292475029188
-2.242926401650103,0.1398327072504764
-2.2424893118319895,0.1336432846939756
-2.242052222013876,0.10854333616916587
-2.2416151321957622,0.1409758888239632
-2.2411780423776486,0.17934375414717937
-2.240740952559535,0.2045273897482369
-2.2403038627414213,0.21878224316041375
-2.2398667729233077,0.21278062028156933
-2.239429683105194,0.20484789138196188
-2.2389925932870804,0.17803912147933754
-2.238555503468967,0.18165343381533927
-2.238118413650853,0.16545372812516848
-2.2376813238327395,0.13510449267400348
-2.237244234014626,0.11345170796872409
-2.2368071441965123,0.11458873105859702
-2.2363700543783986,0.11662729149571971
-2.235932964560285,0.1109496743633892
-2.2354958747421714,0.10953943198014608
-2.2350587849240577,0.12416647922373225
-2.234621695105944,0.14283892342625812
-2.2341846052878305,0.1455427034422762
-2.233747515469717,0.14169149604426284
-2.233310425651603,0.15426856917489376
-2.2328733358334896,0.17001887966143153
-2.232436246015376,0.18579385251575364
-2.2319991561972623,0.20939264532181825
-2.2315620663791487,0.18745709672490496
-2.231124976561035,0.16530112194444402
-2.2306878867429214,0.17024927495906272
-2.2302507969248078,0.16128012635353503
-2.229813707106694,0.17904962824204476
-2.2293766172885805,0.2192903567033462
-2.228939527470467,0.21182850772350087
-2.2285024376523532,0.16792818749533026
-2.2280653478342396,0.1300660591070907
-2.227628258016126,0.11742068596364416
-2.2271911681980123,0.13736637183358297
-2.2267540783798987,0.14399037579515886
-2.226316988561785,0.13836955756728622
-2.2258798987436714,0.16365411885652742
-2.225442808925558,0.1910272158206935
-2.225005719107444,0.1804333648339566
-2.2245686292893305,0.16753864585956166
-2.224131539471217,0.18478951906569932
-2.2236944496531033,0.19646785315361015
-2.2232573598349896,0.1905622635100046
-2.222820270016876,0.18934462859442489
-2.2223831801987624,0.21304240087833004
-2.2219460903806487,0.2138690234742063
-2.221509000562535,0.18037169755593133
-2.2210719107444215,0.17583750932043382
-2.220634820926308,0.19772996362120984
-2.220197731108194,0.18995835323330554
-2.2197606412900805,0.1688943967461502
-2.219323551471967,0.14696660661587807
-2.2188864616538533,0.1305054766670339
-2.2184493718357396,0.13539323228255587
-2.218012282017626,0.12647856178744635
-2.2175751921995124,0.12711265244289818
-2.2171381023813987,0.13802458945996607
-2.216701012563285,0.13085360890337921
-2.2162639227451715,0.1223597578966491
-2.215826832927058,0.12277176952479844
-2.215389743108944,0.1276221655041717
-2.2149526532908306,0.13065319141447448
-2.214515563472717,0.13038251754217564
-2.2140784736546033,0.11721330281407948
-2.2136413838364897,0.11154520637404138
-2.213204294018376,0.11225833394933016
-2.2127672042002624,0.1238808620726287
-2.2123301143821488,0.13633728625979055
-2.211893024564035,0.14404373551528102
-2.2114559347459215,0.14952320148076229
-2.211018844927808,0.1390903956363342
-2.2105817551096942,0.11870061484980197
-2.2101446652915806,0.10508907997690561
-2.209707575473467,0.09451994096924074
-2.2092704856553533,0.10030367612230716
-2.2088333958372397,0.11201581194432843
-2.208396306019126,0.10945981035016307
-2.2079592162010124,0.10243296937110057
-2.207522126382899,0.09609415550572477
-2.207085036564785,0.09749607332833907
-2.2066479467466715,0.1006649719511801
-2.206210856928558,0.09788978093813014
-2.2057737671104443,0.1020025811408373
-2.2053366772923306,0.10750446893784839
-2.204899587474217,0.1218286259535037
-2.2044624976561034,0.12946159035950341
-2.2040254078379897,0.12171358777407282
-2.203588318019876,0.1216372627388795
-2.2031512282017625,0.12428693623255949
-2.202714138383649,0.13431029465503208
-2.202277048565535,0.14487057893682345
-2.2018399587474216,0.15441762431430428
-2.201402868929308,0.15700794772217944
-2.2009657791111943,0.14727360699698225
-2.2005286892930807,0.148222118280686
-2.200091599474967,0.16594131741805615
-2.1996545096568534,0.18199328343674218
-2.1992174198387398,0.16438971976490824
-2.198780330020626,0.160890082830361
-2.1983432402025125,0.16431053484245114
-2.197906150384399,0.1527354384518638
-2.197469060566285,0.15746389189222296
-2.1970319707481716,0.18965609439341757
-2.196594880930058,0.20304613351361162
-2.1961577911119443,0.20215429024941822
-2.1957207012938307,0.1935767670976459
-2.195283611475717,0.18644156810914053
-2.1948465216576034,0.19266866747444286
-2.1944094318394898,0.20109338950387978
-2.193972342021376,0.20792684290557958
-2.1935352522032625,0.20933307003894927
-2.193098162385149,0.1993621554668909
-2.1926610725670352,0.18034009933706496
-2.1922239827489216,0.18402592879884846
-2.1917868929308084,0.19000458386707142
-2.191349803112695,0.18109863221204467
-2.190912713294581,0.19313988810813496
-2.1904756234764675,0.18741063971597968
-2.190038533658354,0.179316902539862
-2.1896014438402402,0.1711355791430354
-2.1891643540221266,0.15942526120529368
-2.188727264204013,0.17624080361990127
-2.1882901743858993,0.18204730069817135
-2.1878530845677857,0.17495827971522276
-2.187415994749672,0.19147109446534188
-2.1869789049315584,0.20445048853535847
-2.186541815113445,0.20477518695094746
-2.186104725295331,0.19784171095476172
-2.1856676354772175,0.19562244281299734
-2.185230545659104,0.18863777623111952
-2.1847934558409903,0.1546459032282806
-2.1843563660228766,0.1360132510284187
-2.183919276204763,0.17244725868531083
-2.1834821863866494,0.2174808004706066
-2.1830450965685357,0.2253003371745852
-2.182608006750422,0.20489480838019242
-2.1821709169323085,0.18924327832459306
-2.181733827114195,0.1798810961193797
-2.181296737296081,0.17611995089374738
-2.1808596474779676,0.16997397827247757
-2.180422557659854,0.15932769195519914
-2.1799854678417403,0.17020665045909356
-2.1795483780236267,0.17830395739809848
-2.179111288205513,0.1652293259669067
-2.1786741983873994,0.1493840170343101
-2.1782371085692858,0.14792717270996508
-2.177800018751172,0.16193540963033473
-2.1773629289330585,0.16837079415008618
-2.176925839114945,0.16277595566717112
-2.1764887492968312,0.16933767161590113
-2.1760516594787176,0.19543703052501296
-2.175614569660604,0.22610423982754366
-2.1751774798424903,0.23137558052542362
-2.1747403900243767,0.22372226174304743
-2.174303300206263,0.22000660324730661
-2.1738662103881494,0.21239197569860052
-2.173429120570036,0.20831033366243162
-2.172992030751922,0.20689872638558923
-2.1725549409338085,0.19402768298529058
-2.172117851115695,0.20383005582351804
-2.1716807612975813,0.24203246601063502
-2.1712436714794676,0.23203230933107144
-2.170806581661354,0.21195039172624922
-2.1703694918432404,0.23435316775598872
-2.1699324020251267,0.24513742494323607
-2.169495312207013,0.20736886665672477
-2.1690582223888994,0.1660409084637943
-2.168621132570786,0.16324841150909658
-2.168184042752672,0.14233595129795318
-2.1677469529345585,0.11855017995607121
-2.167309863116445,0.15057706119936584
-2.1668727732983313,0.1787181591187296
-2.1664356834802176,0.18871071065599052
-2.165998593662104,0.2098194354849713
-2.1655615038439904,0.23402008716551057
-2.1651244140258767,0.2383108246746244
-2.164687324207763,0.22865207216483308
-2.1642502343896495,0.22393580953203993
-2.163813144571536,0.22410628343420194
-2.163376054753422,0.2345688661711859
-2.1629389649353086,0.23414367906725847
-2.162501875117195,0.21133544717885527
-2.1620647852990813,0.2202159888599726
-2.1616276954809677,0.23474869983705632
-2.161190605662854,0.21392117776706268
-2.1607535158447404,0.19463114569130682
-2.1603164260266268,0.17796603356202928
-2.159879336208513,0.18600017297293128
-2.1594422463903995,0.2075994644303276
-2.159005156572286,0.20940121579436774
-2.1585680667541722,0.20805847568229388
-2.1581309769360586,0.20578977153617314
-2.157693887117945,0.21487973487663653
-2.1572567972998313,0.24273542888532623
-2.1568197074817177,0.25290947782137824
-2.156382617663604,0.2539472996880941
-2.1559455278454904,0.2651021792470004
-2.155508438027377,0.2524973144957146
-2.155071348209263,0.24345256608050939
-2.1546342583911495,0.2151200958185525
-2.154197168573036,0.19903844744979118
-2.1537600787549223,0.19707850074220043
-2.1533229889368086,0.18391189691774265
-2.152885899118695,0.18922728507766565
-2.1524488093005814,0.2172724964826797
-2.1520117194824677,0.2144408128881936
-2.151574629664354,0.19125514787070383
-2.1511375398462405,0.13739787173411155
-2.150700450028127,0.07140836495010448
-2.150263360210013,0.04683566046961162
-2.1498262703918996,0.030892945067948346
-2.149389180573786,0.018059550030116785
-2.1489520907556723,0.023964723257878295
-2.1485150009375586,0.04614137276809779
-2.148077911119445,0.07136602820929594
-2.1476408213013314,0.08346925928367274
-2.1472037314832177,0.08985359597290657
-2.146766641665104,0.08346834114427622
-2.1463295518469905,0.05328135519454288
-2.145892462028877,0.05088229130711315
-2.145455372210763,0.06786507195672363
-2.1450182823926496,0.08772680885556902
-2.144581192574536,0.0853225573887489
-2.1441441027564223,0.08947164303812045
-2.1437070129383087,0.14314725636502995
-2.143269923120195,0.13453816937762808
-2.1428328333020814,0.1044948631800474
-2.1423957434839678,0.14801121649376198
-2.141958653665854,0.18317677520905823
-2.1415215638477405,0.17960692944259407
-2.141084474029627,0.19575993291979926
-2.1406473842115137,0.1675529397725046
-2.1402102943934,0.15781723488355553
-2.1397732045752864,0.13785150871676008
-2.139336114757173,0.13784434048379296
-2.138899024939059,0.1355733072806192
-2.1384619351209455,0.12966483880368443
-2.138024845302832,0.1456989506259807
-2.1375877554847182,0.16274363026927793
-2.1371506656666046,0.15696446892803403
-2.136713575848491,0.1370545626427162
-2.1362764860303773,0.13877279381399185
-2.1358393962122637,0.1521237807057771
-2.13540230639415,0.13286040465729296
-2.1349652165760364,0.11692585408515017
-2.134528126757923,0.11957728173796645
-2.134091036939809,0.14260762663152046
-2.1336539471216955,0.14002515636931379
-2.133216857303582,0.11895028170547715
-2.1327797674854683,0.12163038542205905
-2.1323426776673546,0.11906104715744974
-2.131905587849241,0.11759229370160676
-2.1314684980311274,0.11973742047039461
-2.1310314082130137,0.11681488575370612
-2.1305943183949,0.11240224257876145
-2.1301572285767865,0.12481222114481792
-2.129720138758673,0.12918343168191831
-2.129283048940559,0.10834505077729527
-2.1288459591224456,0.0792143948774644
-2.128408869304332,0.07040880678262525
-2.1279717794862183,0.08938559272618433
-2.1275346896681047,0.10732226907574774
-2.127097599849991,0.1074970965822015
-2.1266605100318774,0.11791372017444857
-2.1262234202137638,0.1304427455068665
-2.12578633039565,0.13704527916001746
-2.1253492405775365,0.1406326952313997
-2.124912150759423,0.15911350847769476
-2.1244750609413092,0.1726329530454024
-2.1240379711231956,0.16033851816380404
-2.123600881305082,0.1493283425436169
-2.1231637914869683,0.15314328917942024
-2.1227267016688547,0.16508565716953688
-2.122289611850741,0.17543709897852042
-2.1218525220326274,0.17209863273255718
-2.121415432214514,0.1697705592403908
-2.1209783423964,0.16841906276400748
-2.1205412525782865,0.16982112073811864
-2.120104162760173,0.17766059203405565
-2.1196670729420592,0.17355794818994674
-2.1192299831239456,0.15818130964681867
-2.118792893305832,0.15690780062152912
-2.1183558034877183,0.14809467267370285
-2.1179187136696047,0.13489932199742535
-2.117481623851491,0.1270103349252233
-2.1170445340333774,0.12457819171361176
-2.116607444215264,0.12463459036416856
-2.11617035439715,0.1219431568341304
-2.1157332645790365,0.12574878960545352
-2.115296174760923,0.13112047624081746
-2.1148590849428093,0.12106663464540857
-2.1144219951246956,0.12028276638110748
-2.113984905306582,0.1315167068323073
-2.1135478154884684,0.1308192527676224
-2.1131107256703547,0.13664567447565587
-2.112673635852241,0.1433873869711225
-2.1122365460341275,0.13601077808086617
-2.111799456216014,0.1283114941281102
-2.1113623663979,0.131536739610498
-2.1109252765797866,0.1433328075041865
-2.110488186761673,0.16841985562145084
-2.1100510969435593,0.20110179077224893
-2.1096140071254457,0.2280528443625604
-2.109176917307332,0.1950724844904386
-2.1087398274892184,0.1536253176111361
-2.1083027376711048,0.14466063116810665
-2.107865647852991,0.14841334132990358
-2.1074285580348775,0.14482326429369105
-2.106991468216764,0.13799590310645488
-2.1065543783986502,0.1463974134887676
-2.1061172885805366,0.14481918107216443
-2.105680198762423,0.14573245705520094
-2.1052431089443093,0.16472600592803938
-2.1048060191261957,0.1958395023361384
-2.104368929308082,0.22198277071228364
-2.1039318394899684,0.22581390406561738
-2.103494749671855,0.2625814638372189
-2.103057659853741,0.26339092160062755
-2.1026205700356275,0.2067624486507828
-2.102183480217514,0.17574632121093112
-2.1017463903994003,0.15777052681800105
-2.1013093005812866,0.147409672924021
-2.100872210763173,0.13973811880909276
-2.1004351209450594,0.13709052259296692
-2.0999980311269457,0.1346310636268338
-2.099560941308832,0.13787669204355207
-2.0991238514907185,0.14157423761759244
-2.098686761672605,0.14384058301828367
-2.098249671854491,0.14569065938737916
-2.0978125820363775,0.14331496510486433
-2.097375492218264,0.1499530007628827
-2.0969384024001503,0.1441478186715301
-2.0965013125820366,0.12556628537143066
-2.096064222763923,0.11608229719468179
-2.0956271329458094,0.12228814356616927
-2.0951900431276957,0.1241156478805706
-2.094752953309582,0.12528211775478054
-2.0943158634914685,0.1555787997090651
-2.093878773673355,0.17913022606958304
-2.093441683855241,0.17031550380734387
-2.0930045940371276,0.17060414176181898
-2.092567504219014,0.1946644425213606
-2.0921304144009003,0.1648703630044519
-2.0916933245827867,0.13024983974235008
-2.091256234764673,0.13950555348355295
-2.0908191449465594,0.11441221965266768
-2.0903820551284458,0.11000214632454852
-2.089944965310332,0.12257676466667299
-2.0895078754922185,0.11944615732720607
-2.089070785674105,0.08811707490804292
-2.0886336958559912,0.06507481272907199
-2.0881966060378776,0.05831044710841615
-2.087759516219764,0.07127335949260472
-2.0873224264016503,0.0886514421864331
-2.0868853365835367,0.09860884616236647
-2.086448246765423,0.10716667891181908
-2.0860111569473094,0.12340192544392957
-2.085574067129196,0.15425047853343002
-2.085136977311082,0.1592216728739458
-2.0846998874929685,0.16278552200764515
-2.084262797674855,0.16459375945118174
-2.0838257078567413,0.16648073010865758
-2.0833886180386276,0.17835478008738723
-2.082951528220514,0.19137418146387217
-2.0825144384024004,0.23214303055490712
-2.0820773485842867,0.23805744021961378
-2.081640258766173,0.21479614625034066
-2.0812031689480595,0.19309066883268572
-2.080766079129946,0.18869179702278263
-2.080328989311832,0.18921636025424426
-2.0798918994937186,0.16604101965205595
-2.079454809675605,0.13564396165999254
-2.0790177198574913,0.1282461675220427
-2.0785806300393777,0.10310270075991489
-2.078143540221264,0.05389809649219585
-2.0777064504031504,0.03853672660024814
-2.0772693605850368,0.07108812737464966
-2.076832270766923,0.09667502423516637
-2.0763951809488095,0.0733944892044669
-2.075958091130696,0.04168903752472802
-2.075521001312582,0.030926621372997044
-2.0750839114944686,0.031286037720334656
-2.074646821676355,0.045093641374651765
-2.0742097318582413,0.10109266403740694
-2.0737726420401277,0.15058628575119234
-2.073335552222014,0.1529861529423843
-2.0728984624039004,0.16171933809800795
-2.0724613725857868,0.171861949754709
-2.072024282767673,0.16001952022615648
-2.0715871929495595,0.1786067997053176
-2.071150103131446,0.19668882490152545
-2.0707130133133322,0.194229448634985
-2.0702759234952186,0.1655187456267803
-2.069838833677105,0.15783874188473473
-2.0694017438589913,0.14705097584027021
-2.0689646540408777,0.14507959005695814
-2.068527564222764,0.1507609179808947
-2.0680904744046504,0.15698020618038086
-2.067653384586537,0.14934383336198712
-2.067216294768423,0.1451094777635741
-2.0667792049503095,0.20701127421628182
-2.066342115132196,0.2694684293428051
-2.0659050253140823,0.26563435027642857
-2.0654679354959686,0.22716189995791072
-2.065030845677855,0.22435547732743147
-2.0645937558597414,0.23327941683789613
-2.0641566660416277,0.23192911344839487
-2.063719576223514,0.22340647309608846
-2.0632824864054005,0.2070197080100356
-2.062845396587287,0.19233799772819887
-2.062408306769173,0.2186622934501703
-2.0619712169510596,0.2399788451585328
-2.061534127132946,0.2318371578691756
-2.0610970373148323,0.21793376951625285
-2.0606599474967187,0.21728387167895136
-2.060222857678605,0.2209637487561499
-2.0597857678604914,0.20744233542079774
-2.0593486780423778,0.17758710080835743
-2.058911588224264,0.15029076384582038
-2.0584744984061505,0.18485536779440606
-2.058037408588037,0.2196796756965882
-2.057600318769923,0.21611881280910322
-2.0571632289518096,0.2063375612396042
-2.056726139133696,0.18161887054158837
-2.0562890493155823,0.18754315218487955
-2.0558519594974687,0.19775320342466068
-2.055414869679355,0.1834232379773873
-2.0549777798612414,0.17044301003077225
-2.054540690043128,0.18370409940212937
-2.054103600225014,0.1933260063209563
-2.0536665104069005,0.19281985138555444
-2.053229420588787,0.2219126379138923
-2.0527923307706732,0.23781930199960305
-2.0523552409525596,0.19311641652567965
-2.051918151134446,0.17283859854341224
-2.0514810613163323,0.19273204168481364
-2.0510439714982187,0.21085443311086285
-2.050606881680105,0.23944090183511255
-2.0501697918619914,0.2580162073511388
-2.049732702043878,0.2360752384252856
-2.049295612225764,0.1955252350754251
-2.0488585224076505,0.19857919895132053
-2.048421432589537,0.23528390512681557
-2.0479843427714233,0.23865203758039333
-2.0475472529533096,0.2078199780467148
-2.047110163135196,0.21067251763023526
-2.0466730733170824,0.22180166793303077
-2.0462359834989687,0.18908530581426192
-2.045798893680855,0.20224365097046085
-2.0453618038627415,0.23686435552789226
-2.044924714044628,0.2593648497051014
-2.044487624226514,0.2749953700362505
-2.0440505344084006,0.27957263389815745
-2.043613444590287,0.2625883933222068
-2.0431763547721733,0.23310283638508703
-2.0427392649540597,0.22236863593108955
-2.042302175135946,0.21975780725373623
-2.0418650853178324,0.22158401303970945
-2.0414279954997188,0.2159478803993919
-2.040990905681605,0.1957925665489856
-2.0405538158634915,0.19574437734440484
-2.040116726045378,0.21218381919037796
-2.0396796362272642,0.21233919795311032
-2.0392425464091506,0.2107675295667959
-2.038805456591037,0.24161566509887464
-2.0383683667729233,0.2566030542396334
-2.0379312769548097,0.25025896569479794
-2.037494187136696,0.23218807770195612
-2.0370570973185824,0.20339526220071039
-2.036620007500469,0.14980128207701834
-2.036182917682355,0.14546973959878667
-2.0357458278642415,0.15398292714187067
-2.035308738046128,0.12345561658198279
-2.0348716482280143,0.11925574074488024
-2.0344345584099006,0.15173349295194202
-2.033997468591787,0.1646817002255751
-2.0335603787736733,0.15944208386947967
-2.0331232889555597,0.1614690613661107
-2.032686199137446,0.17282922170708068
-2.0322491093193324,0.19088644306973093
-2.031812019501219,0.20181245673405093
-2.031374929683105,0.17536217489643308
-2.0309378398649915,0.1547168808015224
-2.030500750046878,0.18106706966593467
-2.0300636602287643,0.18708280214248113
-2.0296265704106506,0.16621490214637197
-2.029189480592537,0.1656843864711073
-2.0287523907744234,0.16681182075487538
-2.0283153009563097,0.19428037865490674
-2.027878211138196,0.22052406672689548
-2.0274411213200825,0.201440859918718
-2.027004031501969,0.18963969553042767
-2.026566941683855,0.1695776243993137
-2.0261298518657416,0.16062044544129822
-2.025692762047628,0.20070995375468342
-2.0252556722295143,0.2150105387502685
-2.0248185824114007,0.1984075346486502
-2.024381492593287,0.18795434017165755
-2.0239444027751734,0.17349006887243948
-2.0235073129570598,0.15898609214311898
-2.023070223138946,0.18635912673926808
-2.0226331333208325,0.22869588926728185
-2.022196043502719,0.26705590932578666
-2.0217589536846052,0.30048727796074653
-2.0213218638664916,0.28692692359498456
-2.020884774048378,0.25834053394666084
-2.0204476842302643,0.2650217924469345
-2.0200105944121507,0.2649799865240835
-2.019573504594037,0.2315289396529479
-2.0191364147759234,0.182154926697721
-2.01869932495781,0.1584491333316982
-2.018262235139696,0.14498060258561038
-2.0178251453215825,0.10177944716043133
-2.017388055503469,0.0856733247792929
-2.0169509656853553,0.08647185618219493
-2.0165138758672416,0.06905106567569282
-2.016076786049128,0.08950191063406994
-2.0156396962310144,0.11658102685213753
-2.0152026064129007,0.14828966925924245
-2.014765516594787,0.17967374622644253
-2.0143284267766735,0.19076680880713745
-2.01389133695856,0.1889371239338958
-2.013454247140446,0.19583801749275925
-2.0130171573223326,0.20185281811665923
-2.012580067504219,0.1874750469802396
-2.0121429776861053,0.16643730348929126
-2.0117058878679916,0.17198661705568954
-2.011268798049878,0.229278695102674
-2.0108317082317644,0.19886568309866887
-2.0103946184136507,0.12642913276730205
-2.009957528595537,0.11076829532806608
-2.0095204387774235,0.12157087314575098
-2.00908334895931,0.08798586332927334
-2.008646259141196,0.06553163697187996
-2.0082091693230826,0.09288656133946076
-2.007772079504969,0.14787997582235388
-2.0073349896868553,0.18832459310760505
-2.0068978998687417,0.1713183120470025
-2.006460810050628,0.1599066624747414
-2.0060237202325144,0.14365915811920624
-2.0055866304144008,0.1493302274148897
-2.005149540596287,0.13833551193255497
-2.0047124507781735,0.1623716820421553
-2.00427536096006,0.19369319466425358
-2.0038382711419462,0.17265453670935768
-2.0034011813238326,0.1843814255090575
-2.002964091505719,0.19806915460883437
-2.0025270016876053,0.14844337069452407
-2.0020899118694917,0.11997467230951006
-2.001652822051378,0.14709121171675085
-2.0012157322332644,0.1246874048269196
-2.000778642415151,0.08365361135906427
-2.000341552597037,0.08611313376674268
-1.9999044627789238,0.09332922728750907
-1.9994673729608101,0.09417442636567352
-1.9990302831426965,0.11794254114591193
-1.9985931933245829,0.12168218149713561
-1.9981561035064692,0.12625480402559813
-1.9977190136883556,0.16495858416220238
-1.997281923870242,0.18140893404958275
-1.9968448340521283,0.1432596378813204
-1.9964077442340147,0.14017973671516296
-1.995970654415901,0.16773767487964633
-1.9955335645977874,0.16596991028172867
-1.9950964747796738,0.15540434728392552
-1.9946593849615601,0.12350014749856078
-1.9942222951434465,0.08892667000046119
-1.9937852053253329,0.10947069763882712
-1.9933481155072192,0.12066822771257622
-1.9929110256891056,0.08716341587199118
-1.992473935870992,0.06323436251625232
-1.9920368460528783,0.06834904765001842
-1.9915997562347647,0.11037116787715763
-1.991162666416651,0.15682936331700428
-1.9907255765985374,0.1568427858133953
-1.9902884867804238,0.1380693230539487
-1.9898513969623102,0.1246681431062578
-1.9894143071441965,0.11459814791265746
-1.988977217326083,0.1273539010878107
-1.9885401275079693,0.1612762035267019
-1.9881030376898556,0.18930219720916777
-1.987665947871742,0.1930304792431727
-1.9872288580536286,0.1525732134179497
-1.986791768235515,0.1279091857634403
-1.9863546784174013,0.19287812943203217
-1.9859175885992877,0.2957600431506913
-1.985480498781174,0.3656026852233052
-1.9850434089630604,0.28698840781197815
-1.9846063191449468,0.1879705824271047
-1.9841692293268332,0.15208620239713402
-1.9837321395087195,0.1505648889900917
-1.9832950496906059,0.18861644466843577
-1.9828579598724922,0.24709182115748504
-1.9824208700543786,0.27118528313098067
-1.981983780236265,0.24334511693887179
-1.9815466904181513,0.2125438028613464
-1.9811096006000377,0.18320513349553819
-1.980672510781924,0.16739945537541254
-1.9802354209638104,0.15827161207253712
-1.9797983311456968,0.1996329446718693
-1.9793612413275832,0.23594052349268188
-1.9789241515094695,0.18189016883729625
-1.978487061691356,0.16700529195933092
-1.9780499718732423,0.18164366589594108
-1.9776128820551286,0.18212520660237258
-1.977175792237015,0.17487580156671015
-1.9767387024189014,0.17620590709642928
-1.9763016126007877,0.21071035312174485
-1.975864522782674,0.28175808558447674
-1.9754274329645605,0.24551152791511943
-1.9749903431464468,0.18466881714581956
-1.9745532533283332,0.18116227075522068
-1.9741161635102196,0.1714252719172076
-1.973679073692106,0.15984571674134332
-1.9732419838739923,0.10340495462804425
-1.9728048940558787,0.04723666111260237
-1.972367804237765,0.015133835142089236
-1.9719307144196514,0.004635180496031027
-1.9714936246015378,0.004474523431793667
-1.9710565347834241,0.002037114236445525
-1.9706194449653105,0.0008787998905700684
-1.9701823551471969,0.011592097431462832
-1.9697452653290832,0.03655049869509942
-1.9693081755109696,0.027654772865344762
-1.968871085692856,0.05286739216823351
-1.9684339958747423,0.16616660141044612
-1.9679969060566287,0.23978808300636653
-1.967559816238515,0.18858644718130627
-1.9671227264204014,0.12509211614286359
-1.9666856366022878,0.11625733316653228
-1.9662485467841742,0.1756118089812973
-1.9658114569660605,0.22933242280315277
-1.9653743671479469,0.22021682002944237
-1.9649372773298333,0.14719144921973884
-1.9645001875117196,0.09610509187144366
-1.964063097693606,0.09652699188224044
-1.9636260078754924,0.14490549938863176
-1.9631889180573787,0.23256452034265976
-1.962751828239265,0.22945776207645066
-1.9623147384211514,0.18345111572648462
-1.9618776486030378,0.19050768365350382
-1.9614405587849242,0.1657287031635187
-1.9610034689668105,0.20493790550834046
-1.960566379148697,0.2919435016313234
-1.9601292893305833,0.22119776932305898
-1.9596921995124696,0.09600429630103517
-1.959255109694356,0.05444193057350612
-1.9588180198762424,0.0459598106398611
-1.9583809300581287,0.05212987356678599
-1.957943840240015,0.06751865332388342
-1.9575067504219015,0.0945095744360919
-1.9570696606037878,0.09328169526706867
-1.9566325707856742,0.07719863462870953
-1.9561954809675606,0.08524065658131788
-1.955758391149447,0.08170356184710577
-1.9553213013313333,0.08740697522129512
-1.9548842115132197,0.10959869894430183
-1.954447121695106,0.10738384307417048
-1.9540100318769924,0.0787976003691693
-1.9535729420588788,0.06955961914877729
-1.9531358522407651,0.06489616424754038
-1.9526987624226515,0.06367200781638145
-1.9522616726045379,0.05632768418075529
-1.9518245827864242,0.06298086429272508
-1.9513874929683106,0.09052195401003384
-1.950950403150197,0.13478357916959585
-1.9505133133320833,0.14111629797095507
-1.9500762235139697,0.11150135682024667
-1.949639133695856,0.1083866354671608
-1.9492020438777424,0.08740755286897282
-1.9487649540596288,0.040847846286670604
-1.9483278642415152,0.022564275508871922
-1.9478907744234015,0.041844764035615475
-1.947453684605288,0.04177983774325262
-1.9470165947871743,0.022030777162464536
-1.9465795049690606,0.005546826620813351
-1.946142415150947,0.000986822379716294
-1.9457053253328334,0.0012421149580300827
-1.9452682355147197,0.006343967001270866
-1.944831145696606,0.019566524121652707
-1.9443940558784925,0.043500508668528885
-1.9439569660603788,0.0686089395234403
-1.9435198762422652,0.11216442947547478
-1.9430827864241516,0.11932473491059477
-1.942645696606038,0.1014007931571302
-1.9422086067879243,0.12068638465640631
-1.9417715169698107,0.10172758959254205
-1.941334427151697,0.10865842620402415
-1.9408973373335834,0.12205135673841193
-1.9404602475154697,0.09285926673225
-1.9400231576973561,0.09411243737601435
-1.9395860678792425,0.10464129600602393
-1.9391489780611288,0.10839664437667983
-1.9387118882430152,0.1006532077024875
-1.9382747984249016,0.0860639730496299
-1.937837708606788,0.08100254552350726
-1.9374006187886743,0.07884412961407272
-1.9369635289705607,0.06845456988905908
-1.936526439152447,0.10635868633490875
-1.9360893493343336,0.13804225480151155
-1.93565225951622,0.10790542682815649
-1.9352151696981064,0.1000337958075885
-1.9347780798799927,0.08771211815882693
-1.934340990061879,0.04137624515025694
-1.9339039002437655,0.015939734012859988
-1.9334668104256518,0.03922781590311625
-1.9330297206075382,0.08620339716301426
-1.9325926307894246,0.10725801700827209
-1.932155540971311,0.11782967544154953
-1.9317184511531973,0.13979142145963128
-1.9312813613350837,0.13000361191254542
-1.93084427151697,0.07743982117111116
-1.9304071816988564,0.04999395962189823
-1.9299700918807428,0.06779016161430904
-1.9295330020626291,0.08776165486212814
-1.9290959122445155,0.07468931153551273
-1.9286588224264019,0.05153225547198087
-1.9282217326082882,0.052176223281837346
-1.9277846427901746,0.07146258527350162
-1.927347552972061,0.10214377859349417
-1.9269104631539473,0.09296053761150955
-1.9264733733358337,0.0941767399311986
-1.92603628351772,0.11123672089512847
-1.9255991936996064,0.11362748233250652
-1.9251621038814928,0.10864524812023345
-1.9247250140633791,0.11308973679309997
-1.9242879242452655,0.11623612236128748
-1.9238508344271519,0.10009585029221917
-1.9234137446090382,0.08704242404498454
-1.9229766547909246,0.10010074254648042
-1.922539564972811,0.13078176076210077
-1.9221024751546973,0.13703077481505138
-1.9216653853365837,0.14054760342610487
-1.92122829551847,0.1697838024680747
-1.9207912057003564,0.16142990490048878
-1.9203541158822428,0.1428901183975166
-1.9199170260641292,0.13934222134213176
-1.9194799362460155,0.14210406944470338
-1.919042846427902,0.15723074822041652
-1.9186057566097883,0.15065434295296454
-1.9181686667916746,0.15098220463635337
-1.917731576973561,0.16536887709797207
-1.9172944871554474,0.1637182077731793
-1.9168573973373337,0.16110829674450616
-1.91642030751922,0.1779791618900206
-1.9159832177011065,0.18077883459558847
-1.9155461278829928,0.16516986438401568
-1.9151090380648792,0.17841102198175587
-1.9146719482467656,0.17697338405809715
-1.914234858428652,0.15872487561548035
-1.9137977686105383,0.13277483209114854
-1.9133606787924247,0.12409711466642971
-1.912923588974311,0.1390810401197342
-1.9124864991561974,0.13432457651225208
-1.9120494093380838,0.13757627541250889
-1.9116123195199701,0.18615743089982623
-1.9111752297018565,0.20209919615388464
-1.9107381398837429,0.19469097032046537
-1.9103010500656292,0.18653540655585296
-1.9098639602475156,0.17506135426241368
-1.909426870429402,0.17633638214967223
-1.9089897806112883,0.1663156537716262
-1.9085526907931747,0.1398708095492931
-1.908115600975061,0.1312415571870006
-1.9076785111569474,0.11912845401810836
-1.9072414213388338,0.10762069372754172
-1.9068043315207202,0.1109484034674914
-1.9063672417026065,0.1440592083100802
-1.9059301518844929,0.17533019097604155
-1.9054930620663793,0.15699839131305354
-1.9050559722482656,0.12095693078388615
-1.904618882430152,0.10844651242605728
-1.9041817926120383,0.09703225668678392
-1.9037447027939247,0.08762366248670815
-1.903307612975811,0.09925086747935538
-1.9028705231576974,0.12935068705586733
-1.9024334333395838,0.14127484858989794
-1.9019963435214702,0.14144579126190399
-1.9015592537033565,0.1374056771980078
-1.901122163885243,0.12304138855091896
-1.9006850740671293,0.10464054267709214
-1.9002479842490156,0.11100200275174044
-1.899810894430902,0.13236161387955178
-1.8993738046127884,0.13802012225986462
-1.8989367147946747,0.1221661996901989
-1.898499624976561,0.10226239796608223
-1.8980625351584475,0.09348731476233663
-1.8976254453403338,0.09025839891888976
-1.8971883555222202,0.09630438307820931
-1.8967512657041066,0.10754243686370048
-1.896314175885993,0.09482856236788971
-1.8958770860678793,0.0954023468540892
-1.8954399962497657,0.11623293942661903
-1.895002906431652,0.1163297875327208
-1.8945658166135384,0.11810544290711603
-1.8941287267954248,0.14146391912837183
-1.8936916369773111,0.16973433307836297
-1.8932545471591975,0.17305549235610548
-1.8928174573410839,0.14503841405188472
-1.8923803675229702,0.12754616571871688
-1.8919432777048566,0.12613561220488737
-1.891506187886743,0.1364706901742824
-1.8910690980686293,0.13189932700365828
-1.8906320082505157,0.13427170746407738
-1.890194918432402,0.1510910096705727
-1.8897578286142884,0.1697465866488543
-1.8893207387961748,0.1602837247985443
-1.8888836489780612,0.1423443003833033
-1.8884465591599475,0.13341858908600082
-1.888009469341834,0.11959600558054248
-1.8875723795237203,0.119602316783805
-1.8871352897056066,0.14333158576818653
-1.886698199887493,0.17915731001239452
-1.8862611100693794,0.18376311994166467
-1.8858240202512657,0.15780537958766017
-1.885386930433152,0.14337526123254876
-1.8849498406150387,0.1462945974931309
-1.884512750796925,0.15198315853216227
-1.8840756609788114,0.1521242491077289
-1.8836385711606978,0.14245647685108204
-1.8832014813425841,0.1183033412138557
-1.8827643915244705,0.100196200381053
-1.8823273017063569,0.1087425508952934
-1.8818902118882432,0.12117465671635495
-1.8814531220701296,0.12614311880359166
-1.881016032252016,0.12521535909808548
-1.8805789424339023,0.11521669519151201
-1.8801418526157887,0.10559250300551616
-1.879704762797675,0.10495027412601178
-1.8792676729795614,0.11676445651394937
-1.8788305831614478,0.14226801222820745
-1.8783934933433342,0.16131701223440773
-1.8779564035252205,0.1660466150020632
-1.877519313707107,0.16576966310743219
-1.8770822238889933,0.1479997493226813
-1.8766451340708796,0.13204895050429635
-1.876208044252766,0.13675596669901072
-1.8757709544346524,0.13348322895453116
-1.8753338646165387,0.119622821900906
-1.874896774798425,0.11807041646940027
-1.8744596849803115,0.1250541600250858
-1.8740225951621978,0.1315706295709772
-1.8735855053440842,0.13195659539573343
-1.8731484155259706,0.11418163588450223
-1.872711325707857,0.0942050998035731
-1.8722742358897433,0.09237112709063607
-1.8718371460716297,0.09721768362664875
-1.871400056253516,0.09514736635407402
-1.8709629664354024,0.0934920380871439
-1.8705258766172888,0.10600791516235028
-1.8700887867991751,0.1257581165020864
-1.8696516969810615,0.12920433002935014
-1.8692146071629478,0.127755192406705
-1.8687775173448342,0.13499094957400268
-1.8683404275267206,0.14514270682414318
-1.867903337708607,0.15794290570827516
-1.8674662478904933,0.15914628766779676
-1.8670291580723797,0.12001948610864055
-1.866592068254266,0.0834401195447108
-1.8661549784361524,0.08974420507403662
-1.8657178886180388,0.09908653133301258
-1.8652807987999251,0.09811710749596647
-1.8648437089818115,0.10723561664989144
-1.8644066191636979,0.10655250058864282
-1.8639695293455842,0.10801367223845906
-1.8635324395274706,0.12721454501902216
-1.863095349709357,0.14077847313793274
-1.8626582598912433,0.13457447034856956
-1.8622211700731297,0.13039020818909583
-1.861784080255016,0.12510185334810117
-1.8613469904369024,0.10437221775165602
-1.8609099006187888,0.08687765800667409
-1.8604728108006752,0.09588576230246845
-1.8600357209825615,0.1353168716081999
-1.859598631164448,0.13967676481849273
-1.8591615413463343,0.11042592887578241
-1.8587244515282206,0.10719810468744731
-1.858287361710107,0.10892318054501711
-1.8578502718919934,0.10189467740458709
-1.8574131820738797,0.092056177930351
-1.856976092255766,0.09133486218327538
-1.8565390024376525,0.0965861917039492
-1.8561019126195388,0.10065299406857686
-1.8556648228014252,0.08356477851896348
-1.8552277329833116,0.05587759165327153
-1.854790643165198,0.03404767421931412
-1.8543535533470843,0.022353429531201813
-1.8539164635289707,0.021635546039342916
-1.853479373710857,0.028098217525923914
-1.8530422838927434,0.031047172576377024
-1.8526051940746298,0.031180853200392388
-1.8521681042565161,0.05294789480656942
-1.8517310144384025,0.06579023117064055
-1.8512939246202889,0.06680072486435354
-1.8508568348021752,0.09473099272133545
-1.8504197449840616,0.10911676269717611
-1.849982655165948,0.0960491636201538
-1.8495455653478343,0.09736349109688144
-1.8491084755297207,0.10481920095785921
-1.848671385711607,0.11264625536351806
-1.8482342958934934,0.13577543377739915
-1.8477972060753798,0.14907659596331174
-1.8473601162572661,0.13893364477004697
-1.8469230264391525,0.1517361404060705
-1.8464859366210389,0.15705685382170828
-1.8460488468029252,0.12486956328005729
-1.8456117569848116,0.10786306497927658
-1.845174667166698,0.11347138101992386
-1.8447375773485843,0.10194520101784621
-1.8443004875304707,0.09915135105524124
-1.843863397712357,0.11626265564251914
-1.8434263078942434,0.12730663324924166
-1.8429892180761298,0.13928451706433112
-1.8425521282580162,0.13191617178829826
-1.8421150384399025,0.11756718831869849
-1.841677948621789,0.10465568115715343
-1.8412408588036753,0.10857930537569731
-1.8408037689855616,0.13074460032511656
-1.840366679167448,0.1442993715349494
-1.8399295893493344,0.14612887830353466
-1.8394924995312207,0.12683422821176432
-1.839055409713107,0.09887743423596791
-1.8386183198949935,0.08905448618551427
-1.8381812300768798,0.09230600057669938
-1.8377441402587662,0.09588969425948977
-1.8373070504406526,0.10538031158610514
-1.836869960622539,0.11145494929125374
-1.8364328708044253,0.11368111628799825
-1.8359957809863117,0.11768605875231311
-1.835558691168198,0.1244765061688111
-1.8351216013500844,0.12911585322058805
-1.8346845115319708,0.1301881917243608
-1.8342474217138571,0.1350773196497337
-1.8338103318957437,0.13594140644136196
-1.83337324207763,0.12246435937297342
-1.8329361522595164,0.10758518362211682
-1.8324990624414028,0.11973239003029504
-1.8320619726232892,0.1263397303638671
-1.8316248828051755,0.12449994912120974
-1.831187792987062,0.1250008727798663
-1.8307507031689483,0.12647128373339048
-1.8303136133508346,0.13511747701924362
-1.829876523532721,0.14789575569669886
-1.8294394337146074,0.15076942512452485
-1.8290023438964937,0.15276621453140946
-1.82856525407838,0.15544323341269767
-1.8281281642602665,0.14385980084410496
-1.8276910744421528,0.1470393311093701
-1.8272539846240392,0.14396964247990723
-1.8268168948059256,0.11234222162570215
-1.826379804987812,0.0960632755479743
-1.8259427151696983,0.08247748049745517
-1.8255056253515847,0.0887955973979956
-1.825068535533471,0.10501315077862461
-1.8246314457153574,0.1120482700219777
-1.8241943558972438,0.1101212260125757
-1.8237572660791301,0.10413631658830232
-1.8233201762610165,0.11403063516446389
-1.8228830864429029,0.12866777961737821
-1.8224459966247892,0.12821645036422297
-1.8220089068066756,0.13458461611663947
-1.821571816988562,0.16539455115186844
-1.8211347271704483,0.18145368907338638
-1.8206976373523347,0.1714065266665197
-1.820260547534221,0.16036647636097331
-1.8198234577161074,0.167935304027236
-1.8193863678979938,0.16739998632606942
-1.8189492780798802,0.15521199082360942
-1.8185121882617665,0.16097863569147797
-1.818075098443653,0.15848046380070152
-1.8176380086255393,0.14866880786975414
-1.8172009188074256,0.15155176274475135
-1.816763828989312,0.14961091100163676
-1.8163267391711984,0.14228707794914783
-1.8158896493530847,0.1416944826810386
-1.815452559534971,0.1446989341803207
-1.8150154697168575,0.15387678728763646
-1.8145783798987438,0.15624903071160928
-1.8141412900806302,0.1612126461755036
-1.8137042002625166,0.18406130647399338
-1.813267110444403,0.2029950825037997
-1.8128300206262893,0.200918150350032
-1.8123929308081757,0.20202680230520692
-1.811955840990062,0.1924029250398232
-1.8115187511719484,0.18233876699732235
-1.8110816613538347,0.18865398736015643
-1.8106445715357211,0.1964449782746886
-1.8102074817176075,0.20177541845730756
-1.8097703918994938,0.19638426407791876
-1.8093333020813802,0.17448296417284975
-1.8088962122632666,0.17377090023548167
-1.808459122445153,0.1730702785740089
-1.8080220326270393,0.1533399171154631
-1.8075849428089257,0.14008958891673912
-1.807147852990812,0.14335770348239293
-1.8067107631726984,0.15677183688118543
-1.8062736733545848,0.17009424652526775
-1.8058365835364711,0.16688983673239335
-1.8053994937183575,0.15642988785372755
-1.8049624039002439,0.17138179086994426
-1.8045253140821302,0.17175655491519848
-1.8040882242640166,0.15776936811094375
-1.803651134445903,0.1697268494066742
-1.8032140446277893,0.17576766847884479
-1.8027769548096757,0.18020049916365813
-1.802339864991562,0.18072752090048658
-1.8019027751734484,0.1760088373270773
-1.8014656853553348,0.1728019575717795
-1.8010285955372212,0.16581747324288676
-1.8005915057191075,0.1578420762965756
-1.800154415900994,0.1684527725019016
-1.7997173260828803,0.1982113052237126
-1.7992802362647666,0.2081700008077763
-1.798843146446653,0.19180141740955867
-1.7984060566285394,0.17620831696927505
-1.7979689668104257,0.1738120249637625
-1.797531876992312,0.17648156456920727
-1.7970947871741985,0.16890214932371808
-1.7966576973560848,0.15998162832976884
-1.7962206075379712,0.1610898897086271
-1.7957835177198576,0.1598156412947223
-1.795346427901744,0.14751178049352467
-1.7949093380836303,0.1486278068222521
-1.7944722482655167,0.16792060545625245
-1.794035158447403,0.17968800038379576
-1.7935980686292894,0.17886823500241514
-1.7931609788111758,0.17940401559756694
-1.7927238889930621,0.18224343839026877
-1.7922867991749485,0.1865589671106034
-1.7918497093568349,0.185273079687414
-1.7914126195387212,0.16677973988485637
-1.7909755297206076,0.16031420694683535
-1.790538439902494,0.1596789652318215
-1.7901013500843803,0.16041915939293627
-1.7896642602662667,0.16226651394481717
-1.789227170448153,0.16561470019257493
-1.7887900806300394,0.17616387903251965
-1.7883529908119258,0.19446479142166542
-1.7879159009938121,0.21183849503896468
-1.7874788111756985,0.2067051920644408
-1.7870417213575849,0.22005120594250563
-1.7866046315394712,0.24728144439583
-1.7861675417213576,0.24596985467774246
-1.785730451903244,0.24065054972869881
-1.7852933620851303,0.2326186967937575
-1.7848562722670167,0.2202373897764063
-1.784419182448903,0.20149488194812534
-1.7839820926307894,0.1789317192099241
-1.7835450028126758,0.18544701289995405
-1.7831079129945622,0.21550151817136567
-1.7826708231764488,0.24729434111191623
-1.7822337333583351,0.257011078552111
-1.7817966435402215,0.2608826286838359
-1.7813595537221079,0.2422230267952929
-1.7809224639039942,0.22922631123995932
-1.7804853740858806,0.23281657639820116
-1.780048284267767,0.21124895463813173
-1.7796111944496533,0.20401604279577137
-1.7791741046315397,0.20993714518385634
-1.778737014813426,0.21144173047121778
-1.7782999249953124,0.2152135041363589
-1.7778628351771988,0.22054036075291197
-1.7774257453590852,0.22148144050516713
-1.7769886555409715,0.2121287221692957
-1.7765515657228579,0.21009966171467268
-1.7761144759047442,0.21642587723143425
-1.7756773860866306,0.2095326702473155
-1.775240296268517,0.201022601847932
-1.7748032064504033,0.2201323305153955
-1.7743661166322897,0.2262723754548565
-1.773929026814176,0.20813930896972568
-1.7734919369960624,0.18083658010056655
-1.7730548471779488,0.15745005793619904
-1.7726177573598352,0.17613606707611806
-1.7721806675417215,0.20364281529631073
-1.771743577723608,0.22577483174878338
-1.7713064879054943,0.25059726751823813
-1.7708693980873806,0.2427569515209674
-1.770432308269267,0.223691576627491
-1.7699952184511534,0.2336080760303954
-1.7695581286330397,0.2509643422117916
-1.769121038814926,0.24148925495163273
-1.7686839489968125,0.2217119221959926
-1.7682468591786988,0.2242706954715991
-1.7678097693605852,0.22911934298057282
-1.7673726795424716,0.24157331026525738
-1.766935589724358,0.25800727087971437
-1.7664984999062443,0.24859681670609607
-1.7660614100881307,0.2653352591747519
-1.765624320270017,0.2643648612685911
-1.7651872304519034,0.24599610336802083
-1.7647501406337898,0.2367270735583427
-1.7643130508156761,0.2051278376487983
-1.7638759609975625,0.18109062823591168
-1.7634388711794489,0.16393375734512294
-1.7630017813613352,0.16824729105628097
-1.7625646915432216,0.17603808127644904
-1.762127601725108,0.14739220388619115
-1.7616905119069943,0.11462634772135907
-1.7612534220888807,0.11018598259997577
-1.760816332270767,0.12771260878862434
-1.7603792424526534,0.14079282209737934
-1.7599421526345398,0.15534649883314902
-1.7595050628164262,0.16674596932941502
-1.7590679729983125,0.1505717043315447
-1.758630883180199,0.12854784323188034
-1.7581937933620853,0.12724929990188374
-1.7577567035439716,0.14196135286437847
-1.757319613725858,0.14055010743932253
-1.7568825239077444,0.12425971898491005
-1.7564454340896307,0.11571850079315349
-1.756008344271517,0.11936257944424376
-1.7555712544534035,0.12487762711870906
-1.7551341646352898,0.10413379570438293
-1.7546970748171762,0.08258173891683966
-1.7542599849990625,0.07591333638759175
-1.753822895180949,0.06701441521613484
-1.7533858053628353,0.07501041606345536
-1.7529487155447216,0.10744769984856788
-1.752511625726608,0.14316857456285814
-1.7520745359084944,0.1684119291807753
-1.7516374460903807,0.15386909665835122
-1.7512003562722671,0.11677461147261212
-1.7507632664541535,0.11617491476298322
-1.7503261766360398,0.11917061083127958
-1.7498890868179262,0.09012615672136533
-1.7494519969998126,0.06874870047520278
-1.749014907181699,0.07943662493604087
-1.7485778173635853,0.09045924317444778
-1.7481407275454717,0.08628658244587363
-1.747703637727358,0.07762829602033983
-1.7472665479092444,0.07512382128241646
-1.7468294580911308,0.11937753392865837
-1.7463923682730171,0.19013757173817086
-1.7459552784549035,0.2293789927165847
-1.7455181886367899,0.2249021726188907
-1.7450810988186762,0.2577146992561227
-1.7446440090005626,0.2722743634845086
-1.744206919182449,0.2868804774379258
-1.7437698293643353,0.3203614538300835
-1.7433327395462217,0.2910834622549716
-1.742895649728108,0.21676222018077104
-1.7424585599099944,0.1809229575842902
-1.7420214700918808,0.17966022939422163
-1.7415843802737672,0.1566356239136943
-1.7411472904556535,0.10213463343398621
-1.74071020063754,0.06274728251443493
-1.7402731108194263,0.05789877230191263
-1.7398360210013126,0.06342768799314427
-1.739398931183199,0.06579725496204439
-1.7389618413650854,0.0938662112761283
-1.7385247515469717,0.10516044495505883
-1.738087661728858,0.08122564785329377
-1.7376505719107445,0.07201371199052244
-1.7372134820926308,0.08264283236557599
-1.7367763922745172,0.1025572637454264
-1.7363393024564036,0.07775706414895027
-1.73590221263829,0.050307149385372216
-1.7354651228201763,0.0653378995289589
-1.7350280330020627,0.08770145959950672
-1.734590943183949,0.0992038282698795
-1.7341538533658354,0.1188372797285094
-1.7337167635477218,0.13658519624240426
-1.7332796737296081,0.14895064364876748
-1.7328425839114945,0.1510733114760636
-1.7324054940933808,0.135291178745619
-1.7319684042752672,0.10714492667347894
-1.7315313144571538,0.10522556063918256
-1.7310942246390402,0.13558830837095212
-1.7306571348209265,0.16373530283681134
-1.730220045002813,0.17341616947845973
-1.7297829551846993,0.17308890551117667
-1.7293458653665856,0.17058387070315348
-1.728908775548472,0.1847774637349411
-1.7284716857303584,0.20565840477593803
-1.7280345959122447,0.21656845325627927
-1.727597506094131,0.23551656583588998
-1.7271604162760175,0.24334718987641643
-1.7267233264579038,0.2015305820983115
-1.7262862366397902,0.18455644667438448
-1.7258491468216766,0.17886117592134182
-1.725412057003563,0.17363274319955438
-1.7249749671854493,0.17914172731308636
-1.7245378773673357,0.16540846033211323
-1.724100787549222,0.16100751605098954
-1.7236636977311084,0.1932949275358846
-1.7232266079129948,0.20981467502663
-1.7227895180948811,0.16704558078703585
-1.7223524282767675,0.1573814821518745
-1.7219153384586539,0.17671401689322505
-1.7214782486405402,0.1564280357537518
-1.7210411588224266,0.14065506796765986
-1.720604069004313,0.1614273053857635
-1.7201669791861993,0.1912688472488838
-1.7197298893680857,0.2615694577719837
-1.719292799549972,0.3222386802197678
-1.7188557097318584,0.24844378452103275
-1.7184186199137448,0.1707167536204792
-1.7179815300956311,0.1503421386491997
-1.7175444402775175,0.15274012841939102
-1.7171073504594039,0.13118202161171513
-1.7166702606412902,0.1561306258872471
-1.7162331708231766,0.1906683596647619
-1.715796081005063,0.1765799668060944
-1.7153589911869493,0.20352119942555572
-1.7149219013688357,0.24306258854509352
-1.714484811550722,0.2664102432446495
-1.7140477217326084,0.24665416010670368
-1.7136106319144948,0.1953170346176101
-1.7131735420963812,0.1660721889418225
-1.7127364522782675,0.22800107273533543
-1.712299362460154,0.3108746300148352
-1.7118622726420403,0.23671068974474702
-1.7114251828239266,0.13415199953698673
-1.710988093005813,0.1152671066395209
-1.7105510031876994,0.12116054752341558
-1.7101139133695857,0.1540462679463452
-1.709676823551472,0.23685802127894198
-1.7092397337333585,0.28840210626200424
-1.7088026439152448,0.2520512703909678
-1.7083655540971312,0.21449172649299
-1.7079284642790176,0.189709832393985
-1.707491374460904,0.15229372394164892
-1.7070542846427903,0.10525419094753244
-1.7066171948246767,0.07101268352070464
-1.706180105006563,0.07081945615722299
-1.7057430151884494,0.08887203078127177
-1.7053059253703358,0.1196787190442757
-1.7048688355522221,0.13441516061938533
-1.7044317457341085,0.11289796608499766
-1.7039946559159949,0.08078131951399212
-1.7035575660978812,0.07598677915628262
-1.7031204762797676,0.11373563924873122
-1.702683386461654,0.12421938023367073
-1.7022462966435403,0.12287550247394578
-1.7018092068254267,0.1367014258454353
-1.701372117007313,0.11670268819268789
-1.7009350271891994,0.08767515700711091
-1.7004979373710858,0.10520321636071735
-1.7000608475529722,0.12287417041867377
-1.6996237577348585,0.09247423325155414
-1.6991866679167449,0.07647608974893232
-1.6987495780986313,0.1008656307641986
-1.6983124882805176,0.125277588944882
-1.697875398462404,0.11397172712219474
-1.6974383086442904,0.08566916528310622
-1.6970012188261767,0.07301232335290679
-1.696564129008063,0.07879432370830368
-1.6961270391899494,0.08238640480180262
-1.6956899493718358,0.08495227373235596
-1.6952528595537222,0.07800584908944701
-1.6948157697356085,0.06557222319306237
-1.694378679917495,0.06445878103723494
-1.6939415900993813,0.08039153433467543
-1.6935045002812676,0.10612157060779766
-1.693067410463154,0.11488534611680963
-1.6926303206450404,0.10097393050543721
-1.6921932308269267,0.09846074538669865
-1.691756141008813,0.10973130539057926
-1.6913190511906995,0.11508940666911856
-1.6908819613725858,0.0917385725138871
-1.6904448715544722,0.05995518283997013
-1.6900077817363586,0.060339821501026576
-1.689570691918245,0.07218853767000807
-1.6891336021001313,0.08683756449721959
-1.6886965122820177,0.08614839850823568
-1.688259422463904,0.06546334103133264
-1.6878223326457904,0.057470688865637325
-1.6873852428276768,0.07258758427907133
-1.6869481530095631,0.08671001317165843
-1.6865110631914495,0.08911257425440479
-1.6860739733733359,0.08833854277410218
-1.6856368835552222,0.08222513706045967
-1.6851997937371086,0.07691071610865038
-1.684762703918995,0.07563748784947857
-1.6843256141008813,0.06917758576620588
-1.6838885242827677,0.06582091533990993
-1.683451434464654,0.06677763497278653
-1.6830143446465404,0.0866384849928755
-1.6825772548284268,0.10954285502021864
-1.6821401650103132,0.10123016644589267
-1.6817030751921995,0.09305263465403024
-1.681265985374086,0.10522859047653009
-1.6808288955559723,0.10850146334948833
-1.6803918057378588,0.11133877298248158
-1.6799547159197452,0.12766917457866434
-1.6795176261016316,0.14748946182702585
-1.679080536283518,0.18608176957767666
-1.6786434464654043,0.21951430480876533
-1.6782063566472907,0.20502986969445397
-1.677769266829177,0.16523370277262686
-1.6773321770110634,0.1376007866530883
-1.6768950871929498,0.12714131958876998
-1.6764579973748361,0.13535542268974174
-1.6760209075567225,0.15902556916995672
-1.6755838177386089,0.1758138313876923
-1.6751467279204952,0.16127915834409703
-1.6747096381023816,0.1477911656541763
-1.674272548284268,0.13489880829914733
-1.6738354584661543,0.1275088900756057
-1.6733983686480407,0.12757212213201738
-1.672961278829927,0.13773981572294358
-1.6725241890118134,0.14991071242538473
-1.6720870991936998,0.15737269834352402
-1.6716500093755862,0.1600019604031571
-1.6712129195574725,0.15704017234181847
-1.670775829739359,0.15464576990521667
-1.6703387399212453,0.16431797541860663
-1.6699016501031316,0.1904135351643675
-1.669464560285018,0.21607495933237475
-1.6690274704669044,0.2607709409966846
-1.6685903806487907,0.2739225376127683
-1.668153290830677,0.21654767454016452
-1.6677162010125635,0.1641716488177971
-1.6672791111944498,0.16569946331057386
-1.6668420213763362,0.19289874399581425
-1.6664049315582226,0.20004281712700434
-1.665967841740109,0.19543869988872298
-1.6655307519219953,0.19783866416832585
-1.6650936621038817,0.20401684929508826
-1.664656572285768,0.20568454125107402
-1.6642194824676544,0.1844219496121239
-1.6637823926495408,0.17213601272253493
-1.6633453028314271,0.17295869180214188
-1.6629082130133135,0.1737598587082562
-1.6624711231951999,0.19050701506722714
-1.6620340333770862,0.19733506527744482
-1.6615969435589726,0.21521498011511433
-1.661159853740859,0.24849310626253665
-1.6607227639227453,0.25024029275399123
-1.6602856741046317,0.2299213096645208
-1.659848584286518,0.22849453832016864
-1.6594114944684044,0.2509993914582826
-1.6589744046502908,0.26927426051128844
-1.6585373148321771,0.254776392301289
-1.6581002250140635,0.24242375258501495
-1.6576631351959499,0.24560907743979585
-1.6572260453778362,0.2522460875369151
-1.6567889555597226,0.24506956949801656
-1.656351865741609,0.24273023287781062
-1.6559147759234953,0.2711919558973131
-1.6554776861053817,0.26446064912603523
-1.655040596287268,0.23281510742216818
-1.6546035064691544,0.21257469997506492
-1.6541664166510408,0.20466693009493922
-1.6537293268329272,0.21525398832828166
-1.6532922370148135,0.22122545512931815
-1.6528551471967,0.19410733128024976
-1.6524180573785863,0.1947785552693179
-1.6519809675604726,0.24196291277618717
-1.651543877742359,0.2078710384823448
-1.6511067879242454,0.15439241256702704
-1.6506696981061317,0.15957904104206186
-1.650232608288018,0.14758935995492142
-1.6497955184699045,0.12699322187856693
-1.6493584286517908,0.12497488028044888
-1.6489213388336772,0.11901907348812582
-1.6484842490155636,0.10854066902081484
-1.64804715919745,0.10526019645622152
-1.6476100693793363,0.09756996388932826
-1.6471729795612227,0.07106919330453647
-1.646735889743109,0.07192513502574523
-1.6462987999249954,0.10375735524611077
-1.6458617101068818,0.1293759979444499
-1.6454246202887681,0.13380883537106705
-1.6449875304706545,0.12837049830594077
-1.6445504406525409,0.12499767575268776
-1.6441133508344272,0.13261054827337526
-1.6436762610163136,0.16511023957543472
-1.6432391711982,0.19187334521708593
-1.6428020813800863,0.18053188014903632
-1.6423649915619727,0.15180219839573425
-1.641927901743859,0.17112308685527577
-1.6414908119257454,0.15676046121816856
-1.6410537221076318,0.11149651905001663
-1.6406166322895182,0.11724621913077811
-1.6401795424714045,0.13333267356501166
-1.6397424526532909,0.1351487774587173
-1.6393053628351772,0.1259698112151892
-1.6388682730170636,0.14276235419689884
-1.63843118319895,0.1665606428918296
-1.6379940933808363,0.16874570035027167
-1.6375570035627227,0.1885329021874915
-1.637119913744609,0.2256537141098681
-1.6366828239264954,0.2413024697748121
-1.6362457341083818,0.2314251155014405
-1.6358086442902682,0.19571821566749162
-1.6353715544721545,0.15995406724310887
-1.634934464654041,0.15667488506264945
-1.6344973748359273,0.17522726507939712
-1.6340602850178136,0.1811346746940735
-1.6336231951997,0.1672475103995888
-1.6331861053815864,0.14898978858388592
-1.6327490155634727,0.14317491016952033
-1.632311925745359,0.14512979641198318
-1.6318748359272455,0.143618900087874
-1.6314377461091318,0.14641457591420565
-1.6310006562910182,0.1580959337356719
-1.6305635664729046,0.17567136352633686
-1.630126476654791,0.18157752507174885
-1.6296893868366773,0.1849474779156628
-1.6292522970185639,0.20075626114159453
-1.6288152072004503,0.1979039515641568
-1.6283781173823366,0.18057909995716367
-1.627941027564223,0.18101904767084753
-1.6275039377461094,0.19209335000350183
-1.6270668479279957,0.1966312357968739
-1.626629758109882,0.20257477610668967
-1.6261926682917685,0.19411970592700287
-1.6257555784736548,0.16840004732173258
-1.6253184886555412,0.16051195908076368
-1.6248813988374275,0.16813718344084358
-1.624444309019314,0.1697207341672571
-1.6240072192012003,0.16101085145924524
-1.6235701293830866,0.15391629601607398
-1.623133039564973,0.15596340644567425
-1.6226959497468594,0.16750537678060576
-1.6222588599287457,0.1826582756105725
-1.621821770110632,0.1928531125513344
-1.6213846802925185,0.17880146632405805
-1.6209475904744048,0.16633219911735783
-1.6205105006562912,0.18278653712419116
-1.6200734108381776,0.1867383780086709
-1.619636321020064,0.17603296803361937
-1.6191992312019503,0.16910167329049863
-1.6187621413838367,0.1644031530676022
-1.618325051565723,0.1655300948086888
-1.6178879617476094,0.16800540290602445
-1.6174508719294958,0.16132277604987563
-1.6170137821113821,0.15020741412319089
-1.6165766922932685,0.15391188571916378
-1.6161396024751549,0.15399453305083174
-1.6157025126570412,0.1413208649315408
-1.6152654228389276,0.1303145532350408
-1.614828333020814,0.12025600654432989
-1.6143912432027003,0.11047369280304523
-1.6139541533845867,0.11070604098926891
-1.613517063566473,0.11234415116551076
-1.6130799737483594,0.12017177021787864
-1.6126428839302458,0.12585016678452282
-1.6122057941121322,0.13322636857579231
-1.6117687042940185,0.14408129310735834
-1.611331614475905,0.14003559621567505
-1.6108945246577913,0.11707260974317771
-1.6104574348396776,0.10190439448360318
-1.610020345021564,0.10743433392242804
-1.6095832552034504,0.12774075512899183
-1.6091461653853367,0.14129498030363555
-1.608709075567223,0.15885523496455592
-1.6082719857491095,0.16541713902574864
-1.6078348959309958,0.12466144350644512
-1.6073978061128822,0.07922854223175654
-1.6069607162947686,0.058360027962060655
-1.606523626476655,0.07086996416644332
-1.6060865366585413,0.0936655478249671
-1.6056494468404277,0.10216626105527742
-1.605212357022314,0.10079008521984899
-1.6047752672042004,0.10294558563226633
-1.6043381773860868,0.11597458250607075
-1.6039010875679731,0.11493637671108699
-1.6034639977498595,0.11617694891521935
-1.6030269079317458,0.1327575560573814
-1.6025898181136322,0.15432356087864815
-1.6021527282955186,0.16425772132701577
-1.601715638477405,0.1608311463977364
-1.6012785486592913,0.15957954000074823
-1.6008414588411777,0.1423760407729995
-1.600404369023064,0.10950960790231867
-1.5999672792049504,0.10000828180800303
-1.5995301893868368,0.12714582659828072
-1.5990930995687231,0.13302625023634823
-1.5986560097506095,0.10941379208379216
-1.5982189199324959,0.08815222738023658
-1.5977818301143822,0.08532038610125872
-1.5973447402962686,0.0843929235910185
-1.596907650478155,0.08273468832007912
-1.5964705606600413,0.08135110171172429
-1.5960334708419277,0.08131307586275861
-1.595596381023814,0.08495729047835729
-1.5951592912057004,0.09889575736738808
-1.5947222013875868,0.10496042398072136
-1.5942851115694732,0.10812766919595693
-1.5938480217513595,0.11592970663510846
-1.593410931933246,0.1161709541720884
-1.5929738421151323,0.11514152167615777
-1.5925367522970186,0.11152781362551303
-1.592099662478905,0.11361929010785858
-1.5916625726607914,0.11540754977245235
-1.5912254828426777,0.10181062756309696
-1.590788393024564,0.0986282919290969
-1.5903513032064505,0.10087856558521192
-1.5899142133883368,0.09351044674341927
-1.5894771235702232,0.08780183942165179
-1.5890400337521096,0.08277437243376382
-1.588602943933996,0.07969073863925046
-1.5881658541158823,0.08037755132823984
-1.5877287642977687,0.08114498671671165
-1.587291674479655,0.08647822879601881
-1.5868545846615414,0.096680183273364
-1.5864174948434278,0.10354232164928555
-1.5859804050253141,0.1064594613852451
-1.5855433152072005,0.1089122348306143
-1.5851062253890869,0.11415927974336135
-1.5846691355709732,0.11743348315557085
-1.5842320457528596,0.11674555507266293
-1.583794955934746,0.11374686532882476
-1.5833578661166323,0.10948080938046237
-1.5829207762985187,0.10756113344541249
-1.582483686480405,0.10138488976236126
-1.5820465966622914,0.0962065674860431
-1.5816095068441778,0.09827801052466359
-1.5811724170260641,0.1106401084019696
-1.5807353272079505,0.1187742329781458
-1.5802982373898369,0.10874645718761815
-1.5798611475717232,0.11344425472160118
-1.5794240577536096,0.11238927782672056
-1.578986967935496,0.09317117688476095
-1.5785498781173823,0.0800783488698095
-1.578112788299269,0.06427158631137729
-1.5776756984811553,0.05715289398925346
-1.5772386086630417,0.06033364188011233
-1.576801518844928,0.06414167969929381
-1.5763644290268144,0.06217920513673749
-1.5759273392087008,0.05221849531278317
-1.5754902493905871,0.04690239644245132
-1.5750531595724735,0.051347649906736396
-1.5746160697543599,0.05985488062260474
-1.5741789799362462,0.06492158660796848
-1.5737418901181326,0.05717569612910223
-1.573304800300019,0.04645922679391221
-1.5728677104819053,0.04957200432668777
-1.5724306206637917,0.0734511789341913
-1.571993530845678,0.12008334470390968
-1.5715564410275644,0.14324871001766337
-1.5711193512094508,0.132863132454875
-1.5706822613913372,0.13199863521160035
-1.5702451715732235,0.13039844753170288
-1.5698080817551099,0.12754167050953505
-1.5693709919369963,0.12526644116407645
-1.5689339021188826,0.11217448401200836
-1.568496812300769,0.10672276939559532
-1.5680597224826553,0.11067592740154188
-1.5676226326645417,0.1075961019573002
-1.567185542846428,0.10302764635942217
-1.5667484530283144,0.1103321116656605
-1.5663113632102008,0.11845243682642943
-1.5658742733920872,0.11327965125473764
-1.5654371835739735,0.10127211104661467
-1.56500009375586,0.09300268599705501
-1.5645630039377463,0.09441669091339151
-1.5641259141196326,0.10612443567354486
-1.563688824301519,0.116851923349224
-1.5632517344834054,0.12724607637717855
-1.5628146446652917,0.14751957042381547
-1.562377554847178,0.16724869530964157
-1.5619404650290645,0.16171867511140123
-1.5615033752109508,0.1379097341542802
-1.5610662853928372,0.11664244741368597
-1.5606291955747236,0.10324806834678657
-1.56019210575661,0.10493871663678697
-1.5597550159384963,0.12177567100308472
-1.5593179261203827,0.1368580092782747
-1.558880836302269,0.15241787088419406
-1.5584437464841554,0.17273531942678594
-1.5580066566660418,0.1653237903868749
-1.5575695668479281,0.1335608139628581
-1.5571324770298145,0.11354967468676926
-1.5566953872117009,0.10876345862505518
-1.5562582973935872,0.09840904372709193
-1.5558212075754736,0.09176860976924871
-1.55538411775736,0.09371959945193027
-1.5549470279392463,0.09092861396873489
-1.5545099381211327,0.08586126743795668
-1.554072848303019,0.09026073643142249
-1.5536357584849054,0.10723644569991589
-1.5531986686667918,0.1310138855492497
-1.5527615788486782,0.13849679099083353
-1.5523244890305645,0.12310609442707568
-1.551887399212451,0.10526149035316315
-1.5514503093943373,0.10026715635581275
-1.5510132195762236,0.11339343487360583
-1.55057612975811,0.1332326260432149
-1.5501390399399964,0.13734801396468424
-1.5497019501218827,0.1245452600587188
-1.549264860303769,0.12065926859161043
-1.5488277704856555,0.12974246246397095
-1.5483906806675418,0.14808363843947597
-1.5479535908494282,0.15735933278090136
-1.5475165010313146,0.1454282619486891
-1.547079411213201,0.1478665713494002
-1.5466423213950873,0.16914379858213338
-1.5462052315769736,0.17860677064670713
-1.54576814175886,0.18630099760935276
-1.5453310519407464,0.19822459084649396
-1.5448939621226327,0.1920981268300118
-1.5444568723045191,0.18840837830419568
-1.5440197824864055,0.1864340688603642
-1.5435826926682918,0.18112856304020133
-1.5431456028501782,0.17751437969270784
-1.5427085130320646,0.1662954076655645
-1.542271423213951,0.1696231991094223
-1.5418343333958373,0.20468837457874547
-1.5413972435777237,0.2287461118427929
-1.54096015375961,0.22692195321832737
-1.5405230639414964,0.2182376449447902
-1.5400859741233828,0.1957025120993567
-1.5396488843052691,0.1836894727806217
-1.5392117944871555,0.19815361999493555
-1.5387747046690419,0.20933435756549681
-1.5383376148509282,0.20902399299312038
-1.5379005250328146,0.2018353753914826
-1.537463435214701,0.20360970988260557
-1.5370263453965873,0.2023179833463589
-1.5365892555784737,0.18596149451404362
-1.53615216576036,0.1795139991127421
-1.5357150759422464,0.18651192009089237
-1.5352779861241328,0.20149424433013574
-1.5348408963060192,0.21739696518137988
-1.5344038064879055,0.22498701418962178
-1.533966716669792,0.2305515545967736
-1.5335296268516783,0.2258502773093016
-1.5330925370335646,0.21883857762678233
-1.532655447215451,0.20964539886814434
-1.5322183573973374,0.1980074001419922
-1.5317812675792237,0.2079932753219385
-1.53134417776111,0.23058005410595528
-1.5309070879429965,0.22913845957680398
-1.5304699981248828,0.21373899598172702
-1.5300329083067692,0.19981160491235656
-1.5295958184886556,0.19626417871842985
-1.529158728670542,0.18782147631967458
-1.5287216388524283,0.17687054557431123
-1.5282845490343147,0.17792001942584346
-1.527847459216201,0.18224145719603144
-1.5274103693980874,0.18538815847216664
-1.526973279579974,0.17763996369089904
-1.5265361897618603,0.17336878671974548
-1.5260990999437467,0.1782099548482535
-1.525662010125633,0.18406126611852666
-1.5252249203075194,0.20518743555299618
-1.5247878304894058,0.23672405939938637
-1.5243507406712922,0.24432665826080766
-1.5239136508531785,0.22904192604658227
-1.523476561035065,0.21342636217737912
-1.5230394712169513,0.21345910460828763
-1.5226023813988376,0.20749708111412457
-1.522165291580724,0.18661343413107054
-1.5217282017626104,0.17548525276962137
-1.5212911119444967,0.16396579943363926
-1.520854022126383,0.15036621273670106
-1.5204169323082695,0.15007297262377065
-1.5199798424901558,0.14970915821560776
-1.5195427526720422,0.1402848558663622
-1.5191056628539286,0.13704638068723093
-1.518668573035815,0.14292473721591947
-1.5182314832177013,0.14589469209714243
-1.5177943933995877,0.14077239809701186
-1.517357303581474,0.13423881475936472
-1.5169202137633604,0.13563110295298111
-1.5164831239452468,0.14438739358057257
-1.5160460341271331,0.14215193394794182
-1.5156089443090195,0.14580435219629811
-1.5151718544909059,0.1583858842526251
-1.5147347646727922,0.15976947200710892
-1.5142976748546786,0.14462755900272198
-1.513860585036565,0.13915098774435458
-1.5134234952184513,0.15031314723157574
-1.5129864054003377,0.15567102793733475
-1.512549315582224,0.16617843794612197
-1.5121122257641104,0.16118419542979248
-1.5116751359459968,0.14857023690176868
-1.5112380461278832,0.1560509181954164
-1.5108009563097695,0.17586114418985624
-1.5103638664916559,0.20878492822591507
-1.5099267766735422,0.23112987631316168
-1.5094896868554286,0.2287312579354896
-1.509052597037315,0.23478133245205957
-1.5086155072192013,0.25238098951944243
-1.5081784174010877,0.2512870978418387
-1.507741327582974,0.24834650481032208
-1.5073042377648604,0.24897776887994402
-1.5068671479467468,0.22261980827866118
-1.5064300581286332,0.19780849429363198
-1.5059929683105195,0.17819308899769074
-1.505555878492406,0.18089521285581575
-1.5051187886742923,0.20913064519218852
-1.5046816988561786,0.24951633890952338
-1.504244609038065,0.2686146848515861
-1.5038075192199514,0.2375998124800986
-1.5033704294018377,0.21943968017890408
-1.502933339583724,0.21865391884991076
-1.5024962497656105,0.20966375867133816
-1.5020591599474968,0.20683220645251185
-1.5016220701293832,0.19526402909119586
-1.5011849803112696,0.17464953523806925
-1.500747890493156,0.1703326379268942
-1.5003108006750423,0.17490751337793684
-1.4998737108569287,0.15969439589127668
-1.499436621038815,0.16355641267300358
-1.4989995312207014,0.18610730424332286
-1.4985624414025878,0.18460921276901923
-1.4981253515844741,0.17941200931448154
-1.4976882617663605,0.17561138244099078
-1.4972511719482469,0.1698886495280876
-1.4968140821301332,0.15617846572538466
-1.4963769923120198,0.1378281413364356
-1.4959399024939062,0.13203553158382245
-1.4955028126757925,0.12315459692825707
-1.495065722857679,0.1185691836370603
-1.4946286330395653,0.12971732302372727
-1.4941915432214516,0.14211554827323014
-1.493754453403338,0.15114060409670338
-1.4933173635852244,0.158454042388083
-1.4928802737671107,0.16826797026176019
-1.492443183948997,0.18836735341446117
-1.4920060941308835,0.20787620483603345
-1.4915690043127698,0.2080772889056905
-1.4911319144946562,0.19442331283450592
-1.4906948246765426,0.19501682537561907
-1.490257734858429,0.20870130846961996
-1.4898206450403153,0.22327117054567802
-1.4893835552222017,0.2201971683008314
-1.488946465404088,0.2016221086590771
-1.4885093755859744,0.1804477789960372
-1.4880722857678608,0.1692732464698716
-1.4876351959497471,0.195776989052206
-1.4871981061316335,0.23820500223744706
-1.4867610163135199,0.2501467037945372
-1.4863239264954062,0.2377154501342633
-1.4858868366772926,0.21853608707870373
-1.485449746859179,0.20310445250774417
-1.4850126570410653,0.20662729021146467
-1.4845755672229517,0.22224821437917244
-1.484138477404838,0.23472965519357522
-1.4837013875867244,0.24269032489315895
-1.4832642977686108,0.24042525699214098
-1.4828272079504972,0.24143432629083633
-1.4823901181323835,0.24599413446615667
-1.48195302831427,0.2216213281455155
-1.4815159384961563,0.20175549618608996
-1.4810788486780426,0.20541968243923092
-1.480641758859929,0.2243944900504593
-1.4802046690418154,0.24341693866174435
-1.4797675792237017,0.23735455065119213
-1.479330489405588,0.23084050583462434
-1.4788933995874745,0.22253728458203184
-1.4784563097693608,0.19690963014795088
-1.4780192199512472,0.1866421219996656
-1.4775821301331336,0.19932040439575632
-1.47714504031502,0.2137569095623166
-1.4767079504969063,0.19513348048716744
-1.4762708606787927,0.19096593281130597
-1.475833770860679,0.20799385597534034
-1.4753966810425654,0.20768778589352024
-1.4749595912244517,0.20231713390643466
-1.4745225014063381,0.19383447903783177
-1.4740854115882245,0.18159081296588434
-1.4736483217701108,0.18962762077738793
-1.4732112319519972,0.20595962555359112
-1.4727741421338836,0.20647896941264096
-1.47233705231577,0.1954031223674812
-1.4718999624976563,0.16400937499434937
-1.4714628726795427,0.13507702241686997
-1.471025782861429,0.13326423752690703
-1.4705886930433154,0.14168532013760485
-1.4701516032252018,0.1426819429665984
-1.4697145134070881,0.14539052212679354
-1.4692774235889745,0.16012081200369574
-1.4688403337708609,0.15194830167536266
-1.4684032439527472,0.12488139438716765
-1.4679661541346336,0.1243684816587531
-1.46752906431652,0.1265200049261143
-1.4670919744984063,0.10426836649989278
-1.4666548846802927,0.09602918497802153
-1.466217794862179,0.12022259332338048
-1.4657807050440654,0.15913268253137353
-1.4653436152259518,0.21139385782556275
-1.4649065254078382,0.26932699171858177
-1.4644694355897245,0.2776691420331954
-1.464032345771611,0.2448970563642778
-1.4635952559534973,0.23244060682704942
-1.4631581661353836,0.22275703011385797
-1.46272107631727,0.1936925949618365
-1.4622839864991564,0.16796383313469282
-1.4618468966810427,0.1603481127098783
-1.461409806862929,0.16113671627613338
-1.4609727170448155,0.17728487694816958
-1.4605356272267018,0.1747063784283033
-1.4600985374085882,0.14151913464684168
-1.4596614475904746,0.11748718821615023
-1.459224357772361,0.11226995559410104
-1.4587872679542473,0.11111863025246527
-1.4583501781361337,0.10514926596012686
-1.45791308831802,0.09545184753493682
-1.4574759984999064,0.08271420668035802
-1.4570389086817928,0.06122832492376905
-1.4566018188636791,0.042208827303437765
-1.4561647290455655,0.04593634411885703
-1.4557276392274519,0.0658335873054272
-1.4552905494093382,0.07505382631394
-1.4548534595912246,0.07216866678873225
-1.454416369773111,0.05808227002967504
-1.4539792799549973,0.04873588271593469
-1.4535421901368837,0.058169737406783925
-1.45310510031877,0.07042154380973485
-1.4526680105006564,0.06693889200454757
-1.4522309206825428,0.06130780237311174
-1.4517938308644291,0.06555442999036246
-1.4513567410463155,0.060955654292562944
-1.4509196512282019,0.06010505635771501
-1.4504825614100882,0.07130838890874351
-1.4500454715919746,0.07882072948081999
-1.449608381773861,0.0795260057150052
-1.4491712919557473,0.08812454035164097
-1.4487342021376337,0.1153531595451835
-1.44829711231952,0.12480179008574702
-1.4478600225014064,0.09014516992031887
-1.4474229326832928,0.07428705701073401
-1.4469858428651792,0.08713779416556666
-1.4465487530470655,0.09188769169508593
-1.446111663228952,0.09600825890143751
-1.4456745734108383,0.1096512204400736
-1.4452374835927246,0.12579645721421603
-1.444800393774611,0.11872906672818165
-1.4443633039564974,0.12332548461272141
-1.4439262141383837,0.15073316679989515
-1.44348912432027,0.1640808136214427
-1.4430520345021565,0.1581587924400177
-1.4426149446840428,0.137292491126755
-1.4421778548659292,0.12322502386585486
-1.4417407650478156,0.12204756421865921
-1.441303675229702,0.1281727511902588
-1.4408665854115883,0.13368276292931994
-1.4404294955934747,0.1336861392267761
-1.439992405775361,0.11197736590498693
-1.4395553159572474,0.0810920549026477
-1.4391182261391338,0.07433396740621208
-1.4386811363210201,0.07215707950719571
-1.4382440465029065,0.07547503738461865
-1.4378069566847929,0.09413857894772702
-1.4373698668666792,0.11449514923336127
-1.4369327770485656,0.14317683477069607
-1.436495687230452,0.14995394954402633
-1.4360585974123383,0.1286188066718076
-1.4356215075942247,0.13397027923375532
-1.435184417776111,0.1429831274140043
-1.4347473279579974,0.1349233600513672
-1.4343102381398838,0.13314372659213675
-1.4338731483217702,0.14285814359403706
-1.4334360585036565,0.1409684579517077
-1.4329989686855429,0.10038787436015859
-1.4325618788674293,0.0589936468609402
-1.4321247890493156,0.049636688162173655
-1.431687699231202,0.06102695830786007
-1.4312506094130883,0.08934191858994871
-1.4308135195949747,0.10454138325368453
-1.430376429776861,0.08403852037389184
-1.4299393399587474,0.08867160906697956
-1.4295022501406338,0.12687154085381278
-1.4290651603225202,0.15806621377377295
-1.4286280705044065,0.14304778945608732
-1.428190980686293,0.10127556929653159
-1.4277538908681793,0.06897545865874387
-1.4273168010500656,0.060054149870905536
-1.426879711231952,0.06315342108886188
-1.4264426214138384,0.06770571264210949
-1.4260055315957247,0.08975080888120246
-1.425568441777611,0.15154963960622633
-1.4251313519594975,0.21242328242024736
-1.4246942621413838,0.2161401775033986
-1.4242571723232702,0.1971938959264831
-1.4238200825051566,0.191521074286642
-1.423382992687043,0.201368116871659
-1.4229459028689293,0.20797857373714926
-1.4225088130508157,0.21645006807374184
-1.422071723232702,0.2288098342396841
-1.4216346334145884,0.2224640316631954
-1.4211975435964748,0.20336092584843318
-1.4207604537783611,0.21248161181299294
-1.4203233639602475,0.23000076982139275
-1.4198862741421339,0.23042143335175744
-1.4194491843240202,0.23471914326434273
-1.4190120945059066,0.24686281120250905
-1.418575004687793,0.2604283849624753
-1.4181379148696793,0.2790439990215143
-1.4177008250515657,0.29405838928425165
-1.417263735233452,0.3543731066563285
-1.4168266454153384,0.4784620434466104
-1.4163895555972248,0.5170625228531384
-1.4159524657791112,0.40872288786489686
-1.4155153759609975,0.30443095486161076
-1.415078286142884,0.26346180755003556
-1.4146411963247703,0.24252083483429251
-1.4142041065066566,0.23143112673761498
-1.413767016688543,0.2327642698364037
-1.4133299268704294,0.2426712010885454
-1.4128928370523157,0.25875309701925114
-1.412455747234202,0.26763403437414796
-1.4120186574160885,0.3146861719873243
-1.4115815675979748,0.4067438487877645
-1.4111444777798612,0.4474387446276138
-1.4107073879617475,0.3961890314150285
-1.410270298143634,0.3226481390997504
-1.4098332083255203,0.32429200002381714
-1.4093961185074066,0.36937381293888916
-1.408959028689293,0.39838394094640467
-1.4085219388711794,0.38049690253368684
-1.4080848490530657,0.35429966478546293
-1.4076477592349521,0.37203332463425565
-1.4072106694168385,0.39868494099645063
-1.4067735795987248,0.4078325848672634
-1.4063364897806112,0.37831695251466985
-1.4058993999624976,0.30937615362098975
-1.405462310144384,0.2575235266344994
-1.4050252203262703,0.2511382659159537
-1.4045881305081567,0.2585214752908153
-1.404151040690043,0.27405174680038014
-1.4037139508719294,0.27502639312039906
-1.4032768610538158,0.2570028826285795
-1.4028397712357021,0.2682353570153711
-1.4024026814175885,0.26657957791151804
-1.4019655915994749,0.2413472406479574
-1.4015285017813612,0.21954211086554093
-1.4010914119632476,0.1909124866494117
-1.400654322145134,0.19605767905067656
-1.4002172323270203,0.19402456232900853
-1.3997801425089067,0.1572568602344798
-1.399343052690793,0.16432981261261134
-1.3989059628726799,0.21007015209141905
-1.3984688730545662,0.22332266067700599
-1.3980317832364526,0.198900430138974
-1.397594693418339,0.198318401963573
-1.3971576036002253,0.2056409483848525
-1.3967205137821117,0.20580957599374197
-1.396283423963998,0.22134656658234714
-1.3958463341458844,0.2501057779743302
-1.3954092443277708,0.27154954036252804
-1.3949721545096572,0.2668663634244464
-1.3945350646915435,0.24644922245046663
-1.39409797487343,0.23936171974590084
-1.3936608850553163,0.25319997417323775
-1.3932237952372026,0.24884346538153265
-1.392786705419089,0.24338110311917246
-1.3923496156009754,0.24861365811540925
-1.3919125257828617,0.24374293193658408
-1.391475435964748,0.2531288481440515
-1.3910383461466345,0.2658599270915828
-1.3906012563285208,0.2721330711533324
-1.3901641665104072,0.27881220056606815
-1.3897270766922936,0.2828484995297774
-1.38928998687418,0.2844459558748173
-1.3888528970560663,0.281416875171246
-1.3884158072379527,0.27129100790373084
-1.387978717419839,0.2599469118111511
-1.3875416276017254,0.2502182504085573
-1.3871045377836118,0.2491916362956133
-1.3866674479654981,0.2620723808021075
-1.3862303581473845,0.2702137674162626
-1.3857932683292709,0.2814783371899014
-1.3853561785111572,0.27892187145725356
-1.3849190886930436,0.25618156508755985
-1.38448199887493,0.23657013170822896
-1.3840449090568163,0.22057343138622368
-1.3836078192387027,0.21313317762428483
-1.383170729420589,0.20247126442186067
-1.3827336396024754,0.1817192126723016
-1.3822965497843618,0.19966935251266477
-1.3818594599662481,0.22671502755549047
-1.3814223701481345,0.21678399547806965
-1.3809852803300209,0.20413958613880176
-1.3805481905119072,0.19862001890745734
-1.3801111006937936,0.20389869317626794
-1.37967401087568,0.22484266365065478
-1.3792369210575663,0.23982982150874949
-1.3787998312394527,0.2362162679615254
-1.378362741421339,0.2155090338950785
-1.3779256516032254,0.19090841235692477
-1.3774885617851118,0.17824707374957877
-1.3770514719669982,0.19449994372075838
-1.3766143821488845,0.21679998556063482
-1.376177292330771,0.22292966199256253
-1.3757402025126573,0.2390378601707048
-1.3753031126945436,0.25482159096665935
-1.37486602287643,0.24028816464702432
-1.3744289330583164,0.22301305162713028
-1.3739918432402027,0.231680522463915
-1.373554753422089,0.2441698228467659
-1.3731176636039755,0.22677369621373883
-1.3726805737858618,0.2120510828601565
-1.3722434839677482,0.2236206563457805
-1.3718063941496346,0.19798400099636315
-1.371369304331521,0.1531858981415048
-1.3709322145134073,0.14393918851991258
-1.3704951246952937,0.16624770534139843
-1.37005803487718,0.1815585680437132
-1.3696209450590664,0.18636176518229094
-1.3691838552409528,0.1892694336604544
-1.3687467654228391,0.18161763795510075
-1.3683096756047255,0.1843702956284336
-1.3678725857866119,0.20127218044276848
-1.3674354959684982,0.2173169842171246
-1.3669984061503846,0.22879667592920372
-1.366561316332271,0.2326482197368013
-1.3661242265141573,0.23932988921025883
-1.3656871366960437,0.23172011847096932
-1.36525004687793,0.21175082439948248
-1.3648129570598164,0.21234797448110992
-1.3643758672417028,0.22320708975095885
-1.3639387774235892,0.20421260873889913
-1.3635016876054755,0.19154939939911372
-1.3630645977873619,0.20783493156155522
-1.3626275079692483,0.21942583404183832
-1.3621904181511346,0.23388125954116387
-1.361753328333021,0.2364110987388874
-1.3613162385149074,0.24374092432683336
-1.3608791486967937,0.25146610398769886
-1.36044205887868,0.23449702577783535
-1.3600049690605664,0.2189277979410818
-1.3595678792424528,0.2154790035598191
-1.3591307894243392,0.2143237646862068
-1.3586936996062255,0.2041172650539307
-1.358256609788112,0.19269793198369053
-1.3578195199699983,0.18103705945174656
-1.3573824301518846,0.17435794519859965
-1.356945340333771,0.17363214544921832
-1.3565082505156574,0.17553043026268217
-1.3560711606975437,0.1805322876700195
-1.35563407087943,0.18829107111914142
-1.3551969810613165,0.1924855307219759
-1.3547598912432028,0.19132690875013056
-1.3543228014250892,0.20197542345294206
-1.3538857116069756,0.22405775204629613
-1.353448621788862,0.2295763589978718
-1.3530115319707483,0.2116478075432848
-1.3525744421526347,0.19339966167424966
-1.352137352334521,0.1911356254603185
-1.3517002625164074,0.19779834832539092
-1.3512631726982938,0.19620370448859772
-1.3508260828801801,0.19858099638589327
-1.3503889930620665,0.20475144454349786
-1.3499519032439529,0.1956851477428921
-1.3495148134258392,0.19590587811688373
-1.3490777236077256,0.20349598959596932
-1.348640633789612,0.1921625632091595
-1.3482035439714983,0.17830448698055176
-1.3477664541533847,0.17534588086231226
-1.347329364335271,0.1822006035842308
-1.3468922745171574,0.18973078094558518
-1.3464551846990438,0.1836116283630991
-1.3460180948809302,0.17484702607023658
-1.3455810050628165,0.17393823816825654
-1.345143915244703,0.16399936730485368
-1.3447068254265893,0.1500418840025542
-1.3442697356084756,0.15933438456345259
-1.343832645790362,0.1736567068255033
-1.3433955559722484,0.17804968563257112
-1.3429584661541347,0.18170105042950083
-1.342521376336021,0.17730506440132054
-1.3420842865179075,0.1678858421030434
-1.3416471966997938,0.16231754254697467
-1.3412101068816802,0.16714451012611087
-1.3407730170635666,0.1687341635293631
-1.340335927245453,0.17790433420960822
-1.3398988374273393,0.20195366274259116
-1.3394617476092257,0.21315243021783112
-1.339024657791112,0.19403000103032014
-1.3385875679729984,0.19497501354209076
-1.3381504781548847,0.20780610544715022
-1.3377133883367711,0.2004750883106821
-1.3372762985186575,0.19165517377246855
-1.3368392087005438,0.1859139695114426
-1.3364021188824302,0.18072792461929219
-1.3359650290643166,0.17536016042775798
-1.335527939246203,0.16567068922518854
-1.3350908494280893,0.15781071676159367
-1.3346537596099757,0.16713638715149767
-1.334216669791862,0.19271151828032682
-1.3337795799737484,0.2065024908517122
-1.3333424901556348,0.20028667881045628
-1.3329054003375211,0.19800953010826358
-1.3324683105194075,0.19937519655707522
-1.3320312207012939,0.1888291767272481
-1.3315941308831802,0.1705046855807328
-1.3311570410650666,0.1524678206908099
-1.330719951246953,0.14935242405441437
-1.3302828614288393,0.16148580155404904
-1.3298457716107257,0.1654401976862887
-1.329408681792612,0.16734977791699487
-1.3289715919744984,0.1695387414255828
-1.3285345021563848,0.16708318427175153
-1.3280974123382712,0.16744038105250975
-1.3276603225201575,0.17016213797902432
-1.327223232702044,0.1669283142203609
-1.3267861428839303,0.15309742784692212
-1.3263490530658166,0.14671686695804223
-1.325911963247703,0.1599023761966399
-1.3254748734295894,0.16005071783290248
-1.3250377836114757,0.13386724235648537
-1.324600693793362,0.11442973912421817
-1.3241636039752485,0.11899105545525783
-1.3237265141571348,0.13882655138106179
-1.3232894243390212,0.15462893517672954
-1.3228523345209076,0.1570390883303432
-1.322415244702794,0.16351692111305913
-1.3219781548846803,0.18310437721180692
-1.3215410650665667,0.18775089698068834
-1.321103975248453,0.16894721120555706
-1.3206668854303394,0.14680999306458256
-1.3202297956122258,0.1279304895944788
-1.3197927057941121,0.1212194193805073
-1.3193556159759985,0.12405284275236357
-1.3189185261578849,0.13250662073121713
-1.3184814363397712,0.14372411267113328
-1.3180443465216576,0.16483273972677948
-1.317607256703544,0.1812961780068905
-1.3171701668854303,0.1630992064624894
-1.3167330770673167,0.13263201963727905
-1.316295987249203,0.12408176000879542
-1.3158588974310894,0.12004538346908256
-1.3154218076129758,0.11695932688609878
-1.3149847177948621,0.13776707877125643
-1.3145476279767485,0.17151282471702192
-1.3141105381586349,0.19247988492041307
-1.3136734483405212,0.1870757627411294
-1.3132363585224076,0.19281273912274316
-1.312799268704294,0.19976725877340948
-1.3123621788861803,0.18225041799171565
-1.3119250890680667,0.16901774719322823
-1.311487999249953,0.18083703069747542
-1.3110509094318394,0.22230076893736908
-1.3106138196137258,0.24776290518390703
-1.3101767297956122,0.23221662816300076
-1.3097396399774985,0.21868313957987537
-1.309302550159385,0.2286114355019416
-1.3088654603412713,0.22704815116526866
-1.3084283705231576,0.20777758521940998
-1.307991280705044,0.19514521691061135
-1.3075541908869304,0.19447455669196548
-1.3071171010688167,0.18985246832461664
-1.306680011250703,0.1815797674624048
-1.3062429214325895,0.18320366541736538
-1.3058058316144758,0.18763842006878725
-1.3053687417963622,0.18834226085538086
-1.3049316519782486,0.17533239906775952
-1.304494562160135,0.16327727398041267
-1.3040574723420213,0.17776495625206618
-1.3036203825239077,0.1978506736991914
-1.303183292705794,0.20846007775991757
-1.3027462028876804,0.22236282993861994
-1.3023091130695668,0.23329322467118083
-1.3018720232514531,0.24470528639341801
-1.3014349334333395,0.2534050805258652
-1.3009978436152259,0.26151985438691877
-1.3005607537971122,0.25998403691549565
-1.3001236639789986,0.22639482667166808
-1.299686574160885,0.18574982953036506
-1.2992494843427713,0.19389831991002246
-1.2988123945246577,0.24305772426088787
-1.298375304706544,0.2767115318600798
-1.2979382148884304,0.2792926470341054
-1.2975011250703168,0.2810120416791292
-1.2970640352522032,0.26736730368801415
-1.29662694543409,0.24671106173380655
-1.2961898556159763,0.22992406866482434
-1.2957527657978627,0.2108441753391228
-1.295315675979749,0.22325924160873087
-1.2948785861616354,0.2630614017402033
-1.2944414963435218,0.2836822689727659
-1.2940044065254082,0.2752463254149805
-1.2935673167072945,0.26646594202797264
-1.293130226889181,0.24616270159990994
-1.2926931370710673,0.21733442074274206
-1.2922560472529536,0.21833671602715796
-1.29181895743484,0.2282279986920976
-1.2913818676167264,0.22677707747172193
-1.2909447777986127,0.21593096385659072
-1.290507687980499,0.19239659939912915
-1.2900705981623855,0.1709050506773988
-1.2896335083442718,0.13948354352983758
-1.2891964185261582,0.12851595476245506
-1.2887593287080445,0.14651485465281008
-1.288322238889931,0.14191525105454847
-1.2878851490718173,0.15109425041085614
-1.2874480592537036,0.18219751633828138
-1.28701096943559,0.201179500561032
-1.2865738796174764,0.20994328431569728
-1.2861367897993627,0.20813351765842736
-1.2856996999812491,0.21473269041945484
-1.2852626101631355,0.2221715896805654
-1.2848255203450218,0.22703691165214154
-1.2843884305269082,0.23614798788349387
-1.2839513407087946,0.2401051494893089
-1.283514250890681,0.2309660722147023
-1.2830771610725673,0.22632741601315456
-1.2826400712544537,0.21810629349434865
-1.28220298143634,0.19265007359708555
-1.2817658916182264,0.17419403453731017
-1.2813288018001128,0.16544291744934933
-1.2808917119819991,0.16273381161766506
-1.2804546221638855,0.17673828886581533
-1.2800175323457719,0.20055748431335316
-1.2795804425276582,0.22931364186711983
-1.2791433527095446,0.243412340746162
-1.278706262891431,0.23003453798720544
-1.2782691730733173,0.2130162996479607
-1.2778320832552037,0.18549221452196799
-1.27739499343709,0.16519421542182283
-1.2769579036189764,0.16042262508702815
-1.2765208138008628,0.14557023740461394
-1.2760837239827492,0.12400034881747217
-1.2756466341646355,0.11690177481259019
-1.275209544346522,0.14389720177907753
-1.2747724545284083,0.18404226083509703
-1.2743353647102946,0.18022418120020975
-1.273898274892181,0.14642492701104917
-1.2734611850740674,0.13352322884039242
-1.2730240952559537,0.12094366206755496
-1.27258700543784,0.12120994938712003
-1.2721499156197265,0.13955021862064682
-1.2717128258016128,0.15745958819301312
-1.2712757359834992,0.1813075373439737
-1.2708386461653856,0.20963547674151123
-1.270401556347272,0.21101867675183958
-1.2699644665291583,0.2102235871724852
-1.2695273767110447,0.22857757515970004
-1.269090286892931,0.2044986409885304
-1.2686531970748174,0.16607632844795092
-1.2682161072567038,0.14680074134579937
-1.2677790174385901,0.13588930696097937
-1.2673419276204765,0.13214860047103455
-1.2669048378023628,0.11553132377238375
-1.2664677479842492,0.09316434148177846
-1.2660306581661356,0.08913153145406849
-1.265593568348022,0.09743631436809827
-1.2651564785299083,0.10774887898214028
-1.2647193887117947,0.11258801210867576
-1.264282298893681,0.1060468440900719
-1.2638452090755674,0.10728568547468278
-1.2634081192574538,0.11926232412375694
-1.2629710294393401,0.11900245043492763
-1.2625339396212265,0.10308056738422301
-1.2620968498031129,0.09016345429646493
-1.2616597599849992,0.0928310255337061
-1.2612226701668856,0.0991260261983019
-1.260785580348772,0.09927125506819674
-1.2603484905306583,0.10475114149330476
-1.2599114007125447,0.13333905491853404
-1.259474310894431,0.18426556893136964
-1.2590372210763174,0.21039523323864304
-1.2586001312582038,0.18483488518069408
-1.2581630414400902,0.17381878808567613
-1.2577259516219765,0.181994216845905
-1.257288861803863,0.17479364059208846
-1.2568517719857493,0.19005949117933726
-1.2564146821676356,0.20349708951743123
-1.255977592349522,0.15654210288087356
-1.2555405025314084,0.10270662511159322
-1.2551034127132947,0.0774826553898682
-1.254666322895181,0.07041748696981147
-1.2542292330770675,0.07574602001585491
-1.2537921432589538,0.08732635125854783
-1.2533550534408402,0.11106043301166264
-1.2529179636227266,0.1276659454146817
-1.252480873804613,0.12590407162695774
-1.2520437839864993,0.1249517313527156
-1.2516066941683857,0.1168962141662322
-1.251169604350272,0.10830860694737753
-1.2507325145321584,0.10891721420294653
-1.2502954247140448,0.11653105855251986
-1.2498583348959311,0.11350104642809396
-1.2494212450778175,0.10959205518642337
-1.2489841552597039,0.12093747396648924
-1.2485470654415902,0.13763793822271947
-1.2481099756234766,0.15001741132285842
-1.247672885805363,0.14017244197645132
-1.2472357959872493,0.10499744425002881
-1.2467987061691357,0.07561995365394573
-1.246361616351022,0.08001274937326504
-1.2459245265329084,0.1038206909139503
-1.2454874367147948,0.11835393401371289
-1.2450503468966811,0.11271685501015853
-1.2446132570785675,0.09357189490570274
-1.2441761672604539,0.07943293916121878
-1.2437390774423402,0.07729151172079236
-1.2433019876242266,0.08423430650369121
-1.242864897806113,0.09780489276914803
-1.2424278079879993,0.10723303237333551
-1.2419907181698857,0.10977213901825478
-1.241553628351772,0.10601509849505707
-1.2411165385336584,0.10123368310588095
-1.2406794487155448,0.09585714230089026
-1.2402423588974312,0.08686504466965596
-1.2398052690793175,0.07830141412923733
-1.239368179261204,0.07310351202495115
-1.2389310894430903,0.07225333804101018
-1.2384939996249766,0.06973437092683779
-1.238056909806863,0.0636345835199361
-1.2376198199887494,0.06481856481536465
-1.2371827301706357,0.07703734491025611
-1.236745640352522,0.0929436086935437
-1.2363085505344085,0.09766061915002923
-1.2358714607162948,0.09583346134653806
-1.2354343708981812,0.10106447108705544
-1.2349972810800676,0.10747163131206772
-1.234560191261954,0.10886903800774775
-1.2341231014438403,0.11239979638675032
-1.2336860116257267,0.11320149028873701
-1.233248921807613,0.11200176880932598
-1.2328118319894994,0.11644520224981617
-1.2323747421713858,0.11704041684850765
-1.2319376523532721,0.11760229803356671
-1.2315005625351585,0.12639683048680608
-1.2310634727170449,0.14289435324403235
-1.2306263828989312,0.1566882142858403
-1.2301892930808176,0.14896883854048676
-1.229752203262704,0.14216253348525862
-1.2293151134445903,0.17438567599738478
-1.2288780236264767,0.2111290324197839
-1.228440933808363,0.22630594279305397
-1.2280038439902494,0.22096621696532742
-1.2275667541721358,0.19179862095850544
-1.2271296643540222,0.17618590673618814
-1.2266925745359085,0.1582605569946459
-1.2262554847177949,0.1282200041681896
-1.2258183948996813,0.09888296986757349
-1.2253813050815676,0.09323770115928227
-1.224944215263454,0.09935155588968132
-1.2245071254453403,0.10131071088121714
-1.2240700356272267,0.11494210360077706
-1.223632945809113,0.12642593846847267
-1.2231958559909994,0.1283887055033575
-1.2227587661728858,0.1437043772547065
-1.2223216763547722,0.18602040457059346
-1.2218845865366585,0.2159725175069437
-1.221447496718545,0.1979842560283279
-1.2210104069004313,0.16731707249611585
-1.2205733170823176,0.15957995399962152
-1.220136227264204,0.1502935083996338
-1.2196991374460904,0.13546616476452736
-1.2192620476279767,0.13172752616172045
-1.218824957809863,0.13692170871654902
-1.2183878679917495,0.14054533069823677
-1.2179507781736358,0.14362840939884994
-1.2175136883555222,0.1420955390513937
-1.2170765985374086,0.14561213676187476
-1.216639508719295,0.15640801586639305
-1.2162024189011813,0.1573212291914074
-1.2157653290830677,0.13537848755515
-1.215328239264954,0.10952352002012823
-1.2148911494468404,0.10851842948795397
-1.2144540596287268,0.12435820183484884
-1.2140169698106131,0.13771711867593225
-1.2135798799924995,0.1456272258172537
-1.2131427901743859,0.14971363751828465
-1.2127057003562722,0.13720908345891208
-1.2122686105381586,0.13226078475875006
-1.211831520720045,0.15341121555869403
-1.2113944309019313,0.1720898344256943
-1.2109573410838177,0.18631263068845444
-1.210520251265704,0.2021831799133008
-1.2100831614475904,0.2135440728632106
-1.2096460716294768,0.19552319824054373
-1.2092089818113632,0.169182385440274
-1.2087718919932495,0.20753250057124764
-1.208334802175136,0.27500891695732815
-1.2078977123570223,0.28612528446484886
-1.2074606225389086,0.2810323382161389
-1.207023532720795,0.2857933329832881
-1.2065864429026814,0.28108554187548196
-1.2061493530845677,0.2340275013676209
-1.205712263266454,0.21735136478119976
-1.2052751734483405,0.22537409925330262
-1.2048380836302268,0.2064377790974851
-1.2044009938121132,0.19191194077030158
-1.2039639039939996,0.17594845177378343
-1.203526814175886,0.17222767323086188
-1.2030897243577723,0.1943545313970743
-1.2026526345396586,0.18130653867425164
-1.202215544721545,0.13207216225332755
-1.2017784549034314,0.11217569082724353
-1.2013413650853177,0.11816199908389464
-1.2009042752672041,0.10524254360176276
-1.2004671854490905,0.08772678299375104
-1.2000300956309768,0.09181923522903872
-1.1995930058128632,0.09954509939250222
-1.1991559159947496,0.1115648999208595
-1.198718826176636,0.13939022999066564
-1.1982817363585223,0.15925113046351172
-1.1978446465404087,0.15753039234422678
-1.197407556722295,0.14543106972110423
-1.1969704669041814,0.13233075902961314
-1.1965333770860678,0.13246990913294115
-1.1960962872679541,0.13547529008610806
-1.1956591974498405,0.13015683610820247
-1.1952221076317269,0.13285617799327223
-1.1947850178136132,0.14643200572438145
-1.1943479279955,0.16530569243869137
-1.1939108381773864,0.18744032437181632
-1.1934737483592728,0.18992624056673663
-1.1930366585411591,0.18230226192952656
-1.1925995687230455,0.17795498078106337
-1.1921624789049319,0.16203887095805863
-1.1917253890868182,0.14323682055462103
-1.1912882992687046,0.14664285919928305
-1.190851209450591,0.16819372475768724
-1.1904141196324773,0.18094441363523944
-1.1899770298143637,0.18749297555427766
-1.18953993999625,0.1960665111799138
-1.1891028501781364,0.1967814543387386
-1.1886657603600228,0.18127162526368293
-1.1882286705419092,0.17982707372083448
-1.1877915807237955,0.19662617160359866
-1.187354490905682,0.19570687655043534
-1.1869174010875683,0.181428124565551
-1.1864803112694546,0.1662299747207158
-1.186043221451341,0.14938167249934864
-1.1856061316332274,0.1463108348605687
-1.1851690418151137,0.1747307556391858
-1.184731951997,0.2010728751638466
-1.1842948621788865,0.19401476213111796
-1.1838577723607728,0.17671578365666715
-1.1834206825426592,0.16997809469359457
-1.1829835927245456,0.1719656041933501
-1.182546502906432,0.17107986701120328
-1.1821094130883183,0.19790220937762354
-1.1816723232702047,0.2366846196154511
-1.181235233452091,0.2342364721637562
-1.1807981436339774,0.212369665533009
-1.1803610538158638,0.20501535852260674
-1.1799239639977501,0.2134045701945906
-1.1794868741796365,0.23514217216472352
-1.1790497843615229,0.3100322246440558
-1.1786126945434092,0.4668901153975692
-1.1781756047252956,0.5331985739711195
-1.177738514907182,0.4001543879254808
-1.1773014250890683,0.2652009320092606
-1.1768643352709547,0.24850933896983043
-1.176427245452841,0.24464893146823496
-1.1759901556347274,0.22661456616155257
-1.1755530658166138,0.21836888638987711
-1.1751159759985002,0.20561197054153887
-1.1746788861803865,0.18658937396994404
-1.1742417963622729,0.1823493544047662
-1.1738047065441592,0.1935564429491101
-1.1733676167260456,0.19733675158707806
-1.172930526907932,0.18690351343499853
-1.1724934370898183,0.18403029176963556
-1.1720563472717047,0.177418301187785
-1.171619257453591,0.15850420266481718
-1.1711821676354774,0.14107176908875638
-1.1707450778173638,0.13059147479553493
-1.1703079879992502,0.12998690275374364
-1.1698708981811365,0.13103680867375886
-1.169433808363023,0.13152475315675644
-1.1689967185449093,0.133906985407051
-1.1685596287267956,0.1256878833038054
-1.168122538908682,0.10949822767379139
-1.1676854490905684,0.10169324040164895
-1.1672483592724547,0.11332554357171376
-1.166811269454341,0.12882863648082565
-1.1663741796362275,0.13738514348339206
-1.1659370898181138,0.14251748510283127
-1.1655000000000002,0.13012103980313178
-1.1650629101818866,0.10570744652085605
-1.164625820363773,0.0914523281538893
-1.1641887305456593,0.08770815671019092
-1.1637516407275457,0.09515161392904851
-1.163314550909432,0.1046386401607622
-1.1628774610913184,0.1016272559320492
-1.1624403712732048,0.09300491312330751
-1.1620032814550911,0.08475534714657
-1.1615661916369775,0.07394342130820174
-1.1611291018188639,0.06977584793317684
-1.1606920120007502,0.07819611844731433
-1.1602549221826366,0.09848922808371552
-1.159817832364523,0.11485750118438977
-1.1593807425464093,0.12170543017768928
-1.1589436527282957,0.13150802140385842
-1.158506562910182,0.12542974962732187
-1.1580694730920684,0.10139109394171675
-1.1576323832739548,0.08447699412450163
-1.1571952934558412,0.08044231049395914
-1.1567582036377275,0.08229822843953662
-1.1563211138196139,0.07936778012208287
-1.1558840240015003,0.07272099739139118
-1.1554469341833866,0.06843049924176611
-1.155009844365273,0.07005842979557905
-1.1545727545471594,0.07303707170473588
-1.1541356647290457,0.07999579997928981
-1.153698574910932,0.09663354685089272
-1.1532614850928185,0.10673630876279223
-1.1528243952747048,0.10168754213227302
-1.1523873054565912,0.10513458450842425
-1.1519502156384775,0.10878249043543908
-1.151513125820364,0.11732244631745056
-1.1510760360022503,0.14022682681684454
-1.1506389461841366,0.16099181244348812
-1.150201856366023,0.18150916759752295
-1.1497647665479094,0.19968823269829633
-1.1493276767297957,0.19636177513019515
-1.148890586911682,0.16779217209342326
-1.1484534970935685,0.13637123598703288
-1.1480164072754548,0.12457137257008459
-1.1475793174573412,0.10999547414842838
-1.1471422276392276,0.08112873180831491
-1.146705137821114,0.05864260646041079
-1.1462680480030003,0.06068226922165016
-1.1458309581848867,0.0863068662534845
-1.145393868366773,0.09119392772187365
-1.1449567785486594,0.07485654626115797
-1.1445196887305458,0.07293529639711083
-1.1440825989124321,0.09382288292926445
-1.1436455090943185,0.09886869587718465
-1.1432084192762049,0.08898071525541776
-1.1427713294580912,0.08796247806810054
-1.1423342396399776,0.08182822984631143
-1.141897149821864,0.10882722999317619
-1.1414600600037503,0.15861519818328956
-1.1410229701856367,0.16729730644995502
-1.140585880367523,0.153608322278206
-1.1401487905494094,0.14425069432841386
-1.1397117007312958,0.1388514317943412
-1.1392746109131822,0.14681448565060246
-1.1388375210950685,0.1668299166320701
-1.138400431276955,0.1703221805969158
-1.1379633414588413,0.17875609928912065
-1.1375262516407276,0.200784489820402
-1.137089161822614,0.20197313356544425
-1.1366520720045004,0.17809782594284834
-1.1362149821863867,0.14035681373952208
-1.135777892368273,0.11735824713491506
-1.1353408025501595,0.10202512820459744
-1.1349037127320458,0.10025089009531916
-1.1344666229139322,0.1212575582544884
-1.1340295330958186,0.1285824806022003
-1.133592443277705,0.1309270132349921
-1.1331553534595913,0.14717010878375028
-1.1327182636414777,0.16288399371714643
-1.132281173823364,0.16085440942843832
-1.1318440840052504,0.14791549786600316
-1.1314069941871367,0.13953832190435217
-1.1309699043690231,0.15294459379965533
-1.1305328145509095,0.1780450888411593
-1.1300957247327958,0.18165276684882598
-1.1296586349146822,0.16209356213388068
-1.1292215450965686,0.15081177300429188
-1.128784455278455,0.16108551880589506
-1.1283473654603413,0.1614306950742793
-1.1279102756422277,0.15390610166398017
-1.127473185824114,0.162684661112844
-1.1270360960060004,0.17581592058342912
-1.1265990061878868,0.16545004409272474
-1.1261619163697731,0.13778795173864858
-1.1257248265516595,0.11331363468175362
-1.1252877367335459,0.0933049929191433
-1.1248506469154322,0.07578183609691509
-1.1244135570973186,0.06581286983141411
-1.123976467279205,0.07143808073466751
-1.1235393774610913,0.08888051317031306
-1.1231022876429777,0.10328839275040065
-1.122665197824864,0.10132140270945895
-1.1222281080067504,0.07278396313277921
-1.1217910181886368,0.048861463230311396
-1.1213539283705232,0.05695967140061905
-1.1209168385524095,0.06672676074530146
-1.120479748734296,0.05717532131851693
-1.1200426589161823,0.042937705752882194
-1.1196055690980686,0.033526530388819885
-1.119168479279955,0.0355808858065039
-1.1187313894618414,0.0471623491382152
-1.1182942996437277,0.05646535594397648
-1.117857209825614,0.07081475195391156
-1.1174201200075005,0.10836824834063699
-1.1169830301893868,0.14960599339840958
-1.1165459403712732,0.16289469403664944
-1.1161088505531596,0.13600704946838424
-1.115671760735046,0.08641456336265234
-1.1152346709169323,0.05479196725296605
-1.1147975810988187,0.05624527576305342
-1.114360491280705,0.06491513770192844
-1.1139234014625914,0.06378861964497869
-1.1134863116444778,0.06322633542624764
-1.1130492218263641,0.06567632568767666
-1.1126121320082505,0.07022009544819888
-1.1121750421901369,0.0796562487999524
-1.1117379523720232,0.08629021463376921
-1.1113008625539096,0.08117406790480801
-1.110863772735796,0.07038808866686543
-1.1104266829176823,0.06449711459205548
-1.1099895930995687,0.06416824285149039
-1.109552503281455,0.0739530856129377
-1.1091154134633414,0.08976311248045166
-1.1086783236452278,0.0972461625348983
-1.1082412338271141,0.10697284021884955
-1.1078041440090005,0.11005504380825804
-1.1073670541908869,0.10745786940753808
-1.1069299643727732,0.11728257722896536
-1.1064928745546596,0.11404760274377304
-1.106055784736546,0.09954272090616496
-1.1056186949184323,0.09437327522085848
-1.1051816051003187,0.09139665716846761
-1.104744515282205,0.09112870843741097
-1.1043074254640914,0.09082316775806455
-1.1038703356459778,0.08608657440558823
-1.1034332458278642,0.08612397386799488
-1.1029961560097505,0.08749174099347708
-1.102559066191637,0.08224688303330463
-1.1021219763735233,0.07600429782722595
-1.1016848865554096,0.07885271012289276
-1.101247796737296,0.08309517645327266
-1.1008107069191824,0.08050698646097307
-1.1003736171010687,0.08730642624337429
-1.099936527282955,0.1037603365977942
-1.0994994374648415,0.10540143524487192
-1.0990623476467278,0.10286555655526197
-1.0986252578286142,0.10443891710627705
-1.0981881680105006,0.10608377815747998
-1.097751078192387,0.11243287358239015
-1.0973139883742733,0.11412496698525411
-1.0968768985561597,0.11008596321111505
-1.096439808738046,0.10789237387203168
-1.0960027189199324,0.10802895899543767
-1.0955656291018188,0.11044126708757145
-1.0951285392837051,0.10892552845690963
-1.0946914494655915,0.09836345074158971
-1.0942543596474779,0.08873311916800271
-1.0938172698293642,0.088399118245151
-1.0933801800112506,0.09148323537682501
-1.092943090193137,0.0918252578498089
-1.0925060003750233,0.09046556634861198
-1.0920689105569101,0.08989256819802742
-1.0916318207387965,0.09076551513427591
-1.0911947309206829,0.09164028147711024
-1.0907576411025692,0.09280350177069954
-1.0903205512844556,0.09906221614981817
-1.089883461466342,0.1058779697501265
-1.0894463716482283,0.10740180852697219
-1.0890092818301147,0.10193968788049486
-1.088572192012001,0.09349228266465381
-1.0881351021938874,0.09652690652721842
-1.0876980123757738,0.10569063724388458
-1.0872609225576602,0.10816547620346148
-1.0868238327395465,0.10616099760644333
-1.086386742921433,0.09971332312133725
-1.0859496531033193,0.09264588974098222
-1.0855125632852056,0.09111676261412294
-1.085075473467092,0.09336976252574089
-1.0846383836489784,0.09361301982181426
-1.0842012938308647,0.09125502425860103
-1.083764204012751,0.09038996791848111
-1.0833271141946375,0.09596881164557904
-1.0828900243765238,0.10616423171938807
-1.0824529345584102,0.1101386651722887
-1.0820158447402966,0.10966595317583043
-1.081578754922183,0.10996377945676514
-1.0811416651040693,0.10744647394471718
-1.0807045752859556,0.10113682520653901
-1.080267485467842,0.10101767664138707
-1.0798303956497284,0.10513486714354872
-1.0793933058316147,0.10269426253470822
-1.0789562160135011,0.10229897308185279
-1.0785191261953875,0.10202223285960774
-1.0780820363772738,0.09473270116861765
-1.0776449465591602,0.08747807360858119
-1.0772078567410466,0.08758514253983454
-1.076770766922933,0.0928659137068675
-1.0763336771048193,0.0978854007411509
-1.0758965872867057,0.10768189612000686
-1.075459497468592,0.11792581681601962
-1.0750224076504784,0.11864489881575589
-1.0745853178323648,0.11603702899079303
-1.0741482280142511,0.11560291949775972
-1.0737111381961375,0.11999710721677627
-1.0732740483780239,0.12439649036636351
-1.0728369585599102,0.11763848646283079
-1.0723998687417966,0.10810048400503204
-1.071962778923683,0.10435561111371681
-1.0715256891055693,0.11078963761958015
-1.0710885992874557,0.12390664859043239
-1.070651509469342,0.13109763090148133
-1.0702144196512284,0.13632654251104362
-1.0697773298331148,0.13943013467613063
-1.0693402400150012,0.13984313259439787
-1.0689031501968875,0.14260106235430126
-1.068466060378774,0.13972666278401694
-1.0680289705606603,0.13103942780795969
-1.0675918807425466,0.12777449231992435
-1.067154790924433,0.1269402878979571
-1.0667177011063194,0.12438395762321301
-1.0662806112882057,0.13558277867526686
-1.065843521470092,0.15589591230338987
-1.0654064316519785,0.1609827536617313
-1.0649693418338648,0.14991194536383984
-1.0645322520157512,0.1428876004551305
-1.0640951621976376,0.14806775111707732
-1.063658072379524,0.1576310340686315
-1.0632209825614103,0.16095577203505457
-1.0627838927432967,0.1600443020195864
-1.062346802925183,0.16235328517655717
-1.0619097131070694,0.16726548320303003
-1.0614726232889558,0.16569235948264363
-1.0610355334708421,0.16279102449164315
-1.0605984436527285,0.15896731991119536
-1.0601613538346149,0.14623078608918674
-1.0597242640165012,0.1315004330774597
-1.0592871741983876,0.11953702460456282
-1.058850084380274,0.12066243826655862
-1.0584129945621603,0.13230483254561334
-1.0579759047440467,0.1376461333090516
-1.057538814925933,0.13857099057876193
-1.0571017251078194,0.139048123353208
-1.0566646352897058,0.14187832504257142
-1.0562275454715921,0.14989248546014225
-1.0557904556534785,0.15058553585966167
-1.0553533658353649,0.14485346525220627
-1.0549162760172512,0.14712796413688395
-1.0544791861991376,0.15546689849829678
-1.054042096381024,0.15910914054816963
-1.0536050065629103,0.15864259799703626
-1.0531679167447967,0.1599261727883221
-1.052730826926683,0.16746230442502258
-1.0522937371085694,0.175142369236168
-1.0518566472904558,0.17419335710488765
-1.0514195574723422,0.16949596027787336
-1.0509824676542285,0.1650412269186147
-1.050545377836115,0.16207529036054164
-1.0501082880180013,0.16292462239219654
-1.0496711981998876,0.16539963197163163
-1.049234108381774,0.16548926892860338
-1.0487970185636604,0.16266191074528752
-1.0483599287455467,0.16137988384359733
-1.047922838927433,0.16095575676693313
-1.0474857491093195,0.15745699809942426
-1.0470486592912058,0.154215404748518
-1.0466115694730922,0.15307291680100807
-1.0461744796549786,0.1562391038061922
-1.045737389836865,0.16244737305604254
-1.0453003000187513,0.16739945078178264
-1.0448632102006377,0.16638676832518454
-1.044426120382524,0.15562052921953703
-1.0439890305644104,0.1472196828041103
-1.0435519407462968,0.14257699378347724
-1.0431148509281831,0.14038455789299692
-1.0426777611100695,0.14809694028930837
-1.0422406712919559,0.1625783020446781
-1.0418035814738422,0.16555241873811585
-1.0413664916557286,0.14899688432799124
-1.040929401837615,0.13703515466880742
-1.0404923120195013,0.1310538825523394
-1.0400552222013877,0.1262026595897653
-1.039618132383274,0.12876557395081376
-1.0391810425651604,0.1331302003129887
-1.0387439527470468,0.1409264384494135
-1.0383068629289331,0.15006388365043405
-1.0378697731108195,0.15496284868533025
-1.0374326832927059,0.1517078076289031
-1.0369955934745922,0.13432995697372352
-1.0365585036564786,0.1161497067858341
-1.036121413838365,0.11891190044874218
-1.0356843240202513,0.1279211966036736
-1.0352472342021377,0.13616481947002074
-1.034810144384024,0.1529621349424388
-1.0343730545659104,0.16139056344230138
-1.0339359647477968,0.15631144009005787
-1.0334988749296832,0.15833970749068313
-1.0330617851115695,0.16579948037090217
-1.032624695293456,0.16373439947721743
-1.0321876054753423,0.15700980609648235
-1.0317505156572286,0.15497326723506238
-1.031313425839115,0.15839553424849423
-1.0308763360210014,0.16590645920659494
-1.0304392462028877,0.1695566415780545
-1.030002156384774,0.1646863686412108
-1.0295650665666605,0.15798335239038844
-1.0291279767485468,0.14761455139262034
-1.0286908869304332,0.1370886985479565
-1.0282537971123196,0.1373200361781622
-1.027816707294206,0.15145049219016407
-1.0273796174760923,0.17808891981133027
-1.0269425276579787,0.19612352722007156
-1.026505437839865,0.1991196747234897
-1.0260683480217514,0.20390947811658625
-1.0256312582036378,0.2010942575637693
-1.0251941683855241,0.1780768624693237
-1.0247570785674105,0.15787174524718967
-1.0243199887492969,0.1568963383958676
-1.0238828989311832,0.16094052278307597
-1.0234458091130696,0.15260919635911221
-1.023008719294956,0.1398128987542291
-1.0225716294768423,0.13344928628817893
-1.0221345396587287,0.12513940416277744
-1.021697449840615,0.11719632099829268
-1.0212603600225014,0.11726036412396469
-1.0208232702043878,0.1253830428732599
-1.0203861803862742,0.13598138507012242
-1.0199490905681605,0.13702410640983392
-1.0195120007500469,0.1354695956168928
-1.0190749109319333,0.14283703326589064
-1.0186378211138196,0.14304864779954937
-1.018200731295706,0.13002219729834186
-1.0177636414775924,0.11584052246230954
-1.0173265516594787,0.10522958492911391
-1.016889461841365,0.09921128961298627
-1.0164523720232514,0.10036423702941177
-1.0160152822051378,0.10595093795454733
-1.0155781923870242,0.11368737353007488
-1.0151411025689105,0.12309795334087593
-1.014704012750797,0.13418644800712493
-1.0142669229326833,0.1362682779336619
-1.0138298331145696,0.12556125345806873
-1.013392743296456,0.1197617644534098
-1.0129556534783424,0.1145932695035788
-1.0125185636602287,0.11496669906594723
-1.012081473842115,0.1244473903078304
-1.0116443840240015,0.1235831933547245
-1.0112072942058878,0.12188511189312169
-1.0107702043877742,0.13106409038817013
-1.0103331145696606,0.13958977171778822
-1.009896024751547,0.15033838402949867
-1.0094589349334333,0.16676022054710443
-1.0090218451153197,0.17223273078032508
-1.008584755297206,0.1690161903392515
-1.0081476654790924,0.15655355317620692
-1.0077105756609788,0.1412000380773126
-1.0072734858428651,0.1456136778774162
-1.0068363960247515,0.1637636641838459
-1.0063993062066379,0.17395225957797414
-1.0059622163885242,0.17446668913168084
-1.0055251265704106,0.1664018765213487
-1.005088036752297,0.1592083260985628
-1.0046509469341833,0.16390450565733536
-1.0042138571160697,0.16847792557346203
-1.003776767297956,0.18073673862268022
-1.0033396774798424,0.1994914374191657
-1.0029025876617288,0.22332784218121624
-1.0024654978436152,0.24752644159604772
-1.0020284080255015,0.24247499544292736
-1.001591318207388,0.23741130214941794
-1.0011542283892743,0.24699456378451856
-1.0007171385711606,0.2527636881258557
-1.000280048753047,0.24018873521188386
-0.9998429589349334,0.20102300689682376
-0.9994058691168197,0.17208123540510276
-0.9989687792987061,0.16795312716796115
-0.9985316894805925,0.17775662209513185
-0.9980945996624788,0.19898593568248754
-0.9976575098443652,0.20580549543105814
-0.9972204200262516,0.1842375906783143
-0.9967833302081379,0.16506067222445506
-0.9963462403900243,0.17354691188237695
-0.9959091505719107,0.18893578720989027
-0.995472060753797,0.18490378829127777
-0.9950349709356834,0.17537692743288638
-0.9945978811175697,0.18052799420450813
-0.9941607912994561,0.19098498217539844
-0.9937237014813425,0.19811589327022916
-0.9932866116632288,0.20932467885366093
-0.9928495218451152,0.22168234255352703
-0.9924124320270016,0.21724126291475462
-0.991975342208888,0.2114820079659844
-0.9915382523907743,0.21506828985976006
-0.9911011625726607,0.21383596418395237
-0.990664072754547,0.21572758529661623
-0.9902269829364334,0.22408628105166087
-0.9897898931183202,0.2319607896740892
-0.9893528033002066,0.2467440446816333
-0.988915713482093,0.2678286458464845
-0.9884786236639793,0.26719620326888227
-0.9880415338458657,0.252218170358394
-0.987604444027752,0.2516611886074393
-0.9871673542096384,0.25729896091809057
-0.9867302643915248,0.252433403260473
-0.9862931745734111,0.23936806565812896
-0.9858560847552975,0.22157448386459722
-0.9854189949371839,0.2185353177073104
-0.9849819051190702,0.22118338629862516
-0.9845448153009566,0.192567396089683
-0.984107725482843,0.1716261126973079
-0.9836706356647293,0.18629343184178934
-0.9832335458466157,0.208601963515894
-0.9827964560285021,0.21768620689161125
-0.9823593662103884,0.22022510747162785
-0.9819222763922748,0.23089497762926045
-0.9814851865741612,0.24443825077057066
-0.9810480967560475,0.24988533202455282
-0.9806110069379339,0.24429363837366255
-0.9801739171198203,0.2388513625538052
-0.9797368273017066,0.248561363971689
-0.979299737483593,0.26239632821832415
-0.9788626476654794,0.25674170492521853
-0.9784255578473657,0.24407486628036731
-0.9779884680292521,0.23075888055614685
-0.9775513782111385,0.20793575074600637
-0.9771142883930248,0.19470557207962721
-0.9766771985749112,0.20728279734268998
-0.9762401087567976,0.23030779248376096
-0.9758030189386839,0.23585500875004534
-0.9753659291205703,0.21930377604844312
-0.9749288393024567,0.19068115180957665
-0.974491749484343,0.18533807237654013
-0.9740546596662294,0.20307570883118656
-0.9736175698481158,0.20366440413058165
-0.9731804800300021,0.19410181251788128
-0.9727433902118885,0.208623800999396
-0.9723063003937749,0.23767222380739514
-0.9718692105756612,0.25174402323732437
-0.9714321207575476,0.24788448492644374
-0.970995030939434,0.23827648631313675
-0.9705579411213203,0.23111236295924611
-0.9701208513032067,0.23380678027844737
-0.969683761485093,0.2589855499140204
-0.9692466716669794,0.28101849233631815
-0.9688095818488658,0.274611074657938
-0.9683724920307522,0.25308859506527576
-0.9679354022126385,0.2341665281114953
-0.9674983123945249,0.24075732142925838
-0.9670612225764113,0.26526215320195506
-0.9666241327582976,0.26748003184882957
-0.966187042940184,0.25291794597178774
-0.9657499531220703,0.24489340155756226
-0.9653128633039567,0.25547182150172754
-0.9648757734858431,0.27369832957500057
-0.9644386836677294,0.2729032237665539
-0.9640015938496158,0.260234498563892
-0.9635645040315022,0.23974145298084362
-0.9631274142133885,0.21823279311957727
-0.9626903243952749,0.21855226204631653
-0.9622532345771613,0.21430109543689824
-0.9618161447590476,0.19443460469726254
-0.961379054940934,0.18530469697967425
-0.9609419651228204,0.20308824549713234
-0.9605048753047067,0.24049686076210713
-0.9600677854865931,0.2574745833627677
-0.9596306956684795,0.24967863240477248
-0.9591936058503658,0.2320794598444468
-0.9587565160322522,0.22295069331031298
-0.9583194262141386,0.22979647652182172
-0.9578823363960249,0.2347539240024794
-0.9574452465779113,0.22770542053720666
-0.9570081567597977,0.22107638184974407
-0.956571066941684,0.22488166255450842
-0.9561339771235704,0.22066903521026834
-0.9556968873054568,0.19928457887406223
-0.9552597974873431,0.1840163538666614
-0.9548227076692295,0.18004882371715078
-0.9543856178511159,0.1713644355108166
-0.9539485280330022,0.16340613787368594
-0.9535114382148886,0.17532558039515797
-0.953074348396775,0.21560451419353885
-0.9526372585786613,0.25962332026327956
-0.9522001687605477,0.28330110477471904
-0.9517630789424341,0.2813112695131296
-0.9513259891243204,0.26117318696117725
-0.9508888993062068,0.23929905663591403
-0.9504518094880932,0.21682945681293145
-0.9500147196699795,0.2074103965778458
-0.9495776298518659,0.22637707755478018
-0.9491405400337523,0.24918921134585376
-0.9487034502156386,0.23805710180062684
-0.948266360397525,0.20374651082848808
-0.9478292705794114,0.1716034729540849
-0.9473921807612977,0.1450793343589854
-0.9469550909431841,0.12733327270277053
-0.9465180011250705,0.13018887845977703
-0.9460809113069568,0.1419578812720925
-0.9456438214888432,0.17119011216026842
-0.9452067316707295,0.2216858094043177
-0.9447696418526159,0.24749345446461035
-0.9443325520345023,0.24880709805335188
-0.9438954622163886,0.25503298410480063
-0.943458372398275,0.2767299224059474
-0.9430212825801614,0.28599291332583
-0.9425841927620477,0.2675936829294868
-0.9421471029439341,0.24035372064623414
-0.9417100131258205,0.20702249902650038
-0.9412729233077068,0.17444554581217964
-0.9408358334895932,0.1607887560523173
-0.9403987436714796,0.17166389136541296
-0.9399616538533659,0.20138174594553826
-0.9395245640352523,0.23580977828059874
-0.9390874742171387,0.24590496722786917
-0.938650384399025,0.2429111693014203
-0.9382132945809114,0.22786239192347393
-0.9377762047627978,0.1940344217512196
-0.9373391149446841,0.18700276683215394
-0.9369020251265705,0.20725410484659093
-0.9364649353084569,0.2185341255957331
-0.9360278454903432,0.2347229562236006
-0.9355907556722296,0.23559912420334414
-0.935153665854116,0.2059987200971249
-0.9347165760360023,0.1744779769657021
-0.9342794862178887,0.1606854787447394
-0.9338423963997751,0.16589616171046948
-0.9334053065816614,0.16305918965947502
-0.9329682167635478,0.16788078662516817
-0.9325311269454342,0.18449163703860752
-0.9320940371273205,0.19022892824072776
-0.9316569473092069,0.2066829935577052
-0.9312198574910933,0.24416771300820986
-0.9307827676729796,0.28248161563143187
-0.930345677854866,0.3054822971520001
-0.9299085880367524,0.3125407373209434
-0.9294714982186387,0.28948810229134647
-0.9290344084005251,0.23412765488037462
-0.9285973185824115,0.19720513876227325
-0.9281602287642978,0.18652871990807718
-0.9277231389461842,0.21237433427993624
-0.9272860491280706,0.24149293139561356
-0.9268489593099569,0.2160932391490504
-0.9264118694918433,0.19839745012407603
-0.9259747796737297,0.22704149458319334
-0.925537689855616,0.22122652706606516
-0.9251006000375024,0.18374667352301852
-0.9246635102193888,0.1942157796913147
-0.9242264204012751,0.22659022471300158
-0.9237893305831615,0.22092976235926057
-0.9233522407650478,0.20419895118835266
-0.9229151509469342,0.22594580067796974
-0.9224780611288206,0.2599359861675655
-0.922040971310707,0.28560453747953046
-0.9216038814925933,0.326441945115229
-0.9211667916744797,0.3846063546133882
-0.920729701856366,0.4142744475878485
-0.9202926120382524,0.38071633830173546
-0.9198555222201388,0.35866181256949686
-0.9194184324020251,0.3877563612137867
-0.9189813425839115,0.40203952339096466
-0.9185442527657979,0.37575954378782345
-0.9181071629476842,0.3553055065288195
-0.9176700731295706,0.3614160818105852
-0.917232983311457,0.3696843026066002
-0.9167958934933433,0.37645945545949744
-0.9163588036752297,0.3892745540018155
-0.9159217138571161,0.3947519629445374
-0.9154846240390024,0.39751017813352935
-0.9150475342208888,0.3955512142490854
-0.9146104444027752,0.370017660148423
-0.9141733545846615,0.3468324870251779
-0.9137362647665479,0.32799602787215637
-0.9132991749484343,0.31675867122442464
-0.9128620851303206,0.33000502955806993
-0.912424995312207,0.3501600679475968
-0.9119879054940934,0.35556373874489794
-0.9115508156759797,0.36347594259956517
-0.9111137258578661,0.3945447511890361
-0.9106766360397525,0.43649845996519215
-0.9102395462216388,0.45732845707566866
-0.9098024564035252,0.43403719277261116
-0.9093653665854116,0.3992047271956993
-0.9089282767672979,0.3946751801054094
-0.9084911869491843,0.3985016788924991
-0.9080540971310707,0.3582071295059755
-0.907617007312957,0.29565689403115597
-0.9071799174948434,0.28349120751276286
-0.9067428276767298,0.2946509175313454
-0.9063057378586161,0.2897661152598107
-0.9058686480405025,0.28991337612413987
-0.9054315582223889,0.29706363625856974
-0.9049944684042752,0.2928669516361508
-0.9045573785861616,0.2922619082562395
-0.904120288768048,0.32301473395409147
-0.9036831989499343,0.3367834967992895
-0.9032461091318207,0.3165708948309254
-0.902809019313707,0.2970709970140391
-0.9023719294955934,0.28508378638922616
-0.9019348396774798,0.26840304275821647
-0.9014977498593661,0.24839213691050138
-0.9010606600412525,0.22799932201603743
-0.9006235702231389,0.194720342274206
-0.9001864804050252,0.1475526683634362
-0.8997493905869116,0.12741392170632165
-0.899312300768798,0.13769495940154014
-0.8988752109506843,0.1340664830248605
-0.8984381211325707,0.11837271816220184
-0.8980010313144571,0.11305935216345045
-0.8975639414963434,0.11606320148923506
-0.8971268516782298,0.11703950940451704
-0.8966897618601162,0.12003092916129994
-0.8962526720420025,0.12359263261337726
-0.8958155822238889,0.12303585579729794
-0.8953784924057753,0.12701216349890912
-0.8949414025876616,0.14082312325114538
-0.894504312769548,0.15431094740980372
-0.8940672229514344,0.15514945268152233
-0.8936301331333207,0.1501051075527994
-0.8931930433152071,0.15681128329442914
-0.8927559534970935,0.17248854587346635
-0.8923188636789798,0.1858495857148734
-0.8918817738608662,0.20078759767887142
-0.8914446840427526,0.1989622860176932
-0.8910075942246389,0.17562588443811109
-0.8905705044065253,0.1567870202406441
-0.8901334145884117,0.14431468534546585
-0.889696324770298,0.14111970693394518
-0.8892592349521844,0.15321510085212
-0.8888221451340708,0.17957184810515134
-0.8883850553159571,0.19321938367871394
-0.8879479654978435,0.18453650935801033
-0.8875108756797303,0.18362264690532606
-0.8870737858616167,0.18868313061272288
-0.886636696043503,0.1788391040669494
-0.8861996062253894,0.15807134380039795
-0.8857625164072758,0.13707721029770856
-0.8853254265891621,0.1346373939863978
-0.8848883367710485,0.13286152721890318
-0.8844512469529349,0.13643284891698443
-0.8840141571348212,0.1588254722221784
-0.8835770673167076,0.1725542586241343
-0.883139977498594,0.16996422154541396
-0.8827028876804803,0.16133586009194464
-0.8822657978623667,0.16014776640809097
-0.8818287080442531,0.1540251850226741
-0.8813916182261394,0.137325116239571
-0.8809545284080258,0.12529841337192388
-0.8805174385899122,0.10746665734341292
-0.8800803487717985,0.0820561543312605
-0.8796432589536849,0.06940152051995276
-0.8792061691355713,0.06961969015942895
-0.8787690793174576,0.07819468055306666
-0.878331989499344,0.09360098906779055
-0.8778948996812304,0.10774488961583199
-0.8774578098631167,0.11415881011988463
-0.8770207200450031,0.1228367280676836
-0.8765836302268895,0.1349873175304662
-0.8761465404087758,0.153248402861445
-0.8757094505906622,0.17636028268404788
-0.8752723607725486,0.17982450070846975
-0.8748352709544349,0.15491531451515145
-0.8743981811363213,0.1363832600660273
-0.8739610913182077,0.14553960970007446
-0.873524001500094,0.1531539363228837
-0.8730869116819804,0.1419248041163505
-0.8726498218638667,0.1345641750492628
-0.8722127320457531,0.14856817598016758
-0.8717756422276395,0.16160110123986712
-0.8713385524095258,0.1464034162905456
-0.8709014625914122,0.1387649812907658
-0.8704643727732986,0.15587504411652434
-0.8700272829551849,0.17350069962828416
-0.8695901931370713,0.18763650172159316
-0.8691531033189577,0.21303516467519784
-0.868716013500844,0.2411691781579895
-0.8682789236827304,0.2188526521356346
-0.8678418338646168,0.18063613340948328
-0.8674047440465031,0.1671209369972
-0.8669676542283895,0.15571627100769736
-0.8665305644102759,0.16227532074584053
-0.8660934745921622,0.18291479251033496
-0.8656563847740486,0.18473071013186768
-0.865219294955935,0.17726949554203938
-0.8647822051378213,0.17639762783136748
-0.8643451153197077,0.17401108375538277
-0.8639080255015941,0.16830558892947442
-0.8634709356834804,0.16593584865254438
-0.8630338458653668,0.16258999442448205
-0.8625967560472532,0.15669392555569356
-0.8621596662291395,0.16421925336131177
-0.8617225764110259,0.1803178730305905
-0.8612854865929123,0.18244326412607498
-0.8608483967747986,0.18295628925085392
-0.860411306956685,0.19127055958412395
-0.8599742171385714,0.1884842952008787
-0.8595371273204577,0.17135797905154695
-0.8591000375023441,0.14913964320309955
-0.8586629476842305,0.13411204007092195
-0.8582258578661168,0.13806014294245644
-0.8577887680480032,0.1512085305138015
-0.8573516782298896,0.15467755994795887
-0.8569145884117759,0.158016206678062
-0.8564774985936623,0.16781766279199667
-0.8560404087755487,0.17163584279158914
-0.855603318957435,0.1847130628137512
-0.8551662291393214,0.20302208917072345
-0.8547291393212078,0.1831973371173962
-0.8542920495030941,0.15161288767961054
-0.8538549596849805,0.16043130783190837
-0.8534178698668669,0.17888207701022613
-0.8529807800487532,0.17558836219511906
-0.8525436902306396,0.17572044686224633
-0.852106600412526,0.1868768822083058
-0.8516695105944123,0.18671626556419235
-0.8512324207762987,0.18281692233895513
-0.850795330958185,0.1705910065970356
-0.8503582411400714,0.15788626674924466
-0.8499211513219578,0.17452156465160545
-0.8494840615038441,0.19690596266694713
-0.8490469716857305,0.2006981908340483
-0.8486098818676169,0.18117402690883308
-0.8481727920495032,0.15658262578185103
-0.8477357022313896,0.1489211092713177
-0.847298612413276,0.16356906614253933
-0.8468615225951623,0.1702113158761093
-0.8464244327770487,0.14324465978989384
-0.8459873429589351,0.12712958571271857
-0.8455502531408214,0.12810109344513382
-0.8451131633227078,0.12116777487040944
-0.8446760735045942,0.10880310944193498
-0.8442389836864805,0.10517236983903984
-0.8438018938683669,0.10399969402951152
-0.8433648040502533,0.10688647746723158
-0.8429277142321396,0.1315722311512188
-0.842490624414026,0.14375014917174153
-0.8420535345959124,0.13691488471919303
-0.8416164447777987,0.14422622563369303
-0.8411793549596851,0.1553784097723469
-0.8407422651415715,0.16438494543122065
-0.8403051753234578,0.17287939016433065
-0.8398680855053442,0.17942607016130013
-0.8394309956872306,0.1771767951483485
-0.8389939058691169,0.1698663109910781
-0.8385568160510033,0.17244602667104122
-0.8381197262328897,0.178968807862417
-0.837682636414776,0.17225563283513962
-0.8372455465966624,0.1650701298094594
-0.8368084567785488,0.16708625719632433
-0.8363713669604351,0.170169692530103
-0.8359342771423215,0.18372938182371
-0.8354971873242079,0.1969733883563456
-0.8350600975060942,0.19903088683682557
-0.8346230076879806,0.19805431080118338
-0.834185917869867,0.19599718346099032
-0.8337488280517533,0.1901081119388314
-0.8333117382336397,0.18199304606572947
-0.832874648415526,0.16943124192559098
-0.8324375585974124,0.1489920083031013
-0.8320004687792988,0.14534546788516703
-0.8315633789611852,0.18015589426222048
-0.8311262891430715,0.20486618919424596
-0.8306891993249579,0.20654928194151473
-0.8302521095068442,0.20862078787479726
-0.8298150196887306,0.20934993490516599
-0.829377929870617,0.19587333427639825
-0.8289408400525033,0.16758933971148213
-0.8285037502343897,0.14975064075940822
-0.8280666604162761,0.14916255051336966
-0.8276295705981624,0.17124821836808682
-0.8271924807800488,0.20299891855293253
-0.8267553909619352,0.2032479840546095
-0.8263183011438215,0.2011538414860532
-0.8258812113257079,0.21083854920695805
-0.8254441215075943,0.1957154081853632
-0.8250070316894806,0.17424700688084457
-0.824569941871367,0.16580231879648127
-0.8241328520532534,0.17327992108426912
-0.8236957622351397,0.17845035128752804
-0.8232586724170261,0.18460986517131836
-0.8228215825989125,0.20480850210781715
-0.8223844927807988,0.20907967196542127
-0.8219474029626852,0.18652579551842793
-0.8215103131445716,0.16056100304918394
-0.8210732233264579,0.14584425218217364
-0.8206361335083443,0.14476304595604408
-0.8201990436902307,0.15905239809102836
-0.819761953872117,0.17545138247414385
-0.8193248640540034,0.18688162603640443
-0.8188877742358898,0.1873763996301158
-0.8184506844177761,0.1675261292838417
-0.8180135945996625,0.14987185846311904
-0.8175765047815489,0.15049452149547274
-0.8171394149634352,0.15590895101904284
-0.8167023251453216,0.16262031452304648
-0.816265235327208,0.16801886525850263
-0.8158281455090943,0.16360323013917658
-0.8153910556909807,0.15718519189102328
-0.8149539658728671,0.14290805659233105
-0.8145168760547534,0.1183586401445641
-0.8140797862366398,0.1335899642550288
-0.8136426964185262,0.18682968394253
-0.8132056066004125,0.17397646955329443
-0.8127685167822989,0.1155015084045027
-0.8123314269641853,0.09248982844961082
-0.8118943371460716,0.109971692944148
-0.811457247327958,0.1410753192567844
-0.8110201575098444,0.1324932902690439
-0.8105830676917307,0.10702567589459887
-0.8101459778736171,0.09678315875944006
-0.8097088880555035,0.08923668357307353
-0.8092717982373898,0.09919787347574294
-0.8088347084192762,0.09964327235456419
-0.8083976186011625,0.07210299826130047
-0.8079605287830489,0.048766451864416326
-0.8075234389649353,0.05346253798356295
-0.8070863491468216,0.06244189877287958
-0.806649259328708,0.04039686488285948
-0.8062121695105944,0.027172265590916362
-0.8057750796924807,0.05562172227510487
-0.8053379898743671,0.07965023102879927
-0.8049009000562535,0.053723739385842365
-0.8044638102381398,0.0390122244583911
-0.8040267204200262,0.07522679119969257
-0.8035896306019126,0.12286339650635504
-0.8031525407837989,0.14623826499838793
-0.8027154509656853,0.1464265291021704
-0.8022783611475717,0.1625469309999688
-0.801841271329458,0.18400178649235252
-0.8014041815113444,0.18349639922057515
-0.8009670916932308,0.1747955969504329
-0.8005300018751171,0.16795699454407348
-0.8000929120570035,0.16750378034719451
-0.7996558222388899,0.165757044647921
-0.7992187324207762,0.15997374845642923
-0.7987816426026626,0.156521360881073
-0.798344552784549,0.16914888606521009
-0.7979074629664353,0.19259881746130686
-0.7974703731483217,0.19882649944973282
-0.7970332833302081,0.18722247655856225
-0.7965961935120944,0.18191679989559706
-0.7961591036939808,0.20543403222618775
-0.7957220138758672,0.2330418062639977
-0.7952849240577535,0.25051885472235735
-0.7948478342396399,0.24738138079007607
-0.7944107444215263,0.23593522535841907
-0.7939736546034126,0.23383374443570534
-0.793536564785299,0.22400005513505902
-0.7930994749671854,0.2112414382337188
-0.7926623851490717,0.19613313901542054
-0.7922252953309581,0.19268717124438992
-0.7917882055128445,0.19924489634729214
-0.7913511156947308,0.20786687729213219
-0.7909140258766172,0.2270798304940381
-0.7904769360585036,0.2364057929476257
-0.7900398462403899,0.21719400359360538
-0.7896027564222763,0.1939045409445088
-0.7891656666041627,0.19897146244236752
-0.788728576786049,0.22381472354244833
-0.7882914869679354,0.24515928184070784
-0.7878543971498218,0.248159894740551
-0.7874173073317081,0.23247348532826437
-0.7869802175135945,0.2187472501261247
-0.7865431276954808,0.22753968522724138
-0.7861060378773672,0.24741955612297067
-0.7856689480592536,0.25482487463112224
-0.7852318582411404,0.2400382203595515
-0.7847947684230268,0.23469489879398667
-0.7843576786049131,0.24446485188159015
-0.7839205887867995,0.24048478532671927
-0.7834834989686859,0.2225371357966737
-0.7830464091505722,0.2035154836586792
-0.7826093193324586,0.19965735243276922
-0.782172229514345,0.21620908970426952
-0.7817351396962313,0.23537408388769912
-0.7812980498781177,0.24403414158941317
-0.780860960060004,0.2465186910204555
-0.7804238702418904,0.23262630608370993
-0.7799867804237768,0.20895267551109034
-0.7795496906056631,0.19899557003847732
-0.7791126007875495,0.18549519315136673
-0.7786755109694359,0.17832300765454528
-0.7782384211513222,0.18365804889207854
-0.7778013313332086,0.20074335551394668
-0.777364241515095,0.20875526285900645
-0.7769271516969813,0.18807545391195563
-0.7764900618788677,0.17807652407496402
-0.7760529720607541,0.17111126580399955
-0.7756158822426404,0.16960894617230463
-0.7751787924245268,0.18339030488121694
-0.7747417026064132,0.1968031839043251
-0.7743046127882995,0.21278587740886404
-0.7738675229701859,0.1896020374000901
-0.7734304331520723,0.15046262188073303
-0.7729933433339586,0.16297435351487424
-0.772556253515845,0.19203220202544
-0.7721191636977314,0.211213116189314
-0.7716820738796177,0.21921425474509976
-0.7712449840615041,0.19189775189720842
-0.7708078942433905,0.1787277706890169
-0.7703708044252768,0.21383935962389364
-0.7699337146071632,0.25399326223615754
-0.7694966247890496,0.2620110170910886
-0.7690595349709359,0.2574193134729742
-0.7686224451528223,0.2373823652411946
-0.7681853553347087,0.2053924003306537
-0.767748265516595,0.21206451826270928
-0.7673111756984814,0.22600246464387946
-0.7668740858803678,0.20202169969295272
-0.7664369960622541,0.2015736676180633
-0.7659999062441405,0.24044036996280949
-0.7655628164260269,0.2557535310077301
-0.7651257266079132,0.24403170978415317
-0.7646886367897996,0.24669360884277242
-0.764251546971686,0.238777360773777
-0.7638144571535723,0.21608491092388385
-0.7633773673354587,0.20546794114612085
-0.7629402775173451,0.201419617115435
-0.7625031876992314,0.21054361252206918
-0.7620660978811178,0.21171798534228503
-0.7616290080630042,0.18496128881962953
-0.7611919182448905,0.17265488660942988
-0.7607548284267769,0.18503478262071962
-0.7603177386086633,0.1979011600722868
-0.7598806487905496,0.21654033826490884
-0.759443558972436,0.21921652552943377
-0.7590064691543223,0.21054204212386546
-0.7585693793362087,0.21865268245070132
-0.7581322895180951,0.23536501783337588
-0.7576951996999814,0.2748564384121243
-0.7572581098818678,0.3204982090562444
-0.7568210200637542,0.3544608485734293
-0.7563839302456405,0.3392541433851486
-0.7559468404275269,0.2734659827012422
-0.7555097506094133,0.22544448575467055
-0.7550726607912996,0.215775322743909
-0.754635570973186,0.2125017167533389
-0.7541984811550724,0.1970743157013131
-0.7537613913369587,0.21893341671223301
-0.7533243015188451,0.27398312659641183
-0.7528872117007315,0.3044831315840577
-0.7524501218826178,0.27886150956731964
-0.7520130320645042,0.23052573949784222
-0.7515759422463906,0.21857494882063047
-0.7511388524282769,0.21357618609335258
-0.7507017626101633,0.19701282724462793
-0.7502646727920497,0.18771814453188299
-0.749827582973936,0.19028131477232968
-0.7493904931558224,0.20933733091191417
-0.7489534033377088,0.21917471719966777
-0.7485163135195951,0.20730045636691058
-0.7480792237014815,0.19052495548626736
-0.7476421338833679,0.16189264559029645
-0.7472050440652542,0.14978433198756552
-0.7467679542471406,0.16038666204049007
-0.746330864429027,0.16628687423015584
-0.7458937746109133,0.1841794534921039
-0.7454566847927997,0.20115660555219095
-0.7450195949746861,0.20691039736671096
-0.7445825051565724,0.20223219090018904
-0.7441454153384588,0.1929576741377029
-0.7437083255203452,0.1952467365891397
-0.7432712357022315,0.2088461607147793
-0.7428341458841179,0.21507922690239842
-0.7423970560660043,0.19149421884237813
-0.7419599662478906,0.1672034693611124
-0.741522876429777,0.1728147467823399
-0.7410857866116634,0.18489777339657792
-0.7406486967935497,0.1813886532302842
-0.7402116069754361,0.19123924627302016
-0.7397745171573225,0.2451744872819917
-0.7393374273392088,0.3130844343468696
-0.7389003375210952,0.322235164394117
-0.7384632477029816,0.2645817880369528
-0.7380261578848679,0.2134456735373926
-0.7375890680667543,0.18700770681779422
-0.7371519782486406,0.16342871760928004
-0.736714888430527,0.13416940083406673
-0.7362777986124134,0.12739910074229785
-0.7358407087942997,0.14715318150267828
-0.7354036189761861,0.14290015444719534
-0.7349665291580725,0.1199418587497859
-0.7345294393399588,0.1006846894251571
-0.7340923495218452,0.09874712223267401
-0.7336552597037316,0.10115555450201043
-0.7332181698856179,0.10560858724166851
-0.7327810800675043,0.10455100917227021
-0.7323439902493907,0.0860132202470857
-0.731906900431277,0.0741739198318516
-0.7314698106131634,0.05903791774184342
-0.7310327207950498,0.05120791709821728
-0.7305956309769361,0.06881924845895802
-0.7301585411588225,0.086518958824979
-0.7297214513407089,0.09099711423492542
-0.7292843615225952,0.1021272055122671
-0.7288472717044816,0.11764656823949972
-0.728410181886368,0.10912947036848532
-0.7279730920682543,0.10354238582340927
-0.7275360022501407,0.12521719686375174
-0.7270989124320271,0.1400389535948673
-0.7266618226139134,0.13980465853871069
-0.7262247327957998,0.13677560343498146
-0.7257876429776862,0.14067829233548754
-0.7253505531595725,0.16540314781590412
-0.7249134633414589,0.1847077009931473
-0.7244763735233453,0.1856741801417155
-0.7240392837052316,0.16612530383958912
-0.723602193887118,0.14312442203237538
-0.7231651040690044,0.13479869558950577
-0.7227280142508907,0.1291103395449374
-0.7222909244327771,0.13675880380190783
-0.7218538346146635,0.15731599649477462
-0.7214167447965498,0.17817796609199962
-0.7209796549784362,0.1611480906944475
-0.7205425651603226,0.12351991708539693
-0.7201054753422089,0.10669270581922548
-0.7196683855240953,0.09873716097583492
-0.7192312957059817,0.09349694985826199
-0.718794205887868,0.08981529902006835
-0.7183571160697544,0.0896198524193312
-0.7179200262516408,0.08744571917555521
-0.7174829364335271,0.08215915098803964
-0.7170458466154135,0.08516260877613112
-0.7166087567972999,0.09236199267556366
-0.7161716669791862,0.10383789829155772
-0.7157345771610726,0.1113574941049553
-0.715297487342959,0.10739199091666796
-0.7148603975248453,0.10208300102488739
-0.7144233077067317,0.10453773245009249
-0.713986217888618,0.10620955057322538
-0.7135491280705044,0.08880623825361762
-0.7131120382523908,0.06508463903176702
-0.7126749484342771,0.05564951594545132
-0.7122378586161635,0.05515725632674667
-0.7118007687980499,0.04155963184063538
-0.7113636789799362,0.022915387950169012
-0.7109265891618226,0.02848420190799574
-0.710489499343709,0.06594082753818963
-0.7100524095255953,0.10536378880737123
-0.7096153197074817,0.09722348636397715
-0.7091782298893681,0.07272429149317064
-0.7087411400712544,0.057832385216853244
-0.7083040502531408,0.04262631097559118
-0.7078669604350272,0.04328764300022287
-0.7074298706169135,0.05250121107938894
-0.7069927807987999,0.06913159776068843
-0.7065556909806863,0.08435142736930237
-0.7061186011625726,0.08011978833440792
-0.705681511344459,0.07178667362952393
-0.7052444215263454,0.07176697975312352
-0.7048073317082317,0.07666862666073852
-0.7043702418901181,0.08224012014823288
-0.7039331520720045,0.08789176336731455
-0.7034960622538908,0.10713962732868473
-0.7030589724357772,0.16285635785665958
-0.7026218826176636,0.2225393336743545
-0.7021847927995499,0.24240595219126254
-0.7017477029814363,0.21366884690047624
-0.7013106131633227,0.16980948910378785
-0.700873523345209,0.16020478109678732
-0.7004364335270954,0.17305059976528916
-0.6999993437089818,0.15726372699016014
-0.6995622538908681,0.13134042934739223
-0.6991251640727545,0.12128232720243526
-0.6986880742546409,0.1157753570183042
-0.6982509844365272,0.10597494830332034
-0.6978138946184136,0.09402966589231206
-0.6973768048003,0.08951643597222225
-0.6969397149821863,0.0999328305862462
-0.6965026251640727,0.12065035415814665
-0.696065535345959,0.1373882829203461
-0.6956284455278454,0.13897990675903277
-0.6951913557097318,0.1362571562996901
-0.6947542658916182,0.1382956485830827
-0.6943171760735045,0.13443045042415433
-0.6938800862553909,0.11618076798772829
-0.6934429964372772,0.08560911062596334
-0.6930059066191636,0.060112685567004
-0.69256881680105,0.052897190911803935
-0.6921317269829363,0.05749825154772869
-0.6916946371648227,0.07523045495972798
-0.6912575473467091,0.09836730825066517
-0.6908204575285954,0.10090009333257276
-0.6903833677104818,0.0849632674945811
-0.6899462778923682,0.0735395925126978
-0.6895091880742545,0.07632047766762713
-0.6890720982561409,0.09040092702213438
-0.6886350084380273,0.10170608407270483
-0.6881979186199136,0.11185187915291596
-0.6877608288018,0.10790650131058967
-0.6873237389836864,0.09519318899705188
-0.6868866491655727,0.11043616913269332
-0.6864495593474591,0.14263574716541702
-0.6860124695293455,0.1632074158260537
-0.6855753797112318,0.17516461880842318
-0.6851382898931182,0.18559129179386555
-0.6847012000750046,0.17846395865602907
-0.6842641102568909,0.16176167179519788
-0.6838270204387773,0.16176247801758095
-0.6833899306206637,0.17642071984400426
-0.6829528408025505,0.18579189955566028
-0.6825157509844368,0.17082580842915734
-0.6820786611663232,0.15480748847726492
-0.6816415713482096,0.15671999343191148
-0.6812044815300959,0.16160291619749031
-0.6807673917119823,0.162719407685453
-0.6803303018938687,0.16564346805118788
-0.679893212075755,0.1691157666294448
-0.6794561222576414,0.16020276149535723
-0.6790190324395278,0.15086836154416047
-0.6785819426214141,0.16048493843825398
-0.6781448528033005,0.18336227564028798
-0.6777077629851869,0.20071592625574144
-0.6772706731670732,0.19282173747653814
-0.6768335833489596,0.17116752533390223
-0.676396493530846,0.16476881077204023
-0.6759594037127323,0.16716038528032823
-0.6755223138946187,0.1743464354663928
-0.6750852240765051,0.18754234496741012
-0.6746481342583914,0.1956494288895834
-0.6742110444402778,0.18347185916535885
-0.6737739546221642,0.16728470654407
-0.6733368648040505,0.16592148613892801
-0.6728997749859369,0.18207467474246392
-0.6724626851678233,0.2076844855661598
-0.6720255953497096,0.20586267160950295
-0.671588505531596,0.18672938223984917
-0.6711514157134824,0.18573166246919848
-0.6707143258953687,0.17996949180630062
-0.6702772360772551,0.16557143445727032
-0.6698401462591415,0.17475812114239692
-0.6694030564410278,0.19426441014583049
-0.6689659666229142,0.19851353929635465
-0.6685288768048006,0.186418928943295
-0.6680917869866869,0.15833775029024583
-0.6676546971685733,0.14191638837746187
-0.6672176073504597,0.15068161604119576
-0.666780517532346,0.15386577939883764
-0.6663434277142324,0.14689735515704996
-0.6659063378961187,0.15209123055482204
-0.6654692480780051,0.16258267626118464
-0.6650321582598915,0.16788852672981877
-0.6645950684417778,0.16570544477301322
-0.6641579786236642,0.15362660313395105
-0.6637208888055506,0.14402499897108761
-0.663283798987437,0.14960697973180412
-0.6628467091693233,0.16095095246622243
-0.6624096193512097,0.16100416147662636
-0.661972529533096,0.15870736513862296
-0.6615354397149824,0.16256990135006383
-0.6610983498968688,0.16677324460966328
-0.6606612600787551,0.16760275052234566
-0.6602241702606415,0.15963571252431558
-0.6597870804425279,0.15373517890381255
-0.6593499906244142,0.16004254912963417
-0.6589129008063006,0.15364764333388586
-0.658475810988187,0.13103076653736023
-0.6580387211700733,0.11945841588521247
-0.6576016313519597,0.1144453022470164
-0.6571645415338461,0.10722552402085377
-0.6567274517157324,0.09602963095865351
-0.6562903618976188,0.08084472261223195
-0.6558532720795052,0.07037718399823155
-0.6554161822613915,0.05841306544129612
-0.6549790924432779,0.04908008931664557
-0.6545420026251643,0.05492090380390584
-0.6541049128070506,0.06449491419792454
-0.653667822988937,0.06596889647056732
-0.6532307331708234,0.0710347596821684
-0.6527936433527097,0.08452946980385534
-0.6523565535345961,0.08805973153062349
-0.6519194637164825,0.08040150529458756
-0.6514823738983688,0.07652065543280591
-0.6510452840802552,0.07770903249083957
-0.6506081942621416,0.08330695653792286
-0.6501711044440279,0.08267623599349916
-0.6497340146259143,0.06766336590609057
-0.6492969248078007,0.06397307156110389
-0.648859834989687,0.08729659109436246
-0.6484227451715734,0.10593588282290226
-0.6479856553534598,0.10262632195158596
-0.6475485655353461,0.09397877437146097
-0.6471114757172325,0.08731461034366061
-0.6466743858991189,0.08763756021491638
-0.6462372960810052,0.09155070981065813
-0.6458002062628916,0.0874218483383206
-0.645363116444778,0.07862130248199177
-0.6449260266266643,0.08360877179988738
-0.6444889368085507,0.10525806204080441
-0.644051846990437,0.12784141531606513
-0.6436147571723234,0.14514468714298115
-0.6431776673542098,0.1592381001394013
-0.6427405775360961,0.1669197620555485
-0.6423034877179825,0.1614849714356063
-0.6418663978998689,0.15042385425534316
-0.6414293080817552,0.14610015565995974
-0.6409922182636416,0.1317823431565761
-0.640555128445528,0.1139634198959277
-0.6401180386274143,0.11075368942568688
-0.6396809488093007,0.11645375849100244
-0.6392438589911871,0.1308588247060389
-0.6388067691730734,0.1349909347448879
-0.6383696793549598,0.12479851036771761
-0.6379325895368462,0.12061860410176682
-0.6374954997187325,0.11650052929238187
-0.6370584099006189,0.10520819982175875
-0.6366213200825053,0.09894462545822295
-0.6361842302643916,0.10715244309409659
-0.635747140446278,0.1263930180474168
-0.6353100506281644,0.1354756417819341
-0.6348729608100507,0.1336180110791262
-0.6344358709919371,0.12786425985963804
-0.6339987811738235,0.11748409967595289
-0.6335616913557098,0.1209960178351994
-0.6331246015375962,0.14812654770205977
-0.6326875117194826,0.16846627677945042
-0.6322504219013689,0.16541876513674045
-0.6318133320832553,0.1652606018557781
-0.6313762422651417,0.17448659770005912
-0.630939152447028,0.17398639711711836
-0.6305020626289144,0.17827692111128648
-0.6300649728108008,0.1882397001182356
-0.6296278829926871,0.1735793383916635
-0.6291907931745735,0.14452678103289363
-0.6287537033564599,0.13168199031415775
-0.6283166135383462,0.1445169791035792
-0.6278795237202326,0.16637866969153742
-0.627442433902119,0.16405217582913506
-0.6270053440840053,0.14200723048477995
-0.6265682542658917,0.13015613199821216
-0.626131164447778,0.13080813060416047
-0.6256940746296644,0.12127488628960278
-0.6252569848115508,0.09968469841956587
-0.6248198949934372,0.08853021350171333
-0.6243828051753235,0.08807813862209524
-0.6239457153572099,0.08859912317709676
-0.6235086255390963,0.08601151433506637
-0.6230715357209826,0.08464498552796884
-0.622634445902869,0.08455370843008488
-0.6221973560847553,0.097449493188897
-0.6217602662666417,0.12962233519511665
-0.6213231764485281,0.14391653645117497
-0.6208860866304144,0.13859461303316348
-0.6204489968123008,0.13534871391694897
-0.6200119069941872,0.12516624337209117
-0.6195748171760735,0.10989508548092843
-0.6191377273579599,0.1132530239253556
-0.6187006375398463,0.12270542623141237
-0.6182635477217326,0.11971657164958731
-0.617826457903619,0.1294125094049553
-0.6173893680855054,0.14425773302654643
-0.6169522782673917,0.14145972020370282
-0.6165151884492781,0.13396349281775513
-0.6160780986311645,0.12559692069576106
-0.6156410088130508,0.12708274591954893
-0.6152039189949372,0.14867324041653304
-0.6147668291768236,0.165339240102755
-0.6143297393587099,0.17305154910807663
-0.6138926495405963,0.18958242687418167
-0.6134555597224827,0.20447349685507718
-0.613018469904369,0.2111436716397796
-0.6125813800862554,0.20931552907618642
-0.6121442902681418,0.20230088445173489
-0.6117072004500281,0.19775542640904534
-0.6112701106319145,0.18579714953539522
-0.6108330208138009,0.1848367996269701
-0.6103959309956872,0.21075152130831132
-0.6099588411775736,0.22519949799630254
-0.60952175135946,0.21772046111920623
-0.6090846615413463,0.2083164956686449
-0.6086475717232327,0.19231217010762583
-0.6082104819051191,0.18871345824234628
-0.6077733920870054,0.19986475008093824
-0.6073363022688918,0.1973080969965107
-0.6068992124507782,0.19491836238623791
-0.6064621226326645,0.2114794499076956
-0.6060250328145509,0.2358848634355113
-0.6055879429964373,0.26403613689944866
-0.6051508531783236,0.28519818821298987
-0.60471376336021,0.27723173526796935
-0.6042766735420964,0.2537485860675454
-0.6038395837239827,0.23708076477469744
-0.6034024939058691,0.22819200955999125
-0.6029654040877555,0.22564338806495549
-0.6025283142696418,0.2360253775456898
-0.6020912244515282,0.2588536189587917
-0.6016541346334146,0.28814428594181035
-0.6012170448153009,0.3222987787046024
-0.6007799549971873,0.33553063595611166
-0.6003428651790736,0.3264611831177412
-0.59990577536096,0.34701277172217315
-0.5994686855428464,0.4126537434397057
-0.5990315957247327,0.45065969009916407
-0.5985945059066191,0.4181391606461783
-0.5981574160885055,0.3676465518986059
-0.5977203262703918,0.310370814161778
-0.5972832364522782,0.24364298081486116
-0.5968461466341646,0.1933668151109211
-0.5964090568160509,0.17657232911709472
-0.5959719669979373,0.18818784523523552
-0.5955348771798237,0.19948572576222562
-0.59509778736171,0.1917817443407224
-0.5946606975435964,0.19118753523772528
-0.5942236077254828,0.21079483253816486
-0.5937865179073691,0.23333602529713024
-0.5933494280892555,0.25647996310928395
-0.5929123382711419,0.27472348731306007
-0.5924752484530282,0.27582260863364894
-0.5920381586349146,0.26925851572140364
-0.591601068816801,0.2658712984059925
-0.5911639789986873,0.2603817776550779
-0.5907268891805737,0.252087982515162
-0.5902897993624601,0.24601866026991484
-0.5898527095443464,0.24482245003068087
-0.5894156197262328,0.25516411015222057
-0.5889785299081192,0.26498088781045437
-0.5885414400900055,0.2602981813869988
-0.5881043502718919,0.25238392680140503
-0.5876672604537783,0.24258999527827246
-0.5872301706356646,0.23829291287082252
-0.586793080817551,0.23436335589784557
-0.5863559909994374,0.22163602298701204
-0.5859189011813237,0.21723883554167792
-0.5854818113632101,0.22499718996414972
-0.5850447215450965,0.2384564168996973
-0.5846076317269828,0.25575526785554464
-0.5841705419088692,0.28869566755379056
-0.5837334520907556,0.30478449176780736
-0.5832963622726419,0.2656619792619752
-0.5828592724545283,0.24110738024332293
-0.5824221826364147,0.2764516109098724
-0.581985092818301,0.31281332564639397
-0.5815480030001874,0.28198436548345923
-0.5811109131820738,0.23445040284715543
-0.5806738233639606,0.2176046159780219
-0.5802367335458469,0.1959701433802031
-0.5797996437277333,0.17287723089463264
-0.5793625539096197,0.16905771113086857
-0.578925464091506,0.19188218320113368
-0.5784883742733924,0.21545556345951425
-0.5780512844552788,0.22374324524244263
-0.5776141946371651,0.2233941562749612
-0.5771771048190515,0.2170332583914032
-0.5767400150009379,0.2191726899048953
-0.5763029251828242,0.23808878321442714
-0.5758658353647106,0.2637307834852258
-0.575428745546597,0.27362662684347727
-0.5749916557284833,0.2714612602555372
-0.5745545659103697,0.2613624419817459
-0.574117476092256,0.25111079932194647
-0.5736803862741424,0.25818772908633203
-0.5732432964560288,0.2611228840569191
-0.5728062066379151,0.2419516115123583
-0.5723691168198015,0.22443639231035944
-0.5719320270016879,0.21541754957215375
-0.5714949371835742,0.21844929828249954
-0.5710578473654606,0.22766235809506052
-0.570620757547347,0.2312602784394297
-0.5701836677292333,0.23470365927974537
-0.5697465779111197,0.22181057373490534
-0.5693094880930061,0.20328654548020816
-0.5688723982748924,0.1938184283310998
-0.5684353084567788,0.1904591531821227
-0.5679982186386652,0.19651740396688794
-0.5675611288205515,0.20125388457370502
-0.5671240390024379,0.2019922339789514
-0.5666869491843243,0.21901870077249663
-0.5662498593662106,0.2701925771138623
-0.565812769548097,0.3166557602197525
-0.5653756797299834,0.3166949455304312
-0.5649385899118697,0.28504987027961326
-0.5645015000937561,0.2506903419786208
-0.5640644102756425,0.22829027409300442
-0.5636273204575288,0.22612579173408084
-0.5631902306394152,0.23611651254654054
-0.5627531408213016,0.23844516488507542
-0.5623160510031879,0.22534769461211784
-0.5618789611850743,0.20752131952840255
-0.5614418713669607,0.17272687106886345
-0.561004781548847,0.1376321609042224
-0.5605676917307334,0.1497930886665637
-0.5601306019126198,0.1817963033384221
-0.5596935120945061,0.1982668449884871
-0.5592564222763925,0.22532891265267446
-0.5588193324582789,0.27805097464462153
-0.5583822426401652,0.3221138586055132
-0.5579451528220516,0.3433105148785254
-0.557508063003938,0.3427575250588296
-0.5570709731858243,0.3134135534427223
-0.5566338833677107,0.2814418275220008
-0.5561967935495971,0.2976316345727989
-0.5557597037314834,0.3296640319990513
-0.5553226139133698,0.32297148908822954
-0.5548855240952562,0.2965808536249928
-0.5544484342771425,0.2858863451235459
-0.5540113444590289,0.29346213553027495
-0.5535742546409153,0.3110100544423099
-0.5531371648228016,0.31970407739830015
-0.552700075004688,0.30027344692931385
-0.5522629851865744,0.29431113658208835
-0.5518258953684607,0.31752859362461583
-0.5513888055503471,0.3449619628476042
-0.5509517157322334,0.3660584082331459
-0.5505146259141198,0.34012087496245114
-0.5500775360960062,0.2678439950776631
-0.5496404462778925,0.22051677118751406
-0.5492033564597789,0.22475863804940527
-0.5487662666416653,0.2374968995339443
-0.5483291768235516,0.2323221063165244
-0.547892087005438,0.2403681413760537
-0.5474549971873244,0.280129340637269
-0.5470179073692107,0.31960970693714386
-0.5465808175510971,0.3291093920711182
-0.5461437277329835,0.32656217913667657
-0.5457066379148698,0.3368095940195773
-0.5452695480967562,0.35497218291607263
-0.5448324582786426,0.3746620665685582
-0.5443953684605289,0.3968314560819345
-0.5439582786424153,0.3909205190664335
-0.5435211888243017,0.34265641263402513
-0.543084099006188,0.2957993917591827
-0.5426470091880744,0.26562600346308585
-0.5422099193699608,0.25315179203567134
-0.5417728295518471,0.2681361424768945
-0.5413357397337335,0.2796622990475087
-0.5408986499156199,0.2754645181750592
-0.5404615600975062,0.2760736170692191
-0.5400244702793926,0.2847253377389448
-0.539587380461279,0.30126987140781003
-0.5391502906431653,0.30654258393124595
-0.5387132008250517,0.2940934486957551
-0.5382761110069381,0.26515347063047384
-0.5378390211888244,0.23377584298946671
-0.5374019313707108,0.22746036838681646
-0.5369648415525972,0.23679385761508498
-0.5365277517344835,0.24100368245940612
-0.5360906619163699,0.2405680789476483
-0.5356535720982563,0.24381348229502647
-0.5352164822801426,0.2542755332819255
-0.534779392462029,0.2615231237492663
-0.5343423026439154,0.2713782861412156
-0.5339052128258017,0.2801729000399796
-0.5334681230076881,0.27608800165133857
-0.5330310331895745,0.2787302495778425
-0.5325939433714608,0.2976323306455556
-0.5321568535533472,0.3077326157108534
-0.5317197637352336,0.3056226241174075
-0.5312826739171199,0.3060194610947843
-0.5308455840990063,0.30773179882541324
-0.5304084942808927,0.2948484621824307
-0.529971404462779,0.277553790715876
-0.5295343146446654,0.27551601844178397
-0.5290972248265517,0.276851803770603
-0.5286601350084381,0.27299459878041377
-0.5282230451903245,0.2645139094791796
-0.5277859553722108,0.26701375802260263
-0.5273488655540972,0.28275726741096835
-0.5269117757359836,0.2920156158210248
-0.52647468591787,0.29284114466924843
-0.5260375960997563,0.3133258362848978
-0.5256005062816427,0.3413418636687358
-0.525163416463529,0.3411254732751397
-0.5247263266454154,0.33519981424892414
-0.5242892368273018,0.32634391493098985
-0.5238521470091881,0.302493372374407
-0.5234150571910745,0.2872624627088109
-0.5229779673729609,0.28713047048840806
-0.5225408775548472,0.29761337542033867
-0.5221037877367336,0.30410974632579874
-0.52166669791862,0.3015151674807859
-0.5212296081005063,0.31721617518527784
-0.5207925182823927,0.32743890544669346
-0.5203554284642791,0.30568829021298477
-0.5199183386461654,0.29025061760327153
-0.5194812488280518,0.28786070540829123
-0.5190441590099382,0.2792868964427552
-0.5186070691918245,0.2747752097455611
-0.5181699793737109,0.2796963902810825
-0.5177328895555973,0.27737257528237386
-0.5172957997374836,0.2716621088878351
-0.51685870991937,0.26183638594030123
-0.5164216201012564,0.2378344579844586
-0.5159845302831427,0.21378050504906967
-0.5155474404650291,0.20897060939994921
-0.5151103506469155,0.20090449344403236
-0.5146732608288018,0.18396580862509487
-0.5142361710106882,0.1862510932062573
-0.5137990811925746,0.19235301841336197
-0.5133619913744609,0.18160410000484137
-0.5129249015563473,0.18467698157016127
-0.5124878117382337,0.23014637651847528
-0.51205072192012,0.2816631612384312
-0.5116136321020064,0.2689820367549035
-0.5111765422838928,0.23579452319486144
-0.5107394524657791,0.23924779848729524
-0.5103023626476655,0.24117327008356754
-0.5098652728295519,0.21193821203258353
-0.5094281830114382,0.18587855513505214
-0.5089910931933246,0.1864049348258824
-0.508554003375211,0.1695454226067719
-0.5081169135570973,0.15501360114202156
-0.5076798237389837,0.17430984528983476
-0.50724273392087,0.20340523056437979
-0.5068056441027564,0.2130056647784064
-0.5063685542846428,0.20516147394051562
-0.5059314644665291,0.2071917912473312
-0.5054943746484155,0.2193465164915535
-0.5050572848303019,0.25487427894386727
-0.5046201950121882,0.2962290181495752
-0.5041831051940746,0.2941727552526911
-0.503746015375961,0.24080452225344118
-0.5033089255578473,0.17357842166584803
-0.5028718357397337,0.1450975230594914
-0.5024347459216201,0.15057479978647864
-0.5019976561035064,0.16002170752145398
-0.5015605662853928,0.16408848649251292
-0.5011234764672792,0.15918160930226177
-0.5006863866491655,0.15576630225307173
-0.5002492968310519,0.1558364097040791
-0.49981220701293827,0.1559726665860583
-0.49937511719482464,0.15384297448361228
-0.498938027376711,0.16658032647102156
-0.49850093755859737,0.19726799926301106
-0.49806384774048373,0.20105855898814523
-0.4976267579223701,0.20040429843604368
-0.49718966810425647,0.22594595495048544
-0.49675257828614283,0.24269941005350318
-0.4963154884680292,0.2489868362442164
-0.49587839864991556,0.25300875033367326
-0.49544130883180193,0.25145002367691854
-0.4950042190136883,0.2521887413217165
-0.49456712919557466,0.23850582003078777
-0.49413003937746103,0.2178414233070598
-0.4936929495593474,0.20135533498965866
-0.49325585974123376,0.17700940101871057
-0.4928187699231201,0.16061015614053012
-0.4923816801050065,0.15768601564569337
-0.49194459028689286,0.15102506445706693
-0.4915075004687792,0.14294478097477165
-0.4910704106506656,0.13736286574277093
-0.49063332083255196,0.12949635451452313
-0.4901962310144383,0.12544748042804407
-0.4897591411963247,0.11876447028746848
-0.48932205137821105,0.1156329432671259
-0.4888849615600974,0.12941242403911435
-0.4884478717419838,0.15169158238542327
-0.48801078192387015,0.16867400290054488
-0.4875736921057565,0.18202687512870566
-0.4871366022876429,0.19226396619196007
-0.48669951246952925,0.18621113276150977
-0.4862624226514156,0.17243037733500843
-0.485825332833302,0.18263674610806338
-0.48538824301518835,0.20277073292662356
-0.4849511531970747,0.19675343396022518
-0.4845140633789611,0.17872354814737826
-0.48407697356084745,0.18683295922415888
-0.4836398837427338,0.20445120674299072
-0.4832027939246202,0.1853370752983668
-0.48276570410650654,0.17338312883891938
-0.4823286142883929,0.2070163525818543
-0.4818915244702793,0.21739462769007636
-0.48145443465216564,0.17984560522128598
-0.481017344834052,0.15630791080476772
-0.4805802550159384,0.16753798641814052
-0.48014316519782474,0.18302753374560124
-0.4797060753797111,0.19340517462019743
-0.47926898556159747,0.21576103419538709
-0.47883189574348384,0.2472772272018159
-0.47839480592537065,0.2508955856984624
-0.477957716107257,0.25054896684612105
-0.4775206262891434,0.29277021607519443
-0.47708353647102975,0.3238909541203169
-0.4766464466529161,0.29299847684336217
-0.4762093568348025,0.2530000730429833
-0.47577226701668884,0.2222889918167857
-0.4753351771985752,0.1865663081872639
-0.4748980873804616,0.17558115212893877
-0.47446099756234794,0.17247577960945518
-0.4740239077442343,0.15314954638521971
-0.4735868179261207,0.1364299332393261
-0.47314972810800704,0.13616746595785376
-0.4727126382898934,0.153334908029687
-0.47227554847177977,0.16522127764882405
-0.47183845865366614,0.15716146505815565
-0.4714013688355525,0.14175897378445929
-0.47096427901743887,0.1320281425336487
-0.47052718919932524,0.1281093850096603
-0.4700900993812116,0.11971558068209029
-0.46965300956309797,0.11167158672649162
-0.46921591974498433,0.12221795298352567
-0.4687788299268707,0.14939745300513962
-0.46834174010875707,0.16489573956522058
-0.46790465029064343,0.14951920463239193
-0.4674675604725298,0.144581212096349
-0.46703047065441616,0.16790553258988652
-0.46659338083630253,0.18529944767106515
-0.4661562910181889,0.1863047817993562
-0.46571920120007526,0.17060791715308202
-0.4652821113819616,0.1559019769808399
-0.464845021563848,0.16474013989712846
-0.46440793174573436,0.17003529970318002
-0.4639708419276207,0.17327116335508258
-0.4635337521095071,0.18795243747527657
-0.46309666229139346,0.18142982427132875
-0.4626595724732798,0.14885206914018645
-0.4622224826551662,0.1250040386746988
-0.46178539283705256,0.11323347607939006
-0.4613483030189389,0.10628945481437742
-0.4609112132008253,0.13153907168100645
-0.46047412338271165,0.1722161579214533
-0.460037033564598,0.1823838578444234
-0.4595999437464844,0.15229685106149163
-0.45916285392837075,0.12426114826402339
-0.4587257641102571,0.12991085907915434
-0.4582886742921435,0.14884360019990767
-0.45785158447402985,0.15362476769128627
-0.4574144946559162,0.11830418033658009
-0.4569774048378026,0.06894876923931341
-0.45654031501968895,0.05135125449898313
-0.4561032252015753,0.06718824752136096
-0.4556661353834617,0.10519308960430644
-0.45522904556534804,0.14005875843834933
-0.4547919557472344,0.16304946550270757
-0.4543548659291208,0.18090985532981468
-0.45391777611100714,0.1786161113445533
-0.4534806862928935,0.15836265507088204
-0.4530435964747799,0.13543524528886
-0.45260650665666624,0.11784854715600075
-0.4521694168385526,0.11737719479770463
-0.451732327020439,0.12609783233510327
-0.45129523720232534,0.14796273745912109
-0.4508581473842117,0.20163382727771534
-0.45042105756609807,0.2467750834739291
-0.44998396774798444,0.2383999158744041
-0.4495468779298708,0.1807823080727333
-0.44910978811175717,0.12243598647386336
-0.44867269829364353,0.12307594035717866
-0.4482356084755299,0.14619636089715934
-0.44779851865741627,0.13333808005220554
-0.44736142883930263,0.10833251431789033
-0.446924339021189,0.10456885100683977
-0.44648724920307536,0.1258309052059164
-0.44605015938496173,0.12902568949156154
-0.4456130695668481,0.09471545681301019
-0.44517597974873446,0.08646071973123863
-0.44473888993062083,0.11251192530072356
-0.4443018001125072,0.13040178320413226
-0.44386471029439356,0.12919072921467006
-0.4434276204762799,0.14052608338316516
-0.4429905306581663,0.16493890557935095
-0.44255344084005266,0.15868282213220866
-0.442116351021939,0.132580541111671
-0.4416792612038254,0.12411803324657045
-0.44124217138571176,0.1331346284883071
-0.4408050815675981,0.1429736966294859
-0.4403679917494845,0.14455174955420103
-0.43993090193137085,0.14012382001282814
-0.4394938121132572,0.14231443805991634
-0.4390567222951436,0.14002691998252592
-0.43861963247702995,0.12255897894956314
-0.4381825426589163,0.10940404280442104
-0.4377454528408027,0.1084443557216532
-0.43730836302268905,0.10598524152787607
-0.4368712732045754,0.09593203973399307
-0.4364341833864618,0.07978098517876549
-0.43599709356834815,0.06503276530926816
-0.4355600037502345,0.06911021515800456
-0.4351229139321209,0.07591331639631912
-0.43468582411400725,0.0721366032780646
-0.4342487342958936,0.0665199060888134
-0.43381164447778,0.060708963519315665
-0.43337455465966634,0.0641372967584307
-0.4329374648415527,0.07824572295997993
-0.4325003750234391,0.08889039254569818
-0.43206328520532544,0.09099632277534224
-0.4316261953872118,0.08985341212992651
-0.4311891055690982,0.09631299608081641
-0.43075201575098454,0.11120967011448243
-0.4303149259328709,0.11753105285965725
-0.4298778361147573,0.10302460528120012
-0.42944074629664364,0.08182148107458544
-0.42900365647853,0.07082726378219849
-0.42856656666041637,0.06623013713208396
-0.42812947684230274,0.06855740162073863
-0.4276923870241891,0.07784375960336257
-0.42725529720607547,0.08015317610267389
-0.42681820738796183,0.07977845329582553
-0.4263811175698482,0.08607169601777907
-0.42594402775173457,0.0934718871041396
-0.42550693793362093,0.10613380921574243
-0.4250698481155073,0.11617197002968964
-0.42463275829739366,0.10732091720456535
-0.42419566847928003,0.09501355200224584
-0.4237585786611664,0.08359551326251168
-0.42332148884305276,0.07059726661715866
-0.42288439902493913,0.06948028977099525
-0.4224473092068255,0.0667789858936009
-0.42201021938871186,0.06333300352108164
-0.4215731295705982,0.07806707750306455
-0.4211360397524846,0.08919415365951518
-0.42069894993437096,0.07408731530009738
-0.4202618601162573,0.05170331916887631
-0.4198247702981437,0.04204749583938244
-0.41938768048003006,0.03784314033898715
-0.4189505906619164,0.03142828892045845
-0.4185135008438028,0.03009081675782903
-0.41807641102568915,0.03653563328604228
-0.4176393212075755,0.040717690875083305
-0.4172022313894619,0.043131158632364545
-0.41676514157134825,0.046958539604431304
-0.4163280517532346,0.0493282383574959
-0.415890961935121,0.050582885854263945
-0.41545387211700735,0.05322669938685633
-0.4150167822988937,0.05064515573118457
-0.4145796924807801,0.04254124670569187
-0.41414260266266645,0.03663993832020329
-0.4137055128445528,0.0285857937668752
-0.4132684230264392,0.03255508204925025
-0.41283133320832555,0.05558845925255357
-0.4123942433902119,0.07629477374410795
-0.4119571535720983,0.09108790531621698
-0.41152006375398464,0.08823021222682136
-0.411082973935871,0.07601842947323265
-0.4106458841177574,0.07394586969655777
-0.41020879429964374,0.06811401838470159
-0.4097717044815301,0.061444234738938744
-0.4093346146634165,0.06860917248486983
-0.40889752484530284,0.07819958678580895
-0.4084604350271892,0.0807679718969226
-0.40802334520907557,0.08569192685939553
-0.40758625539096194,0.09094300377773346
-0.4071491655728483,0.09406212497175091
-0.40671207575473467,0.10264144457666446
-0.40627498593662104,0.1102891586672816
-0.4058378961185074,0.10312985958174091
-0.40540080630039377,0.09323623820827866
-0.40496371648228013,0.09025549884585828
-0.4045266266641665,0.08845572839105129
-0.40408953684605287,0.0899508295458783
-0.40365244702793923,0.0941727576099389
-0.4032153572098256,0.09849952437747843
-0.40277826739171196,0.10883882584543621
-0.40234117757359833,0.12263400170138046
-0.4019040877554847,0.14024385331912245
-0.40146699793737106,0.15644107855345238
-0.40102990811925743,0.14825078961351137
-0.4005928183011438,0.12937373080928433
-0.40015572848303016,0.12434108125212251
-0.3997186386649165,0.13099550306667407
-0.3992815488468029,0.13569569922706082
-0.39884445902868926,0.12908730418106576
-0.3984073692105756,0.11177290233665306
-0.397970279392462,0.10051701419234269
-0.39753318957434836,0.1081129424894169
-0.3970960997562347,0.1073922917179334
-0.3966590099381211,0.09078854657217332
-0.39622192012000745,0.0803209589239707
-0.3957848303018938,0.07694951857977031
-0.3953477404837802,0.078375749289026
-0.39491065066566655,0.09185283530355164
-0.3944735608475529,0.12021170971285473
-0.3940364710294393,0.17523798597514245
-0.39359938121132565,0.20972761720797353
-0.393162291393212,0.1667937471997376
-0.3927252015750984,0.11295100534050394
-0.39228811175698475,0.09015715731141123
-0.3918510219388711,0.08025406583371926
-0.3914139321207575,0.0889438811543736
-0.39097684230264385,0.09704388524007092
-0.3905397524845302,0.09310680723470421
-0.3901026626664166,0.09056565978574725
-0.38966557284830294,0.09215347671722907
-0.3892284830301893,0.1008300644262184
-0.3887913932120757,0.11334948429973217
-0.38835430339396204,0.11739959221285219
-0.3879172135758484,0.11578508933362827
-0.3874801237577348,0.12005359319435675
-0.38704303393962114,0.12623005134614934
-0.3866059441215075,0.13187876934088993
-0.38616885430339387,0.14238665074387943
-0.38573176448528024,0.14698513587594692
-0.3852946746671666,0.1408659367216229
-0.38485758484905297,0.12452276236007301
-0.38442049503093934,0.11518395483347922
-0.3839834052128257,0.1559323483305681
-0.38354631539471207,0.2293172355551925
-0.38310922557659843,0.25960139012754396
-0.3826721357584848,0.21706678058707748
-0.38223504594037117,0.15373296356593408
-0.38179795612225753,0.12945331250779213
-0.3813608663041439,0.1307452526534924
-0.38092377648603026,0.12645909377266523
-0.38048668666791663,0.11390726508969887
-0.380049596849803,0.10521747338086171
-0.37961250703168936,0.10302578715398114
-0.3791754172135757,0.10444952132392027
-0.3787383273954621,0.1172953399212916
-0.37830123757734846,0.13174264808871192
-0.3778641477592348,0.1392835705563128
-0.3774270579411212,0.15691847851738833
-0.37698996812300756,0.18567230151480538
-0.3765528783048939,0.19393804397802583
-0.37611578848678073,0.1858117415315847
-0.3756786986686671,0.1863081532817295
-0.37524160885055347,0.1880672139442208
-0.37480451903243983,0.18873116582577595
-0.3743674292143262,0.17685072952594633
-0.37393033939621256,0.16710103936236917
-0.37349324957809893,0.17508632989693965
-0.3730561597599853,0.17599745674375275
-0.37261906994187166,0.16635251107746957
-0.372181980123758,0.15522907514566603
-0.3717448903056444,0.148746614482708
-0.37130780048753076,0.16162217666872986
-0.3708707106694171,0.18046507082023336
-0.3704336208513035,0.18543264379374597
-0.36999653103318986,0.1779839579967403
-0.3695594412150762,0.17354161693825113
-0.3691223513969626,0.1828033392918649
-0.36868526157884896,0.18423647307954752
-0.3682481717607353,0.16671237835815414
-0.3678110819426217,0.1503236556059065
-0.36737399212450805,0.14640522017125016
-0.3669369023063944,0.14828785005027664
-0.3664998124882808,0.15639071239874158
-0.36606272267016715,0.17350945493312456
-0.3656256328520535,0.18636399284125793
-0.3651885430339399,0.18364549912633704
-0.36475145321582625,0.17719494920367038
-0.3643143633977126,0.16973172663385996
-0.363877273579599,0.1611334532463628
-0.36344018376148535,0.15197761903389456
-0.3630030939433717,0.1440141925290332
-0.3625660041252581,0.14563075950340626
-0.36212891430714444,0.13394637196924258
-0.3616918244890308,0.1095887140503092
-0.3612547346709172,0.10846909180252369
-0.36081764485280354,0.10726449407477279
-0.3603805550346899,0.08795448825796534
-0.3599434652165763,0.07177445410788885
-0.35950637539846264,0.04704343744018617
-0.359069285580349,0.02146816442459527
-0.3586321957622354,0.007070065103562358
-0.35819510594412174,0.007507792669962813
-0.3577580161260081,0.019367025680133477
-0.35732092630789447,0.031098530593422078
-0.35688383648978084,0.04624187116843616
-0.3564467466716672,0.06236323050205234
-0.35600965685355357,0.07493037122019339
-0.35557256703543993,0.0846179172242832
-0.3551354772173263,0.06931041111764666
-0.35469838739921267,0.041136685242108284
-0.35426129758109903,0.052786344179915935
-0.3538242077629854,0.10659128379250661
-0.35338711794487176,0.12093483261395753
-0.35295002812675813,0.07939390681600536
-0.3525129383086445,0.07348482531801782
-0.35207584849053086,0.08939712345187455
-0.35163875867241723,0.07444046317444096
-0.3512016688543036,0.0635709081267463
-0.35076457903618996,0.0682329893323976
-0.3503274892180763,0.0626023332040584
-0.3498903993999627,0.07689023555845802
-0.34945330958184906,0.1084576223531195
-0.3490162197637354,0.12402127184971254
-0.3485791299456218,0.1308807307251865
-0.34814204012750816,0.13548454835454468
-0.3477049503093945,0.13720238785667022
-0.3472678604912809,0.14677841938183514
-0.34683077067316725,0.1569265909381473
-0.3463936808550536,0.14083363794023376
-0.34595659103694,0.1238009561301653
-0.34551950121882635,0.13345251332452238
-0.3450824114007127,0.14474018079505355
-0.3446453215825991,0.13383207489810306
-0.34420823176448545,0.09331164861398591
-0.3437711419463718,0.06710975073042272
-0.3433340521282582,0.08985531369888611
-0.34289696231014455,0.11045088802469052
-0.3424598724920309,0.10798756708856101
-0.3420227826739173,0.11532321470774758
-0.34158569285580365,0.13609213346845075
-0.34114860303769,0.1502512416065973
-0.3407115132195764,0.158435783062037
-0.34027442340146274,0.17173493063919107
-0.3398373335833491,0.1801393410306731
-0.3394002437652355,0.18443514952130582
-0.33896315394712184,0.19998933957686565
-0.3385260641290082,0.21863648442530143
-0.3380889743108946,0.21697194403807127
-0.33765188449278094,0.19766753456310138
-0.3372147946746673,0.19350838522276922
-0.3367777048565537,0.18751512669499573
-0.33634061503844004,0.1682169782406354
-0.3359035252203264,0.1699159030864494
-0.33546643540221277,0.18574312332355536
-0.33502934558409914,0.20019213565923052
-0.3345922557659855,0.2125561937643213
-0.33415516594787187,0.2055399688075071
-0.33371807612975823,0.16160063222443094
-0.3332809863116446,0.11456376872318075
-0.33284389649353097,0.10842703956037392
-0.33240680667541733,0.13330859183986535
-0.3319697168573037,0.16449576463436566
-0.33153262703919006,0.17792631894075667
-0.33109553722107643,0.16305555640240071
-0.3306584474029628,0.13125668437284985
-0.33022135758484916,0.09566516233084599
-0.32978426776673553,0.0767578899011254
-0.3293471779486219,0.08189169615836364
-0.32891008813050826,0.0984344704727388
-0.3284729983123946,0.11427831712196715
-0.328035908494281,0.11928406930847202
-0.32759881867616736,0.11426979656651955
-0.3271617288580537,0.11323278169498854
-0.3267246390399401,0.12293736931823333
-0.32628754922182646,0.13623225334204597
-0.3258504594037128,0.1399661981991109
-0.3254133695855992,0.12885916936832945
-0.32497627976748555,0.11874777137061822
-0.3245391899493719,0.1145864023520387
-0.3241021001312583,0.12020610718010323
-0.32366501031314465,0.14034428362764736
-0.323227920495031,0.16725974274554786
-0.3227908306769174,0.18595346488504885
-0.32235374085880375,0.1908683810629597
-0.3219166510406901,0.18512860168776055
-0.3214795612225765,0.16123098444190392
-0.32104247140446285,0.14287981946306733
-0.3206053815863492,0.1463420034447194
-0.3201682917682356,0.14813058397749504
-0.31973120195012195,0.14539129666210854
-0.3192941121320083,0.13734725033171338
-0.3188570223138947,0.1369621689333334
-0.31841993249578104,0.15517182643065025
-0.3179828426776674,0.17279164202239614
-0.3175457528595538,0.1798846043426238
-0.31710866304144014,0.1850973278987603
-0.3166715732233265,0.18628666812870237
-0.3162344834052129,0.17564779615412499
-0.31579739358709924,0.18130894855012977
-0.3153603037689856,0.21043042252336047
-0.31492321395087197,0.24450930699500112
-0.31448612413275834,0.26919901905003435
-0.3140490343146447,0.2719142277561836
-0.31361194449653107,0.24449872045929316
-0.31317485467841744,0.2033018603853732
-0.3127377648603038,0.17691144003948797
-0.31230067504219017,0.1634379612096144
-0.31186358522407653,0.15054958185939799
-0.3114264954059629,0.14525773935888767
-0.31098940558784927,0.16345548639236743
-0.31055231576973563,0.19535719277573407
-0.310115225951622,0.2188838196614181
-0.30967813613350836,0.23692497343561517
-0.30924104631539473,0.22600555854424384
-0.3088039564972811,0.18160666888440224
-0.30836686667916746,0.1596329402472851
-0.3079297768610538,0.15137381262579308
-0.3074926870429402,0.14198276027491116
-0.30705559722482656,0.14820689197762915
-0.3066185074067129,0.15641983020034625
-0.3061814175885993,0.15586554681048734
-0.30574432777048566,0.1538690970166399
-0.305307237952372,0.15697270588747178
-0.3048701481342584,0.1548051045946068
-0.30443305831614476,0.13489001751862742
-0.3039959684980311,0.11480911091660907
-0.3035588786799175,0.11260256453773511
-0.30312178886180385,0.11921228247405528
-0.3026846990436902,0.1338288636611116
-0.3022476092255766,0.1608371313715437
-0.30181051940746295,0.17567081477688
-0.3013734295893493,0.1762652963226418
-0.3009363397712357,0.181709869851405
-0.30049924995312205,0.17806697996569426
-0.3000621601350084,0.16344772760865614
-0.2996250703168948,0.1524528243432087
-0.29918798049878115,0.14437046381719032
-0.2987508906806675,0.14140217932073745
-0.2983138008625539,0.14530286802989473
-0.29787671104444025,0.15065936796775978
-0.2974396212263266,0.15823441625357587
-0.297002531408213,0.16729372363633677
-0.29656544159009934,0.17672942264661146
-0.2961283517719857,0.17648639729188717
-0.2956912619538721,0.16984403737333453
-0.29525417213575844,0.16976217909208083
-0.2948170823176448,0.1670221559073823
-0.2943799924995312,0.16684363525335624
-0.29394290268141754,0.17492861200456886
-0.2935058128633039,0.17815978816532424
-0.29306872304519027,0.18557042114582617
-0.29263163322707664,0.18461556045217048
-0.292194543408963,0.14865235313473532
-0.29175745359084937,0.11984070587070376
-0.29132036377273574,0.12592692673989317
-0.2908832739546221,0.13494726809206806
-0.29044618413650847,0.1401241608531333
-0.29000909431839483,0.14215858998081482
-0.2895720045002812,0.13597300340540283
-0.28913491468216757,0.14545763440314471
-0.28869782486405393,0.17224544879737405
-0.2882607350459403,0.18409010924207395
-0.28782364522782666,0.16869847892053866
-0.28738655540971303,0.14785272284995155
-0.2869494655915994,0.13576065606323268
-0.28651237577348576,0.13000425795633894
-0.2860752859553721,0.13801668833539485
-0.2856381961372585,0.15860563159504912
-0.28520110631914486,0.16901497291950446
-0.2847640165010312,0.15986343226481295
-0.2843269266829176,0.1575475920615281
-0.28388983686480396,0.18057526097794813
-0.2834527470466903,0.19873212498695875
-0.2830156572285767,0.19831991334503196
-0.28257856741046306,0.20093428697383262
-0.2821414775923494,0.197027882856277
-0.2817043877742358,0.19005605662352623
-0.28126729795612215,0.19531737904781896
-0.2808302081380085,0.20012987801134835
-0.2803931183198949,0.2017994291987682
-0.27995602850178125,0.19031964775145324
-0.2795189386836676,0.16892953221375615
-0.279081848865554,0.1569744238800519
-0.27864475904744035,0.1711403770920741
-0.2782076692293267,0.20465453559303934
-0.2777705794112131,0.22135843890321724
-0.27733348959309945,0.20756890183471838
-0.2768963997749858,0.1907433570243346
-0.2764593099568722,0.17511356512276754
-0.27602222013875855,0.1602703376928074
-0.2755851303206449,0.15276764684897284
-0.2751480405025313,0.15583877179199518
-0.27471095068441764,0.15865273603783783
-0.274273860866304,0.15875929778939368
-0.2738367710481908,0.16430631174322005
-0.2733996812300772,0.16672621397481985
-0.27296259141196355,0.16118755063001797
-0.2725255015938499,0.15074526523499546
-0.2720884117757363,0.14958277661811567
-0.27165132195762265,0.16029036173485092
-0.271214232139509,0.16752532147073593
-0.2707771423213954,0.17101915099157103
-0.27034005250328175,0.1773397817450844
-0.2699029626851681,0.18412952018946913
-0.2694658728670545,0.18766063566485866
-0.26902878304894084,0.18111093283581772
-0.2685916932308272,0.1656014215142057
-0.2681546034127136,0.1435574653969298
-0.26771751359459994,0.11826562202547135
-0.2672804237764863,0.11270197824740129
-0.2668433339583727,0.1359115879242999
-0.26640624414025904,0.1602525459366162
-0.2659691543221454,0.17815008274356167
-0.2655320645040318,0.1953375147368365
-0.26509497468591814,0.19342969770349772
-0.2646578848678045,0.182910878951926
-0.26422079504969087,0.17762033327883628
-0.26378370523157724,0.18086023731005918
-0.2633466154134636,0.18679000823168904
-0.26290952559534997,0.18395194673493576
-0.26247243577723633,0.18744865648779968
-0.2620353459591227,0.2049382774496898
-0.26159825614100907,0.21866169839142588
-0.26116116632289543,0.20766037208994187
-0.2607240765047818,0.17833695156970425
-0.26028698668666816,0.16077042388494028
-0.25984989686855453,0.16361284706851092
-0.2594128070504409,0.16710473368732645
-0.25897571723232726,0.1572728832328691
-0.25853862741421363,0.1451581712434689
-0.2581015375961,0.14220174626220564
-0.25766444777798636,0.15245683858147327
-0.2572273579598727,0.171462464253265
-0.2567902681417591,0.18814252864618147
-0.25635317832364546,0.2043796302466463
-0.2559160885055318,0.2134817427111912
-0.2554789986874182,0.20454794331716533
-0.25504190886930456,0.1978909205964479
-0.2546048190511909,0.20344060115767443
-0.2541677292330773,0.20641813207539247
-0.25373063941496365,0.2082719905056956
-0.25329354959685,0.21903761674803332
-0.2528564597787364,0.2269219025683566
-0.25241936996062275,0.21614298363291343
-0.2519822801425091,0.19806640897469158
-0.2515451903243955,0.1904397118247371
-0.25110810050628185,0.19272393081116496
-0.2506710106881682,0.1957071945854996
-0.2502339208700546,0.20226017211796204
-0.24979683105194095,0.20680588142062306
-0.24935974123382731,0.19341599433646395
-0.24892265141571368,0.17926155607911556
-0.24848556159760005,0.17286043644279978
-0.2480484717794864,0.15631664355094904
-0.24761138196137278,0.14614616175020942
-0.24717429214325914,0.15317134643486394
-0.2467372023251455,0.16589397672394243
-0.24630011250703188,0.17824653461971204
-0.24586302268891824,0.1959425745435094
-0.2454259328708046,0.22229900953333942
-0.24498884305269097,0.23474736353658868
-0.24455175323457734,0.22444098206938454
-0.2441146634164637,0.20920768232599846
-0.24367757359835007,0.1983772667992489
-0.24324048378023644,0.19363098282063226
-0.2428033939621228,0.1967664018276363
-0.24236630414400917,0.19433227048515095
-0.24192921432589554,0.18456155930025384
-0.2414921245077819,0.1819771057775407
-0.24105503468966827,0.18445361803380086
-0.24061794487155463,0.18758598018969003
-0.240180855053441,0.19201045436699202
-0.23974376523532737,0.20168517061242636
-0.23930667541721373,0.2122405225368341
-0.2388695855991001,0.2106238022291029
-0.23843249578098646,0.19871986828457625
-0.23799540596287283,0.18596285177376662
-0.2375583161447592,0.17744165021696398
-0.23712122632664556,0.18873080318069668
-0.23668413650853193,0.2135997102426423
-0.2362470466904183,0.22382744488244488
-0.23580995687230466,0.21584390503653958
-0.23537286705419103,0.20844683422869656
-0.2349357772360774,0.21710248800970838
-0.23449868741796376,0.23051108836925696
-0.23406159759985012,0.23707802037858242
-0.2336245077817365,0.23384066672491105
-0.23318741796362286,0.2281807309156362
-0.23275032814550922,0.22354591194642445
-0.2323132383273956,0.21139110920551935
-0.23187614850928195,0.20138825863217766
-0.23143905869116832,0.20179639031172517
-0.23100196887305469,0.2034510281224578
-0.23056487905494105,0.20242178008473924
-0.23012778923682742,0.19948573862185479
-0.22969069941871378,0.19644087073056965
-0.22925360960060015,0.20476947914853322
-0.22881651978248652,0.21699342592914264
-0.22837942996437288,0.22066161789653707
-0.22794234014625925,0.22546968070123938
-0.22750525032814561,0.22855636215448724
-0.22706816051003198,0.22676370396202677
-0.22663107069191835,0.2280734696274916
-0.2261939808738047,0.2208979576417882
-0.22575689105569108,0.20984729548963718
-0.22531980123757744,0.2099923985107523
-0.2248827114194638,0.20717767151984431
-0.22444562160135018,0.1928421858456887
-0.22400853178323654,0.18412776316415766
-0.2235714419651229,0.1890333914854975
-0.22313435214700927,0.1897125208518511
-0.22269726232889564,0.1797774251975086
-0.222260172510782,0.18045229531204682
-0.22182308269266837,0.20786239348486973
-0.22138599287455474,0.22307083605437522
-0.2209489030564411,0.20295939863549495
-0.22051181323832747,0.17960680172045862
-0.22007472342021384,0.17021068919771332
-0.2196376336021002,0.16711793030588146
-0.21920054378398657,0.15768540953971874
-0.21876345396587293,0.14613274342389218
-0.2183263641477593,0.14796577937446947
-0.21788927432964567,0.15549023981226692
-0.21745218451153203,0.1629772433405992
-0.2170150946934184,0.17344411688435643
-0.21657800487530476,0.1826940524097767
-0.21614091505719113,0.18751433765454925
-0.2157038252390775,0.1780571892561277
-0.21526673542096386,0.15242499098002255
-0.21482964560285023,0.1369415734496084
-0.2143925557847366,0.14664654488389434
-0.21395546596662296,0.16404058291685295
-0.21351837614850933,0.17619740717064394
-0.2130812863303957,0.1831559615921832
-0.21264419651228206,0.18835374090171203
-0.21220710669416842,0.19170189161644255
-0.2117700168760548,0.19338074478425057
-0.21133292705794116,0.1908204907167867
-0.21089583723982752,0.18339854070427197
-0.2104587474217139,0.18496985573613905
-0.21002165760360025,0.18969140068345283
-0.20958456778548662,0.18640657425373508
-0.20914747796737299,0.19003993258830262
-0.20871038814925935,0.19860134377936042
-0.20827329833114572,0.19918381524836612
-0.20783620851303208,0.19834923414620856
-0.20739911869491845,0.19937251038209705
-0.20696202887680482,0.20200546536510186
-0.20652493905869118,0.1986296497669961
-0.20608784924057755,0.18898240245149575
-0.2056507594224639,0.1905492521435417
-0.20521366960435028,0.20854529017362505
-0.20477657978623665,0.22121718666619913
-0.204339489968123,0.2121550619169424
-0.20390240015000938,0.19316435340426094
-0.20346531033189574,0.18980479136869333
-0.2030282205137821,0.20028129084724555
-0.20259113069566848,0.18958880619807372
-0.20215404087755484,0.1668289711536274
-0.2017169510594412,0.16305792971935792
-0.20127986124132757,0.17306453547196954
-0.20084277142321394,0.17721528525067934
-0.2004056816051003,0.1683683907600895
-0.19996859178698667,0.15974569828749227
-0.19953150196887304,0.1637099670642396
-0.1990944121507594,0.1775184244001887
-0.19865732233264577,0.18699714849518909
-0.19822023251453214,0.18148985656088862
-0.1977831426964185,0.17186782613073892
-0.19734605287830487,0.1668351621917021
-0.19690896306019123,0.16431564140811575
-0.1964718732420776,0.17170730205648593
-0.19603478342396397,0.1833502291268964
-0.19559769360585033,0.18406974155955466
-0.1951606037877367,0.17508083458785956
-0.19472351396962306,0.17021011295624697
-0.19428642415150943,0.17748121505737033
-0.1938493343333958,0.1907211002747405
-0.19341224451528216,0.19134667412774342
-0.19297515469716853,0.1802056030181644
-0.1925380648790549,0.17606554067996313
-0.19210097506094126,0.18197218687390257
-0.19166388524282763,0.19421565895715534
-0.191226795424714,0.19792890096999463
-0.19078970560660036,0.19879864553936863
-0.19035261578848672,0.21815145555673363
-0.1899155259703731,0.23468849630006447
-0.18947843615225946,0.2174689272222547
-0.18904134633414582,0.18681738047466304
-0.1886042565160322,0.17873610554629835
-0.18816716669791855,0.18682345092502586
-0.18773007687980492,0.18000823161164686
-0.18729298706169129,0.16225821624667477
-0.18685589724357765,0.15429552557091822
-0.18641880742546402,0.15223275589771015
-0.18598171760735038,0.14502291988227903
-0.18554462778923675,0.13815248062384872
-0.18510753797112312,0.14315406220835933
-0.18467044815300948,0.1504163538809524
-0.18423335833489585,0.15369015336888678
-0.1837962685167822,0.1547062908384429
-0.18335917869866858,0.14605260771608997
-0.18292208888055494,0.13579313474150953
-0.1824849990624413,0.13236377338240451
-0.18204790924432768,0.12846491542559346
-0.18161081942621404,0.13308459339478687
-0.1811737296081004,0.144315950462529
-0.18073663978998677,0.13897247819743455
-0.18029954997187314,0.13641990681708202
-0.1798624601537595,0.14980795949355502
-0.17942537033564587,0.1531950987494173
-0.17898828051753224,0.14903322785038592
-0.1785511906994186,0.1486855098850419
-0.17811410088130497,0.1469676111335571
-0.17767701106319134,0.14120024800103653
-0.1772399212450777,0.13035760121678977
-0.17680283142696407,0.1242065820946108
-0.17636574160885043,0.13114005826550915
-0.1759286517907368,0.14326653415348117
-0.17549156197262317,0.1580213138214164
-0.17505447215450953,0.16377360110250067
-0.1746173823363959,0.16268649830408216
-0.17418029251828226,0.16685310719113264
-0.17374320270016863,0.1667056458254851
-0.173306112882055,0.16338732153117325
-0.17286902306394136,0.17363388416421507
-0.17243193324582773,0.19898239044546678
-0.1719948434277141,0.20249231029305584
-0.1715577536096009,0.18040973215370462
-0.17112066379148727,0.17366543656002725
-0.17068357397337364,0.18596322550659447
-0.17024648415526,0.20074805962206757
-0.16980939433714637,0.20330863094441406
-0.16937230451903273,0.20086826505883762
-0.1689352147009191,0.19702542233042805
-0.16849812488280547,0.19013239572361276
-0.16806103506469183,0.18898389167159726
-0.1676239452465782,0.1926707232739878
-0.16718685542846456,0.19687666857564476
-0.16674976561035093,0.20058628621108904
-0.1663126757922373,0.21399051360548366
-0.16587558597412366,0.23591262580909458
-0.16543849615601003,0.24323921292286224
-0.1650014063378964,0.23697834037714502
-0.16456431651978276,0.22378545644153575
-0.16412722670166913,0.1873482727510058
-0.1636901368835555,0.15495952194195425
-0.16325304706544186,0.15817310025745926
-0.16281595724732822,0.18813804571910483
-0.1623788674292146,0.2184164006681924
-0.16194177761110096,0.2274617751723868
-0.16150468779298732,0.22398613446449314
-0.1610675979748737,0.21856197269274272
-0.16063050815676005,0.2084544069910675
-0.16019341833864642,0.2093850095807129
-0.1597563285205328,0.22368888955708585
-0.15931923870241915,0.22855807339647058
-0.15888214888430552,0.23212062410984946
-0.15844505906619188,0.22684374278893985
-0.15800796924807825,0.20823238887368561
-0.15757087942996462,0.18499540495359362
-0.15713378961185098,0.1588197488184537
-0.15669669979373735,0.15282418298378256
-0.15625960997562371,0.15895903604406558
-0.15582252015751008,0.15102441751349988
-0.15538543033939645,0.1425170847765868
-0.1549483405212828,0.14729988692562818
-0.15451125070316918,0.14931203954241123
-0.15407416088505554,0.14197745251920094
-0.1536370710669419,0.13467725473083636
-0.15319998124882828,0.1286379470838769
-0.15276289143071464,0.11827914264484855
-0.152325801612601,0.11879013815868819
-0.15188871179448737,0.13436452966346343
-0.15145162197637374,0.1459418564993984
-0.1510145321582601,0.14988482443171056
-0.15057744234014647,0.13272935957435322
-0.15014035252203284,0.11127364894589352
-0.1497032627039192,0.12846594413915807
-0.14926617288580557,0.17876373759050238
-0.14882908306769194,0.21590298382647402
-0.1483919932495783,0.21721856258647923
-0.14795490343146467,0.2057202776968942
-0.14751781361335103,0.2031739707479406
-0.1470807237952374,0.21200465811133953
-0.14664363397712377,0.2085426037957141
-0.14620654415901013,0.19345618503607384
-0.1457694543408965,0.18849360814771338
-0.14533236452278286,0.18852420995638877
-0.14489527470466923,0.19843554096795016
-0.1444581848865556,0.20895610533315906
-0.14402109506844196,0.19295623724826377
-0.14358400525032833,0.18135621160910015
-0.1431469154322147,0.1912087515745331
-0.14270982561410106,0.1915431146581103
-0.14227273579598743,0.1902980374751684
-0.1418356459778738,0.19450086873032843
-0.14139855615976016,0.1799429100145041
-0.14096146634164652,0.14899404708070202
-0.1405243765235329,0.1336828671189702
-0.14008728670541926,0.14422423625253478
-0.13965019688730562,0.16005694539694024
-0.139213107069192,0.16572647581450722
-0.13877601725107835,0.15831618434100103
-0.13833892743296472,0.15326958042168282
-0.13790183761485109,0.17050868401210115
-0.13746474779673745,0.19025626084114153
-0.13702765797862382,0.19294813320465878
-0.13659056816051018,0.19454467767102337
-0.13615347834239655,0.21134135538888915
-0.13571638852428292,0.22574987254414633
-0.13527929870616928,0.22670847880184988
-0.13484220888805565,0.23358681601319958
-0.13440511906994201,0.2373425536037072
-0.13396802925182838,0.23470614569485085
-0.13353093943371475,0.25022999491326986
-0.1330938496156011,0.274383840486869
-0.13265675979748748,0.27754388739013697
-0.13221966997937384,0.2587145277266482
-0.1317825801612602,0.23800888573208148
-0.13134549034314658,0.2216511632369059
-0.13090840052503294,0.2184673415830592
-0.1304713107069193,0.23916421603017488
-0.13003422088880567,0.2610678252928262
-0.12959713107069204,0.27178680071007344
-0.1291600412525784,0.27348155469871177
-0.12872295143446477,0.27785875112661546
-0.12828586161635114,0.2795932591775682
-0.1278487717982375,0.25064560002639996
-0.12741168198012387,0.2161018152952474
-0.12697459216201024,0.20887141335949885
-0.1265375023438966,0.2234968387595439
-0.12610041252578297,0.23936768669074726
-0.12566332270766933,0.2440242917857233
-0.1252262328895557,0.24572006883275477
-0.12478914307144207,0.24060577520447562
-0.12435205325332843,0.2418957385417015
-0.1239149634352148,0.25471808574713
-0.12347787361710116,0.2524289226067954
-0.12304078379898753,0.23306026987201992
-0.1226036939808739,0.2197446689492227
-0.12216660416276026,0.23321816620409663
-0.12172951434464663,0.2572711254234757
-0.121292424526533,0.2607353646835763
-0.12085533470841936,0.2433793766934789
-0.12041824489030573,0.22557925895030145
-0.11998115507219209,0.20498819930195353
-0.11954406525407846,0.1825073302838974
-0.11910697543596482,0.18192781847284056
-0.11866988561785119,0.2026428965410825
-0.11823279579973756,0.21657024526958504
-0.11779570598162392,0.20737046077594415
-0.11735861616351029,0.18714410741624682
-0.11692152634539665,0.16933496160197034
-0.11648443652728302,0.16553338100223555
-0.11604734670916939,0.17930930666723763
-0.11561025689105575,0.181880602985328
-0.11517316707294212,0.1667541920448303
-0.11473607725482848,0.1726685421255358
-0.11429898743671485,0.198730418399071
-0.11386189761860122,0.2086411561441319
-0.11342480780048758,0.20777289009808902
-0.11298771798237395,0.2062752837499549
-0.11255062816426031,0.2003244855897777
-0.11211353834614668,0.19050434705213776
-0.11167644852803305,0.17748020413131702
-0.11123935870991941,0.17488729862810884
-0.11080226889180578,0.20219867317495036
-0.11036517907369214,0.23696659728682776
-0.10992808925557851,0.24884148374219664
-0.10949099943746488,0.24884883620339765
-0.10905390961935124,0.25685922520434173
-0.10861681980123761,0.2785882549556031
-0.10817972998312397,0.2914536242245762
-0.10774264016501034,0.2780618540878045
-0.1073055503468967,0.26101039865216463
-0.10686846052878307,0.23803156873632192
-0.10643137071066944,0.20156274545695857
-0.1059942808925558,0.17469854448055638
-0.10555719107444217,0.15856242884597962
-0.10512010125632854,0.1593177883554051
-0.1046830114382149,0.15786213425821546
-0.10424592162010127,0.12964927971940166
-0.10380883180198763,0.10934460896600788
-0.103371741983874,0.11106032909479313
-0.10293465216576037,0.11108388682613021
-0.10249756234764673,0.10060246891091294
-0.1020604725295331,0.09376339446643711
-0.10162338271141946,0.10299624644199956
-0.10118629289330583,0.12536875662727712
-0.1007492030751922,0.1505514072708986
-0.10031211325707856,0.1718173457252757
-0.09987502343896493,0.1805045357476205
-0.0994379336208513,0.16121249377397381
-0.09900084380273766,0.15646840450550292
-0.09856375398462403,0.19397491669054787
-0.09812666416651039,0.21788069813965757
-0.09768957434839676,0.2325503902935567
-0.09725248453028312,0.2823491659486192
-0.09681539471216949,0.39832085825582586
-0.09637830489405586,0.45085398713346503
-0.09594121507594222,0.3684822236932817
-0.09550412525782859,0.30615996817480035
-0.09506703543971495,0.27699393982930637
-0.09462994562160132,0.2470790095957675
-0.09419285580348769,0.22324150577011678
-0.09375576598537405,0.19347446483115466
-0.09331867616726042,0.20675189776086492
-0.09288158634914678,0.25927552674750187
-0.09244449653103315,0.2866338983625463
-0.09200740671291952,0.2816853230212832
-0.09157031689480588,0.26705122778398205
-0.09113322707669225,0.24459029768525783
-0.09069613725857861,0.20787475334858696
-0.09025904744046498,0.2009052124484822
-0.08982195762235134,0.2198611973124953
-0.08938486780423771,0.23203242253275208
-0.08894777798612408,0.24089637521276294
-0.08851068816801044,0.2360285615639521
-0.08807359834989681,0.22881873665661812
-0.08763650853178317,0.2122072512446242
-0.08719941871366954,0.20364954568774501
-0.0867623288955559,0.22680277465994586
-0.08632523907744227,0.21830785498675911
-0.08588814925932864,0.19216891031528377
-0.085451059441215,0.19077035860458527
-0.08501396962310137,0.1871900242807751
-0.08457687980498774,0.18838183403681316
-0.0841397899868741,0.1930322717348995
-0.08370270016876047,0.19794513779627168
-0.08326561035064683,0.2180791357267647
-0.0828285205325332,0.22349407451045558
-0.08239143071441957,0.21273716494847683
-0.08195434089630593,0.2185583144014013
-0.0815172510781923,0.22469877176804237
-0.08108016126007866,0.19623423088565878
-0.08064307144196503,0.16148403719328425
-0.0802059816238514,0.16480945103316716
-0.07976889180573776,0.21188408725347266
-0.07933180198762413,0.2633797934607583
-0.0788947121695105,0.26320726447372766
-0.07845762235139686,0.23710000675258813
-0.07802053253328323,0.2224578965520127
-0.07758344271516959,0.2125655443664575
-0.07714635289705596,0.2069416792822766
-0.07670926307894232,0.198882743801152
-0.07627217326082869,0.18265695732380755
-0.07583508344271506,0.17510400217779246
-0.07539799362460142,0.1722972646812045
-0.07496090380648779,0.16459229040764373
-0.07452381398837415,0.17228522506161828
-0.07408672417026052,0.18014216020823806
-0.07364963435214689,0.16347329989148002
-0.07321254453403325,0.1374880391422532
-0.07277545471591962,0.12418536271368334
-0.07233836489780598,0.11801225033563159
-0.07190127507969235,0.11053903577141037
-0.07146418526157872,0.12066615795213516
-0.07102709544346508,0.13945621699939234
-0.07059000562535145,0.1499882379459704
-0.07015291580723781,0.14535845301317515
-0.06971582598912418,0.13569097498475963
-0.06927873617101099,0.1353383394967651
-0.06884164635289736,0.12012919015192287
-0.06840455653478372,0.09611424862633659
-0.06796746671667009,0.09100738111100158
-0.06753037689855645,0.11395858040149773
-0.06709328708044282,0.14254194226596595
-0.06665619726232919,0.15488240805875292
-0.06621910744421555,0.15378634885004855
-0.06578201762610192,0.15899341221746402
-0.06534492780798828,0.1679156995316551
-0.06490783798987465,0.1570371503033295
-0.06447074817176102,0.15063735902728442
-0.06403365835364738,0.16713106762673496
-0.06359656853553375,0.18314144994887865
-0.06315947871742011,0.18255202573826007
-0.06272238889930648,0.17754925067919972
-0.062285299081192846,0.18944549302958605
-0.06184820926307921,0.19957641017008856
-0.06141111944496558,0.20336997518858876
-0.060974029626851944,0.22753120431107118
-0.06053693980873831,0.2514441531110973
-0.060099849990624676,0.23097474201205995
-0.05966276017251104,0.18186185091584095
-0.05922567035439741,0.16726105843628755
-0.058788580536283774,0.1751057204301786
-0.05835149071817014,0.18391763564143943
-0.057914400900056506,0.20306872992122113
-0.05747731108194287,0.22343008883595458
-0.05704022126382924,0.2337941736466473
-0.056603131445715604,0.24940927083112058
-0.05616604162760197,0.2751089888608338
-0.055728951809488336,0.2761303321246577
-0.0552918619913747,0.23528690481906742
-0.05485477217326107,0.19051188607945294
-0.054417682355147434,0.1989836187715688
-0.0539805925370338,0.2444260890267948
-0.053543502718920166,0.2798417200404767
-0.05310641290080653,0.2732450448531105
-0.0526693230826929,0.2500888537071833
-0.052232233264579264,0.25269081720411124
-0.05179514344646563,0.2546450673681609
-0.051358053628351996,0.23433057255385403
-0.05092096381023836,0.21891450357357675
-0.05048387399212473,0.2302570097295858
-0.050046784174011094,0.24661183051979324
-0.04960969435589746,0.24657592515840415
-0.049172604537783826,0.23784750484205425
-0.04873551471967019,0.22174278424241717
-0.04829842490155656,0.20475584189945212
-0.047861335083442924,0.19863164683449241
-0.04742424526532929,0.1924367984656228
-0.046987155447215656,0.18428681946160277
-0.04655006562910202,0.19025549572952594
-0.04611297581098839,0.2156626611652524
-0.045675885992874754,0.2341522780345971
-0.04523879617476112,0.24320223505915767
-0.044801706356647486,0.23472397722672245
-0.04436461653853385,0.2009727485676686
-0.04392752672042022,0.17309217542377503
-0.043490436902306584,0.14795314966339784
-0.04305334708419295,0.12790422294137418
-0.042616257266079316,0.12718465205379612
-0.04217916744796568,0.15263518402702875
-0.04174207762985205,0.16464500127168696
-0.041304987811738414,0.1456059939062035
-0.04086789799362478,0.17227326152990594
-0.040430808175511146,0.23570531506930834
-0.03999371835739751,0.267605297853838
-0.03955662853928388,0.24954201718460817
-0.039119538721170244,0.20226879305168458
-0.03868244890305661,0.16107737195583338
-0.038245359084942976,0.11021467244404073
-0.03780826926682934,0.05556117479642995
-0.03737117944871571,0.04935907995996918
-0.036934089630602074,0.045953626336319976
-0.03649699981248844,0.014171660049073683
-0.036059909994374806,0.0004302456946034824
-0.03562282017626117,0.0002984219592343876
-0.03518573035814754,4.049738172834512e-05
-0.034748640540033904,5.831462349799923e-05
-0.03431155072192027,1.902186421256237e-05
-0.033874460903806636,1.838075395177732e-05
-0.033437371085693,1.164714287357182e-05
-0.03300028126757937,7.617328948532195e-06
-0.032563191449465734,7.448723672396637e-06
-0.0321261016313521,4.097797680318699e-06
-0.031689011813238466,4.8594262528471485e-06
-0.03125192199512483,2.8170974007593066e-06
-0.030814832177011198,3.295173989010601e-06
-0.030377742358897564,2.3563611747073157e-06
-0.02994065254078393,2.386508050154379e-06
-0.029503562722670296,2.361786859520834e-06
-0.02906647290455666,1.879350171028876e-06
-0.028629383086443028,2.873061963790045e-06
-0.028192293268329394,1.7174908814722062e-06
-0.02775520345021576,4.103714800700639e-06
-0.027318113632102126,2.41066023941325e-06
-0.02688102381398849,6.395646116072135e-06
-0.026443933995874858,6.59550864205006e-06
-0.026006844177761224,1.047655341162262e-05
-0.02556975435964759,2.8323271815488466e-05
-0.025132664541533956,2.0945253459110186e-05
-0.02469557472342032,0.00019498699202746388
-0.024258484905306688,0.00019418974580509929
-0.023821395087193054,0.009155030473438162
-0.02338430526907942,0.04032518815637217
-0.022947215450965786,0.05010554505187156
-0.02251012563285215,0.01967956113616907
-0.022073035814738518,0.0014146330260547866
-0.021635945996624883,0.00032790000521790467
-0.02119885617851125,0.0005391204877230119
-0.020761766360397615,0.0019884338957494485
-0.02032467654228398,0.03191980533477763
-0.019887586724170347,0.11631445873565006
-0.019450496906056713,0.19810935721168368
-0.01901340708794308,0.18063252700286944
-0.018576317269829445,0.07508310864901432
-0.01813922745171581,0.011237849912731067
-0.017702137633602177,0.023455234352832817
-0.017265047815488543,0.06642579381509496
-0.01682795799737491,0.08886961100459885
-0.016390868179261275,0.05646383003862381
-0.01595377836114764,0.014641165190876158
-0.015516688543034007,0.0010694557321817354
-0.015079598724920373,0.00021770987135655458
-0.01464250890680674,7.081609954878865e-05
-0.014205419088693105,4.139523204541647e-05
-0.013768329270579471,1.982766446076636e-05
-0.013331239452465837,1.3585405511715584e-05
-0.012894149634352203,9.891825218102472e-06
-0.01245705981623857,6.493659352724758e-06
-0.012019969998124935,7.351024726449091e-06
-0.011582880180011301,4.810331435223114e-06
-0.011145790361897667,8.019085272024627e-06
-0.010708700543784033,5.953730464125564e-06
-0.0102716107256704,1.2031769112430263e-05
-0.009834520907556765,1.2475199565637233e-05
-0.009397431089443131,2.2120518348241325e-05
-0.008960341271329497,4.212127550792392e-05
-0.008523251453215863,4.86881740405616e-05
-0.00808616163510223,0.000245986029524113
-0.007649071816988595,0.00016344613670403682
-0.007211981998874961,0.007340428286313586
-0.006774892180761327,0.04301030238211675
-0.006337802362647693,0.08386379535363112
-0.005900712544534059,0.10250167095635895
-0.005463622726420425,0.10007735771802624
-0.005026532908306791,0.12545371867841432
-0.004589443090193157,0.19315881225312187
-0.004152353272079523,0.15676773092357635
-0.003715263453965889,0.04705886866571683
-0.003278173635852255,0.0032589170023023923
-0.002841083817738621,0.0008636307767770169
-0.002403993999624987,0.0011178660729451245
-0.001966904181511353,0.02051149354627325
-0.001529814363397719,0.05208332678194445
-0.001092724545284085,0.03889842678256172
-0.000655634727170451,0.006990578253847289
-0.000218544909056817,0.00021237141426937444
0.000218544909056817,0.0002127957031965646
0.000655634727170451,0.006972932729277584
0.001092724545284085,0.03878715909139617
0.001529814363397719,0.05192363753420396
0.001966904181511353,0.02044435791695303
0.002403993999624987,0.001114288623737669
0.002841083817738621,0.0008651396689071398
0.003278173635852255,0.003265042842722197
0.003715263453965889,0.04719601904606267
0.004152353272079523,0.15717477048719058
0.004589443090193157,0.1935189052049186
0.005026532908306791,0.1257372105870708
0.005463622726420425,0.10042962870820057
0.005900712544534059,0.10279766582755735
0.006337802362647693,0.08426429810721354
0.006774892180761327,0.04331702351272691
0.007211981998874961,0.007395696753784866
0.007649071816988595,0.000163785529849682
0.00808616163510223,0.000247477644837283
0.008523251453215863,4.888832295409833e-05
0.008960341271329497,4.230726946452393e-05
0.009397431089443131,2.2215973743556185e-05
0.009834520907556765,1.2508574808093877e-05
0.0102716107256704,1.2071614639600411e-05
0.010708700543784033,5.960349733587092e-06
0.011145790361897667,8.025145229728919e-06
0.011582880180011301,4.811798031601353e-06
0.012019969998124935,7.327066577373897e-06
0.01245705981623857,6.4937071352079546e-06
0.012894149634352203,9.825642698888663e-06
0.013331239452465837,1.3575222785730568e-05
0.013768329270579471,1.9685777873664443e-05
0.014205419088693105,4.12929755765367e-05
0.01464250890680674,7.058414907364086e-05
0.015079598724920373,0.00021665056069188076
0.015516688543034007,0.0010730079159938398
0.01595377836114764,0.014653578614014383
0.016390868179261275,0.05621846393503608
0.01682795799737491,0.08830593760783512
0.017265047815488543,0.06604279705687839
0.017702137633602177,0.023360296595718415
0.01813922745171581,0.011139451395084626
0.018576317269829445,0.07463969196736205
0.01901340708794308,0.17965618563729144
0.019450496906056713,0.1967114911381523
0.019887586724170347,0.1152668822034533
0.02032467654228398,0.031646375643332635
0.020761766360397615,0.001977867367422416
0.02119885617851125,0.0005332383803385777
0.021635945996624883,0.0003244747550889201
0.022073035814738518,0.0013869351235087093
0.02251012563285215,0.019337113600989865
0.022947215450965786,0.04938074600862628
0.02338430526907942,0.03987919483193947
0.023821395087193054,0.009109377909044028
0.024258484905306688,0.00019660996187691434
0.02469557472342032,0.00019293965407001326
0.025132664541533956,2.0698510488661177e-05
0.02556975435964759,2.811293591483903e-05
0.026006844177761224,1.0312669743688963e-05
0.026443933995874858,6.5727618596406845e-06
0.02688102381398849,6.311008785010685e-06
0.027318113632102126,2.4071155230956528e-06
0.02775520345021576,4.063361834837221e-06
0.028192293268329394,1.7116859138828689e-06
0.028629383086443028,2.8550932531066063e-06
0.02906647290455666,1.871216467373356e-06
0.029503562722670296,2.3541157593453274e-06
0.02994065254078393,2.377812833717862e-06
0.030377742358897564,2.3531580058551503e-06
0.030814832177011198,3.286125352766466e-06
0.03125192199512483,2.8163426890105483e-06
0.031689011813238466,4.848557512611505e-06
0.0321261016313521,4.0994941498283645e-06
0.032563191449465734,7.433520119496059e-06
0.033000281267578924,7.6221868654034746e-06
0.03343737108569256,1.1625195330096744e-05
0.03387446090380619,1.838998149439467e-05
0.034311550721919826,1.8997047595984782e-05
0.03474864054003346,5.8338933562575345e-05
0.035185730358147094,4.05602278805487e-05
0.03562282017626073,0.0002986565656951973
0.03605990999437436,0.00043402570436669105
0.036496999812487996,0.01423176449148479
0.03693408963060163,0.04608873443959449
0.037371179448715264,0.04935928058644181
0.0378082692668289,0.055284507653288406
0.03824535908494253,0.10984122351870705
0.038682448903056166,0.16049722682394968
0.0391195387211698,0.2013204652641627
0.039556628539283434,0.24901372369210314
0.03999371835739707,0.26798575787471957
0.0404308081755107,0.23600164236399462
0.040867897993624336,0.1723203644881679
0.04130498781173797,0.1460042883166906
0.041742077629851604,0.16474032917353534
0.04217916744796524,0.15265205621049968
0.04261625726607887,0.12805247907825384
0.043053347084192506,0.12860368995625374
0.04349043690230614,0.14798878983508498
0.043927526720419774,0.1735554069708128
0.04436461653853341,0.20168686922895582
0.04480170635664704,0.23518974756969024
0.045238796174760676,0.243104807580059
0.04567588599287431,0.2338194404032112
0.046112975810987944,0.21604354624777078
0.04655006562910158,0.19055607961746154
0.04698715544721521,0.18361794231851195
0.047424245265328846,0.19123449139736853
0.04786133508344248,0.19780635748539108
0.048298424901556114,0.20431583888042656
0.04873551471966975,0.22098461100238523
0.04917260453778338,0.23691017960300867
0.049609694355897016,0.24598898181004178
0.05004678417401065,0.24638342848675826
0.050483873992124284,0.2298885657213344
0.05092096381023792,0.21901898351662247
0.05135805362835155,0.23518396627491986
0.051795143446465186,0.25486593102643684
0.05223223326457882,0.25178880161936623
0.052669323082692454,0.24896624485612134
0.05310641290080609,0.2726459826455846
0.05354350271891972,0.2803184666907126
0.053980592537033356,0.24589657168748355
0.05441768235514699,0.20022192285730744
0.054854772173260624,0.1909373889077462
0.05529186199137426,0.23515382702720045
0.05572895180948789,0.27560534459711733
0.056166041627601526,0.2740151838014126
0.05660313144571516,0.24800577111625044
0.057040221263828794,0.23247083245498548
0.05747731108194243,0.22237726171219147
0.05791440090005606,0.20291042332415452
0.058351490718169696,0.18430731453909824
0.05878858053628333,0.17497935018796243
0.059225670354396964,0.16726556286609487
0.0596627601725106,0.18313851415479723
0.06009984999062423,0.23294814207525788
0.060536939808737866,0.2524782622360838
0.0609740296268515,0.227603835341648
0.061411119444965134,0.20352406264731876
0.06184820926307877,0.19953453483863018
0.0622852990811924,0.1887428136465328
0.06272238889930604,0.17652650849733628
0.06315947871741967,0.1817361221329425
0.0635965685355333,0.18273946827727025
0.06403365835364694,0.16710842487190955
0.06447074817176057,0.1512442550616184
0.0649078379898742,0.15847922440462417
0.06534492780798784,0.16924510096772397
0.06578201762610147,0.15958189778588405
0.06621910744421511,0.15364414873443827
0.06665619726232874,0.15416764436433122
0.06709328708044238,0.14203936564286657
0.06753037689855601,0.11362926762775194
0.06796746671666964,0.09053563207049628
0.06840455653478328,0.0956536429281352
0.06884164635289691,0.11963543530045108
0.06927873617101055,0.1351381343394709
0.06971582598912418,0.13611268482450362
0.07015291580723781,0.14590685519478486
0.07059000562535145,0.15033481242839017
0.07102709544346508,0.1396978926754841
0.07146418526157872,0.12104993416304756
0.07190127507969235,0.11139704814151666
0.07233836489780598,0.11892238510311605
0.07277545471591962,0.12468875870914413
0.07321254453403325,0.13812521543777967
0.07364963435214689,0.16445405688004416
0.07408672417026052,0.18077092220187627
0.07452381398837415,0.17209997195311694
0.07496090380648779,0.1635370003750236
0.07539799362460142,0.1710694476318664
0.07583508344271506,0.1748227913364277
0.07627217326082869,0.18299098044990988
0.07670926307894232,0.1995912761399941
0.07714635289705596,0.20776235715037875
0.07758344271516959,0.21264654223232715
0.07802053253328323,0.22204047754725473
0.07845762235139686,0.23743105866990352
0.0788947121695105,0.2647066967953711
0.07933180198762413,0.2649857997104134
0.07976889180573776,0.21275365824556672
0.0802059816238514,0.16522070031589606
0.08064307144196503,0.16165315217720974
0.08108016126007866,0.1960500715021906
0.0815172510781923,0.22444710841953208
0.08195434089630593,0.21757815145215767
0.08239143071441957,0.21120231742806167
0.0828285205325332,0.2232364317888842
0.08326561035064683,0.21850230573543547
0.08370270016876047,0.19752515214324087
0.0841397899868741,0.19227921536352902
0.08457687980498774,0.1884649763480424
0.08501396962310137,0.18805969424340782
0.085451059441215,0.191454111991556
0.08588814925932864,0.19264995300617688
0.08632523907744227,0.21887370566629014
0.0867623288955559,0.2269336820047417
0.08719941871366954,0.20341660957464544
0.08763650853178317,0.21217976064190128
0.08807359834989681,0.22957249497112547
0.08851068816801044,0.23713369721143088
0.08894777798612408,0.24191354649002056
0.08938486780423771,0.2334595172791974
0.08982195762235134,0.22111920004911043
0.09025904744046498,0.20137994498720138
0.09069613725857861,0.20837997555566254
0.09113322707669225,0.24558378388628568
0.09157031689480588,0.2680415974044033
0.09200740671291952,0.28226999977175754
0.09244449653103315,0.2863336792667332
0.09288158634914678,0.25884992754581215
0.09331867616726042,0.20695148140597436
0.09375576598537405,0.19363536711117918
0.09419285580348769,0.22313718999801854
0.09462994562160132,0.24684630949305456
0.09506703543971495,0.2767231711200712
0.09550412525782859,0.3061791985503213
0.09594121507594222,0.3683648098964113
0.09637830489405586,0.450795974071343
0.09681539471216949,0.3991015324556067
0.09725248453028312,0.2830761325928449
0.09768957434839676,0.23215245135370832
0.09812666416651039,0.21726536042144326
0.09856375398462403,0.1939866407386157
0.09900084380273766,0.15720617325382122
0.0994379336208513,0.16279087444670373
0.09987502343896493,0.1823499846117616
0.10031211325707856,0.17266340270010305
0.1007492030751922,0.1500549767674542
0.10118629289330583,0.12437395703192998
0.10162338271141946,0.10201585577273624
0.1020604725295331,0.09312425586892133
0.10249756234764673,0.10051964909961957
0.10293465216576037,0.11179455106110887
0.103371741983874,0.11160734902865235
0.10380883180198763,0.10889041721694555
0.10424592162010127,0.12905339946908406
0.1046830114382149,0.15754109875296438
0.10512010125632854,0.15932251295579145
0.10555719107444217,0.1585794591880054
0.1059942808925558,0.17411302233562442
0.10643137071066944,0.200656073379016
0.10686846052878307,0.23713772039939607
0.1073055503468967,0.25972344553201315
0.10774264016501034,0.27657880741673374
0.10817972998312397,0.2900607120091937
0.10861681980123761,0.27786002936092474
0.10905390961935124,0.2572327837132809
0.10949099943746488,0.2491862930477417
0.10992808925557851,0.2483470937068038
0.11036517907369214,0.23616171594574872
0.11080226889180578,0.20122227445090804
0.11123935870991941,0.17385750283903567
0.11167644852803305,0.17660916048960454
0.11211353834614668,0.18927722854920637
0.11255062816426031,0.19927585797842365
0.11298771798237395,0.20581564052810492
0.11342480780048758,0.2074959863712588
0.11386189761860122,0.20882792719335702
0.11429898743671485,0.1993379171288902
0.11473607725482848,0.17389756941329293
0.11517316707294212,0.16827656460075793
0.11561025689105575,0.18262949762412087
0.11604734670916939,0.1796510932122024
0.11648443652728302,0.16608233179477502
0.11692152634539665,0.16998452707245065
0.11735861616351029,0.18793688829944286
0.11779570598162392,0.20807386764634567
0.11823279579973756,0.2163091898598776
0.11866988561785119,0.2021103725259779
0.11910697543596482,0.1820708566842897
0.11954406525407846,0.18271533321866404
0.11998115507219209,0.20506235808993292
0.12041824489030573,0.22575425810241057
0.12085533470841936,0.24349414366363847
0.121292424526533,0.2605128623249323
0.12172951434464663,0.25717357541770886
0.12216660416276026,0.23341932851290853
0.1226036939808739,0.21969482971241283
0.12304078379898753,0.23249404162985665
0.12347787361710116,0.25131588552971557
0.1239149634352148,0.25334182797477345
0.12435205325332843,0.2402787102568043
0.12478914307144207,0.2395514147033357
0.1252262328895557,0.24576751773082964
0.12566332270766933,0.24414989305506296
0.12610041252578297,0.23915182183448502
0.1265375023438966,0.22364787472567507
0.12697459216201024,0.209186192052412
0.12741168198012387,0.21530496003611735
0.1278487717982375,0.24875987823273124
0.12828586161635114,0.2781018326757017
0.12872295143446477,0.27762388583406056
0.1291600412525784,0.2738227913380993
0.12959713107069204,0.2721949057001061
0.13003422088880567,0.26152192047836437
0.1304713107069193,0.23946813332930356
0.13090840052503294,0.21901316622102965
0.13134549034314658,0.22222948172385373
0.1317825801612602,0.23713871830017896
0.13221966997937384,0.2567611707631457
0.13265675979748748,0.27643929507493264
0.1330938496156011,0.27493915761144067
0.13353093943371475,0.25199558701756547
0.13396802925182838,0.23644039648662774
0.13440511906994201,0.23811402714322843
0.13484220888805565,0.23393743069137543
0.13527929870616928,0.22726378505283745
0.13571638852428247,0.22529005527341245
0.1361534783423961,0.210246231858086
0.13659056816050974,0.19434944990171132
0.13702765797862337,0.19324091820907754
0.137464747796737,0.1903691368999116
0.13790183761485064,0.17023890534873856
0.13833892743296428,0.15274496621474182
0.1387760172510779,0.1581761333608789
0.13921310706919154,0.16563924939130728
0.13965019688730518,0.15915289355224047
0.1400872867054188,0.14338892803695577
0.14052437652353245,0.1335133588120812
0.14096146634164608,0.14886266808648177
0.14139855615975971,0.17980950650216557
0.14183564597787335,0.1943731870319106
0.14227273579598698,0.19034557260381404
0.14270982561410062,0.19158928851941473
0.14314691543221425,0.19047973763980156
0.14358400525032788,0.18025505894651653
0.14402109506844152,0.1922178524688502
0.14445818488655515,0.20874541699500165
0.14489527470466879,0.19903786471553858
0.14533236452278242,0.18951625140151007
0.14576945434089605,0.18867597326005206
0.1462065441590097,0.19296079200808677
0.14664363397712332,0.20800478128792088
0.14708072379523696,0.211216717651794
0.1475178136133506,0.20245879028068456
0.14795490343146422,0.20545561340935023
0.14839199324957786,0.21747287687953137
0.1488290830676915,0.21642344743898498
0.14926617288580513,0.17889733832300467
0.14970326270391876,0.12865523224484962
0.1501403525220324,0.1116383517311305
0.15057744234014603,0.13273021606205546
0.15101453215825966,0.14997609862216835
0.1514516219763733,0.14640442908902362
0.15188871179448693,0.13468514222689884
0.15232580161260056,0.11908214874882452
0.1527628914307142,0.11904486154274531
0.15319998124882783,0.12963480597134946
0.15363707106694147,0.1352180645196078
0.1540741608850551,0.14169934919134367
0.15451125070316873,0.14875965052763135
0.15494834052128237,0.14761517623762685
0.155385430339396,0.14342712024470214
0.15582252015750964,0.15120583072395774
0.15625960997562327,0.1586683881972076
0.1566966997937369,0.152811467503962
0.15713378961185054,0.15878447169807833
0.15757087942996417,0.18425052789264112
0.1580079692480778,0.20733843458547077
0.15844505906619144,0.22703023355298954
0.15888214888430507,0.23321207471488276
0.1593192387024187,0.2292959101795779
0.15975632852053234,0.22356694514742043
0.16019341833864598,0.20921950418255084
0.1606305081567596,0.2091035090422453
0.16106759797487324,0.21944996132750685
0.16150468779298688,0.22391563539723552
0.1619417776111005,0.22691169187552518
0.16237886742921415,0.21802125114564233
0.16281595724732778,0.18788602110248792
0.16325304706544141,0.15831677821029191
0.16369013688355505,0.15594396260277907
0.16412722670166868,0.18911516045514576
0.16456431651978232,0.22496504535451975
0.16500140633789595,0.23693367020793196
0.16543849615600958,0.24267374603065986
0.16587558597412322,0.23524357963595774
0.16631267579223685,0.21338506600573331
0.1667497656103505,0.20070452285178483
0.16718685542846412,0.19786038096321665
0.16762394524657775,0.19408078476362653
0.1680610350646914,0.1910100552723055
0.16849812488280502,0.19220428738720566
0.16893521470091866,0.19827420004648744
0.1693723045190323,0.20165522094988844
0.16980939433714592,0.2033289568161937
0.17024648415525956,0.199250176178123
0.1706835739733732,0.18400530685117159
0.17112066379148683,0.17281183029592292
0.17155775360960046,0.18017190095346827
0.1719948434277141,0.20185134996279616
0.17243193324582773,0.1981994261242269
0.17286902306394136,0.17342313817131785
0.173306112882055,0.16429999030767548
0.17374320270016863,0.1680077340020483
0.17418029251828226,0.16758969825536907
0.1746173823363959,0.16370817508609534
0.17505447215450953,0.1646418445538755
0.17549156197262317,0.15786401702108058
0.1759286517907368,0.14310571937134528
0.17636574160885043,0.13159233118439534
0.17680283142696407,0.12467957801273734
0.1772399212450777,0.13050321504723045
0.17767701106319134,0.14119134904520064
0.17811410088130497,0.14654713654834256
0.1785511906994186,0.14792717626755653
0.17898828051753224,0.14835528152043292
0.17942537033564587,0.1529333698181731
0.1798624601537595,0.1500964806133292
0.18029954997187314,0.1368760625536428
0.18073663978998677,0.13907641843036156
0.1811737296081004,0.14405361856255855
0.18161081942621404,0.13303928265103412
0.18204790924432768,0.12876057243907432
0.1824849990624413,0.1323907163171427
0.18292208888055494,0.13567811336510846
0.18335917869866858,0.14612560009341066
0.1837962685167822,0.15454503313750564
0.18423335833489585,0.15333505987257465
0.18467044815300948,0.15058186990199518
0.18510753797112312,0.14366389882501604
0.18554462778923675,0.13816690393671474
0.18598171760735038,0.14466501782666868
0.18641880742546402,0.15231202131774021
0.18685589724357765,0.15487172095638033
0.18729298706169129,0.16262004476965888
0.18773007687980492,0.17982465268847944
0.18816716669791855,0.18626852263568566
0.1886042565160322,0.17833149030212608
0.18904134633414582,0.18710254992003497
0.18947843615225946,0.21811434628141332
0.1899155259703731,0.2352299051893188
0.19035261578848672,0.21894012347716707
0.19078970560660036,0.19937785701155475
0.191226795424714,0.19765248726653015
0.19166388524282763,0.19387707930697803
0.19210097506094126,0.18235209862374588
0.1925380648790549,0.1768771116934133
0.19297515469716853,0.18059478097267337
0.19341224451528216,0.19133619602716687
0.1938493343333958,0.19072939367733013
0.19428642415150943,0.1776511364463723
0.19472351396962306,0.17082779996889808
0.1951606037877367,0.17593073283054758
0.19559769360585033,0.18462787076973103
0.19603478342396397,0.18339889199800605
0.1964718732420776,0.1715111264083495
0.19690896306019123,0.164223878997071
0.19734605287830487,0.1664099010005097
0.1977831426964185,0.17054168228209962
0.19822023251453214,0.18057219214324965
0.19865732233264577,0.18730958026408145
0.1990944121507594,0.17773226832828545
0.19953150196887304,0.16328701279002752
0.19996859178698667,0.1591911211132198
0.2004056816051003,0.16815361912218582
0.20084277142321394,0.1773640456964715
0.20127986124132757,0.17317009239121467
0.2017169510594412,0.16294020804595385
0.20215404087755484,0.16689035782524483
0.20259113069566848,0.1900691827732983
0.2030282205137821,0.20067610641966224
0.20346531033189574,0.19005674047080734
0.20390240015000938,0.19379365914212146
0.204339489968123,0.21319009564145847
0.20477657978623665,0.22273311037408136
0.20521366960435028,0.20997935591129274
0.2056507594224639,0.1908900809839036
0.20608784924057755,0.18873025380407116
0.20652493905869118,0.19892719840874226
0.20696202887680482,0.20224373527174386
0.20739911869491845,0.1985275711508542
0.20783620851303208,0.19777611253553334
0.20827329833114572,0.19983836612235498
0.20871038814925935,0.1995778536784308
0.20914747796737299,0.19042484968963508
0.20958456778548662,0.18611186408163477
0.21002165760360025,0.18921433399247384
0.2104587474217139,0.18405032159663096
0.21089583723982752,0.18199729365414458
0.21133292705794116,0.1898182650148383
0.2117700168760548,0.19263236058329206
0.21220710669416842,0.190550415845121
0.21264419651228206,0.18744632430284755
0.2130812863303957,0.1830268691845207
0.21351837614850933,0.1759703389085638
0.21395546596662296,0.16300022410740625
0.2143925557847366,0.14540604688118136
0.21482964560285023,0.13646327501863403
0.21526673542096386,0.1524552246898728
0.2157038252390775,0.17787695187271055
0.21614091505719113,0.18655398194668996
0.21657800487530476,0.18174406371585494
0.2170150946934184,0.1737073333001869
0.21745218451153203,0.1639154799732558
0.21788927432964567,0.15617835654772483
0.2183263641477593,0.1485094045671104
0.21876345396587293,0.14702418610132956
0.21920054378398657,0.15806454703852105
0.2196376336021002,0.16639464572393334
0.22007472342021384,0.16897981438677442
0.22051181323832747,0.17856107898697265
0.2209489030564411,0.20202155510108827
0.22138599287455474,0.22189588236846797
0.22182308269266837,0.20715837061957457
0.222260172510782,0.1806144578986331
0.22269726232889564,0.1805155944957626
0.22313435214700927,0.19017601271061887
0.2235714419651229,0.18850197007652386
0.22400853178323654,0.1830133245450424
0.22444562160135018,0.19186236938585988
0.2248827114194638,0.20640252293432523
0.22531980123757744,0.20980924232783066
0.22575689105569108,0.21103483490929528
0.2261939808738047,0.22262433860920725
0.22663107069191835,0.22941288176737293
0.22706816051003198,0.22744296112826343
0.22750525032814561,0.22831952419270066
0.22794234014625925,0.2256155942235191
0.22837942996437288,0.22149355367495654
0.22881651978248652,0.21752429845857105
0.22925360960060015,0.2053584995396483
0.22969069941871378,0.197652859699569
0.23012778923682742,0.2010575464549588
0.23056487905494105,0.2036684350541786
0.23100196887305469,0.20455400912002378
0.23143905869116832,0.20308519425697785
0.23187614850928195,0.20242910056679211
0.2323132383273956,0.21162356013632724
0.23275032814550922,0.22389991886732755
0.23318741796362286,0.2297805641264107
0.2336245077817365,0.23510031564723202
0.23406159759985012,0.237349977602865
0.23449868741796376,0.2308273544392879
0.2349357772360774,0.2172855588206295
0.23537286705419103,0.20884634256066703
0.23580995687230466,0.21682514794745017
0.2362470466904183,0.224855064176273
0.23668413650853193,0.21436700494702057
0.23712122632664556,0.1887904733147136
0.2375583161447592,0.17678658419959006
0.2379954059628724,0.18574429550559374
0.23843249578098602,0.19879825692855244
0.23886958559909965,0.21044802873216423
0.2393066754172133,0.2123857166828613
0.23974376523532692,0.2019603726904154
0.24018085505344056,0.19193545210089868
0.2406179448715542,0.18749876866398849
0.24105503468966782,0.1841788417535307
0.24149212450778146,0.18182745177526943
0.2419292143258951,0.1845569561789859
0.24236630414400873,0.19372232816813842
0.24280339396212236,0.19618913229525292
0.243240483780236,0.19354101410299032
0.24367757359834963,0.1983941071978251
0.24411466341646326,0.2094387371735579
0.2445517532345769,0.22488538170529962
0.24498884305269053,0.23505420702448263
0.24542593287080416,0.22309501142379023
0.2458630226889178,0.197267678974657
0.24630011250703143,0.1790496175470386
0.24673720232514507,0.16608784849715255
0.2471742921432587,0.15322798210485716
0.24761138196137233,0.14671098507942046
0.24804847177948597,0.1572754458017133
0.2484855615975996,0.1736183892575736
0.24892265141571324,0.17986532983028589
0.24935974123382687,0.1939792962099288
0.2497968310519405,0.20746871080298826
0.25023392087005414,0.20280428402216272
0.2506710106881678,0.19555654650859247
0.2511081005062814,0.19233057736003006
0.25154519032439504,0.19024948014010215
0.2519822801425087,0.198248375936359
0.2524193699606223,0.21749788279687246
0.25285645977873594,0.22877746446388594
0.2532935495968496,0.21983769101301442
0.2537306394149632,0.20818359556038316
0.25416772923307684,0.20647781334212567
0.2546048190511905,0.20378016988173211
0.2550419088693041,0.19803001187482996
0.25547899868741775,0.20456657227748756
0.2559160885055314,0.21380877982035565
0.256353178323645,0.20499333502164258
0.25679026814175865,0.18919844515682444
0.2572273579598723,0.17244425175264372
0.2576644477779859,0.1529261706983537
0.25810153759609955,0.1425523368517106
0.2585386274142132,0.1450091465790496
0.2589757172323268,0.15643133670027556
0.25941280705044045,0.16627401797191602
0.2598498968685541,0.1626941148428909
0.2602869866866677,0.15976240296578847
0.26072407650478135,0.17779789459877923
0.261161166322895,0.20694768438086425
0.2615982561410086,0.21775162530851527
0.26203534595912226,0.20488230043952793
0.2624724357772359,0.18781706721685285
0.2629095255953495,0.18384743438174647
0.26334661541346316,0.18643282121450677
0.2637837052315768,0.18064329947121086
0.2642207950496904,0.17776176980466699
0.26465788486780406,0.18327345771912099
0.2650949746859177,0.1941083180908454
0.26553206450403133,0.1961775070439594
0.26596915432214496,0.17847778841501682
0.2664062441402586,0.16007363038402703
0.26684333395837223,0.13599954667747474
0.26728042377648586,0.11333495187108157
0.2677175135945995,0.11914502693554273
0.26815460341271313,0.1438777301635241
0.26859169323082677,0.16503896396773415
0.2690287830489404,0.18017392251043415
0.26946587286705403,0.18676655281926555
0.26990296268516767,0.18399999583937193
0.2703400525032813,0.17778381151132913
0.27077714232139494,0.17121753477632762
0.27121423213950857,0.16745008682529858
0.2716513219576222,0.15955833887672707
0.27208841177573584,0.14847214969464503
0.2725255015938495,0.15059960860434377
0.2729625914119631,0.1612416219569737
0.27339968123007674,0.1657566119007504
0.2738367710481904,0.16267096817994378
0.274273860866304,0.15752416400939392
0.27471095068441764,0.15866442953425788
0.2751480405025313,0.15643571724802713
0.2755851303206449,0.15286771386367795
0.27602222013875855,0.1597599003273162
0.2764593099568722,0.1743335786796272
0.2768963997749858,0.189935410494972
0.27733348959309945,0.20660753860424125
0.2777705794112131,0.22032009084113394
0.2782076692293267,0.20389757390759483
0.27864475904744035,0.17090929192202217
0.279081848865554,0.15770775404668608
0.2795189386836676,0.1695450378460836
0.27995602850178125,0.18970819710364034
0.2803931183198949,0.20082898959794102
0.2808302081380085,0.19962192897228445
0.28126729795612215,0.19506739571925094
0.2817043877742358,0.18930604891097375
0.2821414775923494,0.1961180886332936
0.28257856741046306,0.20075370594909842
0.2830156572285767,0.19819882963856023
0.2834527470466903,0.19867500965711657
0.28388983686480396,0.18066854131308768
0.2843269266829176,0.1567711815542895
0.2847640165010312,0.15831043710464374
0.28520110631914486,0.16763788389379877
0.2856381961372585,0.15762677556757612
0.2860752859553721,0.1372924950141738
0.28651237577348576,0.12951274827290077
0.2869494655915994,0.1355607022674508
0.28738655540971303,0.14804780591926153
0.28782364522782666,0.16918408036468205
0.2882607350459403,0.1850909155617137
0.28869782486405393,0.17340309136539087
0.28913491468216757,0.14597709954658292
0.2895720045002812,0.13597601777010257
0.29000909431839483,0.14212107059930723
0.29044618413650847,0.14032433384470241
0.2908832739546221,0.13516893210245387
0.29132036377273574,0.12577896308361675
0.29175745359084937,0.11923403729409421
0.292194543408963,0.14851720901765417
0.29263163322707664,0.18547225195048564
0.29306872304519027,0.1867653723638139
0.2935058128633039,0.1791574662808507
0.29394290268141754,0.1755562075003255
0.2943799924995312,0.16714909987593338
0.2948170823176448,0.16697661497718957
0.29525417213575844,0.1693981022124109
0.2956912619538721,0.16931364629472498
0.2961283517719857,0.17614966242960017
0.29656544159009934,0.17698113460734471
0.297002531408213,0.16770252055811757
0.2974396212263266,0.15819171404267052
0.29787671104444025,0.15057071803913327
0.2983138008625539,0.14631232520919232
0.2987508906806675,0.14345854378494366
0.29918798049878115,0.146030660684305
0.2996250703168948,0.1532109055933429
0.3000621601350084,0.16373609642543854
0.30049924995312205,0.17816010052152884
0.3009363397712357,0.1820528882516858
0.3013734295893493,0.17712655143129333
0.30181051940746295,0.17619113974819242
0.3022476092255766,0.1602584495068447
0.3026846990436902,0.13299833309278317
0.30312178886180385,0.11896953576158627
0.3035588786799175,0.11237916644466142
0.3039959684980311,0.11486665185591881
0.30443305831614476,0.13554759962798593
0.3048701481342584,0.15500883413983987
0.305307237952372,0.1560975333979453
0.30574432777048566,0.15239479719407092
0.3061814175885993,0.15516024839287645
0.3066185074067129,0.15685594536592215
0.30705559722482656,0.1489300444719201
0.3074926870429402,0.14271863534293278
0.3079297768610538,0.1522256615588988
0.30836686667916746,0.16044217131215818
0.3088039564972811,0.18213283363215166
0.30924104631539473,0.22593033290004785
0.30967813613350836,0.2368367981318684
0.310115225951622,0.21931306670286185
0.31055231576973563,0.19561827773207258
0.31098940558784927,0.16329759405932537
0.3114264954059629,0.1446658306221443
0.31186358522407653,0.1498568328175194
0.31230067504219017,0.1634484213313018
0.3127377648603038,0.17724880574786073
0.31317485467841744,0.20327640773851854
0.31361194449653107,0.24486479141284465
0.3140490343146447,0.27275484427986096
0.31448612413275834,0.26997602435041385
0.31492321395087197,0.24581039856143586
0.3153603037689856,0.2125889708712408
0.31579739358709924,0.1831042325714122
0.3162344834052129,0.17608020025733845
0.3166715732233265,0.1865036492782983
0.31710866304144014,0.18609859396651982
0.3175457528595538,0.18109706405472475
0.3179828426776674,0.17378394915439913
0.31841993249578104,0.15622079827358012
0.3188570223138947,0.1380141547363379
0.3192941121320083,0.13820647383933835
0.31973120195012195,0.14546177636368937
0.3201682917682356,0.1475193560253904
0.3206053815863492,0.14575356000042064
0.32104247140446285,0.14211602347947924
0.3214795612225765,0.16065650694913367
0.3219166510406901,0.1851038538938001
0.32235374085880375,0.19115108489961186
0.3227908306769174,0.1863420804114399
0.323227920495031,0.16689541951972134
0.32366501031314465,0.13931115138808206
0.3241021001312583,0.11912201783565793
0.3245391899493719,0.11346192702301747
0.32497627976748555,0.1174456931479362
0.3254133695855992,0.1281338192863731
0.3258504594037128,0.14027865790641955
0.32628754922182646,0.13678062910981986
0.3267246390399401,0.12371457667906485
0.3271617288580537,0.11406837081540981
0.32759881867616736,0.11470707313816668
0.328035908494281,0.11945165420541934
0.3284729983123946,0.1140335490171704
0.32891008813050826,0.09834227559417863
0.3293471779486219,0.08261739205224893
0.32978426776673553,0.07761895512348535
0.33022135758484916,0.0962728736194894
0.3306584474029628,0.13215301203810542
0.33109553722107643,0.16400537130436002
0.33153262703919006,0.178101490613063
0.3319697168573037,0.16408115268385368
0.33240680667541733,0.13295697723450273
0.33284389649353097,0.10818463443517388
0.3332809863116446,0.11415161657431427
0.33371807612975823,0.1608784742520508
0.33415516594787187,0.20514947966562852
0.3345922557659855,0.21294630603167572
0.33502934558409914,0.20066074024315103
0.33546643540221277,0.18554335567217306
0.3359035252203264,0.16982185472950717
0.33634061503844004,0.168451106008806
0.3367777048565537,0.1868710218036707
0.3372147946746673,0.19205686910863778
0.33765188449278094,0.1958410854352943
0.3380889743108946,0.21558554353952467
0.3385260641290082,0.21828381895308605
0.33896315394712184,0.1999979240166871
0.3394002437652355,0.1841051402658417
0.3398373335833491,0.17967890451662716
0.3402744234014623,0.17177018521236884
0.34071151321957593,0.15892614773671213
0.34114860303768957,0.1509833730220305
0.3415856928558032,0.1364958307415671
0.34202278267391684,0.11500841061454543
0.34245987249203047,0.10782848176877018
0.3428969623101441,0.1105621557703401
0.34333405212825774,0.08965914166681818
0.3437711419463714,0.0668334583882574
0.344208231764485,0.09292002086036102
0.34464532158259864,0.13317563121047413
0.3450824114007123,0.14428031478818587
0.3455195012188259,0.13399293303899112
0.34595659103693954,0.1249255405913164
0.3463936808550532,0.14167605545996234
0.3468307706731668,0.15730693379890262
0.34726786049128044,0.14688451885748927
0.3477049503093941,0.13703391482689337
0.3481420401275077,0.1354007620368135
0.34857912994562135,0.13136863041941418
0.349016219763735,0.12468133980055243
0.3494533095818486,0.10894881034550384
0.34989039939996225,0.07700878595089744
0.3503274892180759,0.062302521774352825
0.3507645790361895,0.06801840173807316
0.35120166885430315,0.06367438371751306
0.3516387586724168,0.0753131496203729
0.3520758484905304,0.09095797569844201
0.35251293830864405,0.0744264565719317
0.3529500281267577,0.0797252588428697
0.3533871179448713,0.12126719730805502
0.35382420776298495,0.10658495283724236
0.3542612975810986,0.05260427370578396
0.3546983873992122,0.04153661060741026
0.35513547721732586,0.07005543523064846
0.3555725670354395,0.08510266004117051
0.3560096568535531,0.07551481447474553
0.35644674667166676,0.06315858254447182
0.3568838364897804,0.046673646632188606
0.357320926307894,0.03104410845664327
0.35775801612600766,0.019162595929636123
0.3581951059441213,0.0073839048936928
0.35863219576223493,0.007046452004702272
0.35906928558034856,0.02159753599020835
0.3595063753984622,0.047244666577015655
0.35994346521657583,0.07171603542550782
0.36038055503468946,0.08787939653478889
0.3608176448528031,0.10714896652595611
0.36125473467091673,0.10784725672300013
0.36169182448903037,0.10885914739612054
0.362128914307144,0.1333948452954318
0.36256600412525763,0.14512944245787365
0.36300309394337127,0.1434006792541221
0.3634401837614849,0.15121090492408737
0.36387727357959854,0.16088420953088028
0.36431436339771217,0.17042074308512747
0.3647514532158258,0.1776378746922082
0.36518854303393944,0.18309799086546502
0.3656256328520531,0.18599225899132016
0.3660627226701667,0.17417832209162623
0.36649981248828034,0.15736453446420048
0.366936902306394,0.14906620599284354
0.3673739921245076,0.14669326107130926
0.36781108194262124,0.14973839728583394
0.3682481717607349,0.16599978984540045
0.3686852615788485,0.18366033541291701
0.36912235139696215,0.18245742426200237
0.3695594412150758,0.17330700776251776
0.3699965310331894,0.17703580930893215
0.37043362085130305,0.18441945095750642
0.3708707106694167,0.1800358156662499
0.3713078004875303,0.16159772851433554
0.37174489030564395,0.148811101919809
0.3721819801237576,0.15464384120527006
0.3726190699418712,0.16522966894205968
0.37305615975998485,0.17445267002594186
0.3734932495780985,0.1741767168504102
0.3739303393962121,0.16782136464844738
0.37436742921432575,0.17765066999765391
0.3748045190324394,0.1892938830526189
0.375241608850553,0.18904276550080232
0.37567869866866666,0.18753111295978556
0.3761157884867803,0.18649383301878242
0.3765528783048939,0.1935759099494651
0.37698996812300756,0.18561460931399168
0.3774270579411212,0.1577590995087733
0.3778641477592348,0.14006119449547194
0.37830123757734846,0.13204197423082417
0.3787383273954621,0.11733547075221727
0.3791754172135757,0.10470052617894647
0.37961250703168936,0.10344332575756739
0.380049596849803,0.10606890963496952
0.38048668666791663,0.11482279312295698
0.38092377648603026,0.12679982778742047
0.3813608663041439,0.13058400466123618
0.38179795612225753,0.12861228377875908
0.38223504594037117,0.15254239772320374
0.3826721357584848,0.21611529372998625
0.38310922557659843,0.2586667623325777
0.38354631539471207,0.22850651271469466
0.3839834052128257,0.15608045739527793
0.38442049503093934,0.11561408485726313
0.38485758484905297,0.12437830498750516
0.3852946746671666,0.14027273263622644
0.38573176448528024,0.14603143628024817
0.38616885430339387,0.1416665297698165
0.3866059441215075,0.13201133826725184
0.38704303393962114,0.12606061276790792
0.3874801237577348,0.11931056112666578
0.3879172135758484,0.11523441086376869
0.38835430339396204,0.11661605943483866
0.3887913932120757,0.11236552205741916
0.3892284830301893,0.10015084472162747
0.38966557284830294,0.0915469432422801
0.3901026626664166,0.09013709584744647
0.3905397524845302,0.09341295375890356
0.39097684230264385,0.09761869220955123
0.3914139321207575,0.08892476861312723
0.3918510219388711,0.0795908122965139
0.39228811175698475,0.08922289874575164
0.3927252015750984,0.11222761927160993
0.393162291393212,0.16599128478120156
0.39359938121132565,0.20869770536752466
0.3940364710294393,0.1744634959094365
0.3944735608475529,0.11952229133101365
0.39491065066566655,0.09137133863511195
0.3953477404837802,0.07841647790148501
0.3957848303018938,0.07720645655048629
0.39622192012000745,0.08054088036794098
0.3966590099381211,0.09050599570017274
0.3970960997562347,0.10626174337240825
0.39753318957434836,0.10760016487648491
0.397970279392462,0.1011317884844456
0.3984073692105756,0.11244380965288545
0.39884445902868926,0.12939776296985764
0.3992815488468029,0.13574432972840852
0.3997186386649165,0.1310900481713587
0.40015572848303016,0.12482614637990949
0.4005928183011438,0.13003288666218119
0.40102990811925743,0.14807300308420723
0.40146699793737106,0.15539051570975704
0.4019040877554847,0.1395158678223022
0.40234117757359833,0.12236235365274031
0.40277826739171196,0.10868034962402622
0.4032153572098256,0.09858207543184007
0.40365244702793923,0.09423464186408857
0.40408953684605287,0.0898414326417871
0.4045266266641665,0.08824906974330046
0.40496371648228013,0.0894453272627181
0.40540080630039377,0.0921431411955543
0.4058378961185074,0.10269031172791497
0.40627498593662104,0.11028627625415918
0.40671207575473467,0.10296926802613213
0.4071491655728483,0.09427021137178249
0.40758625539096194,0.09044607048368959
0.40802334520907557,0.0851629893917464
0.4084604350271892,0.08052278421451312
0.40889752484530284,0.07781406833235484
0.4093346146634165,0.06823260327968911
0.4097717044815301,0.061271461973811496
0.41020879429964374,0.06790953237100673
0.4106458841177574,0.07363637367783682
0.411082973935871,0.07618437485957245
0.41152006375398464,0.08938989705572209
0.4119571535720983,0.09239273421997829
0.4123942433902119,0.07676557662895864
0.41283133320832555,0.055540529597631734
0.4132684230264392,0.03241914815723285
0.4137055128445528,0.028372948564610336
0.41414260266266645,0.036254742457272594
0.4145796924807801,0.042072957926915115
0.4150167822988937,0.05027422797413329
0.41545387211700735,0.05293771489094683
0.415890961935121,0.05031585945375538
0.4163280517532346,0.04878350491104977
0.41676514157134825,0.04641487033418468
0.4172022313894619,0.04312008383345257
0.4176393212075755,0.040818565061129124
0.41807641102568915,0.03655093650533677
0.4185135008438028,0.03022567710055107
0.4189505906619164,0.031634269854304974
0.41938768048003006,0.03813043983684393
0.4198247702981437,0.042456922588860455
0.4202618601162573,0.052069536759734046
0.42069894993437096,0.07413653074733752
0.4211360397524846,0.08876981323539243
0.4215731295705982,0.07781436856341416
0.42201021938871186,0.06379555586483977
0.4224473092068255,0.06722306799812507
0.42288439902493913,0.06911042029122796
0.42332148884305276,0.07012193049270705
0.4237585786611664,0.08362657192397512
0.42419566847928003,0.09521570603937886
0.42463275829739366,0.10762132017286717
0.4250698481155073,0.11675678741095609
0.42550693793362093,0.10615593993675586
0.42594402775173457,0.09260019906963675
0.4263811175698482,0.08564633229286465
0.42681820738796183,0.08036890177201698
0.42725529720607547,0.0811970087366299
0.4276923870241891,0.07839886850270936
0.42812947684230274,0.06849936193503471
0.42856656666041637,0.06620964735024328
0.42900365647853,0.0708590838779427
0.42944074629664364,0.08183948521912725
0.4298778361147573,0.10302072798101611
0.4303149259328709,0.11704793760773503
0.43075201575098454,0.11078839772134551
0.4311891055690982,0.09655576805580965
0.4316261953872118,0.09035334779812418
0.43206328520532544,0.09141093535260716
0.4325003750234391,0.08930411934265103
0.4329374648415527,0.07850446907479446
0.43337455465966634,0.06407404159726847
0.43381164447778,0.06063768449496931
0.4342487342958936,0.06671365505215993
0.43468582411400725,0.07253079283555254
0.4351229139321209,0.07608396451118729
0.4355600037502345,0.06906359083080202
0.43599709356834815,0.06490137048415774
0.4364341833864618,0.07972271243995696
0.4368712732045754,0.0958491404084182
0.43730836302268905,0.10568041645046025
0.4377454528408027,0.1084480897598362
0.4381825426589163,0.11005500325877042
0.43861963247702995,0.12351867541524454
0.4390567222951436,0.1409749093777703
0.4394938121132572,0.1429532928605441
0.43993090193137085,0.14026411471781625
0.4403679917494845,0.1440799163689132
0.4408050815675981,0.14226580067588912
0.44124217138571176,0.13294432921598315
0.4416792612038254,0.12447137256424744
0.442116351021939,0.13283669513326077
0.4425534408400522,0.15919101144023887
0.44299053065816585,0.16596529919665506
0.4434276204762795,0.14112246984314164
0.4438647102943931,0.1290666337220053
0.44430180011250675,0.12997574331712497
0.4447388899306204,0.11215186400738668
0.445175979748734,0.08626726494391142
0.44561306956684765,0.09455821987865233
0.4460501593849613,0.12888698224864667
0.4464872492030749,0.1258832489933884
0.44692433902118855,0.10494120117947071
0.4473614288393022,0.10843874148174214
0.4477985186574158,0.13265643026695276
0.44823560847552946,0.1454689963554546
0.4486726982936431,0.1229473040608045
0.4491097881117567,0.12216534326937185
0.44954687792987036,0.18000295844888833
0.449983967747984,0.2377117524844615
0.4504210575660976,0.24631929208153447
0.45085814738421126,0.2013241538205305
0.4512952372023249,0.14811332197048818
0.45173232702043853,0.12677221245106246
0.45216941683855216,0.11803345554166049
0.4526065066566658,0.1180640558857164
0.45304359647477943,0.13551387446613689
0.45348068629289306,0.15958549490657128
0.4539177761110067,0.1812582962761724
0.45435486592912033,0.18279225352971837
0.45479195574723397,0.1633477612881539
0.4552290455653476,0.13989222324135606
0.45566613538346123,0.1050911068589909
0.45610322520157487,0.06741765082233947
0.4565403150196885,0.05177012340663443
0.45697740483780214,0.06930535433621612
0.45741449465591577,0.11847979119669727
0.4578515844740294,0.15317062318922772
0.45828867429214304,0.14831543129495772
0.4587257641102567,0.12969895904744755
0.4591628539283703,0.12445904041844168
0.45959994374648394,0.15295786506214396
0.4600370335645976,0.18254246519757028
0.4604741233827112,0.17206285883158892
0.46091121320082484,0.13172854351250626
0.4613483030189385,0.10642583953194844
0.4617853928370521,0.11306651742653906
0.46222248265516575,0.12508336973510198
0.4626595724732794,0.14938072182217943
0.463096662291393,0.18249647569194433
0.46353375210950665,0.18940944685146058
0.4639708419276203,0.1739025764327247
0.4644079317457339,0.1695712595647922
0.46484502156384755,0.1639394025342035
0.4652821113819612,0.15500898107487357
0.4657192012000748,0.17012540373783805
0.46615629101818845,0.18600409286976513
0.4665933808363021,0.18470136660968572
0.4670304706544157,0.16790562837038353
0.46746756047252935,0.14491986787669603
0.467904650290643,0.14941574852251377
0.4683417401087566,0.16441711645153903
0.46877882992687026,0.149024244709278
0.4692159197449839,0.12175284197486211
0.4696530095630975,0.11116261592340491
0.47009009938121116,0.1198311226715888
0.4705271891993248,0.1282973562056478
0.4709642790174384,0.1317257552039556
0.47140136883555206,0.1412440918504319
0.4718384586536657,0.15662944167970175
0.4722755484717793,0.16443492056577386
0.47271263828989296,0.1526452893133823
0.4731497281080066,0.13599139080759975
0.47358681792612023,0.13600228017077096
0.47402390774423386,0.1523996726423991
0.4744609975623475,0.17233473939040114
0.47489808738046113,0.17613270714637994
0.47533517719857477,0.18763914797644823
0.4757722670166884,0.22326558927413243
0.47620935683480203,0.25293317515953745
0.47664644665291567,0.29236188853226136
0.4770835364710293,0.32346419635208695
0.47752062628914294,0.29213253746851164
0.47795771610725657,0.24991280845534164
0.4783948059253702,0.2503532007234099
0.47883189574348384,0.2465025613413599
0.47926898556159747,0.21526896228549394
0.4797060753797111,0.19402437575841586
0.48014316519782474,0.18491664561065654
0.4805802550159384,0.1695046428688858
0.481017344834052,0.1572281062446703
0.48145443465216564,0.1799607406392612
0.4818915244702793,0.217069022698244
0.4823286142883929,0.20629976977744088
0.48276570410650654,0.17253858712009013
0.4832027939246202,0.18423391287968865
0.4836398837427338,0.2034792193119755
0.48407697356084745,0.1872448654900225
0.4845140633789611,0.18007591381842664
0.4849511531970747,0.19757113038487595
0.48538824301518835,0.20324551316276787
0.485825332833302,0.18324866356282019
0.4862624226514156,0.17288552484473246
0.48669951246952925,0.18668441780615927
0.4871366022876429,0.1929059526288162
0.4875736921057565,0.18246493465431093
0.48801078192387015,0.16876240590703812
0.4884478717419838,0.15230970750641168
0.4888849615600974,0.13060136577485143
0.48932205137821105,0.11617938522922595
0.4897591411963247,0.11865050635892217
0.4901962310144383,0.1253004182143539
0.49063332083255196,0.12976948235260324
0.4910704106506656,0.13771277790165054
0.4915075004687792,0.14323778958765962
0.49194459028689286,0.15234175395520544
0.4923816801050065,0.1598898516461269
0.4928187699231201,0.1621711400445509
0.49325585974123376,0.1776605131197075
0.4936929495593474,0.20107958720435817
0.49413003937746103,0.21647893143986394
0.49456712919557466,0.2369080431622075
0.4950042190136883,0.2509387674753766
0.49544130883180193,0.2509621323112334
0.49587839864991556,0.2536551293514092
0.4963154884680292,0.25018681922842195
0.49675257828614283,0.2429586758723166
0.49718966810425647,0.2247639094428375
0.4976267579223701,0.1994916683097459
0.49806384774048373,0.20052265536807518
0.49850093755859737,0.19628056900280336
0.498938027376711,0.16673202072763812
0.49937511719482464,0.15535815884372403
0.49981220701293827,0.1571142968824107
0.5002492968310519,0.15575257644026208
0.5006863866491655,0.15505183801992165
0.5011234764672792,0.15891992320369958
0.5015605662853928,0.16422220496586978
0.5019976561035064,0.16058587479849112
0.5024347459216201,0.15135115284513093
0.5028718357397337,0.14549609158872565
0.5033089255578473,0.17424385807529927
0.5037460153759605,0.24283437154992044
0.5041831051940742,0.2971167097073261
0.5046201950121878,0.29832874665898845
0.5050572848303014,0.25570908830315753
0.5054943746484151,0.21953491264056854
0.5059314644665287,0.20688189539745208
0.5063685542846423,0.2042808259806793
0.506805644102756,0.21197542373425682
0.5072427339208696,0.2024576679877903
0.5076798237389832,0.17347530887242382
0.5081169135570969,0.154151325467099
0.5085540033752105,0.16808383734146365
0.5089910931933241,0.1843966657456173
0.5094281830114378,0.18486579909398224
0.5098652728295514,0.21271979682996536
0.510302362647665,0.2423338478065625
0.5107394524657787,0.24003479791074667
0.5111765422838923,0.2360570653627377
0.5116136321020059,0.2683997106900263
0.5120507219201196,0.28124290081116554
0.5124878117382332,0.22989661176688192
0.5129249015563468,0.18437815024860146
0.5133619913744605,0.1819511616446706
0.5137990811925741,0.19272635377425587
0.5142361710106877,0.18619866016434025
0.5146732608288014,0.18355852635436973
0.515110350646915,0.20055993197352523
0.5155474404650287,0.2091223051651385
0.5159845302831423,0.21389492338486324
0.5164216201012559,0.23765372900523718
0.5168587099193696,0.2609520958874771
0.5172957997374832,0.2697260079917688
0.5177328895555968,0.27608505031303443
0.5181699793737105,0.2798112610957555
0.5186070691918241,0.27508802277171407
0.5190441590099377,0.27921324731893227
0.5194812488280514,0.28762062741651756
0.519918338646165,0.29104999474050347
0.5203554284642786,0.3069925267824521
0.5207925182823923,0.3276497785918236
0.5212296081005059,0.31726095370408286
0.5216666979186195,0.30216390974421675
0.5221037877367332,0.3049576753052613
0.5225408775548468,0.2984012314649343
0.5229779673729604,0.2880512706348352
0.5234150571910741,0.2889543321095429
0.5238521470091877,0.3045528200125974
0.5242892368273013,0.32768043993146406
0.524726326645415,0.3367130399102468
0.5251634164635286,0.34374261028031594
0.5256005062816422,0.3436985086157572
0.5260375960997559,0.31474263797936325
0.5264746859178695,0.2931458493341168
0.5269117757359831,0.29165564998814814
0.5273488655540968,0.28305422999236846
0.5277859553722104,0.2678019138446515
0.528223045190324,0.26528613203241386
0.5286601350084377,0.2740381789087676
0.5290972248265513,0.27832857787876747
0.5295343146446649,0.27622767313913427
0.5299714044627786,0.2770176573145234
0.5304084942808922,0.29456569726307197
0.5308455840990058,0.30854182099556315
0.5312826739171195,0.30650766971027454
0.5317197637352331,0.3047376110479488
0.5321568535533467,0.3070584457563461
0.5325939433714604,0.29786914901750355
0.533031033189574,0.2790542466674201
0.5334681230076876,0.2760992335513231
0.5339052128258013,0.27986589866401373
0.5343423026439149,0.27165346886674896
0.5347793924620285,0.2626594287087498
0.5352164822801422,0.25509317486382693
0.5356535720982558,0.24397273975266448
0.5360906619163694,0.2412975435262852
0.5365277517344831,0.24281201650343331
0.5369648415525967,0.23847649781260788
0.5374019313707104,0.22848051122590735
0.537839021188824,0.23412724594335005
0.5382761110069376,0.26455137552705127
0.5387132008250513,0.2934382774357704
0.5391502906431649,0.3066419720124641
0.5395873804612785,0.3013547769981818
0.5400244702793922,0.2843029998723763
0.5404615600975058,0.2751098457745232
0.5408986499156194,0.2749977031115863
0.5413357397337331,0.2800635426479094
0.5417728295518467,0.2684017107137015
0.5422099193699603,0.25381546318231635
0.542647009188074,0.2667090780793967
0.5430840990061876,0.2967431207890385
0.5435211888243012,0.3438730874256031
0.5439582786424149,0.3935718641020389
0.5443953684605285,0.3999716478664101
0.5448324582786421,0.3760701480782629
0.5452695480967558,0.35552902736163927
0.5457066379148694,0.3375642709633705
0.546143727732983,0.3260036522871956
0.5465808175510967,0.32727251747214703
0.5470179073692103,0.3184956360366375
0.5474549971873239,0.27986237746175663
0.5478920870054376,0.2399562679211043
0.5483291768235512,0.23225021446875785
0.5487662666416648,0.23851963367103038
0.5492033564597785,0.22572979816685437
0.5496404462778921,0.22088160625477876
0.5500775360960057,0.268427620039391
0.5505146259141194,0.3401368566066468
0.550951715732233,0.36506239626095643
0.5513888055503466,0.34457499501014033
0.5518258953684603,0.31857666350918823
0.5522629851865739,0.2958382629149237
0.5527000750046875,0.30109608874915944
0.5531371648228012,0.3199095657795925
0.5535742546409148,0.3114180802273331
0.5540113444590284,0.29465985326665073
0.5544484342771421,0.2873561489714273
0.5548855240952557,0.29653242944418184
0.5553226139133693,0.32181548126602666
0.555759703731483,0.32905540350952533
0.5561967935495966,0.29778908560405265
0.5566338833677102,0.2819906146578775
0.5570709731858239,0.31410840655638833
0.5575080630039375,0.34425137213573936
0.5579451528220511,0.345529306342962
0.5583822426401648,0.323318243860305
0.5588193324582784,0.2779904135266884
0.559256422276392,0.22499696254314464
0.5596935120945057,0.19861542114997668
0.5601306019126193,0.183023422798293
0.560567691730733,0.15099810546467288
0.5610047815488466,0.13866287886788817
0.5614418713669602,0.1732652690255044
0.5618789611850739,0.20747784891846238
0.5623160510031875,0.22437052754472211
0.5627531408213011,0.2365246151732377
0.5631902306394148,0.23540147739037068
0.5636273204575284,0.2268235668728574
0.564064410275642,0.22869576758273433
0.5645015000937557,0.2507962559972286
0.5649385899118693,0.28488091513741987
0.5653756797299829,0.3167161129012509
0.5658127695480966,0.3175163589775119
0.5662498593662102,0.27161870247865716
0.5666869491843238,0.2207206788051455
0.5671240390024375,0.20305447578055508
0.5675611288205511,0.20104499371579412
0.5679982186386647,0.1962095288610839
0.5684353084567784,0.19114209911880314
0.568872398274892,0.19473850744178572
0.5693094880930056,0.20447043912076374
0.5697465779111193,0.2230321726854958
0.5701836677292329,0.2349695039428517
0.5706207575473465,0.23065790784503842
0.5710578473654602,0.22671264326841084
0.5714949371835738,0.21784865786620558
0.5719320270016874,0.21577980454316342
0.5723691168198011,0.2254907093966469
0.5728062066379147,0.24286441369361667
0.5732432964560283,0.2620384997370852
0.573680386274142,0.2593210807919214
0.5741174760922556,0.2515817360428739
0.5745545659103692,0.2610920046877423
0.5749916557284829,0.2714175789303164
0.5754287455465965,0.2733680857264244
0.5758658353647101,0.2630152005061141
0.5763029251828238,0.23800393384987978
0.5767400150009374,0.21950366561644047
0.577177104819051,0.2167804089023511
0.5776141946371647,0.22227997381139203
0.5780512844552783,0.22241173210195184
0.578488374273392,0.21498175563062435
0.5789254640915056,0.19180454632010255
0.5793625539096192,0.1685698881181345
0.5797996437277328,0.17215726138803764
0.5802367335458465,0.19521376931404416
0.5806738233639601,0.21742188852585811
0.5811109131820738,0.23471570447320067
0.5815480030001874,0.28144484594258107
0.581985092818301,0.31122412499704666
0.5824221826364147,0.27505285104857125
0.5828592724545283,0.240726200131322
0.5832963622726419,0.2654674001038396
0.5837334520907556,0.30421802360822664
0.5841705419088692,0.28835334604886126
0.5846076317269828,0.2558662846492038
0.5850447215450965,0.23858924377854462
0.5854818113632101,0.2250868542439375
0.5859189011813237,0.21716351327609892
0.5863559909994374,0.22112713977045276
0.586793080817551,0.23407231532885073
0.5872301706356646,0.23881061234066459
0.5876672604537783,0.24349398587468868
0.5881043502718919,0.25287646716020357
0.5885414400900055,0.2604634847940871
0.5889785299081192,0.2649999285297915
0.5894156197262328,0.25546298364727177
0.5898527095443464,0.2458902193322827
0.5902897993624601,0.247024742045656
0.5907268891805737,0.2527761630203573
0.5911639789986873,0.2607995330422794
0.591601068816801,0.26453211021777745
0.5920381586349146,0.2671270596482572
0.5924752484530282,0.2749556892474202
0.5929123382711419,0.27449581261499595
0.5933494280892555,0.25568361753355345
0.5937865179073691,0.2319349896272211
0.5942236077254828,0.20975425661168887
0.5946606975435964,0.19144411386442478
0.59509778736171,0.19281599371562055
0.5955348771798237,0.19936533823911295
0.5959719669979373,0.18724793528291633
0.5964090568160509,0.17635416822009833
0.5968461466341646,0.19344465400569172
0.5972832364522782,0.24396592496799935
0.5977203262703918,0.3117352179145492
0.5981574160885055,0.3692568843388578
0.5985945059066191,0.41894730908675454
0.5990315957247327,0.45143703479712033
0.5994686855428464,0.41298553722818204
0.59990577536096,0.34644759070058495
0.6003428651790736,0.3255189477860831
0.6007799549971873,0.33464746440680554
0.6012170448153009,0.32178257217090744
0.6016541346334146,0.2878131238404
0.6020912244515282,0.2592021285494557
0.6025283142696418,0.23626302045209496
0.6029654040877555,0.22530934947689715
0.6034024939058691,0.22908121704001555
0.6038395837239827,0.23915639519046836
0.6042766735420964,0.25490660148642463
0.60471376336021,0.2769411789294054
0.6051508531783236,0.28453767180230616
0.6055879429964373,0.2633906892661139
0.6060250328145509,0.23480034260377627
0.6064621226326645,0.2106865613188363
0.6068992124507782,0.1955919864493716
0.6073363022688918,0.19860783110516617
0.6077733920870054,0.2007711016173083
0.6082104819051191,0.1892265706077565
0.6086475717232327,0.19226630318600435
0.6090846615413463,0.20748893677175925
0.60952175135946,0.21669740405280505
0.6099588411775736,0.2245055233513348
0.6103959309956872,0.21050042059050614
0.6108330208138009,0.18481237878565113
0.6112701106319145,0.1859089254774781
0.6117072004500281,0.19826734191170342
0.6121442902681418,0.20267151297455424
0.6125813800862554,0.20960886505786433
0.613018469904369,0.21190017470127537
0.6134555597224827,0.2050417606466676
0.6138926495405963,0.19008943090492963
0.6143297393587099,0.17337293158385464
0.6147668291768236,0.16488180803925995
0.6152039189949372,0.14809995907093929
0.6156410088130508,0.1268135904963702
0.6160780986311645,0.12509961086861587
0.6165151884492781,0.13286279723844427
0.6169522782673917,0.14064687762628572
0.6173893680855054,0.14438736904431101
0.617826457903619,0.12944417641292133
0.6182635477217326,0.11929048209194519
0.6187006375398463,0.1224021866725145
0.6191377273579599,0.11326930611813062
0.6195748171760735,0.11019585671707853
0.6200119069941872,0.12575207179317982
0.6204489968123008,0.13572090106937199
0.6208860866304144,0.13821705740446075
0.6213231764485281,0.14337374288457302
0.6217602662666417,0.12956882541628842
0.6221973560847553,0.09770039490837844
0.622634445902869,0.08435410714204314
0.6230715357209826,0.08400448262063354
0.6235086255390963,0.08576554935956326
0.6239457153572099,0.08872973618839405
0.6243828051753235,0.08807060998310767
0.6248198949934372,0.08853081801912772
0.6252569848115508,0.09962985660740246
0.6256940746296644,0.1213583356771039
0.626131164447778,0.13128542667386278
0.6265682542658917,0.13027360566339516
0.6270053440840053,0.14129255763293286
0.627442433902119,0.16328034534616337
0.6278795237202326,0.16655012094222316
0.6283166135383462,0.14547988192454622
0.6287537033564599,0.13252534204496624
0.6291907931745735,0.1446595680496893
0.6296278829926871,0.1734297265488833
0.6300649728108008,0.1880567770799774
0.6305020626289144,0.17829183311762636
0.630939152447028,0.17452492671920322
0.6313762422651417,0.17543126006287532
0.6318133320832553,0.16629849228211008
0.6322504219013689,0.16591725806020646
0.6326875117194826,0.16871851669805715
0.6331246015375962,0.148379760432407
0.6335616913557098,0.120821243805234
0.6339987811738235,0.1170187434221944
0.6344358709919371,0.1272789114083979
0.6348729608100507,0.1327270200015779
0.6353100506281644,0.13486699638674773
0.635747140446278,0.1267176370607859
0.6361842302643916,0.10800886366104842
0.6366213200825053,0.09946209293548737
0.6370584099006189,0.10505740682359133
0.6374954997187325,0.11653488453885127
0.6379325895368462,0.12102798002325946
0.6383696793549598,0.1250391095387059
0.6388067691730734,0.13496561336828822
0.6392438589911871,0.13038636344959256
0.6396809488093007,0.11559910896681003
0.6401180386274143,0.11014500476015276
0.640555128445528,0.11416128684989556
0.6409922182636416,0.13241953024596478
0.6414293080817552,0.14660055553193044
0.6418663978998689,0.1507524982933178
0.6423034877179825,0.16127063920763246
0.6427405775360961,0.16638063183416146
0.6431776673542098,0.1586787936513863
0.6436147571723234,0.1443257742499958
0.644051846990437,0.12700545413088835
0.6444889368085507,0.10503182106856791
0.6449260266266643,0.08388803069062438
0.645363116444778,0.07820851258894035
0.6458002062628916,0.08650911314079643
0.6462372960810052,0.09098608594307522
0.6466743858991189,0.08757314817036797
0.6471114757172325,0.08801928645729583
0.6475485655353461,0.09504029275023149
0.6479856553534598,0.10347617445213285
0.6484227451715734,0.10661503283749534
0.648859834989687,0.08752801788361524
0.6492969248078007,0.06359105050963125
0.6497340146259143,0.06708542329142202
0.6501711044440279,0.08254624289721176
0.6506081942621416,0.08324987170576001
0.6510452840802552,0.07729493537052835
0.6514823738983688,0.07649195906454896
0.6519194637164825,0.08057053305062233
0.6523565535345961,0.08776309341360482
0.6527936433527097,0.08413625755973546
0.6532307331708234,0.07106466352350695
0.653667822988937,0.06621904215854274
0.6541049128070506,0.06459444021728936
0.6545420026251643,0.05476033582980744
0.6549790924432779,0.048623433618839196
0.6554161822613915,0.058036720229352405
0.6558532720795052,0.07013004876228995
0.6562903618976188,0.08016778742410968
0.6567274517157324,0.0954729799135188
0.6571645415338461,0.10748836308626765
0.6576016313519597,0.11488292882128869
0.6580387211700733,0.11917731235978923
0.658475810988187,0.1301344529668279
0.6589129008063006,0.15266873280880316
0.6593499906244142,0.158825980738982
0.6597870804425279,0.15264756662092785
0.6602241702606415,0.1593529246364219
0.6606612600787551,0.16765935231459952
0.6610983498968688,0.16728068074371993
0.6615354397149824,0.16377108135816848
0.661972529533096,0.15976594841392733
0.6624096193512097,0.16179042092378645
0.6628467091693233,0.161659195098912
0.663283798987437,0.15012005908190587
0.6637208888055506,0.14435296513221016
0.6641579786236642,0.153945903800727
0.6645950684417778,0.16608171747897588
0.6650321582598915,0.167894771084819
0.6654692480780051,0.16240116584347655
0.6659063378961187,0.1516929390891412
0.6663434277142324,0.1464995322112427
0.666780517532346,0.15381513152943535
0.6672176073504597,0.1506168997583542
0.6676546971685733,0.14202748543288346
0.6680917869866869,0.15856501795117284
0.6685288768048006,0.1863848114379015
0.6689659666229142,0.19888730355028955
0.6694030564410278,0.19479662743319492
0.6698401462591415,0.17451543168415698
0.6702772360772551,0.1646675710112761
0.6707143258953687,0.1785652781395488
0.6711514157134824,0.18435076910908094
0.671588505531596,0.18582830512019627
0.6720255953497096,0.20532915555074252
0.6724626851678233,0.20738961522961816
0.6728997749859369,0.18226194537004425
0.6733368648040505,0.16623108418181406
0.6737739546221642,0.16706913732508544
0.6742110444402778,0.1834661051115701
0.6746481342583914,0.19686196659351377
0.6750852240765051,0.1893864570055988
0.6755223138946187,0.17523999519511974
0.6759594037127323,0.16679976578723132
0.676396493530846,0.1638007739190772
0.6768335833489596,0.17025169805540516
0.6772706731670732,0.19204171418118854
0.6777077629851869,0.20014353364291063
0.6781448528033005,0.182963252683591
0.6785819426214141,0.15993419841355613
0.6790190324395278,0.15010123815576867
0.6794561222576414,0.1596310209497436
0.679893212075755,0.16916729280056958
0.6803303018938687,0.1655846513604747
0.6807673917119823,0.1628026969272141
0.6812044815300959,0.1620107877039662
0.6816415713482096,0.15658416991663002
0.6820786611663232,0.1539784158177596
0.6825157509844368,0.1699415664534802
0.6829528408025505,0.18526684105229388
0.6833899306206641,0.17571325187215422
0.6838270204387777,0.16069557362389333
0.6842641102568914,0.16087810066702407
0.684701200075005,0.1780006957360289
0.6851382898931186,0.18586645942954033
0.6855753797112323,0.17591734055564245
0.6860124695293459,0.16355311796562902
0.6864495593474595,0.1425475753588929
0.6868866491655732,0.11001965586432716
0.6873237389836868,0.09481266669706422
0.6877608288018005,0.10814634545758164
0.6881979186199141,0.11191494139940596
0.6886350084380277,0.10124991933856549
0.6890720982561414,0.09030652008551843
0.689509188074255,0.07659302979582805
0.6899462778923686,0.07402068313901342
0.6903833677104823,0.08558018419682913
0.6908204575285959,0.10137563757226888
0.6912575473467095,0.09837948666689811
0.6916946371648232,0.07503994618196964
0.6921317269829368,0.05764053141331158
0.6925688168010504,0.0531703926488583
0.6930059066191641,0.06005056151644673
0.6934429964372777,0.08555154031826154
0.6938800862553913,0.116332623182639
0.694317176073505,0.13413517076482193
0.6947542658916186,0.13810411789395974
0.6951913557097322,0.13684417962991988
0.6956284455278459,0.14003844078938535
0.6960655353459595,0.13795035671692812
0.6965026251640731,0.12033615652855686
0.6969397149821868,0.09996516617232111
0.6973768048003004,0.09030105833397313
0.697813894618414,0.0948370352576511
0.6982509844365268,0.10646158925224312
0.6986880742546404,0.11593368249249884
0.699125164072754,0.12082748110569572
0.6995622538908677,0.13067217274872356
0.6999993437089813,0.15746764779718084
0.700436433527095,0.17375433701574222
0.7008735233452086,0.16103360330916058
0.7013106131633222,0.171002387334422
0.7017477029814359,0.21400032053707227
0.7021847927995495,0.24166323919819144
0.7026218826176631,0.22190656479483745
0.7030589724357768,0.16205810319937822
0.7034960622538904,0.10646436844231924
0.703933152072004,0.08787711413695468
0.7043702418901177,0.08202079976440317
0.7048073317082313,0.07622407703414094
0.7052444215263449,0.07192596433017835
0.7056815113444586,0.07250966180887607
0.7061186011625722,0.08121575111200256
0.7065556909806858,0.08550965867875553
0.7069927807987995,0.0693865197891551
0.7074298706169131,0.05197904006969893
0.7078669604350267,0.04299371941051452
0.7083040502531404,0.04244329712555845
0.708741140071254,0.057654422161240615
0.7091782298893676,0.07245774666797924
0.7096153197074813,0.09647923272731844
0.7100524095255949,0.10449937197242727
0.7104894993437085,0.0656089886982815
0.7109265891618222,0.028606445313652255
0.7113636789799358,0.02305157140770766
0.7118007687980494,0.04176643711619269
0.7122378586161631,0.055568717987933385
0.7126749484342767,0.056044056496479304
0.7131120382523903,0.06535560125384685
0.713549128070504,0.08905085137489499
0.7139862178886176,0.1067492123533345
0.7144233077067312,0.10514648384179903
0.7148603975248449,0.10233255202059559
0.7152974873429585,0.10715409528585369
0.7157345771610721,0.11108947124782151
0.7161716669791858,0.10436533810523878
0.7166087567972994,0.09304370209967498
0.717045846615413,0.08475916326217355
0.7174829364335267,0.08072302436195643
0.7179200262516403,0.08605388522670439
0.7183571160697539,0.08900866138311041
0.7187942058878676,0.09003432760434313
0.7192312957059812,0.09424247058372472
0.7196683855240948,0.09929981892955796
0.7201054753422085,0.10677558476209602
0.7205425651603221,0.12379868429131262
0.7209796549784357,0.1617691083330995
0.7214167447965494,0.17814794424129482
0.721853834614663,0.15701171085705215
0.7222909244327766,0.13661466184535317
0.7227280142508903,0.12864152147606536
0.7231651040690039,0.13440156472706422
0.7236021938871176,0.1431458011701186
0.7240392837052312,0.16653907859927125
0.7244763735233448,0.1863129749783737
0.7249134633414585,0.18557604812190717
0.7253505531595721,0.1664704289247083
0.7257876429776857,0.14199256986484715
0.7262247327957994,0.13799248934496336
0.726661822613913,0.1400112971654553
0.7270989124320266,0.13998896090450547
0.7275360022501403,0.12585128668000592
0.7279730920682539,0.10465041003879665
0.7284101818863675,0.11002873860038594
0.7288472717044812,0.11793168311260797
0.7292843615225948,0.10206843572627973
0.7297214513407084,0.09103839672795518
0.7301585411588221,0.08659609442639978
0.7305956309769357,0.06879555241656289
0.7310327207950493,0.05128667036619548
0.731469810613163,0.05949597820093616
0.7319069004312766,0.07459029084151601
0.7323439902493902,0.08565989492837926
0.7327810800675039,0.10387568811725703
0.7332181698856175,0.10520187459717123
0.7336552597037311,0.10045435428834026
0.7340923495218448,0.09808426355979076
0.7345294393399584,0.10091765956526753
0.734966529158072,0.12086245023653235
0.7354036189761857,0.14436681625694317
0.7358407087942993,0.14804578195327409
0.7362777986124129,0.12750616454116936
0.7367148884305266,0.13518395876479572
0.7371519782486402,0.1647872703124509
0.7375890680667538,0.18727192309582755
0.7380261578848675,0.21256142932590746
0.7384632477029811,0.26321548066640654
0.7389003375210947,0.3202141927748516
0.7393374273392084,0.31118298392509985
0.739774517157322,0.24556861808561484
0.7402116069754356,0.1930628410668191
0.7406486967935493,0.1823518019531243
0.7410857866116629,0.18471667642927603
0.7415228764297765,0.17234438745887184
0.7419599662478902,0.16665640214982966
0.7423970560660038,0.19092532081405714
0.7428341458841174,0.21487258144739377
0.7432712357022311,0.2087907982304879
0.7437083255203447,0.19504433993973982
0.7441454153384583,0.1932102112618748
0.744582505156572,0.2028099484698711
0.7450195949746856,0.20679988664827806
0.7454566847927993,0.2004031270885843
0.7458937746109129,0.18325535124201284
0.7463308644290265,0.1658931361318414
0.7467679542471402,0.16049422304160194
0.7472050440652538,0.14946429638619943
0.7476421338833674,0.1612919115001946
0.748079223701481,0.18998289188828468
0.7485163135195947,0.2062893831687238
0.7489534033377083,0.2178372304115812
0.749390493155822,0.20853394637785308
0.7498275829739356,0.19086469939604947
0.7502646727920492,0.18964112083426263
0.7507017626101629,0.19865969670382497
0.7511388524282765,0.21384965086661661
0.7515759422463901,0.21832963917049222
0.7520130320645038,0.23065869579408357
0.7524501218826174,0.27960358394698115
0.752887211700731,0.30563513911748114
0.7533243015188447,0.27462445748466907
0.7537613913369583,0.2183895549206351
0.7541984811550719,0.19545349848243387
0.7546355709731856,0.21009905783317823
0.7550726607912992,0.21356243589650753
0.7555097506094128,0.2248264319253341
0.7559468404275265,0.27398211106761544
0.7563839302456401,0.3393529548689952
0.7568210200637537,0.3536594822554666
0.7572581098818674,0.3206444625070911
0.757695199699981,0.2767503900570306
0.7581322895180946,0.23701489851902577
0.7585693793362083,0.21990370824593777
0.7590064691543219,0.21144899429993452
0.7594435589724355,0.2192409397017238
0.7598806487905492,0.2157385677184629
0.7603177386086628,0.19640813751323846
0.7607548284267764,0.18352091008370516
0.7611919182448901,0.1719984973254756
0.7616290080630037,0.18502310141936776
0.7620660978811173,0.21170995939236045
0.762503187699231,0.21065234083606013
0.7629402775173446,0.2015944531300146
0.7633773673354582,0.20602311150378613
0.7638144571535719,0.21717337499635736
0.7642515469716855,0.2396572463295676
0.7646886367897991,0.2475142578824419
0.7651257266079128,0.24464636288521716
0.7655628164260264,0.2553821984880854
0.76599990624414,0.24007270497328248
0.7664369960622537,0.20179172395755057
0.7668740858803673,0.20217734988263697
0.767311175698481,0.22548905930963906
0.7677482655165946,0.210495317611092
0.7681853553347082,0.2038574681445555
0.7686224451528219,0.23781130622740076
0.7690595349709355,0.2590518617081468
0.7694966247890491,0.2621199820721741
0.7699337146071628,0.2529015948806952
0.7703708044252764,0.21336331410556836
0.77080789424339,0.1784946506344854
0.7712449840615037,0.19112723236940427
0.7716820738796173,0.2195042342322027
0.7721191636977309,0.21282676752393387
0.7725562535158446,0.19343962005074683
0.7729933433339582,0.16404886019840975
0.7734304331520718,0.15080210327471727
0.7738675229701855,0.18887883781575068
0.7743046127882991,0.21134945283709627
0.7747417026064127,0.19544246017161518
0.7751787924245264,0.18333063116386775
0.77561588224264,0.17044688839955355
0.7760529720607536,0.17188818147287246
0.7764900618788673,0.1791210353211543
0.7769271516969809,0.18926133356266167
0.7773642415150945,0.21000303765074038
0.7778013313332082,0.2025654568773583
0.7782384211513218,0.185065232100493
0.7786755109694354,0.17857377651960143
0.7791126007875491,0.1849322191809988
0.7795496906056627,0.19831997421814204
0.7799867804237763,0.20929745958591278
0.78042387024189,0.23267812056641698
0.7808609600600036,0.2459371377680158
0.7812980498781172,0.2439435461164138
0.7817351396962309,0.23557133046610038
0.7821722295143445,0.21697237683670265
0.7826093193324581,0.20043598744505342
0.7830464091505718,0.20324023670142083
0.7834834989686854,0.2221385777468259
0.783920588786799,0.24060198720098333
0.7843576786049127,0.2447305610462991
0.7847947684230263,0.235178044508283
0.78523185824114,0.23991302642219647
0.7856689480592536,0.2540485780329264
0.7861060378773672,0.24666547576593184
0.7865431276954808,0.2272400046957372
0.7869802175135945,0.21868294682627293
0.7874173073317081,0.23164667832457955
0.7878543971498218,0.2470661116534381
0.7882914869679354,0.24475319831814976
0.788728576786049,0.2244213539345997
0.7891656666041627,0.20004028154452141
0.7896027564222763,0.19437926261411423
0.7900398462403899,0.21679065748964527
0.7904769360585036,0.2358216141041043
0.7909140258766172,0.22724694123751618
0.7913511156947308,0.2090003193798997
0.7917882055128445,0.2009613087890807
0.7922252953309581,0.19414682789604182
0.7926623851490717,0.19720310794052404
0.7930994749671854,0.21242550204699465
0.793536564785299,0.22513867697345114
0.7939736546034126,0.23449107723170345
0.7944107444215263,0.23621239269249145
0.7948478342396399,0.24754474827601364
0.7952849240577535,0.2509685140091401
0.7957220138758672,0.23323434578283528
0.7961591036939808,0.20491793776046427
0.7965961935120944,0.18219767991411648
0.7970332833302081,0.18860380514563285
0.7974703731483217,0.20044525048884795
0.7979074629664353,0.19369644243522446
0.798344552784549,0.16884389563159785
0.7987816426026626,0.15499720033685516
0.7992187324207762,0.15865493926010493
0.7996558222388899,0.1655059198385979
0.8000929120570035,0.1676717573591202
0.8005300018751171,0.16759496732578535
0.8009670916932308,0.1741737123656129
0.8014041815113444,0.1830317314491087
0.801841271329458,0.18365610036450883
0.8022783611475717,0.16251208401406708
0.8027154509656853,0.14708799191068644
0.8031525407837989,0.14745902728434587
0.8035896306019126,0.12365437196492264
0.8040267204200262,0.07538960178863098
0.8044638102381398,0.03893601038771028
0.8049009000562535,0.053677715962975006
0.8053379898743671,0.08000871630566272
0.8057750796924807,0.05611716708208437
0.8062121695105944,0.02749273133279794
0.806649259328708,0.04060888674584479
0.8070863491468216,0.06260318669978009
0.8075234389649353,0.05362593775495505
0.8079605287830489,0.04900818156202274
0.8083976186011625,0.07225301519435766
0.8088347084192762,0.09962891871860255
0.8092717982373898,0.09937951834242607
0.8097088880555035,0.08938977269797274
0.8101459778736171,0.09661463481467561
0.8105830676917307,0.10673708184030355
0.8110201575098444,0.1327166533669468
0.811457247327958,0.14227624054730476
0.8118943371460716,0.11147459861022131
0.8123314269641853,0.09364947706103822
0.8127685167822989,0.11617454314827169
0.8132056066004125,0.1736131783662497
0.8136426964185262,0.18528827452094224
0.8140797862366398,0.13301519952997393
0.8145168760547534,0.11942366370045866
0.8149539658728671,0.14403055698669331
0.8153910556909807,0.1577973197889404
0.8158281455090943,0.16425059741951567
0.816265235327208,0.16842619705413736
0.8167023251453216,0.1626404868206504
0.8171394149634352,0.15600852761989178
0.8175765047815489,0.1505962323939299
0.8180135945996625,0.14957148035468076
0.8184506844177761,0.16687353829027735
0.8188877742358898,0.1868831432469589
0.8193248640540034,0.18673043843417217
0.819761953872117,0.1756726267274258
0.8201990436902307,0.1587887727243158
0.8206361335083443,0.14398237840087105
0.8210732233264579,0.14545701355534366
0.8215103131445716,0.16076510970420246
0.8219474029626852,0.1872865433207496
0.8223844927807988,0.2095231583238639
0.8228215825989125,0.20477569443609336
0.8232586724170261,0.18484090082081936
0.8236957622351397,0.17891692880407886
0.8241328520532534,0.1732410762609409
0.824569941871367,0.16587596127978263
0.8250070316894806,0.17527576729308
0.8254441215075943,0.19650273320289924
0.8258812113257079,0.21107166806220828
0.8263183011438215,0.20123234643174917
0.8267553909619352,0.2029748657949408
0.8271924807800488,0.20276988876727992
0.8276295705981624,0.17099427236131146
0.8280666604162761,0.1486910744460541
0.8285037502343897,0.1499098652529034
0.8289408400525033,0.16781037682260627
0.829377929870617,0.19598348722253897
0.8298150196887306,0.2103096723863085
0.8302521095068442,0.20970143332429525
0.8306891993249579,0.20671977248219905
0.8311262891430715,0.20501135535518827
0.8315633789611852,0.1812606490137818
0.8320004687792988,0.14719978456482036
0.8324375585974124,0.15046638420757508
0.832874648415526,0.16995640460175515
0.8333117382336397,0.1815166781578336
0.8337488280517533,0.18863881561426935
0.834185917869867,0.1947476015873538
0.8346230076879806,0.1978927393686156
0.8350600975060942,0.1991384707113512
0.8354971873242079,0.1971826150920739
0.8359342771423215,0.18388039795292674
0.8363713669604351,0.17037765835625177
0.8368084567785488,0.1676506343532316
0.8372455465966624,0.16528781184928018
0.837682636414776,0.17159674423270443
0.8381197262328897,0.17796652213166259
0.8385568160510033,0.17189868439474318
0.8389939058691169,0.16956633958413164
0.8394309956872306,0.17592510394990515
0.8398680855053442,0.17716860273567278
0.8403051753234578,0.17134153952032696
0.8407422651415715,0.1640319491919127
0.8411793549596851,0.15586536515928362
0.8416164447777987,0.14495668955593657
0.8420535345959124,0.1373849395563723
0.842490624414026,0.14381436664565656
0.8429277142321396,0.13162281585891436
0.8433648040502533,0.10672848842527664
0.8438018938683669,0.10351530786169058
0.8442389836864805,0.10521032271308052
0.8446760735045942,0.10909872421656788
0.8451131633227078,0.12131613691333047
0.8455502531408214,0.12854431917936626
0.8459873429589351,0.12749595956177434
0.8464244327770487,0.14343814662027235
0.8468615225951623,0.17063776880687684
0.847298612413276,0.16384727290198775
0.8477357022313896,0.14924562521144752
0.8481727920495032,0.1575800865009754
0.8486098818676169,0.1822724591705747
0.8490469716857305,0.20021860258724028
0.8494840615038441,0.19489089570024662
0.8499211513219578,0.1730241088171907
0.8503582411400714,0.15792272588746906
0.850795330958185,0.1712910939225273
0.8512324207762987,0.1835881699280935
0.8516695105944123,0.18756438992646435
0.852106600412526,0.1871736774158819
0.8525436902306396,0.17532230128050305
0.8529807800487532,0.17600113868374506
0.8534178698668669,0.1805027290359216
0.8538549596849805,0.16118045093595693
0.8542920495030941,0.15081977564158436
0.8547291393212078,0.18222897037190913
0.8551662291393214,0.20258988782992163
0.855603318957435,0.18483454667566554
0.8560404087755487,0.17208732679447517
0.8564774985936623,0.1686857637085135
0.8569145884117759,0.15894815037520477
0.8573516782298896,0.15482790255735004
0.8577887680480032,0.1505292068187925
0.8582258578661168,0.13723555727819198
0.8586629476842305,0.13359674568031943
0.8591000375023441,0.14861873151830746
0.8595371273204577,0.1707941532359102
0.8599742171385714,0.18890728474355636
0.860411306956685,0.19262605999438312
0.8608483967747986,0.18406680220962368
0.8612854865929123,0.18338978447627283
0.8617225764110259,0.18117995826901123
0.8621596662291395,0.16447419961019433
0.8625967560472532,0.15654651740142392
0.8630338458653668,0.16299344895729548
0.8634709356834804,0.1668184578532967
0.8639080255015941,0.16902717598423153
0.8643451153197077,0.17449945298029554
0.8647822051378213,0.17669556582627968
0.865219294955935,0.17709661849051664
0.8656563847740486,0.18352001994170072
0.8660934745921622,0.18100735460573242
0.8665305644102759,0.16079638380932607
0.8669676542283895,0.15519528765904037
0.8674047440465031,0.16689106467845713
0.8678418338646168,0.18031757890894307
0.8682789236827304,0.2192759938858976
0.868716013500844,0.24183737290835652
0.8691531033189577,0.21274469109098532
0.8695901931370713,0.18732433433449966
0.8700272829551849,0.17401928369221825
0.8704643727732986,0.15615824314613785
0.8709014625914122,0.1386629693196176
0.8713385524095258,0.14636345992759398
0.8717756422276395,0.16170806088392303
0.8722127320457531,0.14905471595333578
0.8726498218638667,0.13495079726879175
0.8730869116819804,0.14152433542821494
0.873524001500094,0.15269678705184078
0.8739610913182077,0.14552732871237725
0.8743981811363213,0.13613589423585995
0.8748352709544349,0.15403987143493386
0.8752723607725486,0.17885695872918597
0.8757094505906622,0.1757756718614541
0.8761465404087758,0.15298336047203456
0.8765836302268895,0.1348377678799502
0.8770207200450031,0.12250602789014876
0.8774578098631167,0.11392318534406054
0.8778948996812304,0.10836276046071044
0.878331989499344,0.0947880406013168
0.8787690793174576,0.07880148983333936
0.8792061691355713,0.06972693656805824
0.8796432589536849,0.06947668376332311
0.8800803487717985,0.08228142075489453
0.8805174385899122,0.10780316363513728
0.8809545284080258,0.1257274293294313
0.8813916182261394,0.13817438308273164
0.8818287080442531,0.1551471346183976
0.8822657978623667,0.16113018147981842
0.8827028876804803,0.16220428048034077
0.883139977498594,0.1703483218226928
0.8835770673167076,0.1723078217472745
0.8840141571348212,0.15826867332667574
0.8844512469529349,0.13619205378075236
0.8848883367710485,0.13321858790794475
0.8853254265891621,0.13523640853402172
0.8857625164072758,0.1371275160057459
0.8861996062253894,0.15738079061444363
0.886636696043503,0.1783839810828805
0.8870737858616167,0.1882356352638858
0.8875108756797303,0.18312492404885403
0.8879479654978439,0.18446136247658504
0.8883850553159576,0.19353053936823747
0.8888221451340712,0.1791255647190549
0.8892592349521848,0.1525057076240541
0.8896963247702985,0.14137664622721682
0.8901334145884121,0.14435144848178477
0.8905705044065257,0.15638173886168646
0.8910075942246394,0.1755595954141902
0.891444684042753,0.19945062979367503
0.8918817738608666,0.200665171058027
0.8923188636789803,0.18464720700071272
0.8927559534970939,0.17106495790981247
0.8931930433152075,0.15577284658533339
0.8936301331333212,0.14956748189199437
0.8940672229514348,0.15501831779535896
0.8945043127695484,0.1539671163502309
0.8949414025876621,0.14002245589363702
0.8953784924057757,0.12636206099065764
0.8958155822238894,0.12245130220168746
0.896252672042003,0.12310984739201523
0.8966897618601166,0.11967018193264227
0.8971268516782303,0.11657469161577926
0.8975639414963439,0.11557017543378653
0.8980010313144575,0.11280395628333906
0.8984381211325712,0.11845328717494265
0.8988752109506848,0.1347514982147342
0.8993123007687984,0.13875328627865652
0.8997493905869121,0.12786756142608005
0.9001864804050257,0.1474179780076037
0.9006235702231393,0.19503919912151296
0.901060660041253,0.22886666900581285
0.9014977498593666,0.24899951300602877
0.9019348396774802,0.26817415023991453
0.9023719294955939,0.28443233933739487
0.9028090193137066,0.29663648170341883
0.9032461091318202,0.31602327506917527
0.9036831989499339,0.33569407463478035
0.9041202887680475,0.3218785454763694
0.9045573785861611,0.29147781170003567
0.9049944684042748,0.2929097624680431
0.9054315582223884,0.29809286201667284
0.905868648040502,0.2908180716231524
0.9063057378586157,0.2905274272271649
0.9067428276767293,0.29542522525529064
0.907179917494843,0.28404695805908114
0.9076170073129566,0.2957184429238697
0.9080540971310702,0.35707347791099303
0.9084911869491838,0.3974327720373065
0.9089282767672975,0.3944853831851893
0.9093653665854111,0.3987633885950447
0.9098024564035248,0.4342232024741082
0.9102395462216384,0.45934880642605275
0.910676636039752,0.43887931874995273
0.9111137258578657,0.3958546909489458
0.9115508156759793,0.363536535034591
0.9119879054940929,0.3549476712270208
0.9124249953122066,0.34953149275557743
0.9128620851303202,0.3294101208145457
0.9132991749484338,0.31611572311859415
0.9137362647665475,0.3275597979331839
0.9141733545846611,0.3468543043125044
0.9146104444027747,0.3704875052982538
0.9150475342208884,0.3958430656029444
0.915484624039002,0.39805589264811053
0.9159217138571156,0.39631334855567013
0.9163588036752293,0.3904951222518509
0.9167958934933429,0.37720470404291817
0.9172329833114565,0.3708501840271941
0.9176700731295702,0.36284345161608167
0.9181071629476838,0.3570392143467693
0.9185442527657974,0.3776706856365816
0.9189813425839111,0.4026294036738663
0.9194184324020247,0.38668973581391397
0.9198555222201383,0.35814896076560554
0.920292612038252,0.3808707147319561
0.9207297018563656,0.4141473517091225
0.9211667916744792,0.3848582977101108
0.9216038814925929,0.32661954403109633
0.9220409713107065,0.2854147036400673
0.9224780611288201,0.26033434001597233
0.9229151509469338,0.22656735075630047
0.9233522407650474,0.20410391030120545
0.923789330583161,0.22053977525384558
0.9242264204012747,0.2265322351840693
0.9246635102193883,0.1943416410667191
0.9251006000375019,0.18398365984170112
0.9255376898556156,0.22182073983492517
0.9259747796737292,0.2276126531206967
0.9264118694918428,0.19867714512632081
0.9268489593099565,0.2164667958980004
0.9272860491280701,0.24180084857342998
0.9277231389461837,0.21258828929377607
0.9281602287642974,0.18669246634581374
0.928597318582411,0.19699770727346852
0.9290344084005246,0.23381302714684196
0.9294714982186383,0.2890264924169506
0.9299085880367519,0.31228163515028945
0.9303456778548655,0.30563487311217974
0.9307827676729792,0.28263794734288467
0.9312198574910928,0.24525369128612926
0.9316569473092065,0.20781523881763414
0.9320940371273201,0.19004441762519964
0.9325311269454337,0.18415100676353166
0.9329682167635474,0.16826735318179512
0.933405306581661,0.16287849010330385
0.9338423963997746,0.16527600494848288
0.9342794862178883,0.16109678211719364
0.9347165760360019,0.17538896902237494
0.9351536658541155,0.2070760783915687
0.9355907556722292,0.23685723477180715
0.9360278454903428,0.23536083763529464
0.9364649353084564,0.21854178601767577
0.9369020251265701,0.20659766679273378
0.9373391149446837,0.18650409966678444
0.9377762047627973,0.19419239502383473
0.938213294580911,0.22735685461873326
0.9386503843990246,0.24214257076544765
0.9390874742171382,0.24578901211055298
0.9395245640352519,0.23564446829567398
0.9399616538533655,0.2008126003733164
0.9403987436714791,0.17110861163923222
0.9408358334895928,0.16043977181594307
0.9412729233077064,0.17459586280158818
0.94171001312582,0.20761621649402984
0.9421471029439337,0.24073925014057337
0.9425841927620473,0.26756628454511505
0.9430212825801609,0.2853345616399217
0.9434583723982746,0.2765723110443023
0.9438954622163882,0.25626561189090286
0.9443325520345018,0.24974404903733718
0.9447696418526155,0.2474989520237619
0.9452067316707291,0.2211602770259078
0.9456438214888427,0.17067375619318362
0.9460809113069564,0.14199493886887157
0.94651800112507,0.130476727791316
0.9469550909431836,0.12746612350595582
0.9473921807612973,0.1449649293969407
0.9478292705794109,0.17140439773921418
0.9482663603975245,0.20409477345383578
0.9487034502156382,0.23884784345212548
0.9491405400337518,0.2494766427145627
0.9495776298518654,0.22634016138700347
0.9500147196699791,0.20744411510836527
0.9504518094880927,0.21606080810411016
0.9508888993062063,0.23826950287016277
0.95132598912432,0.26075830424701135
0.9517630789424336,0.28138948818101994
0.9522001687605472,0.2836264857264365
0.9526372585786609,0.25959959463478854
0.9530743483967745,0.21506543547358098
0.9535114382148882,0.17385826143970542
0.9539485280330018,0.1620166835000175
0.9543856178511154,0.1710469143924404
0.954822707669229,0.1798169111652845
0.9552597974873427,0.18382035394978694
0.9556968873054563,0.1994951622622964
0.95613397712357,0.2209664822208895
0.9565710669416836,0.2246806507115063
0.9570081567597972,0.2198095663252387
0.9574452465779109,0.22589895345616653
0.9578823363960245,0.23345084880875094
0.9583194262141381,0.23014952703929234
0.9587565160322518,0.22392513387801696
0.9591936058503654,0.2325352804472947
0.959630695668479,0.25066774304460104
0.9600677854865927,0.25846611931371066
0.9605048753047063,0.2400203489455536
0.9609419651228199,0.20174720898619808
0.9613790549409336,0.18417229804272361
0.9618161447590472,0.19378645891693988
0.9622532345771608,0.21415225660602127
0.9626903243952745,0.21915442583080164
0.9631274142133881,0.21882770892863238
0.9635645040315017,0.2391501614179654
0.9640015938496154,0.2587982724270653
0.964438683667729,0.2715217637838398
0.9648757734858426,0.27203321156159366
0.9653128633039563,0.2540917523729983
0.9657499531220699,0.24444188067099473
0.9661870429401835,0.2528183117467583
0.9666241327582972,0.2666274114315413
0.9670612225764108,0.2638993792293055
0.9674983123945244,0.24051197938353455
0.9679354022126381,0.2347308812260915
0.9683724920307517,0.2532928968104976
0.9688095818488653,0.2738801064205125
0.969246671666979,0.2798301303178702
0.9696837614850926,0.25862427453547737
0.9701208513032062,0.2337782380731935
0.9705579411213199,0.23044113826362914
0.9709950309394335,0.23785509281807138
0.9714321207575471,0.24837731816815847
0.9718692105756608,0.25223010857300443
0.9723063003937744,0.23733637783870945
0.972743390211888,0.2076990063344017
0.9731804800300017,0.19355808896694518
0.9736175698481153,0.20365347720767027
0.974054659666229,0.20306447387718138
0.9744917494843426,0.18506580555139143
0.9749288393024562,0.19037811391446455
0.9753659291205699,0.21875744172870037
0.9758030189386835,0.235483379681372
0.9762401087567971,0.23068329563212292
0.9766771985749108,0.20768223445073689
0.9771142883930244,0.19458472751001427
0.977551378211138,0.20765751908377245
0.9779884680292517,0.22948001514221322
0.9784255578473653,0.24212627871055034
0.9788626476654789,0.2551561822774054
0.9792997374835926,0.2608649487323328
0.9797368273017062,0.24761131371091055
0.9801739171198198,0.23826419682529007
0.9806110069379335,0.24381980808411655
0.9810480967560471,0.24968258362383872
0.9814851865741607,0.24385847728514148
0.9819222763922744,0.23003558748129302
0.982359366210388,0.21994495620547452
0.9827964560285016,0.21726976654272195
0.9832335458466153,0.2081919228758083
0.9836706356647289,0.1872615812169696
0.9841077254828425,0.17357873244014294
0.9845448153009562,0.19403453448287047
0.9849819051190698,0.22265881144579658
0.9854189949371834,0.22033001630416532
0.9858560847552971,0.22258503805851926
0.9862931745734107,0.2401209696241104
0.9867302643915243,0.25362499114744524
0.987167354209638,0.25835949283602433
0.9876044440277516,0.25209534876770595
0.9880415338458652,0.2516823839864892
0.9884786236639789,0.2657245844728418
0.9889157134820925,0.26676264705024716
0.9893528033002061,0.2466511931806933
0.9897898931183198,0.2319812415449421
0.9902269829364334,0.2235250788808608
0.990664072754547,0.21506452327092182
0.9911011625726607,0.21358591951971792
0.9915382523907743,0.2149765141322207
0.991975342208888,0.21143092161759272
0.9924124320270016,0.2173521562588763
0.9928495218451152,0.22228657179589398
0.9932866116632288,0.21010704850251125
0.9937237014813425,0.19816094520421787
0.9941607912994561,0.19055112935240454
0.9945978811175697,0.18028049804245902
0.9950349709356834,0.17496021497336497
0.995472060753797,0.18446635497309916
0.9959091505719107,0.18943427789158826
0.9963462403900243,0.17408119678747408
0.9967833302081379,0.16461793707857167
0.9972204200262516,0.18365538743066617
0.9976575098443652,0.2052995079620521
0.9980945996624788,0.19860507676607075
0.9985316894805925,0.17763176525791072
0.9989687792987061,0.16798564216172576
0.9994058691168197,0.17266594875166055
0.9998429589349334,0.2017661733042626
1.000280048753047,0.24070080633314989
1.0007171385711606,0.25312033821654417
1.0011542283892743,0.24725714539014285
1.001591318207388,0.23797064234896936
1.0020284080255015,0.24355825659391672
1.0024654978436152,0.24830521708833828
1.0029025876617288,0.22311614290641693
1.0033396774798424,0.19906316266685584
1.003776767297956,0.18090028167722588
1.0042138571160697,0.16874169419929785
1.0046509469341833,0.16372248218516575
1.005088036752297,0.15917165756743176
1.0055251265704106,0.16691128044783313
1.0059622163885242,0.17469052963016446
1.0063993062066379,0.1741061934229402
1.0068363960247515,0.16432298195292697
1.0072734858428651,0.14573046422426533
1.0077105756609788,0.14048901405119216
1.0081476654790924,0.15525610046547628
1.008584755297206,0.16780825939010316
1.0090218451153197,0.17161239965725966
1.0094589349334333,0.16704656498260534
1.009896024751547,0.15072170678809274
1.0103331145696606,0.1391539155928989
1.0107702043877742,0.13023335598060268
1.0112072942058878,0.12171113336746041
1.0116443840240015,0.12401178065869076
1.012081473842115,0.12469878717286322
1.0125185636602287,0.11532044193542408
1.0129556534783424,0.1145903571938192
1.013392743296456,0.11917550219474815
1.0138298331145696,0.1253320180797822
1.0142669229326833,0.1371720345933304
1.014704012750797,0.13543608949956285
1.0151411025689105,0.12330613812470763
1.0155781923870242,0.11336847068086227
1.0160152822051378,0.10604864599265543
1.0164523720232514,0.10077122950910285
1.016889461841365,0.09948601753854502
1.0173265516594787,0.10514356959742784
1.0177636414775924,0.1155229531730185
1.018200731295706,0.13020833490604547
1.0186378211138196,0.1441177456212496
1.0190749109319333,0.14393900828308942
1.0195120007500469,0.13616680355079563
1.0199490905681605,0.13704688328425563
1.0203861803862742,0.1360117065951891
1.0208232702043878,0.1260067788689449
1.0212603600225014,0.11786060809036955
1.021697449840615,0.11747506972841061
1.0221345396587287,0.12542479557517494
1.0225716294768423,0.13367058032133286
1.023008719294956,0.1400837418321291
1.0234458091130696,0.15290356722383366
1.0238828989311832,0.16150231102890777
1.0243199887492969,0.15767542187347233
1.0247570785674105,0.15834374779200003
1.0251941683855241,0.17857768863343929
1.0256312582036378,0.20127036461678527
1.0260683480217514,0.2034566599044076
1.026505437839865,0.19908363430220993
1.0269425276579787,0.19669723285741705
1.0273796174760923,0.17793085557738944
1.027816707294206,0.15058068290171037
1.0282537971123196,0.13688543350255697
1.0286908869304332,0.1374945394749343
1.0291279767485468,0.1480113001694004
1.0295650665666605,0.15821274842541616
1.030002156384774,0.16515156271803047
1.0304392462028877,0.16995569735240504
1.0308763360210014,0.1659895204649315
1.031313425839115,0.15889233174241432
1.0317505156572286,0.1553597696626789
1.0321876054753423,0.15634321835387724
1.032624695293456,0.16278274228420178
1.0330617851115695,0.16524900071425558
1.0334988749296832,0.1587034740412497
1.0339359647477968,0.15730046643263007
1.0343730545659104,0.16137281488883537
1.034810144384024,0.151698785230694
1.0352472342021377,0.1352597791667286
1.0356843240202513,0.12840570253614547
1.036121413838365,0.11943646055094966
1.0365585036564786,0.11611301949345058
1.0369955934745922,0.13469138461618563
1.0374326832927059,0.15203570887431464
1.0378697731108195,0.15478421213994123
1.0383068629289331,0.1497445391917019
1.0387439527470468,0.14067755369259707
1.0391810425651604,0.13311751940072483
1.039618132383274,0.12900472179515693
1.0400552222013877,0.12668642859325652
1.0404923120195013,0.1316841676245212
1.040929401837615,0.13705438241233037
1.0413664916557286,0.1488427412187316
1.0418035814738422,0.16623888206656182
1.0422406712919559,0.16336523390858587
1.0426777611100695,0.14857890406771854
1.0431148509281831,0.14060862251741188
1.0435519407462968,0.14249540716207168
1.0439890305644104,0.14683329626575103
1.044426120382524,0.15489623340155875
1.0448632102006377,0.1651684200505248
1.0453003000187513,0.16586349207478618
1.045737389836865,0.16135769366981556
1.0461744796549786,0.15552855391104842
1.0466115694730922,0.15266050182788435
1.0470486592912058,0.1544435767724215
1.0474857491093195,0.1577900454616247
1.047922838927433,0.16091924523946405
1.0483599287455467,0.1616541897683501
1.0487970185636604,0.1625904262367969
1.049234108381774,0.16455233715464773
1.0496711981998876,0.16449642703073078
1.0501082880180013,0.16231500419292882
1.050545377836115,0.1621210890052507
1.0509824676542285,0.1654278116127917
1.0514195574723422,0.16984007523140526
1.0518566472904558,0.17489504709143738
1.0522937371085694,0.17542858548640536
1.052730826926683,0.16729610337751138
1.0531679167447967,0.1602072511678849
1.0536050065629103,0.15857565440892007
1.054042096381024,0.1586723064865678
1.0544791861991376,0.15522204149897437
1.0549162760172512,0.1474276812996646
1.0553533658353649,0.14536468603401984
1.0557904556534785,0.1500498187962531
1.0562275454715921,0.14870820930550613
1.0566646352897058,0.14116350834796257
1.0571017251078194,0.13895901548183426
1.057538814925933,0.1390557454046081
1.0579759047440467,0.13840353128083047
1.0584129945621603,0.13280536579142901
1.058850084380274,0.1210594839742841
1.0592871741983876,0.12006183129019661
1.0597242640165012,0.13200493572334263
1.0601613538346149,0.14657452493438225
1.0605984436527285,0.15894555583508455
1.0610355334708421,0.162810050080861
1.0614726232889558,0.1664578628219559
1.0619097131070694,0.16848803201623977
1.062346802925183,0.1636022081109925
1.0627838927432967,0.16172514898034915
1.0632209825614103,0.16288586214647816
1.063658072379524,0.15912111804531878
1.0640951621976376,0.14864665689122344
1.0645322520157512,0.1432787788354754
1.0649693418338648,0.15049649900383982
1.0654064316519785,0.16150432575351797
1.065843521470092,0.1566511320640287
1.0662806112882057,0.1365482201362126
1.0667177011063194,0.12472944010117357
1.067154790924433,0.1268621137430931
1.0675918807425466,0.12791987541487332
1.0680289705606603,0.13163139184147224
1.068466060378774,0.14033854509229138
1.0689031501968875,0.14216453941670665
1.0693402400150012,0.13880766797826735
1.0697773298331148,0.13939621119648643
1.0702144196512284,0.1369500465074563
1.070651509469342,0.13153072074913955
1.0710885992874557,0.12412134866798055
1.0715256891055693,0.11101688372434874
1.071962778923683,0.10442732717185517
1.0723998687417966,0.10804831052420708
1.0728369585599102,0.11768051831299119
1.0732740483780239,0.12432925033214268
1.0737111381961375,0.11988890006238616
1.0741482280142511,0.11581657388519236
1.0745853178323648,0.11626484158122863
1.0750224076504784,0.11859124183818602
1.075459497468592,0.1176987189408651
1.0758965872867057,0.10758563235187468
1.0763336771048193,0.09796622839835127
1.076770766922933,0.09312886397195888
1.0772078567410466,0.0878797844755729
1.0776449465591602,0.08711009620533225
1.0780820363772738,0.09389071084493504
1.0785191261953875,0.10168855989413428
1.0789562160135011,0.10218344903162932
1.0793933058316147,0.10266704682910224
1.0798303956497284,0.10514575356548614
1.080267485467842,0.10075855064443569
1.0807045752859556,0.1006613336049397
1.0811416651040693,0.10695750406529014
1.081578754922183,0.10968627065789938
1.0820158447402966,0.1092679914466311
1.0824529345584102,0.10936514310664483
1.0828900243765238,0.10579688034333959
1.0833271141946375,0.09618939709870956
1.083764204012751,0.09052803022199285
1.0842012938308647,0.09118932474889897
1.0846383836489784,0.09379737020933643
1.085075473467092,0.0938966317420287
1.0855125632852056,0.0916903095954571
1.0859496531033193,0.09292313568990763
1.086386742921433,0.09974789067571585
1.0868238327395465,0.10653186539013675
1.0872609225576602,0.10883005313575649
1.0876980123757738,0.10640834589670652
1.0881351021938874,0.09733777598314476
1.088572192012001,0.09356347880702809
1.0890092818301147,0.10120250689365227
1.0894463716482283,0.10679317867692076
1.089883461466342,0.10599998729024798
1.0903205512844556,0.09966199830603084
1.0907576411025692,0.09314743052246541
1.0911947309206829,0.09192871363814678
1.0916318207387965,0.09128942085267311
1.0920689105569101,0.09049865146956607
1.0925060003750238,0.0906705469771909
1.0929430901931374,0.09141402876675868
1.093380180011251,0.0907443186700505
1.0938172698293647,0.0879219617863368
1.0942543596474783,0.08886715800031834
1.094691449465592,0.09902519339428932
1.0951285392837056,0.10985872985944302
1.0955656291018192,0.11113246721387664
1.0960027189199328,0.10835480131191312
1.0964398087380465,0.10823933243727123
1.09687689855616,0.1101772346225479
1.0973139883742737,0.1137191316875685
1.0977510781923874,0.11223657931651647
1.098188168010501,0.10636549914084477
1.0986252578286146,0.10460775342157601
1.0990623476467283,0.10226094202993959
1.099499437464842,0.10414558996018257
1.0999365272829555,0.10300171762225749
1.1003736171010692,0.08716215569921063
1.1008107069191828,0.08058008792177097
1.1012477967372964,0.08384285830392031
1.10168488655541,0.08013075369230328
1.1021219763735237,0.07699325795826227
1.1025590661916373,0.08256589145679162
1.102996156009751,0.08722240154492703
1.1034332458278646,0.08581170214866982
1.1038703356459783,0.0859662840185708
1.1043074254640919,0.09063319690017757
1.1047445152822055,0.09080011854461799
1.1051816051003192,0.0909982365948082
1.1056186949184328,0.09414747563256662
1.1060557847365464,0.0994077027982357
1.10649287455466,0.11377190316060529
1.1069299643727737,0.11715246593362691
1.1073670541908864,0.10789377580054263
1.107804144009,0.11068643944896621
1.1082412338271137,0.10736978578658384
1.1086783236452273,0.09752919389417457
1.109115413463341,0.08968788725110467
1.1095525032814546,0.07341823133767891
1.1099895930995682,0.0638389159101559
1.1104266829176819,0.06452002504646742
1.1108637727357955,0.06995477699425436
1.1113008625539091,0.08026164076825529
1.1117379523720228,0.08566013036425246
1.1121750421901364,0.07946061108802473
1.11261213200825,0.07014318157300609
1.1130492218263637,0.06555595826804332
1.1134863116444773,0.06298380855915521
1.113923401462591,0.0632206176180511
1.1143604912807046,0.06427644360221106
1.1147975810988182,0.055956632046164356
1.1152346709169318,0.05482527683035031
1.1156717607350455,0.08631942552096264
1.1161088505531591,0.13532944818900525
1.1165459403712727,0.16266805780754603
1.1169830301893864,0.1503160432079704
1.1174201200075,0.10881257855555501
1.1178572098256137,0.07064100181333226
1.1182942996437273,0.056652392728737566
1.118731389461841,0.04744120703049105
1.1191684792799546,0.035368050200403
1.1196055690980682,0.03337514072287216
1.1200426589161818,0.04283440110792182
1.1204797487342955,0.056942056050217134
1.120916838552409,0.06616517485750392
1.1213539283705227,0.05652384970487573
1.1217910181886364,0.04869830189372885
1.12222810800675,0.07231684548817828
1.1226651978248636,0.100774582180036
1.1231022876429773,0.10295251016201709
1.123539377461091,0.08897554679315862
1.1239764672792045,0.07168891063843229
1.1244135570973182,0.06595877636485262
1.1248506469154318,0.07595140050306819
1.1252877367335454,0.09342836181647118
1.125724826551659,0.11282637788569398
1.1261619163697727,0.1366581333646389
1.1265990061878863,0.16434232852467784
1.127036096006,0.1759185973836062
1.1274731858241136,0.16365892271845614
1.1279102756422272,0.1541554216131078
1.1283473654603409,0.1606482505714997
1.1287844552784545,0.16001902059129142
1.1292215450965681,0.15047460260922232
1.1296586349146818,0.161676482926224
1.1300957247327954,0.18070468958448474
1.130532814550909,0.1774358259199551
1.1309699043690227,0.15303850159808374
1.1314069941871363,0.13986449630614878
1.13184408400525,0.14837062000581322
1.1322811738233636,0.16227332510082457
1.1327182636414772,0.16444753732993692
1.1331553534595908,0.14818448708609183
1.1335924432777045,0.13093556517318997
1.134029533095818,0.12723105350970096
1.1344666229139317,0.12009427971045261
1.1349037127320454,0.10007032674978641
1.135340802550159,0.10203346621492386
1.1357778923682726,0.11731367155643015
1.1362149821863863,0.14038178523976833
1.1366520720045,0.1776952044678324
1.1370891618226135,0.2018700017720501
1.1375262516407272,0.20122506214139696
1.1379633414588408,0.1792623079207189
1.1384004312769544,0.17102105511479304
1.138837521095068,0.16678417624658728
1.1392746109131817,0.14597179798781093
1.1397117007312954,0.13833737733455403
1.140148790549409,0.1440103990231453
1.1405858803675226,0.15362338052429642
1.1410229701856363,0.16722191768865408
1.1414600600037499,0.15829779327560142
1.1418971498218635,0.1088430239437386
1.1423342396399772,0.08207391143690944
1.1427713294580908,0.08819710470584786
1.1432084192762044,0.0893721992328395
1.143645509094318,0.09917038726410214
1.1440825989124317,0.09390142803124456
1.1445196887305453,0.07267927158028742
1.144956778548659,0.07476140967845339
1.1453938683667726,0.09177313244512394
1.1458309581848862,0.08668530037140111
1.1462680480029999,0.06063225965281295
1.1467051378211135,0.058671965472196386
1.1471422276392271,0.08128609762706125
1.1475793174573408,0.11024158166827025
1.1480164072754544,0.12529158478338076
1.148453497093568,0.13711477157602317
1.1488905869116817,0.16814260280973853
1.1493276767297953,0.19697481381827991
1.149764766547909,0.2003958719633058
1.1502018563660226,0.18126179350495258
1.1506389461841362,0.1604411355550272
1.1510760360022498,0.1402652628237353
1.1515131258203635,0.11816776422044457
1.151950215638477,0.10939086326922216
1.1523873054565907,0.10444167288619954
1.1528243952747044,0.10088503360347607
1.153261485092818,0.1070207684897485
1.1536985749109316,0.09744719439017606
1.1541356647290453,0.08016065223911044
1.154572754547159,0.07243837168827487
1.1550098443652725,0.0695331433890393
1.1554469341833862,0.06833157982887536
1.1558840240014998,0.07277630576885485
1.1563211138196134,0.0795811400340637
1.156758203637727,0.08266346908823666
1.1571952934558407,0.08102754031802392
1.1576323832739543,0.08509724802829806
1.158069473092068,0.10146595230796732
1.1585065629101816,0.12514417810819897
1.1589436527282952,0.13088267340659693
1.1593807425464089,0.12050676605159334
1.1598178323645225,0.11399485546432069
1.1602549221826362,0.09872510170410952
1.1606920120007498,0.07840250266496332
1.1611291018188634,0.06914636452485859
1.161566191636977,0.07301354587506667
1.1620032814550907,0.08411125425501802
1.1624403712732043,0.09290509670207918
1.162877461091318,0.10231741725332477
1.1633145509094316,0.10542173611524788
1.1637516407275452,0.09520783179230805
1.1641887305456589,0.08750002517450073
1.1646258203637725,0.09134854804965709
1.1650629101818861,0.10563014518642869
1.1654999999999998,0.13036869579579594
1.1659370898181134,0.1429652652296825
1.166374179636227,0.13736419624863633
1.1668112694543407,0.12921087372967047
1.1672483592724543,0.11401407291657263
1.167685449090568,0.10212331261033455
1.1681225389086816,0.11015535521101238
1.1685596287267952,0.12640778656603888
1.1689967185449088,0.13419437882566904
1.1694338083630225,0.13109873019327553
1.169870898181136,0.13002928040253287
1.1703079879992497,0.12920612880226737
1.1707450778173634,0.13052598788043598
1.171182167635477,0.1411853968961376
1.1716192574535906,0.15898247548396616
1.1720563472717043,0.17868195936696524
1.172493437089818,0.18496923473577295
1.1729305269079315,0.18664240530895035
1.1733676167260452,0.19665166435508952
1.1738047065441588,0.19378560715146173
1.1742417963622724,0.18295466586421377
1.174678886180386,0.1872887935349816
1.1751159759984997,0.20701113935121168
1.1755530658166133,0.2197326518735215
1.175990155634727,0.22709833523765058
1.1764272454528406,0.24421402689405633
1.1768643352709542,0.24818790200112129
1.1773014250890679,0.26491821767776713
1.1777385149071815,0.3999959688006082
1.1781756047252951,0.5344394301830256
1.1786126945434088,0.46866941024781406
1.1790497843615224,0.31141727712064526
1.179486874179636,0.23577254679216372
1.1799239639977497,0.2128165126591897
1.1803610538158633,0.2035101799034094
1.180798143633977,0.21138360292647979
1.1812352334520906,0.23442109923136623
1.1816723232702042,0.23681798492920955
1.1821094130883179,0.19760644222459928
1.1825465029064315,0.1706613109961986
1.1829835927245451,0.1719834875484381
1.1834206825426588,0.17086892315346938
1.1838577723607724,0.17750601771267624
1.184294862178886,0.1938758031439062
1.1847319519969997,0.20022180673445752
1.1851690418151133,0.1737175709049615
1.185606131633227,0.1459622264957479
1.1860432214513406,0.1493313131814041
1.1864803112694542,0.1658841568712943
1.1869174010875678,0.1811539816689383
1.1873544909056815,0.19645594737701919
1.187791580723795,0.19751470008941893
1.1882286705419087,0.17934839786982468
1.1886657603600224,0.18007729214083668
1.189102850178136,0.19627422518832272
1.1895399399962496,0.19602732627112193
1.1899770298143633,0.18697609902714904
1.190414119632477,0.1804310137468774
1.1908512094505905,0.1680791561437311
1.1912882992687042,0.14665548986310273
1.1917253890868178,0.1433945531159992
1.1921624789049314,0.16253077017746034
1.192599568723045,0.17847391850269048
1.1930366585411587,0.18282839634684334
1.1934737483592723,0.19047309615343416
1.193910838177386,0.1880958944580466
1.1943479279954996,0.16599122445955256
1.1947850178136132,0.14658013123899036
1.1952221076317269,0.13239875156566341
1.1956591974498405,0.12991788873515459
1.1960962872679541,0.1357436735498045
1.1965333770860678,0.1330851418087126
1.1969704669041814,0.13328493698174362
1.197407556722295,0.14575793844875023
1.1978446465404087,0.15795749624331168
1.1982817363585223,0.1606909775775026
1.198718826176636,0.14090252926894078
1.1991559159947496,0.11198138254488374
1.1995930058128632,0.09882328091587282
1.2000300956309768,0.09108666629042247
1.2004671854490905,0.08766673297985351
1.2009042752672041,0.10582640746371516
1.2013413650853177,0.11901522973612325
1.2017784549034314,0.11251010479268915
1.202215544721545,0.13250732731919473
1.2026526345396586,0.18217934582604303
1.2030897243577723,0.194598559031673
1.203526814175886,0.17219999630327745
1.2039639039939996,0.1761445735296803
1.2044009938121132,0.19253802498454148
1.2048380836302268,0.2072983776037157
1.2052751734483405,0.22546836784602461
1.205712263266454,0.2166801985090601
1.2061493530845677,0.23270795949526743
1.2065864429026814,0.2793822688198039
1.207023532720795,0.2840844070818611
1.2074606225389086,0.2800823161862212
1.2078977123570223,0.2864911618856626
1.208334802175136,0.27532715050003664
1.2087718919932495,0.20731400108978276
1.2092089818113632,0.16889328049234723
1.2096460716294768,0.19612236462360882
1.2100831614475904,0.2149602626893117
1.210520251265704,0.20294819225036548
1.2109573410838177,0.18606491979568598
1.2113944309019313,0.17104462536929396
1.211831520720045,0.15310368708257507
1.2122686105381586,0.13324159947689476
1.2127057003562722,0.1387396685501577
1.2131427901743859,0.15128170420048895
1.2135798799924995,0.14674122882171228
1.2140169698106131,0.13832447399530118
1.2144540596287268,0.1246778672558105
1.2148911494468404,0.10856711159905887
1.215328239264954,0.10930591070950277
1.2157653290830677,0.13522233108726792
1.2162024189011813,0.15748686147965454
1.216639508719295,0.1567963331287736
1.2170765985374086,0.14591965106505853
1.2175136883555222,0.14251915753037253
1.2179507781736358,0.14389671792137812
1.2183878679917495,0.14019241829633064
1.218824957809863,0.1362441623309748
1.2192620476279767,0.13144291589869378
1.2196991374460904,0.1355888952134601
1.220136227264204,0.1503020635662678
1.2205733170823176,0.15925701895666963
1.2210104069004313,0.16593691153796764
1.221447496718545,0.19576411921026524
1.2218845865366585,0.21432792214502697
1.2223216763547722,0.18595451568545643
1.2227587661728858,0.14464421523349244
1.2231958559909994,0.12881315988598976
1.223632945809113,0.12660352259526314
1.2240700356272267,0.11587794639915172
1.2245071254453403,0.10245469961298836
1.224944215263454,0.10014110813050082
1.2253813050815676,0.09326377605570695
1.2258183948996813,0.09868263711683598
1.2262554847177949,0.12835121733284224
1.2266925745359085,0.1589876989617196
1.2271296643540222,0.17685763830571938
1.2275667541721358,0.19180499014917132
1.2280038439902494,0.22115141888269493
1.228440933808363,0.22713686446803757
1.2288780236264767,0.21234274902257763
1.2293151134445903,0.17607115615215577
1.229752203262704,0.1438150880168741
1.2301892930808176,0.14993806913730007
1.2306263828989312,0.15745430814720088
1.2310634727170449,0.14336432006234934
1.2315005625351585,0.12594688937596918
1.2319376523532721,0.11731898554509233
1.2323747421713858,0.11746075044759689
1.2328118319894994,0.11654977964535222
1.233248921807613,0.11218231987291696
1.2336860116257267,0.1134744143576516
1.2341231014438403,0.11224344645673814
1.234560191261954,0.10907851637943904
1.2349972810800676,0.10894263052199563
1.2354343708981812,0.10275664931162538
1.2358714607162948,0.09654160208442546
1.2363085505344085,0.09756229728003551
1.236745640352522,0.09263157185346703
1.2371827301706357,0.07725329219716628
1.2376198199887494,0.06529760688635396
1.238056909806863,0.06380660152088412
1.2384939996249766,0.06905992360154486
1.2389310894430903,0.07142876554124404
1.239368179261204,0.07301717409802458
1.2398052690793175,0.07837549476899572
1.2402423588974312,0.08701885477665652
1.2406794487155448,0.09640390787469785
1.2411165385336584,0.10179619075969681
1.241553628351772,0.10634082152600265
1.2419907181698857,0.10940945652810243
1.2424278079879993,0.10625380513179425
1.242864897806113,0.09691082171009287
1.2433019876242266,0.08340432562921371
1.2437390774423402,0.07722951691105359
1.2441761672604539,0.08012287923552966
1.2446132570785675,0.0941938260037816
1.2450503468966811,0.11359624573864922
1.2454874367147948,0.11876558999172866
1.2459245265329084,0.10323339896490347
1.246361616351022,0.07950414126508328
1.2467987061691357,0.07545865195633392
1.2472357959872493,0.1050842437484039
1.247672885805363,0.14037150681001434
1.2481099756234766,0.15033923274095842
1.2485470654415902,0.13821528528125737
1.2489841552597039,0.1214019957275123
1.2494212450778175,0.10999600644781016
1.2498583348959311,0.11352549654999114
1.2502954247140448,0.11583079263767608
1.2507325145321584,0.10762703134965654
1.251169604350272,0.10717624590018791
1.2516066941683857,0.11698836951533952
1.2520437839864993,0.12587006823795047
1.252480873804613,0.12605534698435653
1.2529179636227266,0.1263535141866417
1.2533550534408402,0.10946331960870395
1.2537921432589538,0.0864923678204005
1.2542292330770675,0.07564178218300248
1.254666322895181,0.07025331562081603
1.2551034127132947,0.07721737520425544
1.2555405025314084,0.10259610938024645
1.255977592349522,0.15660958163991184
1.2564146821676356,0.20402016185878508
1.2568517719857493,0.19010024517083643
1.257288861803863,0.1737161033172316
1.2577259516219765,0.18097577213222807
1.2581630414400902,0.173790342878478
1.2586001312582038,0.18476012873554334
1.2590372210763174,0.21050947826091562
1.259474310894431,0.18491761698108197
1.2599114007125447,0.13340519294282163
1.2603484905306583,0.10434778421818233
1.260785580348772,0.09917143446499974
1.2612226701668856,0.09896461013426237
1.2616597599849992,0.09264993840949778
1.2620968498031129,0.09045173704686131
1.2625339396212265,0.10367144149464443
1.2629710294393401,0.11940003784909017
1.2634081192574538,0.11946961290659687
1.2638452090755674,0.10724210689623193
1.264282298893681,0.10591429855704786
1.2647193887117947,0.11303732650942375
1.2651564785299083,0.10836847437779143
1.265593568348022,0.09773834805939362
1.2660306581661356,0.0889513374686861
1.2664677479842492,0.09286508203890984
1.2669048378023628,0.11555729396914481
1.2673419276204765,0.132529274892794
1.2677790174385901,0.13613098397983459
1.2682161072567038,0.14689846168397389
1.2686531970748174,0.16664710429404872
1.269090286892931,0.20541912552304153
1.2695273767110447,0.22908108299178062
1.2699644665291583,0.21065309130892268
1.270401556347272,0.21149953729776771
1.2708386461653856,0.21006215657721222
1.2712757359834992,0.18166703568072534
1.2717128258016128,0.1571617424281714
1.2721499156197265,0.13906678960593527
1.27258700543784,0.12086005214851878
1.2730240952559537,0.12113497590805501
1.2734611850740674,0.13409276560065966
1.273898274892181,0.14650776815395145
1.2743353647102946,0.17979415361571977
1.2747724545284083,0.18392600079559793
1.275209544346522,0.14376237272721706
1.2756466341646355,0.1166836576349838
1.2760837239827492,0.12358929920764586
1.2765208138008628,0.14509243836186467
1.2769579036189764,0.16068181114885585
1.27739499343709,0.16586341094215457
1.2778320832552037,0.18648926700194618
1.2782691730733173,0.21447059709352825
1.278706262891431,0.23112845793034748
1.2791433527095446,0.24342335113118935
1.2795804425276582,0.22855462412282326
1.2800175323457719,0.1999254611313577
1.2804546221638855,0.17603381353258077
1.2808917119819991,0.1625614165699326
1.2813288018001128,0.1657266688049199
1.2817658916182264,0.1738647901521637
1.28220298143634,0.19277609758003855
1.2826400712544537,0.2187827605601362
1.2830771610725673,0.22628229118425217
1.283514250890681,0.23040745182970207
1.2839513407087946,0.2390925123577983
1.2843884305269082,0.23473008539152557
1.2848255203450218,0.22657879644358897
1.2852626101631355,0.22197383174560334
1.2856996999812491,0.21331679606332082
1.2861367897993627,0.20664776733670834
1.2865738796174764,0.20892632042464285
1.28701096943559,0.20027803249509346
1.2874480592537036,0.1823759282521053
1.2878851490718173,0.1522049687016967
1.288322238889931,0.14196794110834193
1.2887593287080445,0.14599757838472
1.2891964185261582,0.128834539995962
1.2896335083442718,0.14109508602714174
1.2900705981623855,0.17223190971880417
1.290507687980499,0.1928500145129556
1.2909447777986127,0.2168251456089778
1.2913818676167264,0.22786112157232746
1.29181895743484,0.22892983932427963
1.2922560472529536,0.21895193244775965
1.2926931370710673,0.21780034662837236
1.293130226889181,0.24689993826762932
1.2935673167072945,0.267255057007932
1.2940044065254082,0.2744789641274588
1.2944414963435218,0.2818456116627577
1.2948785861616354,0.2622787064933652
1.295315675979749,0.22381479045454972
1.2957527657978627,0.21153349885692196
1.2961898556159763,0.2313672650178798
1.29662694543409,0.2486238519859427
1.2970640352522036,0.2684154152137202
1.2975011250703172,0.28117450641398717
1.2979382148884309,0.2791701911677828
1.2983753047065445,0.27718809743284
1.2988123945246581,0.24293611976139426
1.2992494843427718,0.1938206527845116
1.2996865741608854,0.18652171289812366
1.300123663978999,0.22756360276562013
1.3005607537971127,0.2609252193931898
1.3009978436152263,0.2620058958780172
1.30143493343334,0.25415186933415845
1.3018720232514536,0.24470951551237943
1.3023091130695672,0.23252515480533006
1.3027462028876808,0.2224507205923615
1.3031832927057945,0.2088648510037963
1.303620382523908,0.19815382536634055
1.3040574723420217,0.1772735863127711
1.3044945621601354,0.1620304352656676
1.304931651978249,0.17444215863814969
1.3053687417963626,0.18809544644829557
1.3058058316144763,0.18719614731130424
1.30624292143259,0.1823534888160516
1.3066800112507035,0.1811296670394111
1.3071171010688172,0.18982783287621907
1.3075541908869308,0.1942938864153179
1.3079912807050444,0.19533172242604838
1.308428370523158,0.20799419386532145
1.3088654603412717,0.22717531006667965
1.3093025501593853,0.22907497181621211
1.309739639977499,0.21810077072026868
1.3101767297956126,0.23082953814760063
1.3106138196137262,0.2467723308846668
1.3110509094318399,0.22148010234966464
1.3114879992499535,0.18030356778159035
1.3119250890680663,0.16806350954645605
1.31236217888618,0.18121316721652378
1.3127992687042935,0.1996903978695374
1.3132363585224072,0.19312569155130874
1.3136734483405208,0.18715057016972644
1.3141105381586344,0.1930043889054139
1.314547627976748,0.1719380111370344
1.3149847177948617,0.13735949991619464
1.3154218076129753,0.11663588215272351
1.315858897431089,0.12005251482944079
1.3162959872492026,0.12403436226292033
1.3167330770673162,0.13230728315755458
1.3171701668854299,0.16259633965605386
1.3176072567035435,0.1804688980550281
1.3180443465216571,0.1639983066499014
1.3184814363397708,0.1436478995731418
1.3189185261578844,0.13260660565196739
1.319355615975998,0.12431102666292393
1.3197927057941117,0.12152435839635001
1.3202297956122253,0.12693935140434615
1.320666885430339,0.14531949516166612
1.3211039752484526,0.16833787331462538
1.3215410650665662,0.18772223249758255
1.3219781548846798,0.1838591554530634
1.3224152447027935,0.16443084936121008
1.3228523345209071,0.1576220263509319
1.3232894243390207,0.15570503925627802
1.3237265141571344,0.1397248562075748
1.324163603975248,0.11912212577343981
1.3246006937933616,0.11473162836913196
1.3250377836114753,0.13423805430820593
1.325474873429589,0.1595871150412218
1.3259119632477026,0.15917670000788586
1.3263490530658162,0.14660081393309762
1.3267861428839298,0.15308604230101144
1.3272232327020435,0.1671738797381636
1.327660322520157,0.17057868621478706
1.3280974123382707,0.16775270774838966
1.3285345021563844,0.16744685435540338
1.328971591974498,0.17045116281096523
1.3294086817926116,0.1684681372551065
1.3298457716107253,0.16547626210276145
1.330282861428839,0.16074019505406167
1.3307199512469525,0.148661262393229
1.3311570410650662,0.15183717086743234
1.3315941308831798,0.1701232275601687
1.3320312207012934,0.18916383314911991
1.332468310519407,0.2002385343905777
1.3329054003375207,0.19950994334960565
1.3333424901556343,0.20107764565751646
1.333779579973748,0.20629458729053116
1.3342166697918616,0.19285809624441624
1.3346537596099752,0.1675696069309855
1.3350908494280889,0.1581078653078615
1.3355279392462025,0.1657135706822092
1.3359650290643161,0.17610652814016942
1.3364021188824298,0.1813158978137292
1.3368392087005434,0.18527741106178347
1.337276298518657,0.19122603251381953
1.3377133883367707,0.2012663704903385
1.3381504781548843,0.20831351959830657
1.338587567972998,0.1950976333209668
1.3390246577911116,0.1947133840775988
1.3394617476092252,0.2135151096214583
1.3398988374273388,0.20224296468221017
1.3403359272454525,0.1784888955731489
1.340773017063566,0.16962807451933395
1.3412101068816797,0.16791894892065815
1.3416471966997934,0.16241322356951485
1.342084286517907,0.1674864623575927
1.3425213763360206,0.17673626215982677
1.3429584661541343,0.18177207320773955
1.343395555972248,0.1793130277862452
1.3438326457903615,0.17477677060304123
1.3442697356084752,0.15912457127565852
1.3447068254265888,0.14941513115011948
1.3451439152447024,0.16419028282449147
1.345581005062816,0.17377260248848886
1.3460180948809297,0.17364561087061597
1.3464551846990434,0.18342248880734055
1.346892274517157,0.1911488002906882
1.3473293643352706,0.18314371248537883
1.3477664541533843,0.17500304173013784
1.3482035439714979,0.17750124230683
1.3486406337896115,0.19195710757015208
1.3490777236077252,0.20447316784181974
1.3495148134258388,0.1961660267294935
1.3499519032439524,0.19543279812599096
1.350388993062066,0.20448944322203325
1.3508260828801797,0.19800680332915324
1.3512631726982933,0.19569503576819622
1.351700262516407,0.19721531507091247
1.3521373523345206,0.19036493569398347
1.3525744421526342,0.19147491520027987
1.3530115319707479,0.20964038754669986
1.3534486217888615,0.22945750507640233
1.3538857116069751,0.22502262101917056
1.3543228014250888,0.2032063623002635
1.3547598912432024,0.19223856205724352
1.355196981061316,0.19299249689935524
1.3556340708794297,0.18841274275072764
1.3560711606975433,0.18090954672595796
1.356508250515657,0.17673481049599335
1.3569453403337706,0.1741741582319222
1.3573824301518842,0.17414600685230394
1.3578195199699978,0.18130342782392822
1.3582566097881115,0.19365068402472027
1.358693699606225,0.20469763506999442
1.3591307894243387,0.21456957526283696
1.3595678792424524,0.21588352611991074
1.360004969060566,0.21876120767776924
1.3604420588786796,0.2345182676032202
1.3608791486967933,0.2525278274594713
1.361316238514907,0.24516175896750286
1.3617533283330205,0.2377982671663341
1.3621904181511342,0.2353265930696343
1.3626275079692478,0.22077444313196937
1.3630645977873614,0.20880458952730005
1.363501687605475,0.19241131138473808
1.3639387774235887,0.20661863313455806
1.3643758672417023,0.22640190133423557
1.364812957059816,0.21453569332609682
1.3652500468779296,0.213329885093616
1.3656871366960432,0.23254898002229255
1.3661242265141569,0.23947389178942904
1.3665613163322705,0.2324402492635437
1.3669984061503841,0.22843632458540217
1.3674354959684978,0.2167597295312442
1.3678725857866114,0.200984829814169
1.368309675604725,0.18535144298143688
1.3687467654228387,0.18344883449781432
1.3691838552409523,0.19095779438096266
1.369620945059066,0.18716531068798917
1.3700580348771796,0.18210523117370883
1.3704951246952932,0.1669470166395763
1.3709322145134069,0.14427774233416168
1.3713693043315205,0.15305814572974025
1.3718063941496341,0.19721753220850374
1.3722434839677478,0.22287607681910654
1.3726805737858614,0.21282206091871503
1.373117663603975,0.22869469395713157
1.3735547534220887,0.24611400295578423
1.3739918432402023,0.2328305785706172
1.374428933058316,0.2229942608195144
1.3748660228764296,0.24001685818137633
1.3753031126945432,0.25451501783868224
1.3757402025126568,0.23923972224523024
1.3761772923307705,0.22472986531384662
1.376614382148884,0.21967405151540662
1.3770514719669977,0.19665230195660982
1.3774885617851114,0.17941341860942275
1.377925651603225,0.19171349185244893
1.3783627414213386,0.21621031702551408
1.3787998312394523,0.23670581468395482
1.379236921057566,0.23941002852608265
1.3796740108756795,0.22444622042338028
1.3801111006937932,0.20361749149080874
1.3805481905119068,0.1980848854789106
1.3809852803300204,0.20334802438668226
1.381422370148134,0.21634593504243008
1.3818594599662477,0.2273453337104818
1.3822965497843613,0.200160932163051
1.382733639602475,0.18184019350953523
1.3831707294205886,0.20273014568181788
1.3836078192387022,0.21365389040701416
1.3840449090568159,0.22069990579641494
1.3844819988749295,0.23640337818039364
1.3849190886930431,0.2563508551767531
1.3853561785111568,0.2785731957117637
1.3857932683292704,0.28073529381879303
1.386230358147384,0.2697617848103388
1.3866674479654977,0.26238996086970423
1.3871045377836113,0.24981963974953117
1.387541627601725,0.2505897090576813
1.3879787174198386,0.26032889554278377
1.3884158072379522,0.27110722264976056
1.3888528970560658,0.28002413071843935
1.3892899868741795,0.28309196274517995
1.3897270766922931,0.2820932455083077
1.3901641665104068,0.27786072243874843
1.3906012563285204,0.2711532620229177
1.391038346146634,0.26434204951714513
1.3914754359647477,0.2517595441223697
1.3919125257828613,0.24401813754954868
1.392349615600975,0.2496472880061979
1.3927867054190886,0.24410618695098626
1.3932237952372022,0.24900499542528412
1.3936608850553158,0.25362552935575683
1.3940979748734295,0.24004843639838988
1.394535064691543,0.24717871354551782
1.3949721545096567,0.26785629807596784
1.3954092443277704,0.2724755347888978
1.395846334145884,0.25105364183870926
1.3962834239639976,0.2226516946207064
1.3967205137821113,0.2068522133444112
1.397157603600225,0.20596872620380413
1.3975946934183385,0.19866051718828
1.3980317832364522,0.19989439239920462
1.3984688730545658,0.22439714971455213
1.3989059628726794,0.2103682590602815
1.399343052690793,0.1640150208779275
1.3997801425089067,0.15642600779224042
1.4002172323270203,0.19332179432621222
1.400654322145134,0.19603633893731054
1.4010914119632476,0.19129501370601285
1.4015285017813612,0.22026204826493842
1.4019655915994749,0.24277662173496067
1.4024026814175885,0.2680336508778868
1.4028397712357021,0.26832782158893126
1.4032768610538158,0.2564364552723866
1.4037139508719294,0.27447309250016466
1.404151040690043,0.2740007017704293
1.4045881305081567,0.25859947329229116
1.4050252203262703,0.25133189039455517
1.405462310144384,0.2580137703899345
1.4058993999624976,0.31017524006992275
1.4063364897806112,0.37873411333796064
1.4067735795987248,0.4076273737886222
1.4072106694168385,0.39827264087901243
1.4076477592349521,0.3723079903381604
1.4080848490530657,0.3558862155364048
1.4085219388711794,0.3821623730787879
1.408959028689293,0.3989637210242611
1.4093961185074066,0.369896094244575
1.4098332083255203,0.3248266811316249
1.410270298143634,0.32306042267356216
1.4107073879617475,0.39669939585089425
1.4111444777798612,0.44798186201810025
1.4115815675979748,0.40697994364152174
1.4120186574160885,0.31448228797463124
1.412455747234202,0.26731383048832486
1.4128928370523157,0.25788687822113493
1.4133299268704294,0.24177935005434964
1.413767016688543,0.23277277145397374
1.4142041065066566,0.23198489238152747
1.4146411963247703,0.24330664425866597
1.415078286142884,0.2649237416524094
1.4155153759609975,0.30494013137407316
1.4159524657791112,0.407412892616613
1.4163895555972248,0.5160962805039321
1.4168266454153384,0.4785922650501795
1.417263735233452,0.3545352705768007
1.4177008250515657,0.29310244195626556
1.4181379148696793,0.2776834889555263
1.418575004687793,0.2597817675932526
1.4190120945059066,0.24709898502783711
1.4194491843240202,0.23483822600276152
1.4198862741421339,0.229456502810844
1.4203233639602475,0.22887179510766464
1.4207604537783611,0.21166436385286416
1.4211975435964748,0.20267048573112958
1.4216346334145884,0.2224328902063951
1.422071723232702,0.2294561491032468
1.4225088130508157,0.21721395942951466
1.4229459028689293,0.2081901868586065
1.423382992687043,0.20101841825562677
1.4238200825051566,0.19100031849000795
1.4242571723232702,0.19649863287616487
1.4246942621413838,0.21547012083875156
1.4251313519594975,0.2124276651259455
1.425568441777611,0.1515084562507116
1.4260055315957247,0.08850028197964745
1.4264426214138384,0.06678019857079752
1.426879711231952,0.06302240767018771
1.4273168010500656,0.06023449402135598
1.4277538908681793,0.06962495451721804
1.428190980686293,0.10195495839717328
1.4286280705044065,0.14328811622064655
1.4290651603225202,0.1577030767084955
1.4295022501406338,0.12671106650155234
1.4299393399587474,0.08879432956553486
1.430376429776861,0.08397890042094831
1.4308135195949747,0.10452773243031188
1.4312506094130883,0.08945475287296045
1.431687699231202,0.061107402031909695
1.4321247890493156,0.04995171222761428
1.4325618788674293,0.05933943666394783
1.4329989686855429,0.10093642605044897
1.4334360585036565,0.1421695187381764
1.4338731483217702,0.14381139557202458
1.4343102381398838,0.13280025677749302
1.4347473279579974,0.13399807519410983
1.435184417776111,0.1431083270653926
1.4356215075942247,0.13486041702623808
1.4360585974123383,0.12921910023077904
1.436495687230452,0.15000948353398824
1.4369327770485656,0.14329554700974415
1.4373698668666792,0.11478074665435707
1.4378069566847929,0.09394768830947878
1.4382440465029065,0.07544471005821851
1.4386811363210201,0.07270454934785855
1.4391182261391338,0.07502552465111656
1.4395553159572474,0.08127084750780122
1.439992405775361,0.11153146547549198
1.4404294955934747,0.13387060622547003
1.4408665854115883,0.13491916963498665
1.441303675229702,0.12843590879970293
1.4417407650478156,0.12158883236593672
1.4421778548659292,0.12280528942500293
1.4426149446840428,0.13711824712981815
1.4430520345021565,0.15832092014877394
1.44348912432027,0.16462587258930025
1.4439262141383837,0.15154221889249506
1.4443633039564974,0.12384991660784586
1.444800393774611,0.11869800618869508
1.4452374835927246,0.12528923589984295
1.4456745734108383,0.10930181954017258
1.446111663228952,0.09574851419225154
1.4465487530470655,0.09157096886046277
1.4469858428651792,0.08658140270033902
1.4474229326832928,0.07414013522933983
1.4478600225014064,0.09058194768796406
1.44829711231952,0.12459995716269694
1.4487342021376337,0.1145688388801915
1.4491712919557473,0.08796178131940968
1.449608381773861,0.07998467318327672
1.4500454715919746,0.07928381940628439
1.4504825614100882,0.07162051543501603
1.4509196512282019,0.059875896661075914
1.4513567410463155,0.06058218198727927
1.4517938308644291,0.06519659260074627
1.4522309206825428,0.060488766143021275
1.4526680105006564,0.06590635047340347
1.45310510031877,0.06957829278062573
1.4535421901368837,0.05763874614554359
1.4539792799549973,0.04877810561574273
1.454416369773111,0.058922044043795294
1.4548534595912246,0.07273358313377118
1.4552905494093382,0.07415735231964593
1.4557276392274519,0.0649652874016616
1.4561647290455655,0.045858745089886584
1.4566018188636791,0.04228705823312673
1.4570389086817928,0.062269592978056586
1.4574759984999064,0.08422265734204167
1.45791308831802,0.09589551262571763
1.4583501781361337,0.10444118967306588
1.4587872679542473,0.1102039973313802
1.459224357772361,0.11158820315488015
1.4596614475904746,0.1175270079703888
1.4600985374085882,0.1427599613378356
1.4605356272267018,0.1759191455431372
1.4609727170448155,0.17674480375423857
1.461409806862929,0.1595963499038655
1.4618468966810427,0.15934968742393066
1.4622839864991564,0.16810098720586675
1.46272107631727,0.19413295434880684
1.4631581661353836,0.22322178090986258
1.4635952559534973,0.23393206693267024
1.464032345771611,0.24665186172706713
1.4644694355897245,0.2786224034484898
1.4649065254078382,0.2689249574290072
1.4653436152259518,0.2102020743031397
1.4657807050440654,0.157875246438228
1.466217794862179,0.11932428146480432
1.4666548846802927,0.0952998628413445
1.4670919744984063,0.10397124544894373
1.46752906431652,0.12670474744372848
1.4679661541346336,0.12425776490541969
1.4684032439527472,0.1239033117840603
1.4688403337708609,0.15072169922481063
1.4692774235889745,0.1597035488930765
1.4697145134070881,0.14528770258694204
1.4701516032252018,0.1423928179645607
1.4705886930433154,0.1417430080807853
1.471025782861429,0.13382757480174878
1.4714628726795427,0.13519845866548036
1.4718999624976563,0.1632987501593312
1.47233705231577,0.19389261489515697
1.4727741421338836,0.20494457498732888
1.4732112319519972,0.20558778458498214
1.4736483217701108,0.18982912419090167
1.4740854115882245,0.18134506073837603
1.4745225014063381,0.19352381815343053
1.4749595912244517,0.202294620805669
1.4753966810425654,0.20745199176369306
1.475833770860679,0.20771266872998634
1.4762708606787927,0.1912244042788787
1.4767079504969063,0.1959849576326506
1.47714504031502,0.2144239040782856
1.4775821301331336,0.19933350396446367
1.4780192199512472,0.18603658551924038
1.4784563097693608,0.19612065894116343
1.4788933995874745,0.22137890912650088
1.479330489405588,0.22983722487556305
1.4797675792237017,0.2365591134019305
1.4802046690418154,0.2427865980820971
1.480641758859929,0.2243719753292659
1.4810788486780426,0.20611019450395476
1.4815159384961563,0.20249734086007812
1.48195302831427,0.22165501520241646
1.4823901181323835,0.24564176537456112
1.4828272079504972,0.24055098253312485
1.4832642977686108,0.23965628585764878
1.4837013875867244,0.2426047822640156
1.484138477404838,0.23518072559603007
1.4845755672229517,0.22359122569893436
1.4850126570410653,0.2085309615658855
1.485449746859179,0.20383338753490002
1.4858868366772926,0.21727728347017417
1.4863239264954062,0.2360643794317687
1.4867610163135199,0.2491609482498831
1.4871981061316335,0.23841167973777128
1.4876351959497471,0.19715993579218605
1.4880722857678608,0.17096283517536243
1.4885093755859744,0.1814364197002254
1.488946465404088,0.20209673100976863
1.4893835552222017,0.22007671578214097
1.4898206450403153,0.2223925177936891
1.490257734858429,0.20791083821551543
1.4906948246765426,0.1950962507692934
1.4911319144946562,0.1948984111787771
1.4915690043127698,0.20850449041950428
1.4920060941308835,0.20912005720688748
1.492443183948997,0.18971378593807828
1.4928802737671107,0.16867857174332607
1.4933173635852244,0.1588122543096322
1.493754453403338,0.15132883570685318
1.4941915432214516,0.14133176609902193
1.4946286330395653,0.12873372353117365
1.495065722857679,0.11757377960313974
1.4955028126757925,0.12206843997173192
1.4959399024939062,0.13123931573153827
1.4963769923120198,0.13760640255474868
1.4968140821301334,0.1565099018473781
1.497251171948247,0.17076524295934012
1.4976882617663607,0.17653588495668265
1.4981253515844744,0.1797231247778499
1.498562441402588,0.18449413892834252
1.4989995312207016,0.18639724420618312
1.4994366210388153,0.16400829379358248
1.4998737108569289,0.15958242842049772
1.5003108006750425,0.1744479400937134
1.5007478904931562,0.1696070190392309
1.5011849803112698,0.17333780516879602
1.5016220701293834,0.1932901267977269
1.502059159947497,0.2053911400148075
1.5024962497656107,0.20951184659267705
1.5029333395837243,0.2190988367419901
1.503370429401838,0.21906041300231743
1.5038075192199516,0.2370716729570275
1.5042446090380652,0.2693243629913079
1.5046816988561789,0.25024472937775666
1.5051187886742925,0.20858689432731367
1.5055558784924061,0.17964748860168628
1.5059929683105198,0.1766810355397506
1.5064300581286334,0.196244870465437
1.506867147946747,0.22182482504053502
1.5073042377648607,0.24882138429178463
1.5077413275829743,0.248239782203618
1.508178417401088,0.25130952774768933
1.5086155072192016,0.25343836118251467
1.5090525970373152,0.23560751072290595
1.5094896868554288,0.22928533501163165
1.5099267766735425,0.2318190093031862
1.510363866491656,0.2093467400761839
1.5108009563097697,0.17592250512473182
1.5112380461278834,0.15518545996078728
1.511675135945997,0.1477922567533537
1.5121122257641106,0.16097138900968183
1.5125493155822243,0.1658251331586213
1.512986405400338,0.15588122406246113
1.5134234952184515,0.15045154845697722
1.5138605850365652,0.1384909486392633
1.5142976748546788,0.14337508749381536
1.5147347646727924,0.15857639754330943
1.515171854490906,0.1583732952825388
1.5156089443090197,0.14675963430085756
1.5160460341271333,0.14292733741578942
1.516483123945246,0.14463394192739193
1.5169202137633597,0.1353753088290561
1.5173573035814734,0.13362930477507948
1.517794393399587,0.1400171334663492
1.5182314832177006,0.14540066527830203
1.5186685730358143,0.14276495816215046
1.519105662853928,0.13665035022911312
1.5195427526720415,0.14029413376269434
1.5199798424901552,0.15025279270179268
1.5204169323082688,0.1499846961061359
1.5208540221263824,0.15050794412904395
1.521291111944496,0.16449997293080296
1.5217282017626097,0.17527785944634672
1.5221652915807233,0.18595066659000198
1.522602381398837,0.20763348537734982
1.5230394712169506,0.2144298778844141
1.5234765610350642,0.21395785240215862
1.5239136508531779,0.22894061926766224
1.5243507406712915,0.24421019872385427
1.5247878304894051,0.23700997216803468
1.5252249203075188,0.20542964060000077
1.5256620101256324,0.1846282151571266
1.526099099943746,0.17830656869625677
1.5265361897618597,0.17288693879331704
1.5269732795799733,0.17797529618332358
1.527410369398087,0.18562951240797676
1.5278474592162006,0.18158607141788857
1.5282845490343142,0.17790256327262668
1.5287216388524278,0.17713466293523958
1.5291587286705415,0.18759417557053065
1.5295958184886551,0.19618137342953346
1.5300329083067687,0.20004289981723808
1.5304699981248824,0.2143667996419219
1.530907087942996,0.22987721599224667
1.5313441777611096,0.23110106901471378
1.5317812675792233,0.20821614385590256
1.532218357397337,0.19785726910421664
1.5326554472154506,0.20906094730689445
1.5330925370335642,0.21815038132933853
1.5335296268516778,0.22584114495454996
1.5339667166697915,0.23145050257952654
1.534403806487905,0.22606468050419706
1.5348408963060187,0.21751949619149494
1.5352779861241324,0.20144079315871968
1.535715075942246,0.18637201278382906
1.5361521657603596,0.1790404182720383
1.5365892555784733,0.18572885523415916
1.537026345396587,0.20158617727955788
1.5374634352147005,0.2022756159085121
1.5379005250328142,0.20058753302697133
1.5383376148509278,0.20833681853600722
1.5387747046690414,0.2096428864275816
1.539211794487155,0.19839312872814477
1.5396488843052687,0.18354018508213574
1.5400859741233823,0.19601736822642724
1.540523063941496,0.21895504357923629
1.5409601537596096,0.22792470777645973
1.5413972435777232,0.22987043786460531
1.5418343333958369,0.20605008352811224
1.5422714232139505,0.17065961475977381
1.5427085130320641,0.16635072339025386
1.5431456028501778,0.17760463580649716
1.5435826926682914,0.1815526211867496
1.544019782486405,0.1865540741799457
1.5444568723045187,0.1876900629837899
1.5448939621226323,0.19070690881618765
1.545331051940746,0.19683434615223533
1.5457681417588596,0.18544069043165634
1.5462052315769732,0.17822886332073562
1.5466423213950868,0.1690095384128969
1.5470794112132005,0.14837140242511632
1.547516501031314,0.14603108283177907
1.5479535908494277,0.15735147829000437
1.5483906806675414,0.14822024512049356
1.548827770485655,0.13089978155511722
1.5492648603037686,0.12163455529341582
1.5497019501218823,0.12461027082057707
1.550139039939996,0.13702789701033422
1.5505761297581095,0.13351948731806937
1.5510132195762232,0.11441107233446855
1.5514503093943368,0.10082702093285645
1.5518873992124504,0.10538152047297286
1.552324489030564,0.1228448562826628
1.5527615788486777,0.1375938241965547
1.5531986686667913,0.1300374065727486
1.553635758484905,0.10671393364261561
1.5540728483030186,0.09017747587331193
1.5545099381211323,0.0859583293815742
1.5549470279392459,0.0899470281830966
1.5553841177573595,0.09187736730546954
1.5558212075754732,0.09108320226038866
1.5562582973935868,0.09908681529934807
1.5566953872117004,0.10949301122816124
1.557132477029814,0.11380751235993351
1.5575695668479277,0.13357837382591672
1.5580066566660413,0.1651905178447243
1.558443746484155,0.17259006246702033
1.5588808363022686,0.15233088687288962
1.5593179261203822,0.13691238804634903
1.5597550159384959,0.12203340858780905
1.5601921057566095,0.10517823164231895
1.5606291955747231,0.10383384990993968
1.5610662853928368,0.11675196734945929
1.5615033752109504,0.13726109901146694
1.561940465029064,0.16117330680874514
1.5623775548471777,0.16775015810877605
1.5628146446652913,0.14810071679498285
1.563251734483405,0.12680564412860093
1.5636888243015186,0.1162186736654768
1.5641259141196322,0.10632432632105886
1.5645630039377458,0.09529666477212058
1.5650000937558595,0.093695860127332
1.565437183573973,0.10199875721784431
1.5658742733920867,0.11369434599531833
1.5663113632102004,0.11880779387429204
1.566748453028314,0.11035641629930823
1.5671855428464276,0.10211285040281912
1.5676226326645413,0.10710961204380454
1.568059722482655,0.1114161824367237
1.5684968123007685,0.10706390410979569
1.5689339021188822,0.11157033622232555
1.5693709919369958,0.12487725296818665
1.5698080817551094,0.1268727939436439
1.570245171573223,0.1300903516520576
1.5706822613913367,0.13265980915898884
1.5711193512094503,0.13343088702962924
1.571556441027564,0.14321848677271512
1.5719935308456776,0.11992297415580037
1.5724306206637912,0.0730830974345682
1.5728677104819049,0.048907342349302996
1.5733048003000185,0.04638266243691234
1.5737418901181321,0.057492732039850766
1.5741789799362458,0.06530499154993157
1.5746160697543594,0.0598711909513425
1.575053159572473,0.05097207491484645
1.5754902493905867,0.04642832549800381
1.5759273392087003,0.051874326682657186
1.576364429026814,0.06218614993032718
1.5768015188449276,0.06435786320012103
1.5772386086630412,0.060419760204547535
1.5776756984811549,0.05709525759590709
1.5781127882992685,0.06393886754574245
1.5785498781173821,0.08025944654053252
1.5789869679354958,0.09363646720066021
1.5794240577536094,0.11249092721221067
1.579861147571723,0.11382005355070647
1.5802982373898367,0.10961794312606135
1.5807353272079503,0.11982209384024263
1.581172417026064,0.1115668731715221
1.5816095068441776,0.09982343082322168
1.5820465966622912,0.09712983002169027
1.5824836864804048,0.10073541123986375
1.5829207762985185,0.10729048077535051
1.583357866116632,0.10942483895405548
1.5837949559347457,0.11312898406564366
1.5842320457528594,0.1162993894000609
1.584669135570973,0.1174021292883084
1.5851062253890866,0.11417047790147654
1.5855433152072003,0.10906389500798676
1.585980405025314,0.10661638831414681
1.5864174948434275,0.10370054171723718
1.5868545846615412,0.09671396013114193
1.5872916744796548,0.08606575751726167
1.5877287642977684,0.08057922989349213
1.588165854115882,0.08021792790411165
1.5886029439339957,0.07966235283762191
1.5890400337521093,0.08264520711272678
1.589477123570223,0.08767233821337617
1.5899142133883366,0.09336564181129829
1.5903513032064502,0.10054097434031586
1.5907883930245639,0.09901321526655102
1.5912254828426775,0.10255487636543305
1.5916625726607911,0.11591503158343763
1.5920996624789048,0.1137674274416121
1.5925367522970184,0.1109386728307703
1.592973842115132,0.11461796741987297
1.5934109319332457,0.11677239486200715
1.5938480217513593,0.11642366667297356
1.594285111569473,0.10825910144541688
1.5947222013875866,0.10487533733142392
1.5951592912057002,0.09840016480633672
1.5955963810238138,0.08431755443484144
1.5960334708419275,0.0813312102122656
1.5964705606600411,0.08140127585831418
1.5969076504781547,0.08275726222974307
1.5973447402962684,0.08463838138346765
1.597781830114382,0.0852112598621975
1.5982189199324957,0.08841505810783985
1.5986560097506093,0.1102553540310697
1.599093099568723,0.1328872638049935
1.5995301893868366,0.12611594967393683
1.5999672792049502,0.09908788971996071
1.6004043690230638,0.10867124121744064
1.6008414588411775,0.14109044584531508
1.601278548659291,0.1583646762370138
1.6017156384774047,0.1599998820421718
1.6021527282955184,0.1635076883150645
1.602589818113632,0.15367475190136876
1.6030269079317456,0.1326747957117846
1.6034639977498593,0.1169759037290423
1.603901087567973,0.11577898092532722
1.6043381773860865,0.11600038798789117
1.6047752672042002,0.10264253142054587
1.6052123570223138,0.10062929980277831
1.6056494468404274,0.10175370105837736
1.606086536658541,0.09321102630074982
1.6065236264766547,0.07074736850317091
1.6069607162947683,0.05837711087131282
1.607397806112882,0.07854513422236901
1.6078348959309956,0.12425166246951631
1.6082719857491092,0.1666457645255283
1.6087090755672229,0.15986699224446368
1.6091461653853365,0.1421228068021709
1.6095832552034501,0.12818528771644103
1.6100203450215638,0.1072111712682982
1.6104574348396774,0.10197219707899455
1.610894524657791,0.11782461033956516
1.6113316144759047,0.14014617440638352
1.6117687042940183,0.14368206426601765
1.612205794112132,0.13308251410054928
1.6126428839302456,0.1253656950130322
1.6130799737483592,0.12006059782647009
1.6135170635664728,0.11263989069876246
1.6139541533845865,0.11054428963479826
1.6143912432027,0.11073307702175032
1.6148283330208137,0.12084926339950862
1.6152654228389274,0.13030733817056955
1.615702512657041,0.14117506891642573
1.6161396024751546,0.1537621449156781
1.6165766922932683,0.15276522595560604
1.617013782111382,0.14834008726979317
1.6174508719294955,0.1604984976630285
1.6178879617476092,0.16838011611905604
1.6183250515657228,0.16677014203682786
1.6187621413838365,0.1655684696068645
1.61919923120195,0.16998069473877078
1.6196363210200637,0.1763660641864841
1.6200734108381774,0.1856898595942263
1.620510500656291,0.18168012239317716
1.6209475904744046,0.1666818811291264
1.6213846802925183,0.17898303549359454
1.6218217701106319,0.19186964966355752
1.6222588599287455,0.18281284524144611
1.6226959497468592,0.16841893205991068
1.6231330395649728,0.1559192501195493
1.6235701293830864,0.15332004727442836
1.6240072192012,0.16030613557596873
1.6244443090193137,0.16982340704910595
1.6248813988374273,0.16903725684112483
1.625318488655541,0.1610803446733484
1.6257555784736546,0.16891848657961703
1.6261926682917682,0.19395612389985825
1.6266297581098819,0.2023623325666549
1.6270668479279955,0.19698482501051157
1.6275039377461091,0.1924335350616219
1.6279410275642228,0.18189983427424067
1.6283781173823364,0.18101224149666537
1.62881520720045,0.19751129603825315
1.6292522970185637,0.200702233507694
1.6296893868366773,0.18552891579167535
1.630126476654791,0.18285583221667517
1.6305635664729046,0.17588372137830816
1.6310006562910182,0.1579041638155645
1.6314377461091318,0.1471398969125685
1.6318748359272455,0.14356046446530082
1.632311925745359,0.14428195256370344
1.6327490155634727,0.1415866786337246
1.6331861053815864,0.1474971798070796
1.6336231951997,0.16712615783699733
1.6340602850178136,0.18145426167747436
1.6344973748359273,0.1761720791319826
1.634934464654041,0.15785096572811994
1.6353715544721545,0.16076797067223178
1.6358086442902682,0.19645517516311048
1.6362457341083818,0.23188352002134902
1.6366828239264954,0.24110924872274112
1.637119913744609,0.22531367402003638
1.6375570035627227,0.18865990161377716
1.6379940933808363,0.16839185000910653
1.63843118319895,0.16638770077254889
1.6388682730170636,0.14401332827373117
1.6393053628351772,0.12684870269258233
1.6397424526532909,0.1349458508241084
1.6401795424714045,0.13403367191032275
1.6406166322895182,0.11851612230739508
1.6410537221076318,0.11219294780742418
1.6414908119257454,0.15772315505797763
1.641927901743859,0.17169745070188
1.6423649915619727,0.15105692050522218
1.6428020813800863,0.17967601442404682
1.6432391711982,0.19150097873821442
1.6436762610163136,0.16440517958759246
1.6441133508344272,0.13142597061923197
1.6445504406525409,0.1251025669725913
1.6449875304706545,0.1290573715693512
1.6454246202887681,0.1334868591499128
1.6458617101068818,0.12971219101472306
1.6462987999249954,0.104815073120737
1.646735889743109,0.07232725050671007
1.6471729795612227,0.0706625760418864
1.6476100693793363,0.09678396644636891
1.64804715919745,0.1043048033260965
1.6484842490155636,0.1082665367760385
1.6489213388336772,0.11917936884599842
1.6493584286517908,0.12492045647210716
1.6497955184699045,0.12701266841258932
1.650232608288018,0.14797901272327807
1.6506696981061317,0.15979503855730726
1.6511067879242454,0.15379364289793881
1.651543877742359,0.20779208655984124
1.6519809675604726,0.24305374062879648
1.6524180573785863,0.19575505017938497
1.6528551471967,0.19412268998398577
1.6532922370148135,0.22139719022419313
1.6537293268329272,0.21633666983326288
1.6541664166510408,0.20486521024045498
1.6546035064691544,0.21228682531196347
1.655040596287268,0.23246186160868199
1.6554776861053817,0.2638316031324005
1.6559147759234953,0.27135642784571995
1.656351865741609,0.24342540283500588
1.6567889555597226,0.24548771877355854
1.6572260453778362,0.2532464309692658
1.6576631351959499,0.2470547279714405
1.6581002250140635,0.24298129641805616
1.6585373148321771,0.2548261693276437
1.6589744046502908,0.27049004591477416
1.6594114944684044,0.25246980283478876
1.659848584286518,0.22874586015463758
1.6602856741046317,0.22998951138420484
1.6607227639227453,0.2509286384770462
1.661159853740859,0.2494614274559572
1.6615969435589726,0.2156498763866818
1.6620340333770862,0.19659934942044205
1.6624711231951999,0.18910268777686806
1.6629082130133135,0.17375925158466846
1.6633453028314271,0.17363959102569046
1.6637823926495408,0.17273446346462015
1.6642194824676544,0.18584984069189656
1.664656572285768,0.20778233093253115
1.6650936621038817,0.20549782194059446
1.6655307519219953,0.19930851772959032
1.665967841740109,0.19704401674334435
1.6664049315582226,0.20118816234096099
1.6668420213763362,0.19405807444535947
1.6672791111944498,0.16634951843665538
1.6677162010125635,0.16350046346163905
1.668153290830677,0.21584632253184768
1.6685903806487907,0.2737422790541813
1.6690274704669044,0.259749635390186
1.669464560285018,0.21507745703845918
1.6699016501031316,0.19092721730858137
1.6703387399212453,0.16505311625884073
1.670775829739359,0.1551980123208109
1.6712129195574725,0.15809889218768589
1.6716500093755862,0.16085108190577826
1.6720870991936998,0.15757160016833724
1.6725241890118134,0.1500105272012149
1.672961278829927,0.1379092631236052
1.6733983686480407,0.12759181276826317
1.6738354584661543,0.12801230325251364
1.674272548284268,0.13573254171586005
1.6747096381023816,0.14891590830167914
1.6751467279204952,0.16203970118970695
1.6755838177386089,0.17567078898113905
1.6760209075567225,0.15866282470625462
1.6764579973748361,0.13509327259221213
1.6768950871929498,0.12732496047797776
1.6773321770110634,0.13860706888008412
1.677769266829177,0.16759456867727268
1.6782063566472907,0.20735673257767404
1.6786434464654043,0.21984153608954538
1.679080536283518,0.18561878199705414
1.6795176261016316,0.14753954938173916
1.6799547159197452,0.12812644311372046
1.6803918057378588,0.11187438639544843
1.6808288955559725,0.10859564582261184
1.6812659853740861,0.1050975886667812
1.6817030751921997,0.09307026078848854
1.6821401650103134,0.10102180893137709
1.682577254828427,0.1097430458146439
1.6830143446465406,0.08694552122745565
1.6834514344646543,0.06654216876703746
1.683888524282768,0.06533944784418734
1.6843256141008816,0.06892665755062469
1.6847627039189952,0.07555635333942509
1.6851997937371088,0.07711846779288632
1.6856368835552225,0.08267738963145699
1.686073973373336,0.08893873339502216
1.6865110631914497,0.08938095216849948
1.6869481530095634,0.08637134496718256
1.687385242827677,0.0724860331876778
1.6878223326457906,0.05803476623503927
1.6882594224639043,0.06601570910299895
1.688696512282018,0.08652117961404784
1.6891336021001315,0.08728024121455068
1.6895706919182452,0.07226092822201755
1.6900077817363588,0.06035579234938905
1.6904448715544724,0.06019551372470901
1.690881961372586,0.09197078232262065
1.6913190511906997,0.1154024086829626
1.6917561410088133,0.1101062273167854
1.692193230826927,0.09881410070228303
1.6926303206450406,0.10158334826814026
1.6930674104631542,0.11573501923533587
1.6935045002812679,0.10631167336958895
1.6939415900993815,0.0797718576548961
1.6943786799174951,0.06372987495922082
1.6948157697356088,0.0651813315512517
1.6952528595537224,0.07752257886737181
1.695689949371836,0.08418625855366815
1.6961270391899497,0.08193902197319781
1.6965641290080633,0.07879317112099705
1.697001218826177,0.07284753502827566
1.6974383086442906,0.0856058466497072
1.6978753984624042,0.11367279442249814
1.6983124882805178,0.12458925775152305
1.6987495780986315,0.10105908070649623
1.699186667916745,0.07666508625007853
1.6996237577348587,0.09223064781212331
1.7000608475529724,0.12358491411067804
1.700497937371086,0.10593166298768268
1.7009350271891996,0.08847739457465705
1.7013721170073133,0.11794984945012664
1.701809206825427,0.1371759685943748
1.7022462966435405,0.1226587753137506
1.7026833864616542,0.1243986080519734
1.7031204762797678,0.11424073355889161
1.7035575660978814,0.07660034233661313
1.703994655915995,0.08130642873398423
1.7044317457341087,0.11348894453617513
1.7048688355522224,0.13495772823008587
1.705305925370336,0.11906617263176969
1.7057430151884496,0.08807260607324345
1.7061801050065633,0.07042556117459182
1.7066171948246769,0.07115305770497901
1.7070542846427905,0.10555791633404299
1.7074913744609042,0.1522733223236159
1.7079284642790178,0.19035955708022737
1.7083655540971314,0.2153537329634358
1.708802643915245,0.25227560355128703
1.7092397337333587,0.28844212025559546
1.7096768235514723,0.23673308293209264
1.710113913369586,0.15366652574492626
1.7105510031876996,0.12114874459753451
1.7109880930058132,0.11600797279755903
1.7114251828239269,0.13532941991980438
1.7118622726420405,0.237894318091087
1.7122993624601541,0.3119588545678127
1.7127364522782678,0.228325869271851
1.7131735420963814,0.16590123874885013
1.713610631914495,0.19534438873257085
1.7140477217326087,0.24647396486418863
1.7144848115507223,0.26706601097876115
1.714921901368836,0.2453397712578734
1.7153589911869496,0.20546825134495053
1.7157960810050632,0.1778767814051972
1.7162331708231768,0.19214056604180385
1.7166702606412905,0.15703080305867737
1.717107350459404,0.13140766971982817
1.7175444402775177,0.15288519735175088
1.7179815300956314,0.1507056534843503
1.718418619913745,0.17127921748626326
1.7188557097318586,0.24818315943994076
1.7192927995499723,0.32247072528685655
1.719729889368086,0.2621776015427949
1.7201669791861995,0.19117352638709922
1.7206040690043132,0.1612622962763448
1.721041158822426,0.13999708672701197
1.7214782486405396,0.15585316015147382
1.7219153384586532,0.17699988018352436
1.7223524282767668,0.15705301926806095
1.7227895180948805,0.16558436282640573
1.723226607912994,0.2084149580120548
1.7236636977311077,0.19235945709537822
1.7241007875492214,0.15955809245986452
1.724537877367335,0.1634475556951671
1.7249749671854486,0.178970275573646
1.7254120570035623,0.17434321322055096
1.725849146821676,0.17985690691689657
1.7262862366397895,0.18571130893701684
1.7267233264579032,0.20171095281260082
1.7271604162760168,0.24327111188168518
1.7275975060941304,0.23602502166783482
1.728034595912244,0.21841469732735738
1.7284716857303577,0.20782852182371422
1.7289087755484713,0.1856618273167939
1.729345865366585,0.16959615179734144
1.7297829551846986,0.17251387787674793
1.7302200450028122,0.1732111687116967
1.7306571348209259,0.16349462698244868
1.7310942246390395,0.13534757928427493
1.7315313144571531,0.10483535870896032
1.7319684042752668,0.1072212905306491
1.7324054940933804,0.13572353014854568
1.732842583911494,0.15152026802097934
1.7332796737296077,0.14931913242225622
1.7337167635477213,0.13600396018168387
1.734153853365835,0.117972323336162
1.7345909431839486,0.09961555707496904
1.7350280330020622,0.08875837301051616
1.7354651228201758,0.06579827778510428
1.7359022126382895,0.050183090012417324
1.736339302456403,0.07775853911893461
1.7367763922745167,0.10247013761202717
1.7372134820926304,0.08215918183888389
1.737650571910744,0.07205464832095473
1.7380876617288576,0.0809347838561819
1.7385247515469713,0.10470665651837283
1.738961841365085,0.09359344821483995
1.7393989311831985,0.06584395883679396
1.7398360210013122,0.06392110671312974
1.7402731108194258,0.058246172618807504
1.7407102006375395,0.06308471692952197
1.741147290455653,0.10339116119043146
1.7415843802737667,0.15837548380145758
1.7420214700918804,0.17985575232223922
1.742458559909994,0.18012934558922516
1.7428956497281076,0.21580939751199407
1.7433327395462213,0.28995272996095334
1.743769829364335,0.3210338563339117
1.7442069191824485,0.28785170173102653
1.7446440090005622,0.2723176659934067
1.7450810988186758,0.25767828411083354
1.7455181886367894,0.2258773295083338
1.745955278454903,0.2307989164527344
1.7463923682730167,0.19120478942299377
1.7468294580911303,0.1205309308268139
1.747266547909244,0.07567061699347892
1.7477036377273576,0.07812922296682065
1.7481407275454712,0.08700208670334207
1.7485778173635849,0.0909706925425418
1.7490149071816985,0.07966635886553128
1.7494519969998121,0.06841328406579415
1.7498890868179258,0.08927119841930564
1.7503261766360394,0.11907469420909701
1.750763266454153,0.11643207377855422
1.7512003562722667,0.11672193480730934
1.7516374460903803,0.1542084108034991
1.752074535908494,0.16909638492460294
1.7525116257266076,0.1434149114419465
1.7529487155447212,0.10733651265441232
1.7533858053628348,0.07460928647278044
1.7538228951809485,0.06673188942830986
1.754259984999062,0.07609809084645469
1.7546970748171757,0.0829174698625315
1.7551341646352894,0.10465806066661708
1.755571254453403,0.1255064536614445
1.7560083442715166,0.12017186363816833
1.7564454340896303,0.11624301027259616
1.756882523907744,0.12399365072126882
1.7573196137258575,0.14000057087252366
1.7577567035439712,0.1414821172299314
1.7581937933620848,0.12625398123574297
1.7586308831801984,0.12766846407371465
1.759067972998312,0.15020163140171414
1.7595050628164257,0.16677254605715827
1.7599421526345393,0.15524558252736706
1.760379242452653,0.14053542422837645
1.7608163322707666,0.1280096386914782
1.7612534220888802,0.11142671572824146
1.7616905119069939,0.11613288734649382
1.7621276017251075,0.14834025259481545
1.7625646915432212,0.17676688518347916
1.7630017813613348,0.16956228062192472
1.7634388711794484,0.1655724451607321
1.763875960997562,0.1822098873152551
1.7643130508156757,0.20528063303618366
1.7647501406337893,0.23683146881377423
1.765187230451903,0.24617002640568378
1.7656243202700166,0.26305612473463447
1.7660614100881302,0.26418930791046563
1.7664984999062439,0.24762863923417117
1.7669355897243575,0.2566554706712282
1.7673726795424711,0.24077734673224221
1.7678097693605848,0.229577319953433
1.7682468591786984,0.22547925929633303
1.768683948996812,0.22163274336837183
1.7691210388149257,0.2398855792036743
1.7695581286330393,0.24983449106695768
1.769995218451153,0.23408835151133958
1.7704323082692666,0.22420204950733671
1.7708693980873802,0.24333273179732165
1.7713064879054938,0.2503030142764794
1.7717435777236075,0.22454241410045378
1.772180667541721,0.20293075535200358
1.7726177573598347,0.17586902262464338
1.7730548471779484,0.1582678393280921
1.773491936996062,0.18237463861111844
1.7739290268141756,0.208862031018348
1.7743661166322893,0.22634615513869355
1.774803206450403,0.22053252178267102
1.7752402962685165,0.2006857733919111
1.7756773860866302,0.2080340504463713
1.7761144759047438,0.2157831582078656
1.7765515657228574,0.21029466765334567
1.776988655540971,0.21203521091108057
1.7774257453590847,0.2217185602975893
1.7778628351771983,0.22114511567393166
1.778299924995312,0.21609616719048866
1.7787370148134256,0.21079544348228182
1.7791741046315392,0.20869430631277905
1.7796111944496529,0.20343611941589082
1.7800482842677665,0.21054336687533118
1.7804853740858801,0.23194104342314933
1.7809224639039938,0.22814453974629909
1.7813595537221074,0.24149352875376645
1.781796643540221,0.26046773993654526
1.7822337333583347,0.25707521924382204
1.7826708231764483,0.24774106637729787
1.783107912994562,0.21542524592285947
1.7835450028126756,0.18562524543622372
1.7839820926307892,0.1784425968407111
1.7844191824489029,0.2020844954446001
1.7848562722670165,0.22125560856933138
1.7852933620851301,0.23223771246027575
1.7857304519032438,0.23914110255757717
1.7861675417213574,0.24403780146664916
1.786604631539471,0.24588883560535413
1.7870417213575847,0.21962204490557502
1.7874788111756983,0.20784358557393232
1.787915900993812,0.21349294086922138
1.7883529908119256,0.19508961390375798
1.7887900806300392,0.17627674728891055
1.7892271704481528,0.16613079253113736
1.7896642602662665,0.16276173389307974
1.79010135008438,0.16078699922244938
1.7905384399024937,0.15982177807022088
1.7909755297206074,0.1595580215109423
1.791412619538721,0.16663249770768962
1.7918497093568346,0.18656181365881427
1.7922867991749483,0.18745883243641256
1.792723888993062,0.18198042492400243
1.7931609788111755,0.17900671233688242
1.7935980686292892,0.17885036984558056
1.7940351584474028,0.17942082981750626
1.7944722482655164,0.16825692335777617
1.79490933808363,0.1489067913789022
1.7953464279017437,0.1478089108759781
1.7957835177198573,0.15975039718399678
1.796220607537971,0.16013801464010943
1.7966576973560846,0.15894662334510798
1.7970947871741982,0.16845657034588996
1.7975318769923119,0.1768243508157342
1.7979689668104255,0.174396870346666
1.7984060566285391,0.17622449378602165
1.7988431464466528,0.1909566709731164
1.7992802362647664,0.2076209431029113
1.79971732608288,0.19876961355406314
1.8001544159009937,0.16936638916540275
1.8005915057191073,0.15791218871061427
1.801028595537221,0.1648501701835893
1.8014656853553346,0.17208964933616724
1.8019027751734482,0.1764125080794758
1.8023398649915618,0.18077412646913069
1.8027769548096755,0.18074901260388251
1.8032140446277891,0.17722397818848426
1.8036511344459027,0.1697169706012152
1.8040882242640164,0.15754685631401324
1.80452531408213,0.1715067300231566
1.8049624039002437,0.17037580737885732
1.8053994937183573,0.15454664563305892
1.805836583536471,0.16373447657210474
1.8062736733545846,0.16817479033633795
1.8067107631726982,0.15652554515956102
1.8071478529908118,0.14384310507435757
1.8075849428089255,0.14071476283442083
1.808022032627039,0.1536888008205667
1.8084591224451527,0.17353330062515807
1.8088962122632664,0.17491924474215273
1.80933330208138,0.17622003867182826
1.8097703918994936,0.19659286633869513
1.8102074817176073,0.20111560265201697
1.810644571535721,0.19611319000093014
1.8110816613538345,0.1883431038951409
1.8115187511719482,0.18242656035820265
1.8119558409900618,0.19262715837336636
1.8123929308081754,0.20291384470699453
1.812830020626289,0.20190617708639616
1.8132671104444027,0.20334098206708903
1.8137042002625163,0.18471958536585917
1.81414129008063,0.16294168804269962
1.8145783798987436,0.15741818475419608
1.8150154697168572,0.15315950366146683
1.8154525595349709,0.14426236306877552
1.8158896493530845,0.14270897844150882
1.8163267391711981,0.1431412881255561
1.8167638289893118,0.14986377837052406
1.8172009188074254,0.1514984873665763
1.817638008625539,0.14844028023685918
1.8180750984436527,0.15812787398247058
1.8185121882617663,0.1601375053420975
1.81894927807988,0.15513613301919932
1.8193863678979936,0.1678951459060999
1.8198234577161072,0.1676250077571381
1.8202605475342208,0.15977853590972407
1.8206976373523345,0.1712247977739914
1.821134727170448,0.18084783584877145
1.8215718169885617,0.16463123783535677
1.8220089068066754,0.13424155923189182
1.822445996624789,0.12774069459130596
1.8228830864429026,0.12837421755448333
1.8233201762610163,0.11395431390885453
1.82375726607913,0.10384927715134316
1.8241943558972435,0.11001462727492417
1.8246314457153572,0.1119176255503277
1.8250685355334708,0.10469362340233024
1.8255056253515844,0.08913953335009366
1.825942715169698,0.08276715644198392
1.8263798049878117,0.09569307016698524
1.8268168948059254,0.11211711729383046
1.827253984624039,0.14382981911622544
1.8276910744421526,0.14645247927091568
1.8281281642602663,0.14335940150696164
1.8285652540783799,0.15568235128405483
1.8290023438964935,0.1538093250462261
1.8294394337146072,0.15219360602507345
1.8298765235327208,0.149770614301974
1.8303136133508344,0.13648841832625958
1.830750703168948,0.12684512683321808
1.8311877929870617,0.1251352499552475
1.8316248828051753,0.12469682162327159
1.832061972623289,0.1265546506248266
1.8324990624414026,0.12039178413731264
1.8329361522595162,0.10825946768043339
1.8333732420776299,0.12252428154550862
1.8338103318957435,0.136090342298112
1.8342474217138571,0.13527480697163827
1.8346845115319708,0.1298765129260489
1.8351216013500844,0.12907915218380725
1.835558691168198,0.12451357313440704
1.8359957809863117,0.11753052867756299
1.8364328708044253,0.11406880159665121
1.836869960622539,0.11233596715277008
1.8373070504406526,0.1061324254680687
1.8377441402587662,0.09649099212031317
1.8381812300768798,0.09326818439339633
1.8386183198949935,0.0900172060595661
1.839055409713107,0.09929071224128698
1.8394924995312207,0.12748838710807436
1.8399295893493344,0.14744184603878502
1.840366679167448,0.14540433312481868
1.8408037689855616,0.13173533413039504
1.8412408588036753,0.10979238091796435
1.841677948621789,0.1054012160501767
1.8421150384399025,0.11771693532919954
1.8425521282580162,0.13168921992770924
1.8429892180761298,0.1384976752071033
1.8434263078942434,0.12656504638728422
1.843863397712357,0.1161528611876167
1.8443004875304707,0.09912938345783148
1.8447375773485843,0.10206818146429915
1.845174667166698,0.11353737633349449
1.8456117569848116,0.1076848211370777
1.8460488468029252,0.1249327024642143
1.8464859366210389,0.15775542146155222
1.8469230264391525,0.15225367281960112
1.8473601162572661,0.13922244948548226
1.8477972060753798,0.14898899060268803
1.8482342958934934,0.1351486175831291
1.848671385711607,0.11213468440395039
1.8491084755297207,0.10431747373112979
1.8495455653478343,0.09721250793377169
1.849982655165948,0.09653790082466897
1.8504197449840616,0.10960643628343567
1.8508568348021752,0.09521683700364651
1.8512939246202889,0.06700901594830622
1.8517310144384025,0.06552337088214681
1.8521681042565161,0.05292729548695057
1.8526051940746298,0.03130886445134566
1.8530422838927434,0.03117841124811469
1.853479373710857,0.027945639236089205
1.8539164635289707,0.021301840424456337
1.8543535533470843,0.02230818801332387
1.854790643165198,0.034014046812177075
1.8552277329833116,0.05597273061949758
1.8556648228014252,0.08432920198492418
1.8561019126195388,0.1018076783032517
1.8565390024376525,0.09707638459314742
1.856976092255766,0.09179057798554471
1.8574131820738797,0.09359026218362847
1.8578502718919934,0.10304978377791599
1.858287361710107,0.10939772850779957
1.8587244515282206,0.1078411317990152
1.8591615413463343,0.11140078508146257
1.859598631164448,0.14004785315287802
1.8600357209825615,0.1348430560763758
1.8604728108006752,0.09488028357397589
1.8609099006187888,0.08570818360619743
1.8613469904369024,0.10393911533248738
1.861784080255016,0.12561020451310054
1.8622211700731297,0.1311365391787171
1.8626582598912433,0.1351356487632542
1.863095349709357,0.14090018366345136
1.8635324395274706,0.12755169487005366
1.8639695293455842,0.10753689681058035
1.8644066191636979,0.10560709118684078
1.8648437089818115,0.10688541735559279
1.8652807987999251,0.09791388817131166
1.8657178886180388,0.09919221311480879
1.8661549784361524,0.08981142057863759
1.866592068254266,0.08300942469278651
1.8670291580723797,0.11967998661084912
1.8674662478904933,0.1590970910572121
1.867903337708607,0.15711030026440928
1.8683404275267206,0.14454060623896767
1.8687775173448342,0.13540081721034875
1.8692146071629478,0.12785444449798575
1.8696516969810615,0.1296125386047258
1.8700887867991751,0.12621576215359084
1.8705258766172888,0.10534707088600262
1.8709629664354024,0.09236036542719647
1.871400056253516,0.09414285904133783
1.8718371460716297,0.09637884757657335
1.8722742358897433,0.09220988635348666
1.872711325707857,0.09483679225320667
1.8731484155259706,0.11475870125335662
1.8735855053440842,0.1328387184936899
1.8740225951621978,0.13234028326622183
1.8744596849803115,0.1260807652320207
1.874896774798425,0.11958844541096549
1.8753338646165387,0.12078562930868983
1.8757709544346524,0.13380140265216883
1.876208044252766,0.13728394056597443
1.8766451340708796,0.13227183788141877
1.8770822238889933,0.1484896422211543
1.877519313707107,0.16635133282755757
1.8779564035252205,0.1663351739575946
1.8783934933433342,0.16098059114200272
1.8788305831614478,0.14060581608322287
1.8792676729795614,0.11580196797811963
1.879704762797675,0.10521181770455469
1.8801418526157887,0.10699131427962172
1.8805789424339023,0.11624939462003557
1.881016032252016,0.1252410650625094
1.8814531220701296,0.1257995950716879
1.8818902118882432,0.12031161714701132
1.8823273017063569,0.10778101314826712
1.8827643915244705,0.09926049596197879
1.8832014813425841,0.11779608558355996
1.8836385711606978,0.1421807061687214
1.8840756609788114,0.15188224325464186
1.884512750796925,0.1517451050759114
1.8849498406150387,0.14606325856601132
1.8853869304331523,0.14283740892791397
1.885824020251266,0.15683084384419832
1.8862611100693796,0.1820001248093257
1.8866981998874932,0.17776808224002835
1.8871352897056068,0.14301836267900508
1.8875723795237205,0.11903534973702819
1.8880094693418341,0.11862788836091569
1.8884465591599477,0.13231740847377632
1.8888836489780614,0.14141347001987434
1.889320738796175,0.15956455790348414
1.8897578286142886,0.1682606795161132
1.8901949184324023,0.14935377161636912
1.890632008250516,0.13430663139453913
1.8910690980686296,0.13295968253436713
1.8915061878867432,0.13661737023907256
1.8919432777048568,0.12544582002035565
1.8923803675229705,0.12686762209161587
1.892817457341084,0.14460133770715025
1.8932545471591977,0.17391596844204843
1.8936916369773114,0.1712079000412676
1.894128726795425,0.14123423208016672
1.8945658166135386,0.11758154871352451
1.8950029064316523,0.116681933670323
1.895439996249766,0.11718746664653631
1.8958770860678795,0.09599954741617599
1.8963141758859932,0.09565851151151719
1.8967512657041068,0.10802148205410678
1.8971883555222204,0.09627589547994227
1.897625445340334,0.09043033530547902
1.8980625351584477,0.09303376338301243
1.8984996249765613,0.101577028596245
1.898936714794675,0.12239585929910057
1.8993738046127886,0.1380189589612168
1.8998108944309022,0.13145163730812132
1.9002479842490159,0.11065835138354066
1.9006850740671295,0.10503113894182266
1.9011221638852431,0.12325330253279679
1.9015592537033568,0.13692061850064008
1.9019963435214704,0.14010058650335191
1.902433433339584,0.14025870168204305
1.9028705231576977,0.12888610627860952
1.9033076129758113,0.09978492390142231
1.903744702793925,0.08842780373549446
1.9041817926120386,0.09693639154357984
1.9046188824301522,0.1077997018534871
1.9050559722482658,0.12065690373625668
1.9054930620663795,0.1563276372615277
1.905930151884493,0.17364477615207624
1.9063672417026067,0.14292451586227148
1.9068043315207204,0.11105692738740429
1.907241421338834,0.10740496191422623
1.9076785111569476,0.11818001215991199
1.9081156009750613,0.13075745582398227
1.908552690793175,0.14038984341157265
1.9089897806112885,0.166382931878432
1.9094268704294022,0.17520449556550477
1.9098639602475158,0.1743733036370176
1.9103010500656294,0.18667746503411933
1.910738139883743,0.1955735677294072
1.9111752297018567,0.20332671782642228
1.9116123195199703,0.1865236242561093
1.912049409338084,0.13750180486227048
1.9124864991561976,0.134632784801705
1.9129235889743113,0.13904431577388332
1.9133606787924249,0.12381664277771623
1.9137977686105385,0.1332413608783838
1.9142348584286522,0.15937553185858025
1.9146719482467658,0.17757120136155027
1.9151090380648794,0.17870881828523144
1.915546127882993,0.16588236112978796
1.9159832177011067,0.18132958756535827
1.9164203075192203,0.17798839457392912
1.916857397337334,0.160970992238583
1.9172944871554476,0.16369339337967995
1.9177315769735612,0.16446830286243502
1.9181686667916749,0.15045167497991221
1.9186057566097885,0.1509248095254643
1.9190428464279021,0.1573394670230647
1.9194799362460158,0.14287164857638252
1.9199170260641294,0.13992607068049037
1.920354115882243,0.14340384615778873
1.9207912057003567,0.1626511543811325
1.9212282955184703,0.1705504624560243
1.921665385336584,0.14105615088977777
1.9221024751546976,0.1373581037166645
1.9225395649728112,0.13015934488795547
1.9229766547909248,0.09929004865761068
1.9234137446090385,0.08644591939345181
1.923850834427152,0.0993503284744657
1.9242879242452657,0.11527313503391408
1.9247250140633794,0.11247811569911963
1.925162103881493,0.1077919927673817
1.9255991936996066,0.11283222517277004
1.9260362835177194,0.11038218993621081
1.926473373335833,0.09280963070502546
1.9269104631539467,0.09261809047976248
1.9273475529720603,0.10298888920778791
1.927784642790174,0.07195367650263278
1.9282217326082876,0.05235909677261651
1.9286588224264012,0.05193615162360984
1.9290959122445148,0.07532493953711786
1.9295330020626285,0.08898905686775183
1.929970091880742,0.06896983129845315
1.9304071816988557,0.050133793901374554
1.9308442715169694,0.07713698369357354
1.931281361335083,0.1306494340782325
1.9317184511531966,0.14134645011831176
1.9321555409713103,0.11881264191330876
1.932592630789424,0.10724494319538272
1.9330297206075375,0.08622129122446702
1.9334668104256512,0.03931285489726527
1.9339039002437648,0.015980566206319217
1.9343409900618784,0.04168680097913936
1.934778079879992,0.088100209322442
1.9352151696981057,0.10030956147755365
1.9356522595162193,0.108265855803088
1.936089349334333,0.13905643208230334
1.9365264391524466,0.10788653801658922
1.9369635289705602,0.06877097892589525
1.9374006187886739,0.07886968472001335
1.9378377086067875,0.08127182828712964
1.9382747984249011,0.0866519336586661
1.9387118882430148,0.10123289176853298
1.9391489780611284,0.10861824272754313
1.939586067879242,0.10447533259161622
1.9400231576973557,0.0940673102084079
1.9404602475154693,0.09290220867290537
1.940897337333583,0.12144722311223773
1.9413344271516966,0.1084340865685952
1.9417715169698102,0.1012458112934445
1.9422086067879238,0.11994403736014803
1.9426456966060375,0.10113355357695057
1.943082786424151,0.11822363379222812
1.9435198762422647,0.11092725190283113
1.9439569660603784,0.06771131870381934
1.944394055878492,0.042640209652375125
1.9448311456966056,0.01900224313251054
1.9452682355147193,0.006037967270798237
1.945705325332833,0.0011959953572547705
1.9461424151509465,0.0010228376801962903
1.9465795049690602,0.0054475554900974225
1.9470165947871738,0.02200108739905825
1.9474536846052874,0.04148018550166534
1.947890774423401,0.04118362104274176
1.9483278642415147,0.022418061737794787
1.9487649540596284,0.04078339393734354
1.949202043877742,0.08667905324227432
1.9496391336958556,0.1069497666530238
1.9500762235139693,0.11091523627888386
1.9505133133320829,0.1418110173704562
1.9509504031501965,0.13557532728165636
1.9513874929683102,0.09114266705336192
1.9518245827864238,0.06347469459848039
1.9522616726045374,0.05676361470947596
1.952698762422651,0.06421345699628406
1.9531358522407647,0.06522996611971846
1.9535729420588783,0.06974428589385044
1.954010031876992,0.07943020718682463
1.9544471216951056,0.10818274011543476
1.9548842115132192,0.10954526854355383
1.9553213013313329,0.08748529634791066
1.9557583911494465,0.0820321113834515
1.9561954809675601,0.08558984939995226
1.9566325707856738,0.07792883839986275
1.9570696606037874,0.09337483925524227
1.957506750421901,0.09393099808512505
1.9579438402400147,0.06738432580340785
1.9583809300581283,0.051816520360128446
1.958818019876242,0.04538631177212634
1.9592551096943556,0.054232106664025344
1.9596921995124692,0.09565557264924522
1.9601292893305828,0.2202064869694657
1.9605663791486965,0.29142217454123004
1.96100346896681,0.20526347599952133
1.9614405587849237,0.1652592584874352
1.9618776486030374,0.18997557900849688
1.962314738421151,0.18388126279090192
1.9627518282392646,0.22934858479423675
1.9631889180573783,0.23138246831991252
1.963626007875492,0.14397616504635544
1.9640630976936055,0.09540653762025128
1.9645001875117192,0.09525907006525139
1.9649372773298328,0.1474557861310639
1.9653743671479464,0.22136489352023464
1.96581145696606,0.2293143861072476
1.9662485467841737,0.17477547921451625
1.9666856366022873,0.11582338212084443
1.967122726420401,0.1252551484354229
1.9675598162385146,0.1881371836674883
1.9679969060566282,0.23919803937294531
1.9684339958747419,0.1666734052549012
1.9688710856928555,0.05351139838979805
1.9693081755109691,0.027528384668536503
1.9697452653290828,0.036071800741512686
1.9701823551471964,0.011420309268606776
1.97061944496531,0.0008765664844814884
1.9710565347834237,0.002115570880906558
1.9714936246015373,0.004620024288135308
1.971930714419651,0.004737128887849334
1.9723678042377646,0.015095523142165614
1.9728048940558782,0.04720886816731059
1.9732419838739919,0.10326980978948538
1.9736790736921055,0.15946500922892462
1.9741161635102191,0.17109339025196255
1.9745532533283328,0.1805994659200978
1.9749903431464464,0.18380057150413023
1.97542743296456,0.24557572580430784
1.9758645227826737,0.28187247304165614
1.9763016126007873,0.21027777371200193
1.976738702418901,0.17578397995551107
1.9771757922370146,0.17488324319221019
1.9776128820551282,0.1821323849875884
1.9780499718732418,0.18117396419939416
1.9784870616913555,0.166089481606514
1.978924151509469,0.18074239506179376
1.9793612413275827,0.2360344632729981
1.9797983311456964,0.2006534862856139
1.98023542096381,0.15848881878414822
1.9806725107819236,0.167124128275987
1.9811096006000373,0.18182978451826748
1.981546690418151,0.2107624022280272
1.9819837802362645,0.24255177924768406
1.9824208700543782,0.27070818210684794
1.9828579598724918,0.24620361766878765
1.9832950496906054,0.18873418306011983
1.983732139508719,0.1506132536856954
1.9841692293268327,0.15183968197206013
1.9846063191449463,0.18768809757315616
1.98504340896306,0.28750195887821484
1.9854804987811736,0.36709056491128794
1.9859175885992872,0.2955485603362498
1.9863546784174009,0.19227400932328576
1.9867917682355145,0.12873748907664928
1.9872288580536281,0.15383741652941016
1.9876659478717418,0.19442505449577707
1.9881030376898554,0.19132241378557446
1.988540127507969,0.1620287961279593
1.9889772173260827,0.12608283854720811
1.9894143071441963,0.11335883391415848
1.98985139696231,0.12394758190743783
1.9902884867804236,0.13828569061147153
1.9907255765985372,0.15726702910196805
1.9911626664166509,0.156867270591373
1.9915997562347645,0.1106556740441814
1.9920368460528781,0.06806952626662582
1.9924739358709918,0.06261065605397254
1.9929110256891054,0.08674736026854095
1.993348115507219,0.12090363365377159
1.9937852053253327,0.10965947833312976
1.9942222951434463,0.08866821511717164
1.99465938496156,0.12314951155062959
1.9950964747796736,0.15432214604426808
1.9955335645977872,0.16504981493391235
1.9959706544159008,0.16769257876785695
1.9964077442340145,0.14017849104782418
1.996844834052128,0.14374378444758357
1.9972819238702417,0.18182076626596527
1.9977190136883554,0.16420537621148207
1.998156103506469,0.1252730535691425
1.9985931933245826,0.12039496810916044
1.9990302831426963,0.11655083001410853
1.99946737296081,0.09303724076703053
1.9999044627789235,0.09184839870466417
2.000341552597037,0.08540729405431728
2.000778642415151,0.08440286144242058
2.0012157322332644,0.12520276074588157
2.001652822051378,0.14729199615016086
2.0020899118694917,0.12033238505120435
2.0025270016876053,0.14839169477501696
2.002964091505719,0.19732501154354745
2.0034011813238326,0.18319684800604685
2.0038382711419462,0.1716488176790296
2.00427536096006,0.19329574236120248
2.0047124507781735,0.1633572769220771
2.005149540596287,0.1391011434165454
2.0055866304144008,0.1486255707411441
2.0060237202325144,0.1432027767907346
2.006460810050628,0.15974668751724394
2.0068978998687417,0.1714711709435265
2.0073349896868553,0.18836973350977484
2.007772079504969,0.14791894235143951
2.0082091693230826,0.09385187311191454
2.008646259141196,0.0664436259224039
2.00908334895931,0.08894005704637309
2.0095204387774235,0.12296196515092253
2.009957528595537,0.11107941325857222
2.0103946184136507,0.12587786077277754
2.0108317082317644,0.1983841580935613
2.011268798049878,0.22803846138663264
2.0117058878679916,0.17095506782876319
2.0121429776861053,0.16490032204306698
2.012580067504219,0.1862969864009334
2.0130171573223326,0.2013196217706888
2.013454247140446,0.19619799394526963
2.01389133695856,0.19015710205196595
2.0143284267766735,0.19267954561260572
2.014765516594787,0.18107594576023753
2.0152026064129007,0.1484627697304386
2.0156396962310144,0.11670336857316133
2.016076786049128,0.0891555585419354
2.0165138758672416,0.0690579858045386
2.0169509656853553,0.08731086766495291
2.017388055503469,0.08607532274663862
2.0178251453215825,0.10165932569370376
2.018262235139696,0.14530698959152014
2.01869932495781,0.15845986197289982
2.0191364147759234,0.18112916096095022
2.019573504594037,0.23069382608674233
2.0200105944121507,0.26532088892550093
2.0204476842302643,0.26632795279045485
2.020884774048378,0.25938728276142353
2.0213218638664916,0.28640174141146096
2.0217589536846052,0.2994466284547254
2.022196043502719,0.2669789799762211
2.0226331333208325,0.22741222130656263
2.023070223138946,0.18458618599410828
2.0235073129570598,0.1579311514219455
2.0239444027751734,0.1732612003288007
2.024381492593287,0.18862408076894482
2.0248185824114007,0.1994518952186148
2.0252556722295143,0.2163651692677866
2.025692762047628,0.20267510531150265
2.0261298518657416,0.16148666656963878
2.026566941683855,0.1703651904701116
2.027004031501969,0.1902799113655301
2.0274411213200825,0.20134222360329754
2.027878211138196,0.2202561870986278
2.0283153009563097,0.19447830981286768
2.0287523907744234,0.16707428207613215
2.029189480592537,0.16579231887154133
2.0296265704106506,0.16633727740108378
2.0300636602287643,0.18719974351342752
2.030500750046878,0.18014175953408978
2.0309378398649915,0.15412621356709263
2.031374929683105,0.17546209788465097
2.031812019501219,0.2023440412355551
2.0322491093193324,0.1913647825065028
2.032686199137446,0.17423825878003854
2.0331232889555597,0.16247372683611713
2.0335603787736733,0.1582506777177118
2.033997468591787,0.1638549799884408
2.0344345584099006,0.1517331479468573
2.0348716482280143,0.11896490553939316
2.035308738046128,0.12272584106167149
2.0357458278642415,0.15343448077641977
2.036182917682355,0.14578171232834294
2.036620007500469,0.15104713336537143
2.0370570973185824,0.205311363374081
2.037494187136696,0.23283396215294763
2.0379312769548097,0.24956143751243176
2.0383683667729233,0.2570336405294024
2.038805456591037,0.24243892354714772
2.0392425464091506,0.21204092940760658
2.0396796362272642,0.21240694527572154
2.040116726045378,0.21234323812532938
2.0405538158634915,0.19564881462995642
2.040990905681605,0.19488504973341897
2.0414279954997188,0.2153933911034119
2.0418650853178324,0.22132436513367607
2.042302175135946,0.21969294632684797
2.0427392649540597,0.22173069065911719
2.0431763547721733,0.23311841171509137
2.043613444590287,0.2622727299901552
2.0440505344084006,0.277886139068093
2.044487624226514,0.27343998089622473
2.044924714044628,0.25867239098256134
2.0453618038627415,0.2369521985764015
2.045798893680855,0.20183276592508512
2.0462359834989687,0.188083629344682
2.0466730733170824,0.21989968160533727
2.047110163135196,0.21014355870570836
2.0475472529533096,0.20880349250662303
2.0479843427714233,0.24049286172131515
2.048421432589537,0.23615221656174623
2.0488585224076505,0.19885389947349194
2.049295612225764,0.19497523387012725
2.049732702043878,0.23593441581425292
2.0501697918619914,0.2581647095435027
2.050606881680105,0.2387421792473073
2.0510439714982187,0.21220320798990341
2.0514810613163323,0.1947427596179219
2.051918151134446,0.17276079044431755
2.0523552409525596,0.19282507958323727
2.0527923307706732,0.23734143188025486
2.053229420588787,0.22197267972508303
2.0536665104069005,0.1937315041022278
2.054103600225014,0.19405115121691946
2.054540690043128,0.18405203881212
2.0549777798612414,0.17018507342947498
2.055414869679355,0.18315117761155886
2.0558519594974687,0.19773144270997545
2.0562890493155823,0.1880001672723365
2.056726139133696,0.1816617035572868
2.0571632289518096,0.20666869718072625
2.057600318769923,0.21667778786676226
2.058037408588037,0.2202493727121734
2.0584744984061505,0.18569093682806967
2.058911588224264,0.15070940870561186
2.0593486780423778,0.17749157565022705
2.0597857678604914,0.2073803209842752
2.060222857678605,0.22040476056876734
2.0606599474967187,0.21644195347699297
2.0610970373148323,0.21692767757863882
2.061534127132946,0.2307266062259073
2.0619712169510596,0.23979335041201488
2.062408306769173,0.21899662333729664
2.062845396587287,0.19319827587209568
2.0632824864054005,0.20721399545890978
2.063719576223514,0.2222273779117902
2.0641566660416277,0.23107882157473378
2.0645937558597414,0.23389940727980588
2.065030845677855,0.22518311728563575
2.0654679354959686,0.22805510417357275
2.0659050253140823,0.2657512788622024
2.066342115132196,0.2682182025628716
2.0667792049503095,0.20665632464002945
2.067216294768423,0.1454542850541474
2.067653384586537,0.15009235496647505
2.0680904744046504,0.1577176223740491
2.068527564222764,0.15129533415497884
2.0689646540408777,0.14494964723819198
2.0694017438589913,0.14737981296673433
2.069838833677105,0.15909475368619794
2.0702759234952186,0.16721915286332592
2.0707130133133322,0.19570010775910604
2.071150103131446,0.19720304462866708
2.0715871929495595,0.17823957729586892
2.072024282767673,0.1597345309095058
2.0724613725857868,0.1718947183134464
2.0728984624039004,0.1619440545655644
2.073335552222014,0.15203705458285705
2.0737726420401277,0.1502918480285349
2.0742097318582413,0.10141247177904433
2.074646821676355,0.0451241442277644
2.0750839114944686,0.031344260120232906
2.075521001312582,0.030675923624423958
2.075958091130696,0.04188320981634804
2.0763951809488095,0.07350510919545418
2.076832270766923,0.09657500669481645
2.0772693605850368,0.07166463705198735
2.0777064504031504,0.038398846724981776
2.078143540221264,0.053247596229437665
2.0785806300393777,0.10348300615410695
2.0790177198574913,0.12890180112966293
2.079454809675605,0.13590838268894742
2.0798918994937186,0.1664087706947546
2.080328989311832,0.189178427242159
2.080766079129946,0.18863894372991852
2.0812031689480595,0.1936319744346738
2.081640258766173,0.21509760154441304
2.0820773485842867,0.2373586863621999
2.0825144384024004,0.23069482325590043
2.082951528220514,0.1903184622086069
2.0833886180386276,0.17784821227077843
2.0838257078567413,0.1666311135607595
2.084262797674855,0.16605540555564038
2.0846998874929685,0.16362211452271874
2.085136977311082,0.15962584887818204
2.085574067129196,0.15444375355811887
2.0860111569473094,0.12355323640798746
2.086448246765423,0.10773453614097368
2.0868853365835367,0.0992293119733545
2.0873224264016503,0.08886214159461338
2.087759516219764,0.07153119819404123
2.0881966060378776,0.0586623772443385
2.0886336958559912,0.06538861837923242
2.089070785674105,0.08785404610802536
2.0895078754922185,0.11861338259078469
2.089944965310332,0.12226110647774471
2.0903820551284458,0.11035368332572615
2.0908191449465594,0.11453018885365
2.091256234764673,0.1391165461813487
2.0916933245827867,0.12991118073796806
2.0921304144009003,0.16617435639484915
2.092567504219014,0.19565292965354084
2.0930045940371276,0.169764380829471
2.093441683855241,0.16913923209886453
2.093878773673355,0.17817702233802032
2.0943158634914685,0.15489340876319008
2.094752953309582,0.12512015610231975
2.0951900431276957,0.12438157459983117
2.0956271329458094,0.12378891932336715
2.096064222763923,0.11725370012839467
2.0965013125820366,0.12488112806852256
2.0969384024001503,0.14307409495318923
2.097375492218264,0.1489107922836455
2.0978125820363775,0.14247139403812442
2.098249671854491,0.14672283553210308
2.098686761672605,0.14624605738014812
2.0991238514907185,0.14359200284784562
2.099560941308832,0.13890126010877418
2.0999980311269457,0.13547808783037857
2.1004351209450594,0.13736554050143907
2.100872210763173,0.13826117873889018
2.1013093005812866,0.1460824039909088
2.1017463903994003,0.1578072448385759
2.102183480217514,0.17679884845518176
2.1026205700356275,0.20885281504957073
2.103057659853741,0.26534413429941067
2.103494749671855,0.2631936819946566
2.1039318394899684,0.22584307714044777
2.104368929308082,0.2219608856271516
2.1048060191261957,0.1958287111472734
2.1052431089443093,0.16388113083084746
2.105680198762423,0.14431548102343625
2.1061172885805366,0.14418576179011855
2.1065543783986502,0.1464591776137111
2.106991468216764,0.13794350938146588
2.1074285580348775,0.1448326706347176
2.107865647852991,0.14841688620811383
2.1083027376711048,0.1438220073682021
2.1087398274892184,0.15329609594928445
2.109176917307332,0.1951018600386501
2.1096140071254457,0.22811839871957176
2.1100510969435593,0.20183821676752303
2.110488186761673,0.16978298634514516
2.1109252765797866,0.14468375504442774
2.1113623663979,0.1322929466891022
2.111799456216014,0.129083338866903
2.1122365460341275,0.13577416738468467
2.112673635852241,0.143139518295235
2.1131107256703547,0.1371016166975766
2.1135478154884684,0.1307940834875162
2.113984905306582,0.13044984964985779
2.1144219951246956,0.12015458375246856
2.1148590849428093,0.1213013729631752
2.115296174760923,0.13160053347781556
2.1157332645790365,0.1262752720296124
2.11617035439715,0.12167968557715167
2.116607444215264,0.12373373950818946
2.1170445340333774,0.12357519890645337
2.117481623851491,0.1267053013419557
2.1179187136696047,0.13564482135313724
2.1183558034877183,0.14848709883923464
2.118792893305832,0.1565172498262031
2.1192299831239456,0.15866480575225456
2.1196670729420592,0.17456249925567438
2.120104162760173,0.1775271059027128
2.1205412525782865,0.16975520488028847
2.1209783423964,0.16841968688785477
2.121415432214514,0.17004818555137402
2.1218525220326274,0.17204537970342898
2.122289611850741,0.17498066971089266
2.1227267016688547,0.1654421797012588
2.1231637914869683,0.15404293194094748
2.123600881305082,0.150785149329562
2.1240379711231956,0.16210454391584744
2.1244750609413092,0.1732685509690586
2.124912150759423,0.15896687513117072
2.1253492405775365,0.140034873141165
2.12578633039565,0.13645456356066166
2.1262234202137638,0.1298655328631879
2.1266605100318774,0.11717254038640798
2.127097599849991,0.10648396708094894
2.1275346896681047,0.1058160795622427
2.1279717794862183,0.08908958951469068
2.128408869304332,0.07029811470045659
2.1288459591224456,0.07886979478633323
2.129283048940559,0.10759286814922915
2.129720138758673,0.12868124696129576
2.1301572285767865,0.12461570464460547
2.130594318394899,0.11246574386481455
2.131031408213013,0.11770017004309805
2.1314684980311265,0.1207216644251545
2.13190558784924,0.11759631344016871
2.1323426776673537,0.11921893489286091
2.1327797674854674,0.12172505845920738
2.133216857303581,0.11901751945016167
2.1336539471216946,0.1400124797121441
2.1340910369398083,0.1427086951984025
2.134528126757922,0.1196753066480482
2.1349652165760356,0.11709402751655654
2.135402306394149,0.13315797199071847
2.135839396212263,0.15115277237272626
2.1362764860303765,0.1382076904707867
2.13671357584849,0.13737233543624677
2.1371506656666037,0.15721798129194658
2.1375877554847174,0.1634599832272916
2.138024845302831,0.14659725158315454
2.1384619351209446,0.12978607182698823
2.1388990249390583,0.13557935639503113
2.139336114757172,0.13799287586473533
2.1397732045752855,0.1376525420310413
2.140210294393399,0.15782349522477976
2.140647384211513,0.16739492539721798
2.1410844740296264,0.19550421534526538
2.14152156384774,0.17919880467533683
2.1419586536658537,0.1826281761070832
2.1423957434839673,0.14756893625474965
2.142832833302081,0.10440725603866279
2.1432699231201946,0.13466915914903246
2.1437070129383082,0.1431636501641674
2.144144102756422,0.08956860395259085
2.1445811925745355,0.085359666843936
2.145018282392649,0.08815203167491496
2.1454553722107628,0.06870015308442388
2.1458924620288764,0.051781841535131455
2.14632955184699,0.05371697881521189
2.1467666416651037,0.08296173737893557
2.1472037314832173,0.08944065018456125
2.147640821301331,0.08340690109451446
2.1480779111194446,0.07164043753836476
2.148515000937558,0.04637765943984917
2.148952090755672,0.024276668758769823
2.1493891805737855,0.018198295816470752
2.149826270391899,0.03064533664900177
2.1502633602100127,0.0464505567614801
2.1507004500281264,0.07151595340173857
2.15113753984624,0.13780650736851077
2.1515746296643536,0.19179993374599769
2.1520117194824673,0.21545197786760265
2.152448809300581,0.21849587472413948
2.1528858991186945,0.190565869592825
2.153322988936808,0.1845374356643086
2.153760078754922,0.19713463621631228
2.1541971685730354,0.19889081786678808
2.154634258391149,0.21421423359210265
2.1550713482092627,0.24306320552243119
2.1555084380273764,0.25288577980074245
2.15594552784549,0.2645630543673662
2.1563826176636036,0.25347822029380035
2.1568197074817173,0.2526545320278658
2.157256797299831,0.2412248571497372
2.1576938871179445,0.21397035979715207
2.158130976936058,0.20604292370762753
2.158568066754172,0.20882074894245264
2.1590051565722854,0.21090088783578567
2.159442246390399,0.20958287066686784
2.1598793362085127,0.18698054173296583
2.1603164260266263,0.17816372565569052
2.16075351584474,0.19444981455653915
2.1611906056628536,0.21425258303562095
2.1616276954809672,0.23473137695131416
2.162064785299081,0.22088660226806492
2.1625018751171945,0.2129058558831068
2.162938964935308,0.23431317378555647
2.1633760547534218,0.23391159532627942
2.1638131445715354,0.22329078985254833
2.164250234389649,0.22279002329394154
2.1646873242077627,0.22831715133440406
2.1651244140258763,0.23844715471399014
2.16556150384399,0.234583973119839
2.1659985936621036,0.21040365581169423
2.166435683480217,0.1881898601074508
2.166872773298331,0.17882299328429613
2.1673098631164445,0.15130172512887663
2.167746952934558,0.11950534410686395
2.1681840427526717,0.14194303927096663
2.1686211325707854,0.16269058513851725
2.169058222388899,0.16483242023564532
2.1694953122070126,0.20547452570949482
2.1699324020251263,0.24338814684616444
2.17036949184324,0.23336526995889226
2.1708065816613535,0.21209884222824263
2.171243671479467,0.23160901682891866
2.171680761297581,0.24080163397482005
2.1721178511156944,0.20180834314937227
2.172554940933808,0.19206932808809435
2.1729920307519217,0.20670699613968976
2.1734291205700353,0.20896648097024303
2.173866210388149,0.21278204944607595
2.1743033002062626,0.21954115634362534
2.1747403900243762,0.22407551356543762
2.17517747984249,0.23122936446108758
2.1756145696606035,0.2255000335820949
2.176051659478717,0.1960695564753106
2.176488749296831,0.17066724255615748
2.1769258391149444,0.1636438880614395
2.177362928933058,0.16845712577589272
2.1778000187511717,0.1615674346453357
2.1782371085692853,0.14829811112353042
2.178674198387399,0.14956589249048027
2.1791112882055126,0.1644503481272563
2.179548378023626,0.17818170480640225
2.17998546784174,0.17044775802949935
2.1804225576598535,0.1591408153154013
2.180859647477967,0.1692345124918229
2.1812967372960808,0.17491549369970766
2.1817338271141944,0.17903067517890991
2.182170916932308,0.18807106414113753
2.1826080067504217,0.20426306181664722
2.1830450965685353,0.22431996287112166
2.183482186386649,0.21645070164485145
2.1839192762047626,0.17209058314618653
2.184356366022876,0.13540343628506687
2.18479345584099,0.1540429261145408
2.1852305456591035,0.1886930164077947
2.185667635477217,0.19587114532178201
2.1861047252953307,0.19777293803771928
2.1865418151134444,0.20434181244231464
2.186978904931558,0.2049907469860878
2.1874159947496716,0.19183047268502462
2.1878530845677853,0.17485025758257727
2.188290174385899,0.18279479112329677
2.1887272642040125,0.17662478528886819
2.189164354022126,0.15958591390216975
2.18960144384024,0.17099342175676013
2.1900385336583534,0.17887539192809349
2.190475623476467,0.18762240005497624
2.1909127132945807,0.19369815549811914
2.1913498031126943,0.1811699696647428
2.191786892930808,0.18958035497232675
2.1922239827489216,0.18373149079201886
2.1926610725670352,0.17936421404820296
2.193098162385149,0.19803131430302034
2.1935352522032625,0.20881111479480416
2.193972342021376,0.20769909813397083
2.1944094318394898,0.2002675471944289
2.1948465216576034,0.19184970774297466
2.195283611475717,0.18575050654125178
2.1957207012938307,0.19229347351868795
2.1961577911119443,0.20084526758166313
2.196594880930058,0.20288484263670517
2.1970319707481716,0.18957386062594686
2.197469060566285,0.1563404932350245
2.197906150384399,0.15176928846686932
2.1983432402025125,0.16482301781737924
2.198780330020626,0.16076520681530485
2.1992174198387398,0.16415984855436289
2.1996545096568534,0.18214783715255978
2.200091599474967,0.1654736729792033
2.2005286892930807,0.14769722363267634
2.2009657791111943,0.14767578735269743
2.201402868929308,0.15774876112503805
2.2018399587474216,0.15437358984515087
2.202277048565535,0.14525100190584936
2.202714138383649,0.1355843615030746
2.2031512282017625,0.12618287957629276
2.203588318019876,0.12208039513340405
2.2040254078379897,0.1207453074429484
2.2044624976561034,0.12878966977923725
2.204899587474217,0.12205290303569592
2.2053366772923306,0.10815778683806056
2.2057737671104443,0.10252616775658237
2.206210856928558,0.09899952118270978
2.2066479467466715,0.10157659060180077
2.207085036564785,0.09781576461198004
2.207522126382899,0.09675221624418787
2.2079592162010124,0.10328164737912897
2.208396306019126,0.11015829573172387
2.2088333958372397,0.11264136316396757
2.2092704856553533,0.1003443750136264
2.209707575473467,0.09405112456222968
2.2101446652915806,0.10556317277320337
2.2105817551096942,0.11930696483460346
2.211018844927808,0.1390152722305201
2.2114559347459215,0.14944117328325154
2.211893024564035,0.1440165526376958
2.2123301143821488,0.13613835497959864
2.2127672042002624,0.12388516978732225
2.213204294018376,0.11206434384174782
2.2136413838364897,0.11122382238408744
2.2140784736546033,0.11705789763482234
2.214515563472717,0.13018761379631544
2.2149526532908306,0.13059395283127703
2.215389743108944,0.12782222429918613
2.215826832927058,0.12236596452072769
2.2162639227451715,0.12223434357756359
2.216701012563285,0.13103207689104293
2.2171381023813987,0.13750107658015004
2.2175751921995124,0.12626916205537095
2.218012282017626,0.12600390939118364
2.2184493718357396,0.13482615885779625
2.2188864616538533,0.12978942152416773
2.219323551471967,0.14673040565505668
2.2197606412900805,0.16851453919107476
2.220197731108194,0.18948420149885795
2.220634820926308,0.19720188926620072
2.2210719107444215,0.17608680143773273
2.221509000562535,0.1804623779008618
2.2219460903806487,0.21438713455524136
2.2223831801987624,0.21210223210767248
2.222820270016876,0.18743594284706303
2.2232573598349896,0.18957955535224033
2.2236944496531033,0.1965193092027227
2.224131539471217,0.18498557748814926
2.2245686292893305,0.16654347987513346
2.225005719107444,0.17870048528365395
2.225442808925558,0.19038670789025833
2.2258798987436714,0.16282125282163884
2.226316988561785,0.1384557045265057
2.2267540783798987,0.14530771432787395
2.2271911681980123,0.1395288780599175
2.227628258016126,0.11891626906979395
2.2280653478342396,0.12980017183597622
2.2285024376523532,0.16727873871397006
2.228939527470467,0.21090936937833543
2.2293766172885805,0.2183722725522678
2.229813707106694,0.1787390500774378
2.2302507969248078,0.16077802364108185
2.2306878867429214,0.17001064557487297
2.231124976561035,0.16583643807642795
2.2315620663791487,0.18870349941355338
2.2319991561972623,0.210167551682632
2.232436246015376,0.18539784631435643
2.2328733358334896,0.16904153015647885
2.233310425651603,0.15290755515114646
2.233747515469717,0.14063357761396192
2.2341846052878305,0.14531900757724528
2.234621695105944,0.14319366915348056
2.2350587849240577,0.12512421222687048
2.2354958747421714,0.11036518135202075
2.235932964560285,0.11044376704152108
2.2363700543783986,0.11592568086760192
2.2368071441965123,0.11425233221070409
2.237244234014626,0.11368828184797478
2.2376813238327395,0.1351080357879467
2.238118413650853,0.1654442951819286
2.238555503468967,0.18239023491901743
2.2389925932870804,0.17777546985734563
2.239429683105194,0.20405757820128526
2.2398667729233077,0.21166385960261205
2.2403038627414213,0.2171204178576486
2.240740952559535,0.2034917513062436
2.2411780423776486,0.17904470403005993
2.2416151321957622,0.14040681883618217
2.242052222013876,0.10852008835353577
2.2424893118319895,0.1342476787504038
2.242926401650103,0.140136414680991
2.243363491468217,0.10815847423032805
2.2438005812863304,0.11090546833849037
2.244237671104444,0.11707698808544154
2.2446747609225577,0.11776504657652262
2.2451118507406713,0.11841354930036728
2.245548940558785,0.11332171439933236
2.2459860303768986,0.10612230913953337
2.2464231201950122,0.09243306999882879
2.246860210013126,0.08233415058864306
2.2472972998312395,0.06244505324743994
2.247734389649353,0.07345933441997757
2.2481714794674668,0.07810918996088155
2.2486085692855804,0.061046295595289735
2.249045659103694,0.06289133411041004
2.2494827489218077,0.1003057645084613
2.2499198387399213,0.12269064876404827
2.250356928558035,0.12287153962026133
2.2507940183761486,0.1217475316230164
2.251231108194262,0.12423375047600917
2.251668198012376,0.14297998867352324
2.2521052878304895,0.15580219021053396
2.252542377648603,0.15439266800744236
2.2529794674667167,0.1232975019187801
2.2534165572848304,0.1117382037711405
2.253853647102944,0.14055498736855165
2.2542907369210576,0.15246258552262093
2.2547278267391713,0.13596335211717908
2.255164916557285,0.11580965014807917
2.2556020063753985,0.10901496663885632
2.256039096193512,0.11875311520683275
2.256476186011626,0.13652555945436853
2.2569132758297394,0.1155310490216538
2.257350365647853,0.10288781579109221
2.2577874554659667,0.09720399892423613
2.2582245452840803,0.10821861117164609
2.258661635102194,0.1317498436542849
2.2590987249203076,0.1452234480109505
2.2595358147384212,0.14586748413682113
2.259972904556535,0.14397602838383006
2.2604099943746485,0.14152823108814525
2.260847084192762,0.12601506029239884
2.261284174010876,0.12279396391280929
2.2617212638289894,0.12218536030071177
2.262158353647103,0.1501099002443734
2.2625954434652167,0.1687795267903854
2.2630325332833303,0.1790841861412845
2.263469623101444,0.1763018848522258
2.2639067129195576,0.18556375938761177
2.264343802737671,0.19353532974845092
2.264780892555785,0.16754666494374587
2.2652179823738985,0.17841273958027368
2.265655072192012,0.20765962995179063
2.2660921620101258,0.21430936332565026
2.2665292518282394,0.17942652905654644
2.266966341646353,0.13834215129943286
2.2674034314644667,0.11275786361842446
2.2678405212825803,0.13214660119266086
2.268277611100694,0.16207139561348524
2.2687147009188076,0.16698181564246342
2.269151790736921,0.1613061625589387
2.269588880555035,0.1779875104879347
2.2700259703731485,0.20203450627455674
2.270463060191262,0.2035489410730918
2.2709001500093757,0.20101868067582887
2.2713372398274894,0.1744661637768342
2.271774329645603,0.16993376917265676
2.2722114194637166,0.16725351710264677
2.2726485092818303,0.16357580792330498
2.273085599099944,0.18569258355758858
2.2735226889180575,0.17648058058929877
2.273959778736171,0.15939722906373635
2.274396868554285,0.15204287608248174
2.2748339583723984,0.14628572478116664
2.275271048190512,0.14187460364426288
2.2757081380086257,0.13885898190198473
2.2761452278267393,0.15823989896809862
2.276582317644853,0.13622383974918192
2.2770194074629666,0.07673219388882214
2.2774564972810802,0.06669843142460309
2.277893587099194,0.07978605420585697
2.2783306769173075,0.12028413201441744
2.278767766735421,0.15352341660759722
2.2792048565535348,0.16616268699993753
2.2796419463716484,0.15088629555731004
2.280079036189762,0.15218804185787319
2.2805161260078757,0.16295604002944075
2.2809532158259893,0.14482092612966438
2.281390305644103,0.13045115316430705
2.2818273954622166,0.1258239792129905
2.28226448528033,0.11931434114764349
2.282701575098444,0.10984786165739759
2.2831386649165575,0.10784420655683724
2.283575754734671,0.11650710276279767
2.2840128445527847,0.1463980986864432
2.2844499343708984,0.18826842984119643
2.284887024189012,0.19908429462398725
2.2853241140071257,0.1887004707145987
2.2857612038252393,0.1899554703564327
2.286198293643353,0.18712471727282856
2.2866353834614666,0.16956108729896827
2.28707247327958,0.169938569003592
2.287509563097694,0.18948743387138242
2.2879466529158075,0.23819594361290805
2.288383742733921,0.2782503333879384
2.2888208325520347,0.26264633594989567
2.2892579223701484,0.21044228431965545
2.289695012188262,0.165322025428336
2.2901321020063756,0.1838437691217866
2.2905691918244893,0.2373062065733745
2.291006281642603,0.2614727110064399
2.2914433714607165,0.2455496195549219
2.29188046127883,0.21091839826738332
2.292317551096944,0.19358977211616918
2.2927546409150574,0.19538033956010062
2.293191730733171,0.194237377730737
2.2936288205512847,0.17949924416556592
2.2940659103693983,0.18939077074288568
2.294503000187512,0.16886794563329263
2.2949400900056256,0.14618259946441747
2.2953771798237392,0.14483101216976077
2.295814269641853,0.14837503870726673
2.2962513594599665,0.14588325806241081
2.29668844927808,0.1277695104543966
2.2971255390961938,0.12559255597810048
2.2975626289143074,0.16432997908400052
2.297999718732421,0.182276709374728
2.2984368085505347,0.19132199577119505
2.2988738983686483,0.18273109964051715
2.299310988186762,0.21139033012263372
2.2997480780048756,0.2242959944479586
2.300185167822989,0.2172396668750362
2.300622257641103,0.23080426537827323
2.3010593474592165,0.21620859373285797
2.30149643727733,0.16826871485205627
2.3019335270954437,0.16936683032864047
2.3023706169135574,0.18691764309026904
2.302807706731671,0.1891414260002953
2.3032447965497846,0.20464787357136985
2.3036818863678983,0.21168381933453007
2.304118976186012,0.19330196036033587
2.3045560660041255,0.1833725225492238
2.304993155822239,0.17542663733725689
2.305430245640353,0.1879531510470477
2.3058673354584664,0.2007566111582171
2.30630442527658,0.18819215710482617
2.3067415150946937,0.1561162301247952
2.3071786049128074,0.13525250206891087
2.307615694730921,0.13473982247846797
2.3080527845490346,0.15141854334772778
2.3084898743671483,0.166826340268444
2.308926964185262,0.16225352351312833
2.3093640540033755,0.17601078354423477
2.309801143821489,0.19003063668959178
2.310238233639603,0.18610537159256854
2.3106753234577164,0.17720319419436903
2.31111241327583,0.1698475038787568
2.3115495030939437,0.1675833223158266
2.3119865929120573,0.16142381280067328
2.312423682730171,0.15554252847957686
2.3128607725482846,0.173433215144796
2.3132978623663982,0.18865278169123173
2.313734952184512,0.18978520036543564
2.3141720420026255,0.2329020478393459
2.314609131820739,0.23746901676153445
2.3150462216388528,0.21628948274528
2.3154833114569664,0.20168638065707575
2.31592040127508,0.17266155028295863
2.3163574910931937,0.1642012955652937
2.3167945809113073,0.2209832122548152
2.317231670729421,0.19475765776532888
2.3176687605475346,0.15557134128578085
2.318105850365648,0.15167184307451778
2.318542940183762,0.17354624915608846
2.3189800300018755,0.19942429654647914
2.319417119819989,0.1954490362463035
2.3198542096381027,0.19184203396376714
2.3202912994562164,0.19149381127810114
2.32072838927433,0.1715796103532355
2.3211654790924436,0.18116821572859565
2.3216025689105573,0.19588193735319676
2.322039658728671,0.17289860737631155
2.3224767485467845,0.17026210543830705
2.322913838364898,0.17098507758344855
2.323350928183012,0.1696604558692702
2.3237880180011254,0.1509257710589189
2.324225107819239,0.13162987528370038
2.3246621976373527,0.1354428081180105
2.3250992874554663,0.13980367188291537
2.32553637727358,0.1426127592168202
2.3259734670916936,0.15319422093863944
2.3264105569098072,0.1899469482533965
2.326847646727921,0.20569352337117494
2.3272847365460345,0.17752101551116603
2.327721826364148,0.1723494952752063
2.328158916182262,0.1788494140433086
2.3285960060003754,0.17812078384291966
2.329033095818489,0.16524814383576544
2.3294701856366027,0.1521457481737059
2.3299072754547163,0.14622147196538066
2.33034436527283,0.142592375122007
2.3307814550909436,0.14500098918258836
2.331218544909057,0.15231037624748914
2.331655634727171,0.15040565130880515
2.3320927245452845,0.15102434919849536
2.332529814363398,0.17019513928013028
2.3329669041815118,0.17747938102179464
2.3334039939996254,0.1464725718215524
2.333841083817739,0.13162599963882513
2.3342781736358527,0.12734941316826479
2.3347152634539663,0.13032337561678703
2.335152353272079,0.12491377863615245
2.3355894430901927,0.12162087283424373
2.3360265329083063,0.12806429601153682
2.33646362272642,0.1332847536575789
2.3369007125445336,0.14530775050811634
2.337337802362647,0.15710453712783526
2.337774892180761,0.16507211783659503
2.3382119819988745,0.159162044785808
2.338649071816988,0.15609306364086978
2.3390861616351017,0.14200196089807
2.3395232514532154,0.14046557376924199
2.339960341271329,0.1561475701691539
2.3403974310894426,0.1637606314247786
2.3408345209075563,0.1735389328721726
2.34127161072567,0.16543721091318092
2.3417087005437836,0.15520287292532903
2.342145790361897,0.15504114668081467
2.342582880180011,0.14755188855618956
2.3430199699981245,0.14628441002108428
2.343457059816238,0.14382852737634508
2.3438941496343517,0.1446561100125122
2.3443312394524654,0.13815923206129924
2.344768329270579,0.13028524670823183
2.3452054190886926,0.1399111245193559
2.3456425089068063,0.14662758506771106
2.34607959872492,0.15207782095226316
2.3465166885430335,0.1567617879257888
2.346953778361147,0.15542641528145426
2.347390868179261,0.16382939152566509
2.3478279579973744,0.1766678503558699
2.348265047815488,0.1882112395265134
2.3487021376336017,0.20589770632107326
2.3491392274517153,0.19934658848038578
2.349576317269829,0.19202299671604223
2.3500134070879426,0.21131716624665395
2.3504504969060562,0.22039528220044688
2.35088758672417,0.22079192136327244
2.3513246765422835,0.19548017373825263
2.351761766360397,0.189241562798947
2.3521988561785108,0.19514327238074491
2.3526359459966244,0.19066717821008913
2.353073035814738,0.19924406966850314
2.3535101256328517,0.19411915369828986
2.3539472154509653,0.16274168917824333
2.354384305269079,0.14456857635665318
2.3548213950871926,0.17248343115736325
2.355258484905306,0.17310173515858798
2.35569557472342,0.17092318389895095
2.3561326645415335,0.1842573483786973
2.356569754359647,0.18882859171185315
2.3570068441777607,0.20265606502765812
2.3574439339958744,0.2023273223609729
2.357881023813988,0.18479748513389097
2.3583181136321016,0.19103804719608505
2.3587552034502153,0.22152695844757433
2.359192293268329,0.2278485184025731
2.3596293830864425,0.23218304528260886
2.360066472904556,0.23921505065664533
2.36050356272267,0.24899812491179832
2.3609406525407834,0.2634846973752366
2.361377742358897,0.2558779577658537
2.3618148321770107,0.2391544300406218
2.3622519219951243,0.23372347274633576
2.362689011813238,0.24260359516248517
2.3631261016313516,0.22805434271771327
2.3635631914494653,0.2200428137350931
2.364000281267579,0.2194085774497678
2.3644373710856925,0.20084129847921336
2.364874460903806,0.20044672942542613
2.36531155072192,0.21036543326478438
2.3657486405400334,0.21053851762068104
2.366185730358147,0.2200393009061467
2.3666228201762607,0.22858171193605611
2.3670599099943743,0.2393408872025145
2.367496999812488,0.24814155798226545
2.3679340896306016,0.26216211051303334
2.3683711794487152,0.30456233291036067
2.368808269266829,0.32379388784878005
2.3692453590849425,0.32087699393984953
2.369682448903056,0.3203143569535426
2.3701195387211698,0.33778088214869373
2.3705566285392834,0.34531728007409557
2.370993718357397,0.36219086034459197
2.3714308081755107,0.3725947788734857
2.3718678979936243,0.34756345154830137
2.372304987811738,0.332816765705721
2.3727420776298516,0.356884201452063
2.373179167447965,0.4057325188951878
2.373616257266079,0.43308539910226485
2.3740533470841925,0.38065965215625586
2.374490436902306,0.3555844271826998
2.3749275267204197,0.38300520836297247
2.3753646165385334,0.37882242211497447
2.375801706356647,0.3851346375090924
2.3762387961747606,0.37494814959777945
2.3766758859928743,0.33297349370876494
2.377112975810988,0.3235074734094909
2.3775500656291015,0.34891979880200624
2.377987155447215,0.3312937693576927
2.378424245265329,0.2958566012312727
2.3788613350834424,0.3161754230922432
2.379298424901556,0.31311475978572506
2.3797355147196697,0.2858133765396443
2.3801726045377833,0.2770014339318576
2.380609694355897,0.2426303446735682
2.3810467841740106,0.19041407080490105
2.3814838739921242,0.18841262015563798
2.381920963810238,0.15651478741129182
2.3823580536283515,0.12735623782849112
2.382795143446465,0.1323407124002089
2.383232233264579,0.1542044821015945
2.3836693230826924,0.16466688654510242
2.384106412900806,0.12964758428367798
2.3845435027189197,0.10569391536670829
2.3849805925370333,0.08569757361643883
2.385417682355147,0.043978095899511585
2.3858547721732606,0.04991987560088739
2.386291861991374,0.07651032624207363
2.386728951809488,0.10065532259597613
2.3871660416276015,0.0574692221209472
2.387603131445715,0.03448791845234758
2.3880402212638288,0.06799996711190395
2.3884773110819424,0.08230210929210773
2.388914400900056,0.05226937059505527
2.3893514907181697,0.0607052817336862
2.3897885805362833,0.08908780600999355
2.390225670354397,0.04775341540268888
2.3906627601725106,0.03377772898580954
2.391099849990624,0.03716708492432868
2.391536939808738,0.04093844164285377
2.3919740296268515,0.03389558982510773
2.392411119444965,0.022295684802993244
2.3928482092630787,0.020687735069796438
2.3932852990811924,0.03349675596796825
2.393722388899306,0.039844877872019624
2.3941594787174196,0.027426850004391545
2.3945965685355333,0.045031578785068034
2.395033658353647,0.06242831032630742
2.3954707481717605,0.07189458550936544
2.395907837989874,0.04131456970535904
2.396344927807988,0.02493739527714691
2.3967820176261014,0.06098508986715263
2.397219107444215,0.0485675144444789
2.3976561972623287,0.02331206075119747
2.3980932870804423,0.02005427589377004
2.398530376898556,0.032533102749420235
2.3989674667166696,0.018410335503008943
2.3994045565347832,0.006302327726926788
2.399841646352897,0.006590028122513152
2.4002787361710105,0.004815828356167206
2.400715825989124,0.010835986699659109
2.4011529158072378,0.013644600788819112
2.4015900056253514,0.009404530623982646
2.402027095443465,0.012275100677321526
2.4024641852615787,0.011465373760445185
2.4029012750796923,0.009956896639419536
2.403338364897806,0.012420443527623856
2.4037754547159196,0.008818524657978432
2.404212544534033,0.0013937241942738286
2.404649634352147,6.155036541920402e-05
2.4050867241702605,1.0551894952314055e-05
2.405523813988374,4.450885639044036e-06
2.4059609038064877,2.5946166255404733e-06
2.4063979936246014,1.5292528918659777e-06
2.406835083442715,1.4212781851041895e-06
2.4072721732608287,2.755968544556923e-06
2.4077092630789423,4.126322931611837e-06
2.408146352897056,0.0003789963716781676
2.4085834427151696,0.0006984661596119416
2.409020532533283,0.00010761797894431306
2.409457622351397,2.6828449295029565e-06
2.4098947121695105,1.664221785354883e-07
2.410331801987624,3.492896267573512e-07
2.4107688918057377,2.8918597589333327e-07
2.4112059816238514,1.5561223530067953e-07
2.411643071441965,1.0039407828812103e-07
2.4120801612600786,9.6984135309733e-08
2.4125172510781923,9.374684969200658e-08
2.412954340896306,8.281037984543185e-08
2.4133914307144195,7.4841640530383e-08
2.413828520532533,7.177264071904078e-08
2.414265610350647,6.97486951362472e-08
2.4147027001687604,6.758659290414699e-08
2.415139789986874,6.610590754313594e-08
2.4155768798049877,6.588710605448497e-08
2.4160139696231013,6.718809164144294e-08
2.416451059441215,6.905410219083522e-08
2.4168881492593286,6.98491045751138e-08
2.4173252390774422,7.077219205052038e-08
2.417762328895556,7.541708321297622e-08
2.4181994187136695,8.319243298723043e-08
2.418636508531783,8.834348265960287e-08
2.4190735983498968,9.007232292124177e-08
2.4195106881680104,9.722186344137721e-08
2.419947777986124,1.147659992681749e-07
2.4203848678042377,1.32127208921715e-07
2.4208219576223513,1.38716834694999e-07
2.421259047440465,1.4736713081385508e-07
2.4216961372585786,1.8107722096328317e-07
2.422133227076692,2.3224087289543917e-07
2.422570316894806,2.646555058348807e-07
2.4230074067129195,2.7855331121098104e-07
2.423444496531033,3.4075417243067673e-07
2.4238815863491467,4.946068411457821e-07
2.4243186761672604,6.601427331601697e-07
2.424755765985374,7.388206851692036e-07
2.4251928558034876,8.756072830584396e-07
2.4256299456216013,1.452503509764047e-06
2.426067035439715,2.5673600767418655e-06
2.4265041252578285,3.6835973268695835e-06
2.426941215075942,4.859878654140329e-06
2.427378304894056,1.0269182759737278e-05
2.4278153947121695,3.386963083173759e-05
2.428252484530283,0.00012259075754683324
2.4286895743483967,0.002238419184352571
2.4291266641665104,0.022903007027980978
2.429563753984624,0.039937450289045655
2.4300008438027376,0.03602816448979048
2.4304379336208513,0.016790740346427233
2.430875023438965,0.0037575956992538942
2.4313121132570785,0.02692036673777492
2.431749203075192,0.06957464858860153
2.432186292893306,0.05508605955598705
2.4326233827114194,0.02361003771248184
2.433060472529533,0.062233609028525025
2.4334975623476467,0.09898979070020149
2.4339346521657603,0.1202102886466898
2.434371741983874,0.1404673933113951
2.4348088318019876,0.13654323382546482
2.4352459216201012,0.08544388018233748
2.435683011438215,0.025411759634419794
2.4361201012563285,0.011662887856068643
2.436557191074442,0.0055865460068266265
2.4369942808925558,0.0003679923313984933
2.4374313707106694,5.8378263666418616e-05
2.437868460528783,2.2469304505181068e-05
2.4383055503468967,1.2166662331068338e-05
2.4387426401650103,2.7606757807002763e-05
2.439179729983124,0.0010501489618226225
2.4396168198012376,0.005363295346901009
2.440053909619351,0.01676592556141504
2.440490999437465,0.024422177641784254
2.4409280892555785,0.027234095374203574
2.441365179073692,0.020362456792419815
2.4418022688918057,0.016447342113082613
2.4422393587099194,0.0050156911963690565
2.442676448528033,0.004924756514031335
2.4431135383461466,0.017189787097633597
2.4435506281642603,0.04465288576145008
2.443987717982374,0.05749989025044109
2.4444248078004875,0.06858833865222841
2.444861897618601,0.07484872133044898
2.445298987436715,0.09682597486104379
2.4457360772548284,0.14810447892525364
2.446173167072942,0.1712200001748574
2.4466102568910557,0.12547130248544966
2.4470473467091693,0.1018137380118992
2.447484436527283,0.15739579231341572
2.4479215263453966,0.18554227594463998
2.4483586161635102,0.19506136758081336
2.448795705981624,0.19528999039681658
2.4492327957997375,0.17442092646745247
2.449669885617851,0.17944130925562612
2.450106975435965,0.16844847431731128
2.4505440652540784,0.17882967378114173
2.450981155072192,0.18900520944508387
2.4514182448903057,0.19548727043778372
2.4518553347084193,0.19270601525926692
2.452292424526533,0.17795175646401515
2.4527295143446466,0.1314213259820344
2.4531666041627602,0.14228836142654808
2.453603693980874,0.16261416407963045
2.4540407837989875,0.12940193303527203
2.454477873617101,0.12617338164319655
2.4549149634352148,0.12243611745211279
2.4553520532533284,0.16963277803211385
2.455789143071442,0.18076719642728517
2.4562262328895557,0.16847448161833806
2.4566633227076693,0.1684083369600977
2.457100412525783,0.1648301127827391
2.4575375023438966,0.20395550978658342
2.45797459216201,0.227191001566082
2.458411681980124,0.18618867078000892
2.4588487717982375,0.18087235346782085
2.459285861616351,0.1722780647348702
2.4597229514344647,0.12827684423361804
2.4601600412525784,0.12668937062438088
2.460597131070692,0.15703448999120126
2.4610342208888056,0.1696477323093859
2.4614713107069193,0.1307882695745664
2.461908400525033,0.09481003435265149
2.4623454903431465,0.1068054741145953
2.46278258016126,0.1379302063409719
2.463219669979374,0.16948211419758313
2.4636567597974874,0.18493648024714174
2.464093849615601,0.19504211374648078
2.4645309394337147,0.19908063937457113
2.4649680292518283,0.22561378095457166
2.465405119069942,0.24761903652430325
2.4658422088880556,0.24666372432968647
2.4662792987061692,0.21875223936157534
2.466716388524283,0.19232982347809408
2.4671534783423965,0.20293216511546047
2.46759056816051,0.2080859081154129
2.468027657978624,0.17651576990119403
2.4684647477967374,0.17399375980438286
2.468901837614851,0.17673682806668942
2.4693389274329647,0.1759639304834765
2.4697760172510783,0.20598461347077984
2.470213107069192,0.18564494319130254
2.4706501968873056,0.16835322386280382
2.471087286705419,0.20314404848116555
2.471524376523533,0.24543272992713824
2.4719614663416465,0.24304562733680485
2.47239855615976,0.20292661300973208
2.4728356459778738,0.18024276755961108
2.4732727357959874,0.16857274102100223
2.473709825614101,0.17085695903462983
2.4741469154322147,0.17038357599010787
2.4745840052503283,0.17615354759091256
2.475021095068442,0.17977704105157535
2.4754581848865556,0.15718466838733308
2.475895274704669,0.15653219601738882
2.476332364522783,0.15611636068772033
2.4767694543408965,0.1631300018808556
2.47720654415901,0.16531996329258597
2.4776436339771237,0.16108415779775753
2.4780807237952374,0.15674732987378912
2.478517813613351,0.15169534634841125
2.4789549034314646,0.16718683773666473
2.4793919932495783,0.17805251563327348
2.479829083067692,0.18203444287938447
2.4802661728858055,0.2045407457649133
2.480703262703919,0.19461494344850894
2.481140352522033,0.1521217978595447
2.4815774423401464,0.1500679748505301
2.48201453215826,0.16195088631653828
2.4824516219763737,0.1660418622597471
2.4828887117944873,0.15675156843984323
2.483325801612601,0.15240368453878642
2.4837628914307146,0.1459385729306468
2.4841999812488282,0.15292369286803012
2.484637071066942,0.16087644634827236
2.4850741608850555,0.16376237083221504
2.485511250703169,0.183984686820198
2.4859483405212828,0.19903239724715996
2.4863854303393964,0.18997491054377555
2.48682252015751,0.19126371826074506
2.4872596099756237,0.19722345128512742
2.4876966997937373,0.2046146722509587
2.488133789611851,0.19702990943992763
2.4885708794299646,0.18966592927435877
2.489007969248078,0.1689396190740293
2.489445059066192,0.12886924858743715
2.4898821488843055,0.11717119656508515
2.490319238702419,0.13793276814456623
2.4907563285205327,0.15082089445499514
2.4911934183386464,0.14272584257712062
2.49163050815676,0.1300612943183489
2.4920675979748736,0.11702976894270421
2.4925046877929873,0.13657716728098984
2.492941777611101,0.16336518686720466
2.4933788674292146,0.16015528606351756
2.493815957247328,0.15726521168694876
2.494253047065442,0.1564450851259542
2.4946901368835555,0.16573490014516867
2.495127226701669,0.17428119425215155
2.4955643165197827,0.16908117395297245
2.4960014063378964,0.16628922297480112
2.49643849615601,0.16082670126563617
2.4968755859741236,0.14717881891883766
2.4973126757922373,0.14349052090876585
2.497749765610351,0.1589340082159236
2.4981868554284645,0.19469093342286775
2.498623945246578,0.19979254873462976
2.499061035064692,0.21440933697670242
2.4994981248828054,0.20299712072788317
2.499935214700919,0.1732065944699484
2.5003723045190327,0.1703374294763747
2.5008093943371463,0.16497524928835386
2.50124648415526,0.15496249199954515
2.5016835739733736,0.14573297478588723
2.5021206637914872,0.1412541863779619
2.502557753609601,0.15018577291162963
2.5029948434277145,0.1453030699719263
2.503431933245828,0.1346718600724672
2.5038690230639418,0.12901998557030084
2.5043061128820554,0.13535086685677855
2.504743202700169,0.15942308662866791
2.5051802925182827,0.1362878807873997
2.5056173823363963,0.10779482438049874
2.50605447215451,0.11898923649591366
2.5064915619726236,0.13215396408359004
2.506928651790737,0.14089223654732524
2.507365741608851,0.15059651770488044
2.5078028314269645,0.14712948072113516
2.508239921245078,0.16807516012465848
2.5086770110631917,0.17012493352930977
2.5091141008813054,0.17405924514702914
2.509551190699419,0.1766659765195223
2.5099882805175326,0.1865018686784596
2.5104253703356463,0.1974387872832383
2.51086246015376,0.1981149522169006
2.5112995499718735,0.1930274077030091
2.511736639789987,0.19605239742540276
2.512173729608101,0.19500373674019042
2.5126108194262144,0.20707343803947456
2.513047909244328,0.2069237432326195
2.5134849990624417,0.19680459552942106
2.5139220888805553,0.17212577832894121
2.514359178698669,0.15505955795377688
2.5147962685167826,0.17486405205141103
2.5152333583348963,0.20199256203036547
2.51567044815301,0.23681376907747395
2.5161075379711235,0.2476423002337032
2.516544627789237,0.24566064469755858
2.516981717607351,0.2468231524131943
2.5174188074254644,0.269227051732869
2.517855897243578,0.23022829512198764
2.5182929870616917,0.20378027580330368
2.5187300768798053,0.2341138225194948
2.519167166697919,0.25740907587155665
2.5196042565160326,0.24457145070892095
2.5200413463341462,0.2646489077379075
2.52047843615226,0.26293611045669313
2.5209155259703735,0.24777979098763558
2.521352615788487,0.25394701601288483
2.5217897056066008,0.23942186959001802
2.5222267954247144,0.19759178339244707
2.522663885242828,0.163467702054448
2.5231009750609417,0.18067051627929276
2.5235380648790553,0.19052669319867627
2.523975154697169,0.20216429007601305
2.5244122445152826,0.18427225367004776
2.524849334333396,0.16841588989690512
2.52528642415151,0.18452145605166398
2.5257235139696235,0.2062389525413552
2.526160603787737,0.20152837328970166
2.5265976936058507,0.1829371001248339
2.5270347834239644,0.17621626881519672
2.527471873242078,0.17340858203426524
2.5279089630601916,0.18932609438841652
2.5283460528783053,0.20203497744891472
2.528783142696419,0.1691651101653669
2.5292202325145325,0.17922097583893598
2.529657322332646,0.17099671009930476
2.53009441215076,0.14731237496347047
2.5305315019688734,0.15982634803665988
2.530968591786987,0.18668250438699965
2.5314056816051007,0.1997497074792152
2.5318427714232143,0.18891861739679133
2.532279861241328,0.20377243646242182
2.5327169510594416,0.1854040899348557
2.5331540408775552,0.15839964962818195
2.533591130695669,0.15995229136930764
2.5340282205137825,0.17028714216369994
2.534465310331896,0.17670544354327908
2.53490240015001,0.17998482292071283
2.5353394899681234,0.15959721693835832
2.535776579786237,0.17550993975673065
2.5362136696043507,0.19928364405664498
2.5366507594224643,0.19470615696025487
2.537087849240578,0.19547945092187513
2.5375249390586916,0.20610741193074977
2.537962028876805,0.2121897824320609
2.538399118694919,0.20677277187635817
2.5388362085130325,0.21603211426157645
2.539273298331146,0.25324553523
2.539710388149259,0.21962457021265314
2.5401474779673725,0.21486406808251682
2.540584567785486,0.2300136047276316
2.5410216576035998,0.24107837698701504
2.5414587474217134,0.24022136061485605
2.541895837239827,0.23380217097953018
2.5423329270579407,0.2514701517261699
2.5427700168760543,0.26056628090072914
2.543207106694168,0.23179158057602667
2.5436441965122816,0.21130666413791369
2.544081286330395,0.23307733881554804
2.544518376148509,0.23328064721419697
2.5449554659666225,0.20662632954782306
2.545392555784736,0.19544721109421323
2.5458296456028497,0.19607098624112698
2.5462667354209634,0.18975059014596143
2.546703825239077,0.1751324281517057
2.5471409150571906,0.16285764817329026
2.5475780048753043,0.17203234343200152
2.548015094693418,0.19437490556100112
2.5484521845115315,0.2048716905481029
2.548889274329645,0.1764629544486749
2.549326364147759,0.16284191013366314
2.5497634539658725,0.13431767043414086
2.550200543783986,0.14923585365623118
2.5506376336020997,0.18591856962964576
2.5510747234202134,0.18853342013111996
2.551511813238327,0.16710028344128555
2.5519489030564406,0.16560309307224969
2.5523859928745543,0.16924272386857594
2.552823082692668,0.14407700983467356
2.5532601725107815,0.12175784834089855
2.553697262328895,0.12636264159319224
2.554134352147009,0.14807481967794914
2.5545714419651224,0.17726818288507507
2.555008531783236,0.189982120806633
2.5554456216013497,0.18410417497600604
2.5558827114194633,0.18933293428546333
2.556319801237577,0.16631614645790907
2.5567568910556906,0.16028071180750422
2.5571939808738042,0.1640837510932364
2.557631070691918,0.1681954168903931
2.5580681605100315,0.16332160542428692
2.558505250328145,0.15966030015974833
2.5589423401462588,0.18099757889506515
2.5593794299643724,0.17593593902979882
2.559816519782486,0.16162371424074928
2.5602536096005997,0.15394192946130633
2.5606906994187133,0.143325446658303
2.561127789236827,0.14366719963146463
2.5615648790549406,0.13562239872381646
2.562001968873054,0.1410933021781479
2.562439058691168,0.15479637695413215
2.5628761485092815,0.15829325369830818
2.563313238327395,0.15039170124116866
2.5637503281455087,0.1603280079604104
2.5641874179636224,0.1723050406318936
2.564624507781736,0.1284889758891908
2.5650615975998496,0.13081215659836118
2.5654986874179633,0.15366239934944367
2.565935777236077,0.14842615855850388
2.5663728670541905,0.16791670026336666
2.566809956872304,0.15936220274658555
2.567247046690418,0.13425221962639175
2.5676841365085314,0.13602436492965958
2.568121226326645,0.13660860725846044
2.5685583161447587,0.1319016334031561
2.5689954059628723,0.12920404027451585
2.569432495780986,0.11716057080277777
2.5698695855990996,0.10666183025279884
2.5703066754172132,0.10083550705067124
2.570743765235327,0.10158169702534704
2.5711808550534405,0.1110378181304725
2.571617944871554,0.1333228200928126
2.572055034689668,0.14646550506124445
2.5724921245077814,0.14569288750504167
2.572929214325895,0.12728606819061614
2.5733663041440087,0.11103366950501734
2.5738033939621223,0.09200082705586905
2.574240483780236,0.08798031249901639
2.5746775735983496,0.08135900948304232
2.5751146634164632,0.10202266139044716
2.575551753234577,0.10369931273818753
2.5759888430526905,0.11566165309472443
2.576425932870804,0.13255156467208135
2.5768630226889178,0.12907169326395376
2.5773001125070314,0.12305038505802336
2.577737202325145,0.12413338644445436
2.5781742921432587,0.103344784923123
2.5786113819613723,0.09574786380662458
2.579048471779486,0.11695965402392823
2.5794855615975996,0.1303669885284619
2.579922651415713,0.1035191659797174
2.580359741233827,0.11952049139111523
2.5807968310519405,0.16622358298806358
2.581233920870054,0.18306268612576335
2.5816710106881677,0.18643461997189706
2.5821081005062814,0.17195325581273987
2.582545190324395,0.16881580716545538
2.5829822801425086,0.20269863464891366
2.5834193699606223,0.16493946685059432
2.583856459778736,0.15666036393492647
2.5842935495968495,0.14355836524626814
2.584730639414963,0.12453589913421292
2.585167729233077,0.125764958889005
2.5856048190511904,0.16800909082582308
2.586041908869304,0.1954326271438251
2.5864789986874177,0.19479889299934552
2.5869160885055313,0.15424774141623548
2.587353178323645,0.16453424229506922
2.5877902681417586,0.13990300757866908
2.5882273579598722,0.12594031359574281
2.588664447777986,0.12213379760700656
2.5891015375960995,0.13400791919170693
2.589538627414213,0.14544406074756913
2.589975717232327,0.14657726385585532
2.5904128070504404,0.1455682104390332
2.590849896868554,0.15921589719533882
2.5912869866866677,0.16458680442283982
2.5917240765047813,0.13942476146102847
2.592161166322895,0.20493242338577314
2.5925982561410086,0.2238558655996286
2.593035345959122,0.19623121811799019
2.593472435777236,0.2077634201195027
2.5939095255953495,0.2179848491044327
2.594346615413463,0.2283425191901843
2.5947837052315768,0.2200469112670422
2.5952207950496904,0.20020940695341377
2.595657884867804,0.18994674499908853
2.5960949746859177,0.18759673444171748
2.5965320645040313,0.1787879231111452
2.596969154322145,0.17634501172415032
2.5974062441402586,0.1952303709297554
2.597843333958372,0.22755650256623214
2.598280423776486,0.2864147890588689
2.5987175135945995,0.323880937949619
2.599154603412713,0.2925210329327633
2.5995916932308267,0.22512499792375953
2.6000287830489404,0.2296639874222198
2.600465872867054,0.2282002585694214
2.6009029626851676,0.23839628657341724
2.6013400525032813,0.2744006541252754
2.601777142321395,0.2565245700130084
2.6022142321395085,0.24056349863408774
2.602651321957622,0.22730625798200285
2.603088411775736,0.22020253802849749
2.6035255015938494,0.2530809951214562
2.603962591411963,0.22818482396195947
2.6043996812300767,0.18351299651439432
2.6048367710481903,0.16837277026390043
2.605273860866304,0.14126804609249857
2.6057109506844176,0.12134826792820771
2.6061480405025312,0.1214491403965099
2.606585130320645,0.13595722082827236
2.6070222201387585,0.1489361208586433
2.607459309956872,0.14542774851695126
2.6078963997749858,0.12649250651328686
2.6083334895930994,0.12968189623968365
2.608770579411213,0.11951770336984634
2.6092076692293267,0.12827559541770756
2.6096447590474403,0.1314344641913446
2.610081848865554,0.1422942292164562
2.6105189386836676,0.14291089739624216
2.610956028501781,0.17355236865154314
2.611393118319895,0.18520668078064376
2.6118302081380085,0.1697682127145133
2.612267297956122,0.15698338812530216
2.6127043877742357,0.1516407812405045
2.6131414775923494,0.16302520861508177
2.613578567410463,0.14418453815329177
2.6140156572285767,0.14046829540180225
2.6144527470466903,0.15311697661755258
2.614889836864804,0.1633203752550814
2.6153269266829176,0.16287340585092755
2.615764016501031,0.17003987446501942
2.616201106319145,0.17270773809250886
2.6166381961372585,0.16750151894309892
2.617075285955372,0.16416003554102693
2.6175123757734857,0.15538873926812993
2.6179494655915994,0.14114518437398396
2.618386555409713,0.1564047983238066
2.6188236452278266,0.1991813125062886
2.6192607350459403,0.2302269795000644
2.619697824864054,0.21467577361989584
2.6201349146821675,0.19877179213374707
2.620572004500281,0.1937176466418403
2.621009094318395,0.1717883718578114
2.6214461841365084,0.16070340253282572
2.621883273954622,0.19582336305064488
2.6223203637727357,0.2278802240885455
2.6227574535908493,0.22789392949153928
2.623194543408963,0.23562908987410577
2.6236316332270766,0.2437528399238988
2.6240687230451902,0.2505033341086619
2.624505812863304,0.2504966397534866
2.6249429026814175,0.24648659358353195
2.625379992499531,0.2353875655304515
2.6258170823176448,0.21775133808613462
2.6262541721357584,0.20764548070641956
2.626691261953872,0.22676645159747685
2.6271283517719857,0.23080146126811374
2.6275654415900993,0.23202905447854558
2.628002531408213,0.24611871598541563
2.6284396212263266,0.26185618587630505
2.62887671104444,0.2625116716963999
2.629313800862554,0.24807883655999077
2.6297508906806675,0.2344079704275631
2.630187980498781,0.23928726659657498
2.6306250703168947,0.22773459412341643
2.6310621601350084,0.23049727964895997
2.631499249953122,0.23653865336575602
2.6319363397712356,0.23627977682336224
2.6323734295893493,0.23755652306327577
2.632810519407463,0.22162040452649273
2.6332476092255765,0.1969387232297691
2.63368469904369,0.17903005118008214
2.634121788861804,0.18818807101712223
2.6345588786799174,0.20539208832160233
2.634995968498031,0.20087151888903962
2.6354330583161447,0.2086003488877857
2.6358701481342584,0.19113588380873453
2.636307237952372,0.18117412427723933
2.6367443277704856,0.1589342543785762
2.6371814175885993,0.1615156507111401
2.637618507406713,0.1551584332325799
2.6380555972248265,0.1695278854965576
2.63849268704294,0.19212858394524093
2.638929776861054,0.159719844851202
2.6393668666791674,0.16457148901999868
2.639803956497281,0.16473569976967933
2.6402410463153947,0.16415160246200075
2.6406781361335083,0.18167243519998158
2.641115225951622,0.1887815694579799
2.6415523157697356,0.1802823278588244
2.6419894055878492,0.1781655901925702
2.642426495405963,0.16088263127131963
2.6428635852240765,0.15428445110250372
2.64330067504219,0.14063411313280114
2.6437377648603038,0.12652174483577788
2.6441748546784174,0.12371400364720339
2.644611944496531,0.1359255914063399
2.6450490343146447,0.1140643055181613
2.6454861241327583,0.10727226999155992
2.645923213950872,0.1140014741401256
2.6463603037689856,0.1142968600598997
2.646797393587099,0.14151580324808682
2.647234483405213,0.14567765208299283
2.6476715732233265,0.16131748723853825
2.64810866304144,0.17605422432742088
2.6485457528595537,0.17493265561529842
2.6489828426776674,0.15903740211846137
2.649419932495781,0.140416222938595
2.6498570223138946,0.13206272957830922
2.6502941121320083,0.1291561549123061
2.650731201950122,0.13406758747342867
2.6511682917682355,0.15039288650088548
2.651605381586349,0.1626115250148314
2.652042471404463,0.13404976028701815
2.6524795612225764,0.10032809594265227
2.65291665104069,0.07095531820640825
2.6533537408588037,0.08259697961970512
2.6537908306769173,0.10522455805717985
2.654227920495031,0.1269093969183545
2.6546650103131446,0.11641016003890256
2.6551021001312582,0.07870006537114681
2.655539189949372,0.07931505736069329
2.6559762797674855,0.07641191475190304
2.656413369585599,0.07823842818516848
2.656850459403713,0.08051440958648245
2.6572875492218264,0.07771205931837878
2.65772463903994,0.07590557211960011
2.6581617288580537,0.07314050356227715
2.6585988186761673,0.06682690724722347
2.659035908494281,0.05838786818745796
2.6594729983123946,0.05784973503775579
2.659910088130508,0.05918110477479762
2.660347177948622,0.04605147474314253
2.6607842677667355,0.08633363027815606
2.661221357584849,0.11985771319925612
2.6616584474029628,0.11652165479219367
2.6620955372210764,0.11016367241364543
2.66253262703919,0.10374091584061114
2.6629697168573037,0.12042460961466646
2.6634068066754173,0.12414137316989649
2.663843896493531,0.10562268787935396
2.6642809863116446,0.08344516675090949
2.664718076129758,0.06472530631410656
2.665155165947872,0.06916724151750489
2.6655922557659855,0.0915731702251358
2.666029345584099,0.112874399880648
2.6664664354022127,0.11347759827700758
2.6669035252203264,0.10540247665109535
2.66734061503844,0.1021083831091425
2.6677777048565536,0.1006541026783633
2.6682147946746673,0.11015409508907861
2.668651884492781,0.12656582128356866
2.6690889743108945,0.14223848301361788
2.669526064129008,0.1641886303217064
2.669963153947122,0.1729441688339007
2.6704002437652354,0.17739698203242302
2.670837333583349,0.18259384555754823
2.6712744234014627,0.18093079169591633
2.6717115132195763,0.17581319379911453
2.67214860303769,0.19186592860875162
2.6725856928558036,0.1954208176823574
2.6730227826739172,0.19088612198187457
2.673459872492031,0.19702506899818922
2.6738969623101445,0.20412671272715557
2.674334052128258,0.17262908716918557
2.6747711419463718,0.12979864478012823
2.6752082317644854,0.1403966489024105
2.675645321582599,0.1539998001477687
2.6760824114007127,0.14396624403965405
2.6765195012188263,0.15619591212457193
2.67695659103694,0.17982125017240927
2.6773936808550536,0.17753224984919871
2.677830770673167,0.16173785967692436
2.678267860491281,0.1513177958397948
2.6787049503093945,0.1645798211792118
2.679142040127508,0.1657671874432704
2.6795791299456218,0.15439942582316316
2.6800162197637354,0.14060169769877012
2.680453309581849,0.15915839839234663
2.6808903993999627,0.1648235422546849
2.6813274892180763,0.15115789221454695
2.68176457903619,0.11620860486489461
2.6822016688543036,0.10397849523688003
2.682638758672417,0.11875879847794879
2.683075848490531,0.139953943286866
2.6835129383086445,0.15543533652512515
2.683950028126758,0.1685482801729419
2.6843871179448717,0.1805045759916642
2.6848242077629854,0.16078347542745583
2.685261297581099,0.12672481495082022
2.6856983873992126,0.14454105475537624
2.6861354772173263,0.16425674960710532
2.68657256703544,0.14977680058351087
2.6870096568535535,0.12620533676317613
2.687446746671667,0.12861829042277453
2.687883836489781,0.16036193441580604
2.6883209263078944,0.17854355939636649
2.688758016126008,0.17985905097710883
2.6891951059441217,0.13289052298681372
2.6896321957622353,0.1421878025624965
2.690069285580349,0.15251947562308052
2.6905063753984626,0.1488215084016702
2.6909434652165762,0.1347471992720993
2.69138055503469,0.14154180061700172
2.6918176448528035,0.14226446552664632
2.692254734670917,0.1466487126225442
2.6926918244890308,0.17108275437421466
2.6931289143071444,0.1885820913807607
2.693566004125258,0.21260544773841167
2.6940030939433717,0.21419962975338727
2.6944401837614853,0.1944855858584733
2.694877273579599,0.1598266022695738
2.6953143633977126,0.147975992131217
2.695751453215826,0.14138352726664713
2.69618854303394,0.14239604009430498
2.6966256328520535,0.11069682665510201
2.697062722670167,0.14094977846117598
2.6974998124882807,0.16133613513075512
2.6979369023063944,0.13594886048267665
2.698373992124508,0.10845351972812912
2.6988110819426216,0.10936832074641455
2.6992481717607353,0.1199938159519929
2.699685261578849,0.11477165744713777
2.7001223513969626,0.08655429878083602
2.700559441215076,0.10221440165928787
2.70099653103319,0.1300936203590183
2.7014336208513035,0.14217522336795863
2.701870710669417,0.13685933086208873
2.7023078004875307,0.14651167913782623
2.7027448903056444,0.21336781192785723
2.703181980123758,0.1474346794664236
2.7036190699418716,0.13132552207018655
2.7040561597599853,0.23643216080633955
2.704493249578099,0.23601935874614174
2.7049303393962125,0.19063088030300387
2.705367429214326,0.1438471385494726
2.70580451903244,0.12283169547480918
2.7062416088505534,0.17277791319828398
2.706678698668667,0.13410229577021773
2.7071157884867807,0.03844943220218999
2.7075528783048943,0.0008893549149402416
2.707989968123008,0.004396286454124946
2.7084270579411216,0.017916774477309255
2.7088641477592352,0.050899826401563056
2.709301237577349,0.02916896298093642
2.7097383273954625,0.037391391540178766
2.710175417213576,0.021354790924844845
2.7106125070316898,0.0789022707186623
2.7110495968498034,0.0645450042198952
2.711486686667917,0.027571059050638964
2.7119237764860307,0.11548539954831881
2.7123608663041443,0.17427448795021713
2.712797956122258,0.12104293809794328
2.7132350459403716,0.16138645163572535
2.713672135758485,0.17812156438411456
2.714109225576599,0.17813933958758701
2.7145463153947125,0.179013702259576
2.714983405212826,0.1494710349952402
2.7154204950309397,0.16200433132168457
2.7158575848490534,0.17298283805034226
2.716294674667167,0.1590483499605148
2.7167317644852806,0.14986810400017464
2.7171688543033943,0.1259097702675341
2.717605944121508,0.11013450447909048
2.7180430339396215,0.10600253990721546
2.718480123757735,0.08887399123035508
2.718917213575849,0.07558427006373702
2.7193543033939624,0.10771870477150138
2.719791393212076,0.12547157101613923
2.7202284830301897,0.12317528785540403
2.7206655728483033,0.08702545851494524
2.721102662666417,0.03285478003614799
2.7215397524845306,0.0948492473740681
2.7219768423026443,0.15233320699874892
2.722413932120758,0.10115588075101742
2.7228510219388715,0.06334233340630294
2.723288111756985,0.05223391663192652
2.723725201575099,0.04765735883675284
2.7241622913932124,0.045987570500744986
2.724599381211326,0.047154768019125874
2.7250364710294397,0.06360033654029418
2.7254735608475533,0.08532154980247901
2.725910650665667,0.04902694806151999
2.7263477404837806,0.029249237876047586
2.7267848303018942,0.01719246511117096
2.727221920120008,0.011509588417321756
2.7276590099381215,0.001523483339227364
2.728096099756235,0.00018144462282451766
2.7285331895743488,0.0011265289849308646
2.7289702793924624,0.022122038155318106
2.729407369210576,0.06254597790920886
2.7298444590286897,0.10046087949566898
2.7302815488468033,0.10927819231882081
2.730718638664917,0.11608475923801012
2.7311557284830306,0.09359917125606346
2.731592818301144,0.06319641400808887
2.732029908119258,0.07080477114437657
2.7324669979373715,0.10552969860793596
2.732904087755485,0.12812182329007063
2.7333411775735987,0.1322949552566659
2.7337782673917124,0.10518791116146906
2.734215357209826,0.12445074863729565
2.7346524470279396,0.1296171557010567
2.7350895368460533,0.1140357604369466
2.735526626664167,0.10385079776015829
2.7359637164822805,0.10656765944315781
2.736400806300394,0.12251995303980236
2.736837896118508,0.128368857937072
2.7372749859366214,0.15670124705620775
2.737712075754735,0.18830402184589007
2.7381491655728487,0.19849155088413156
2.7385862553909623,0.19757263954332474
2.739023345209076,0.2584478786360219
2.7394604350271896,0.26521502900110805
2.7398975248453032,0.188474719297063
2.740334614663417,0.17825688397022668
2.7407717044815305,0.17985911041030953
2.741208794299644,0.13559841040902565
2.741645884117758,0.12344110326889986
2.7420829739358714,0.1466020488301781
2.742520063753985,0.1420340440990623
2.7429571535720987,0.12850258605768433
2.7433942433902123,0.11315765285882587
2.743831333208326,0.1588093082880518
2.7442684230264387,0.16112553084187714
2.7447055128445523,0.1177824777750657
2.745142602662666,0.11816811747900491
2.7455796924807796,0.1436091114399555
2.7460167822988932,0.15372351853091254
2.746453872117007,0.19723182049779733
2.7468909619351205,0.18524473418381054
2.747328051753234,0.18915133465821943
2.7477651415713478,0.22920563712373604
2.7482022313894614,0.2221856193409701
2.748639321207575,0.16263532056266947
2.7490764110256887,0.18116264421305542
2.7495135008438023,0.1969336088641648
2.749950590661916,0.20833645926596717
2.7503876804800296,0.14110535861559712
2.750824770298143,0.13344624677776423
2.751261860116257,0.1401740157522476
2.7516989499343705,0.17080565506639123
2.752136039752484,0.1798573423765621
2.7525731295705977,0.1884234804033937
2.7530102193887114,0.2004222006638379
2.753447309206825,0.1502148052543743
2.7538843990249386,0.15972490085577798
2.7543214888430523,0.19615121026603413
2.754758578661166,0.19823497175043842
2.7551956684792795,0.2216351712225322
2.755632758297393,0.1863117259227383
2.756069848115507,0.15059457857916117
2.7565069379336204,0.1405018109294715
2.756944027751734,0.1992374053906913
2.7573811175698477,0.17978523023855927
2.7578182073879614,0.17862772992712128
2.758255297206075,0.19070261368909167
2.7586923870241886,0.21844390974608072
2.7591294768423023,0.2345623079467454
2.759566566660416,0.23679756708640776
2.7600036564785295,0.2472443075620387
2.760440746296643,0.236264679984652
2.760877836114757,0.18355415481208462
2.7613149259328704,0.12584758911688404
2.761752015750984,0.10960407480351253
2.7621891055690977,0.10955676720931005
2.7626261953872113,0.10972457269173454
2.763063285205325,0.09652904274452172
2.7635003750234386,0.0917915907600946
2.7639374648415522,0.19286986955468907
2.764374554659666,0.23365067806580989
2.7648116444777795,0.2176125458123585
2.765248734295893,0.25652570064931857
2.7656858241140068,0.2897629131354074
2.7661229139321204,0.31276033441937917
2.766560003750234,0.28176023464754923
2.7669970935683477,0.2621531615671215
2.7674341833864613,0.22194680335050032
2.767871273204575,0.22219503009830968
2.7683083630226886,0.18916087061327236
2.768745452840802,0.1665797791059012
2.769182542658916,0.1688015975969201
2.7696196324770295,0.15711254141511138
2.770056722295143,0.1843383223265362
2.7704938121132567,0.18730918447209047
2.7709309019313704,0.1652998815614464
2.771367991749484,0.17566047742350682
2.7718050815675976,0.18251643003318932
2.7722421713857113,0.1551250247516487
2.772679261203825,0.1439007790274742
2.7731163510219385,0.13967839306595584
2.773553440840052,0.11714339007648449
2.773990530658166,0.12516399626185162
2.7744276204762794,0.1460767969119341
2.774864710294393,0.1506190463859102
2.7753018001125067,0.15395282683652559
2.7757388899306203,0.15316517297800145
2.776175979748734,0.17737130332504383
2.7766130695668476,0.17607455680760825
2.7770501593849612,0.16152945916998604
2.777487249203075,0.17442378916810328
2.7779243390211885,0.1568074794502876
2.778361428839302,0.15888476287411255
2.778798518657416,0.15388238542972626
2.7792356084755294,0.10775739461353799
2.779672698293643,0.09568913144229886
2.7801097881117567,0.10837352638119323
2.7805468779298703,0.13787539691290807
2.780983967747984,0.1513685043327418
2.7814210575660976,0.12210354540762415
2.781858147384211,0.1148224033799224
2.782295237202325,0.1573429023344592
2.7827323270204385,0.15467623789619514
2.783169416838552,0.10662233132578114
2.7836065066566658,0.07597263588834989
2.7840435964747794,0.06636775815158516
2.784480686292893,0.07371710294138269
2.7849177761110067,0.10992289760536653
2.7853548659291203,0.11807788054431655
2.785791955747234,0.09186210458383351
2.7862290455653476,0.09044795270483799
2.786666135383461,0.079573102707632
2.787103225201575,0.08815795190210962
2.7875403150196885,0.10100035725222033
2.787977404837802,0.0921612926348617
2.7884144946559157,0.09539735857575297
2.7888515844740294,0.09719777185129468
2.789288674292143,0.0979235168420195
2.7897257641102566,0.09155245934711075
2.7901628539283703,0.11327701411436267
2.790599943746484,0.12041931788221129
2.7910370335645975,0.0906839531184734
2.791474123382711,0.0862457511712218
2.791911213200825,0.10102700332562844
2.7923483030189384,0.09050476201447556
2.792785392837052,0.07516895781861298
2.7932224826551657,0.07323491382889884
2.7936595724732793,0.08090062254607507
2.794096662291393,0.0966367689648452
2.7945337521095066,0.0871805805107201
2.7949708419276202,0.0935783748759973
2.795407931745734,0.08741381345127792
2.7958450215638475,0.07828882078876213
2.796282111381961,0.0900104190198348
2.796719201200075,0.12414261402989736
2.7971562910181884,0.14496136497298423
2.797593380836302,0.12958661911714317
2.7980304706544157,0.11384663264303327
2.7984675604725293,0.11826812885046782
2.798904650290643,0.11893818616217236
2.7993417401087566,0.11406415360262913
2.79977882992687,0.09523643803854444
2.800215919744984,0.10146057980657729
2.8006530095630975,0.08415677389035026
2.801090099381211,0.08332672487278249
2.8015271891993248,0.08644773846300897
2.8019642790174384,0.06921374223757013
2.802401368835552,0.08711373957674198
2.8028384586536657,0.08430177949234596
2.8032755484717793,0.09129599965342264
2.803712638289893,0.08070860939260238
2.8041497281080066,0.0783206883644013
2.80458681792612,0.10704095281952153
2.805023907744234,0.13430664336600287
2.8054609975623475,0.14834024423827102
2.805898087380461,0.13025961065990926
2.8063351771985747,0.11492698916963529
2.8067722670166884,0.11657878719024782
2.807209356834802,0.1054411807581256
2.8076464466529156,0.09527274588897637
2.8080835364710293,0.10007509998599502
2.808520626289143,0.11044808516687796
2.8089577161072565,0.10773999048505752
2.80939480592537,0.1199288091896646
2.809831895743484,0.1244806418299943
2.8102689855615974,0.13146324105822427
2.810706075379711,0.1229324436352364
2.8111431651978247,0.08634305380303385
2.8115802550159383,0.0995524379216594
2.812017344834052,0.11285924942866954
2.8124544346521656,0.12979429232154255
2.8128915244702792,0.13677100994483607
2.813328614288393,0.14932778269149324
2.8137657041065065,0.13395401448572233
2.81420279392462,0.11405626068696408
2.8146398837427338,0.13787307954294123
2.8150769735608474,0.1721226079231779
2.815514063378961,0.17276161438763754
2.8159511531970747,0.1805684079948042
2.8163882430151883,0.16342477279080628
2.816825332833302,0.1540338978037092
2.8172624226514156,0.1554715699085891
2.817699512469529,0.15440226932541615
2.818136602287643,0.1736551586761202
2.8185736921057565,0.1865559337263047
2.81901078192387,0.19323163444533506
2.8194478717419837,0.19133773213905916
2.8198849615600974,0.20167715585424698
2.820322051378211,0.19713909601105992
2.8207591411963246,0.18583453533665212
2.8211962310144383,0.19525581484671978
2.821633320832552,0.15506938469596063
2.8220704106506656,0.14013365226447902
2.822507500468779,0.1868646527881963
2.822944590286893,0.17426157805214504
2.8233816801050065,0.12975138654622823
2.82381876992312,0.11987080369590404
2.8242558597412337,0.11458897215061847
2.8246929495593474,0.11781316319891133
2.825130039377461,0.11816056553060647
2.8255671291955746,0.09468300476706012
2.8260042190136883,0.08666115650757344
2.826441308831802,0.13180730794340095
2.8268783986499155,0.16437103989325638
2.827315488468029,0.11501811644754838
2.827752578286143,0.11496673874506198
2.8281896681042564,0.10455764267980323
2.82862675792237,0.09742697775732097
2.8290638477404837,0.14053526950665304
2.8295009375585973,0.17025862328862082
2.829938027376711,0.1509936408449422
2.8303751171948246,0.12159424211277874
2.8308122070129382,0.10781465778664437
2.831249296831052,0.08056163350725783
2.8316863866491655,0.08342838269017719
2.832123476467279,0.08862630715018167
2.8325605662853928,0.10191181268778214
2.8329976561035064,0.11459215992543005
2.83343474592162,0.09733701456057646
2.8338718357397337,0.0884931154440146
2.8343089255578473,0.07905694710452489
2.834746015375961,0.08215418286858135
2.8351831051940746,0.09230740290039172
2.835620195012188,0.11358455978708705
2.836057284830302,0.12582275106420235
2.8364943746484155,0.10743966317678179
2.836931464466529,0.1431529703340678
2.8373685542846427,0.14930978425541985
2.8378056441027564,0.1395041726914638
2.83824273392087,0.11435080077429285
2.8386798237389836,0.09985798587800007
2.8391169135570973,0.11669555990498513
2.839554003375211,0.12632884089925595
2.8399910931933245,0.10402352631476759
2.840428183011438,0.08053463833595485
2.840865272829552,0.1015825082784971
2.8413023626476654,0.11511953658348224
2.841739452465779,0.10921113988417551
2.8421765422838927,0.08468433273436436
2.8426136321020063,0.08775163543886758
2.84305072192012,0.0982697552285724
2.8434878117382336,0.09005666424750589
2.8439249015563473,0.08246903835569656
2.844361991374461,0.06135021364086333
2.8447990811925745,0.06187307985534195
2.845236171010688,0.058845169327333295
2.845673260828802,0.05262872354562381
2.8461103506469154,0.056478381682205224
2.846547440465029,0.04422767451642442
2.8469845302831427,0.036979843046413476
2.8474216201012563,0.040068540660423695
2.84785870991937,0.035189852372099296
2.8482957997374836,0.03904664745432713
2.8487328895555972,0.05549067444147477
2.849169979373711,0.05267709534648004
2.8496070691918245,0.06386555726319829
2.850044159009938,0.085039973214951
2.8504812488280518,0.11122117394060713
2.8509183386461654,0.09148200421328968
2.851355428464279,0.06890898810509506
2.8517925182823927,0.09456066267109296
2.8522296081005063,0.11386947270166306
2.85266669791862,0.11073199961837685
2.8531037877367336,0.08262341539326225
2.853540877554847,0.12258506627825803
2.853977967372961,0.11258044991566388
2.8544150571910745,0.11304730412043955
2.854852147009188,0.10864644139077272
2.8552892368273017,0.12083614939551934
2.8557263266454154,0.13050445979902905
2.856163416463529,0.11585122362530109
2.8566005062816426,0.10237693997420724
2.8570375960997563,0.10115686485538213
2.85747468591787,0.1048347272661022
2.8579117757359835,0.10746496238534965
2.858348865554097,0.08707382462830919
2.858785955372211,0.09393759772658881
2.8592230451903244,0.07725464189263256
2.859660135008438,0.11540341881724424
2.8600972248265517,0.15710235997934596
2.8605343146446653,0.11061519677515833
2.860971404462779,0.1145118160133335
2.8614084942808926,0.08847544429670659
2.8618455840990062,0.10093254178845641
2.86228267391712,0.11599746816957379
2.8627197637352335,0.11880123246513564
2.863156853553347,0.10684983341241806
2.863593943371461,0.11434518693080338
2.8640310331895744,0.10949985086727514
2.864468123007688,0.16407297743344637
2.8649052128258017,0.18662588836861463
2.8653423026439153,0.1354355396920195
2.865779392462029,0.1141988429324702
2.8662164822801426,0.1304956723651892
2.866653572098256,0.15260806536254634
2.86709066191637,0.14779750903091562
2.8675277517344835,0.17313417982447596
2.867964841552597,0.22015137574400198
2.8684019313707108,0.13962880677113287
2.8688390211888244,0.10846374314685454
2.869276111006938,0.14788724878622952
2.8697132008250517,0.18660507543374377
2.8701502906431653,0.18921003143885048
2.870587380461279,0.16932072663296277
2.8710244702793926,0.1766032012042775
2.871461560097506,0.12050326115138675
2.87189864991562,0.088387146196204
2.8723357397337335,0.04518875945308932
2.872772829551847,0.0463419601697297
2.8732099193699607,0.07376438681965178
2.8736470091880744,0.11227988933080262
2.874084099006188,0.16783353264843207
2.8745211888243016,0.1569977135019511
2.8749582786424153,0.24700480418340223
2.875395368460529,0.11323246235223153
2.8758324582786425,0.19214282129052002
2.876269548096756,0.258357299219511
2.87670663791487,0.17321033731677216
2.8771437277329834,0.274034741247637
2.877580817551097,0.23322220435843194
2.8780179073692107,0.12231322294766897
2.8784549971873243,0.15145539488594278
2.878892087005438,0.15210142056893286
2.8793291768235516,0.09044410041127728
2.8797662666416652,0.10807262218569542
2.880203356459779,0.05133826860505203
2.8806404462778925,0.04842504302167716
2.881077536096006,0.037409499458724606
2.8815146259141198,0.06009226963512202
2.8819517157322334,0.20278689033223246
2.882388805550347,0.2891863218356084
2.8828258953684607,0.2593692277807938
2.8832629851865743,0.13945433726631914
2.883700075004688,0.03150334034504369
2.8841371648228016,0.00116270608644269
2.884574254640915,0.00017431310624951328
2.885011344459029,8.107333236749403e-05
2.8854484342771425,0.0001375284852207888
2.885885524095256,0.0028827911846137128
2.8863226139133698,0.03363319111553018
2.8867597037314834,0.05415221077546526
2.887196793549597,0.05285147677069125
2.8876338833677107,0.07245453157447142
2.8880709731858243,0.07548737370671368
2.888508063003938,0.0678400181161899
2.8889451528220516,0.057573600782528205
2.889382242640165,0.045394071144035805
2.889819332458279,0.011067798163564938
2.8902564222763925,0.03484338678364283
2.890693512094506,0.11759670606850676
2.8911306019126197,0.09590762076811822
2.8915676917307334,0.06892981044727735
2.892004781548847,0.06652994596378346
2.8924418713669606,0.07555463936893528
2.8928789611850743,0.06375435138436289
2.893316051003188,0.05398261790839793
2.8937531408213015,0.05186237125042276
2.894190230639415,0.049691438096105954
2.894627320457529,0.04688239984345723
2.8950644102756424,0.08422600240177662
2.895501500093756,0.14592603782768881
2.8959385899118697,0.18976094604591376
2.8963756797299833,0.16578318895044403
2.896812769548097,0.13313847524474515
2.8972498593662106,0.14744440325310598
2.8976869491843242,0.1427297481713657
2.898124039002438,0.14338981901573927
2.8985611288205515,0.11114950227941853
2.898998218638665,0.15771451948264684
2.8994353084567788,0.17497483642090358
2.8998723982748924,0.12953748003934654
2.900309488093006,0.0905250607783149
2.9007465779111197,0.09686763625376828
2.9011836677292333,0.1089540130036634
2.901620757547347,0.09137366114649693
2.9020578473654606,0.05160217660760134
2.902494937183574,0.04265346216161524
2.902932027001688,0.09374773506624269
2.9033691168198015,0.21610498745040388
2.903806206637915,0.2114626970801303
2.9042432964560287,0.25071390654174663
2.9046803862741424,0.28632750397894907
2.905117476092256,0.2976911344267746
2.9055545659103696,0.2033449066583378
2.9059916557284833,0.1410683084173471
2.906428745546597,0.17910567867630348
2.9068658353647105,0.15319949560534737
2.907302925182824,0.18657648196864493
2.907740015000938,0.17628825742565393
2.9081771048190515,0.15083150405785964
2.908614194637165,0.15648725531318494
2.9090512844552787,0.1856098689491485
2.9094883742733924,0.12211529080852006
2.909925464091506,0.1404341514486859
2.9103625539096196,0.16786192771505667
2.9107996437277333,0.2570013917672792
2.911236733545847,0.2620354988766298
2.9116738233639605,0.17558652409079295
2.912110913182074,0.2272729090319841
2.912548003000188,0.2603196339084345
2.9129850928183014,0.17693893319562237
2.913422182636415,0.1798269758014507
2.9138592724545287,0.24188218373552298
2.9142963622726423,0.2225541907633041
2.914733452090756,0.209085636956257
2.9151705419088696,0.16533681668304884
2.9156076317269832,0.21377004987662865
2.916044721545097,0.1143515839706081
2.9164818113632105,0.007259514798180886
2.916918901181324,0.00047939183762999154
2.9173559909994378,0.0020022168963916565
2.9177930808175514,0.08390930153802093
2.918230170635665,0.257580455963381
2.9186672604537787,0.130385653784241
2.9191043502718923,0.00462248416000625
2.919541440090006,0.0003155198081683349
2.9199785299081196,7.846834666926723e-05
2.920415619726233,3.027383824340303e-05
2.920852709544347,1.5216695604290448e-05
2.9212897993624605,9.571490098648546e-06
2.921726889180574,7.674939715000699e-06
2.9221639789986877,8.104478581187955e-06
2.9226010688168014,1.133303832926403e-05
2.923038158634915,2.0769513220573038e-05
2.9234752484530286,5.205031101000122e-05
2.9239123382711423,0.00022534261171822172
2.924349428089256,0.0059953952127056774
2.9247865179073695,0.04410402128001157
2.925223607725483,0.1098230064184442
2.925660697543597,0.1520581789350272
2.9260977873617104,0.2762828099430521
2.926534877179824,0.14085817416903837
2.9269719669979377,0.17017930881678198
2.9274090568160513,0.04059402352246611
2.927846146634165,0.02007122262322626
2.9282832364522786,0.00019025068156996327
2.9287203262703922,4.923269062906864e-05
2.929157416088506,2.1761554827137417e-05
2.9295945059066195,1.349252108128221e-05
2.930031595724733,1.1655021341556524e-05
2.930468685542847,1.4145592417620162e-05
2.9309057753609604,2.3711197813204494e-05
2.931342865179074,5.6386596887366144e-05
2.9317799549971877,0.00023985861460237146
2.9322170448153013,0.015752333838766477
2.932654134633415,0.08063459765279903
2.9330912244515286,0.08407588644578277
2.9335283142696422,0.13102514774688787
2.933965404087756,0.1553499202709088
2.9344024939058695,0.1814392809929575
2.934839583723983,0.21259915400914767
2.9352766735420968,0.2793966902797755
2.9357137633602104,0.293603007147202
2.936150853178324,0.3724217781163719
2.9365879429964377,0.44093375794341966
2.9370250328145513,0.3539216330192486
2.937462122632665,0.2828546772083137
2.9378992124507786,0.18289915680544042
2.938336302268892,0.12084222755173082
2.938773392087006,0.07561724240438765
2.9392104819051195,0.06250909678248215
2.939647571723233,0.048858971986368585
2.9400846615413467,0.04598737576856993
2.9405217513594604,0.060644263265505295
2.940958841177574,0.060467676200730416
2.9413959309956876,0.06168279969575983
2.9418330208138013,0.06609123844678169
2.942270110631915,0.06754791530836636
2.9427072004500285,0.06573069655489026
2.943144290268142,0.06179579039148786
2.943581380086256,0.07015772445897996
2.9440184699043694,0.06755205735478093
2.944455559722483,0.06898764318020247
2.9448926495405967,0.07603795482041044
2.9453297393587103,0.09421688661653604
2.945766829176824,0.0901318484721834
2.9462039189949376,0.09354977972276712
2.9466410088130512,0.17188417161471312
2.947078098631165,0.18089754553657597
2.9475151884492785,0.13955780848655588
2.947952278267392,0.09521116473116016
2.948389368085506,0.07086656208782491
2.9488264579036185,0.07152752881179957
2.949263547721732,0.07551728910523677
2.949700637539846,0.07568630450007274
2.9501377273579594,0.07629741110153714
2.950574817176073,0.07572902191070804
2.9510119069941867,0.08286439389681759
2.9514489968123003,0.07527949707075064
2.951886086630414,0.07644267980145496
2.9523231764485276,0.08881164657695258
2.9527602662666412,0.09400976984225444
2.953197356084755,0.0795874685305273
2.9536344459028685,0.07631217242778653
2.954071535720982,0.07417152099048578
2.9545086255390958,0.06300674212852289
2.9549457153572094,0.059161093117673584
2.955382805175323,0.056349526011314384
2.9558198949934367,0.049004766556134484
2.9562569848115503,0.04948224478775669
2.956694074629664,0.04554953176453663
2.9571311644477776,0.04413913995963319
2.957568254265891,0.04237508018384031
2.958005344084005,0.04360201121420491
2.9584424339021185,0.04912028800230308
2.958879523720232,0.07119502713065284
2.9593166135383457,0.07605840244867147
2.9597537033564594,0.08153395029547851
2.960190793174573,0.07482798733423868
2.9606278829926866,0.07138017509510701
2.9610649728108003,0.07151130983656295
2.961502062628914,0.0846158641265182
2.9619391524470275,0.0897674812802489
2.962376242265141,0.08369261971947213
2.962813332083255,0.08082977557730762
2.9632504219013684,0.08687107072270893
2.963687511719482,0.08615716704902063
2.9641246015375957,0.08596261974922814
2.9645616913557093,0.08269420455618769
2.964998781173823,0.08308706814153186
2.9654358709919366,0.08538176736469334
2.9658729608100503,0.09150860883624577
2.966310050628164,0.08907850200557489
2.9667471404462775,0.09279625641884016
2.967184230264391,0.08826675764557954
2.967621320082505,0.08255011346566886
2.9680584099006184,0.08445499100468666
2.968495499718732,0.08921880772858375
2.9689325895368457,0.08927198752617903
2.9693696793549593,0.09879181788462264
2.969806769173073,0.10286104826930183
2.9702438589911866,0.10422538075284786
2.9706809488093002,0.10178408993916448
2.971118038627414,0.10194992035179222
2.9715551284455275,0.10882862607645737
2.971992218263641,0.10842046437738206
2.9724293080817548,0.09713443587485247
2.9728663978998684,0.09063325813788284
2.973303487717982,0.09456010119355986
2.9737405775360957,0.10551282419124551
2.9741776673542093,0.10489839513275807
2.974614757172323,0.1067587464322763
2.9750518469904366,0.11107190391052568
2.97548893680855,0.10468287863486306
2.975926026626664,0.10121352917416414
2.9763631164447775,0.10396310743655254
2.976800206262891,0.11847728323640787
2.9772372960810047,0.12122613577283396
2.9776743858991184,0.11955181500773285
2.978111475717232,0.1281880720316544
2.9785485655353456,0.13488883496285492
2.9789856553534593,0.13536867258176613
2.979422745171573,0.14362834837406585
2.9798598349896865,0.14964003388760747
2.9802969248078,0.16368117076797625
2.980734014625914,0.18364281419052372
2.9811711044440274,0.15843605724262558
2.981608194262141,0.19711251753655737
2.9820452840802547,0.1743165636459528
2.9824823738983683,0.15865223836432235
2.982919463716482,0.14816739859148353
2.9833565535345956,0.1347641349662344
2.9837936433527092,0.13661858341929914
2.984230733170823,0.12324502142844695
2.9846678229889365,0.12037317505569348
2.98510491280705,0.11986385301101
2.985542002625164,0.11237235812196114
2.9859790924432774,0.1081025932542785
2.986416182261391,0.10926535552445978
2.9868532720795047,0.10870733575199086
2.9872903618976183,0.1056749429445339
2.987727451715732,0.09922896470165056
2.9881645415338456,0.0947123748307003
2.988601631351959,0.0886346576346142
2.989038721170073,0.08933894444074084
2.9894758109881865,0.09301469802983399
2.9899129008063,0.08999429040370766
2.9903499906244138,0.08994527255502267
2.9907870804425274,0.09221570591381824
2.991224170260641,0.09284187586530565
2.9916612600787547,0.09033321460008412
2.9920983498968683,0.0941334237045117
2.992535439714982,0.09498576375977938
2.9929725295330956,0.09077893278479846
2.993409619351209,0.08541095463992354
2.993846709169323,0.08185943677359307
2.9942837989874365,0.08508745067477937
2.99472088880555,0.08614521230837464
2.9951579786236637,0.08623732618982717
2.9955950684417774,0.0842593195637303
2.996032158259891,0.07780614930141995
2.9964692480780046,0.07177113452639142
2.9969063378961183,0.0707154028112859
2.997343427714232,0.07456044683412731
2.9977805175323455,0.0836658794098912
2.998217607350459,0.0805268341847594
2.998654697168573,0.0831029479642628
2.9990917869866864,0.15214220298718345
2.9995288768048,0.1548408871348006
2.9999659666229137,0.12822718182487416
3.0004030564410273,0.12336946733368283
3.000840146259141,0.12218194570518127
3.0012772360772546,0.10199161697588617
3.0017143258953682,0.10521170777417799
3.002151415713482,0.23904827672848245
3.0025885055315955,0.2879343425451317
3.003025595349709,0.22907935164055124
3.0034626851678228,0.20851873592653153
3.0038997749859364,0.19332986901725904
3.00433686480405,0.17131644476599875
3.0047739546221637,0.22353791313336083
3.0052110444402773,0.235131196875391
3.005648134258391,0.21778745441671107
3.0060852240765046,0.19572392972149827
3.006522313894618,0.18974082264875952
3.006959403712732,0.17332324840571012
3.0073964935308455,0.10894631691875238
3.007833583348959,0.1359358624620042
3.0082706731670728,0.1061406172618506
3.0087077629851864,0.10223385600735928
3.0091448528033,0.1076667804507074
3.0095819426214137,0.14098531601308764
3.0100190324395273,0.1326128281503817
3.010456122257641,0.13749577803139232
3.0108932120757546,0.12772363541700096
3.011330301893868,0.12994162341008866
3.011767391711982,0.10237994671278265
3.0122044815300955,0.09767063326399664
3.012641571348209,0.12769739955905382
3.0130786611663227,0.1564613761994898
3.0135157509844364,0.15848847267732763
3.01395284080255,0.1463814909866206
3.0143899306206636,0.13782339938406296
3.0148270204387773,0.1423575707365954
3.015264110256891,0.14693153393203984
3.0157012000750045,0.16775612250716695
3.016138289893118,0.126082691521626
3.016575379711232,0.1246378275775282
3.0170124695293454,0.14237549441521014
3.017449559347459,0.13540172672157247
3.0178866491655727,0.10314666560321159
3.0183237389836863,0.1216681900188908
3.0187608288018,0.09865375862300585
3.0191979186199136,0.1364094123632987
3.0196350084380272,0.1628891788597336
3.020072098256141,0.13416755501744132
3.0205091880742545,0.0934508246826233
3.020946277892368,0.1028061332983025
3.0213833677104818,0.09212698807145177
3.0218204575285954,0.11860265820693017
3.022257547346709,0.13629364723968115
3.0226946371648227,0.14916812968479087
3.0231317269829363,0.11909561938297974
3.02356881680105,0.115827807332208
3.0240059066191636,0.10872434765084293
3.024442996437277,0.11980578805270149
3.024880086255391,0.14939136221492952
3.0253171760735045,0.1624169346410598
3.025754265891618,0.1251075616098535
3.0261913557097317,0.1031888011649625
3.0266284455278454,0.12426477579940606
3.027065535345959,0.10370668613612524
3.0275026251640726,0.09986552865438396
3.0279397149821863,0.13305745313509407
3.0283768048003,0.12603046668514248
3.0288138946184135,0.10641452447288005
3.029250984436527,0.08411728153171225
3.029688074254641,0.035955249709527445
3.0301251640727545,0.04868583137653127
3.030562253890868,0.053903486203014175
3.0309993437089817,0.10792788349212555
3.0314364335270954,0.07513916342172167
3.031873523345209,0.04582066855636798
3.0323106131633226,0.049352244448218244
3.0327477029814363,0.046825487666753415
3.03318479279955,0.04627761363521787
3.0336218826176635,0.0891416523880469
3.034058972435777,0.07961244498528997
3.034496062253891,0.06679201688806723
3.0349331520720044,0.06421690551327734
3.035370241890118,0.06286238039691062
3.0358073317082317,0.06537547410810411
3.0362444215263453,0.05889746347911899
3.036681511344459,0.11667309271872443
3.0371186011625726,0.15473288589515502
3.0375556909806862,0.1122511204629509
3.0379927807988,0.10080937835823445
3.0384298706169135,0.10980805757144374
3.038866960435027,0.10499761354120254
3.0393040502531408,0.12448312796594264
3.0397411400712544,0.11407274740060418
3.040178229889368,0.08036797159883839
3.0406153197074817,0.06592533559135036
3.0410524095255953,0.08041570875047808
3.041489499343709,0.08052139140503346
3.0419265891618226,0.08854031716286671
3.042363678979936,0.08632393599712422
3.04280076879805,0.07907897694397882
3.0432378586161635,0.05268508457635378
3.043674948434277,0.04336946994496057
3.0441120382523907,0.05162382441187398
3.0445491280705044,0.09183989304129138
3.044986217888618,0.09078448326114634
3.0454233077067316,0.08144036123283378
3.0458603975248453,0.06659577978604352
3.046297487342959,0.05651962886321882
3.0467345771610725,0.0576945288934459
3.047171666979186,0.09008513686689133
3.0476087567973,0.0998939517030021
3.0480458466154134,0.07804788161211285
3.048482936433527,0.0724493737917626
3.0489200262516407,0.05894182015062501
3.0493571160697543,0.06252105105402436
3.049794205887868,0.06256716008027267
3.0502312957059816,0.0604645318822813
3.0506683855240952,0.1092608711783577
3.051105475342209,0.10209528657118598
3.0515425651603225,0.07760828243758418
3.051979654978436,0.07571545177564075
3.05241674479655,0.053196202587887036
3.0528538346146634,0.04751389226607981
3.053290924432777,0.0405399382360389
3.0537280142508907,0.0796447253435106
3.0541651040690043,0.10766768885804186
3.054602193887118,0.09612051044661012
3.0550392837052316,0.0701742340166701
3.0554763735233452,0.09514874203767253
3.055913463341459,0.09257409303362706
3.0563505531595725,0.05836929139481547
3.056787642977686,0.10014510232322608
3.0572247327957998,0.117965737998441
3.0576618226139134,0.11758690448713519
3.058098912432027,0.119150636136942
3.0585360022501407,0.15060870771456433
3.0589730920682543,0.20234093023631475
3.059410181886368,0.09403117785581591
3.0598472717044816,0.0539153878853802
3.060284361522595,0.11342506265634596
3.060721451340709,0.11022625569676905
3.0611585411588225,0.10345423393142643
3.061595630976936,0.14383921875700698
3.0620327207950497,0.1800425373985972
3.0624698106131634,0.1636293856860736
3.062906900431277,0.08480874580868214
3.0633439902493906,0.06739526186001935
3.0637810800675043,0.05927567139540197
3.064218169885618,0.07216239871505561
3.0646552597037315,0.1288330920821417
3.065092349521845,0.15265795056001302
3.065529439339959,0.20723703523793363
3.0659665291580724,0.03973143408949766
3.066403618976186,0.11359723842527614
3.0668407087942997,0.013096409635167085
3.0672777986124133,0.009366381090770717
3.067714888430527,0.018367914851040168
3.0681519782486406,0.00023878539127961164
3.0685890680667542,0.0030478112482874285
3.069026157884868,0.09634414164718128
3.0694632477029815,0.152883076633548
3.069900337521095,0.10936990267547557
3.070337427339209,0.0792470071944056
3.0707745171573224,0.04533924745727636
3.071211606975436,0.029851654563921363
3.0716486967935497,0.02715119457075111
3.0720857866116633,0.101714735262598
3.072522876429777,0.17141771090838603
3.0729599662478906,0.15555656020247924
3.073397056066004,0.1808510180691018
3.073834145884118,0.2800327596445404
3.0742712357022315,0.28651647820734416
3.074708325520345,0.16255798514114228
3.0751454153384588,0.10697818855367006
3.0755825051565724,0.15221564840765284
3.076019594974686,0.21886919662858165
3.0764566847927997,0.25436109320719635
3.0768937746109133,0.17419261454174406
3.077330864429027,0.1541110888304836
3.0777679542471406,0.21037970690100471
3.078205044065254,0.14113638826785718
3.078642133883368,0.3314496813799866
3.0790792237014815,0.4413786592652119
3.079516313519595,0.3580448494879481
3.0799534033377087,0.31484575556927685
3.0803904931558224,0.20364016733496473
3.080827582973936,0.1355950166349162
3.0812646727920496,0.19860214300172255
3.0817017626101633,0.21164462597288444
3.082138852428277,0.3788922647559554
3.0825759422463905,0.4563714819973469
3.083013032064504,0.3961909713339099
3.083450121882618,0.22463477404288318
3.0838872117007314,0.16723189641936811
3.084324301518845,0.22941643258900096
3.0847613913369587,0.17731679243603096
3.0851984811550723,0.22603204112249273
3.085635570973186,0.41657972296663875
3.0860726607912996,0.3355848177193951
3.0865097506094132,0.3186759343140869
3.086946840427527,0.19725428180480056
3.0873839302456405,0.18694148670972838
3.087821020063754,0.18022231229566749
3.0882581098818678,0.22908766807366582
3.0886951996999814,0.38006844331301565
3.089132289518095,0.43819437386264687
3.0895693793362087,0.21130947515691284
3.0900064691543223,0.18436049252843856
3.090443558972436,0.1626013865652379
3.0908806487905496,0.15947816994995065
3.091317738608663,0.11652378275242423
3.091754828426777,0.22580074475700834
3.0921919182448905,0.21559107564865126
3.092629008063004,0.12347215343476729
3.0930660978811177,0.07253778306853444
3.0935031876992314,0.09643233237140823
3.093940277517345,0.08929963644527013
3.0943773673354587,0.135998534214592
3.0948144571535723,0.18193507686005486
3.095251546971686,0.19101529775597628
3.0956886367897996,0.14366265786243612
3.096125726607913,0.12823086640628406
3.096562816426027,0.1365064258765321
3.0969999062441405,0.15441827732920374
3.097436996062254,0.1608996784146581
3.0978740858803677,0.10256647426141226
3.0983111756984814,0.10073093034115589
3.098748265516595,0.15119536187700064
3.0991853553347086,0.11960932545465655
3.0996224451528223,0.06529958823565869
3.100059534970936,0.045278029547843365
3.1004966247890495,0.043392672065932524
3.100933714607163,0.06300347072986727
3.101370804425277,0.07227217281241706
3.1018078942433904,0.056792651708561605
3.102244984061504,0.10114812674595211
3.1026820738796177,0.14919575344952804
3.1031191636977313,0.20700133958139402
3.103556253515845,0.1841203658003671
3.1039933433339586,0.1622702458959052
3.1044304331520722,0.14952888896687108
3.104867522970186,0.15248694787827505
3.1053046127882995,0.14987008484638667
3.105741702606413,0.14426261105045574
3.1061787924245268,0.14364059869719423
3.1066158822426404,0.18511190131877162
3.107052972060754,0.23050627172328914
3.1074900618788677,0.20207085078449485
3.1079271516969813,0.15769457862018812
3.108364241515095,0.14819413947559548
3.1088013313332086,0.15793927387609627
3.109238421151322,0.1967530968802302
3.109675510969436,0.16488986678103404
3.1101126007875495,0.1341971188878047
3.110549690605663,0.14030331162150303
3.1109867804237767,0.21295957705941773
3.1114238702418904,0.19736493734484997
3.111860960060004,0.18353421748572604
3.1122980498781176,0.19425120878755855
3.1127351396962313,0.19113364602513735
3.113172229514345,0.17316324579491757
3.1136093193324585,0.2079982308423567
3.114046409150572,0.2314007682311634
3.114483498968686,0.1952374072366918
3.1149205887867994,0.2075409002728134
3.115357678604913,0.16203776103291037
3.1157947684230267,0.09787731841475987
3.1162318582411404,0.16354666024232883
3.116668948059254,0.18018031457258185
3.1171060378773676,0.25916409608418195
3.1175431276954813,0.35435172033939616
3.117980217513595,0.36046994876373967
3.1184173073317085,0.17997555543208033
3.118854397149822,0.19944707253094127
3.119291486967936,0.1890742150715285
3.1197285767860494,0.1419822283660033
3.120165666604163,0.1568152618300847
3.1206027564222767,0.15025017411087585
3.1210398462403903,0.1590060465083069
3.121476936058504,0.16699984310039098
3.1219140258766176,0.13750989544807166
3.1223511156947312,0.18610837279384573
3.122788205512845,0.2700647572938203
3.1232252953309585,0.256550325914428
3.123662385149072,0.30460946805320155
3.1240994749671858,0.3698329051547878
3.1245365647852994,0.3073573642293958
3.124973654603413,0.08867333449258628
3.1254107444215267,0.10559237520557353
3.1258478342396403,0.12149730290561574
3.126284924057754,0.06515694799005171
3.1267220138758676,0.062396451225063
3.127159103693981,0.039068124251834195
3.127596193512095,0.1084118451963615
3.1280332833302085,0.09757450850769107
3.128470373148322,0.1133931706133517
3.1289074629664357,0.08204744629506541
3.1293445527845494,0.13791815928628282
3.129781642602663,0.09419507433341698
3.1302187324207766,0.0315699290325026
3.1306558222388903,0.04276885571264982
3.131092912057004,0.003059177931693702
3.1315300018751175,5.109762032411061e-05
3.131967091693231,1.3973209119378647e-05
3.132404181511345,7.338149976259881e-06
3.1328412713294584,4.2348749406437536e-06
3.133278361147572,3.2260155163444854e-06
3.1337154509656857,3.1697066264529115e-06
3.1341525407837993,4.3820001865446635e-06
3.134589630601913,8.40691241574329e-06
3.1350267204200266,1.6149877539070565e-05
3.1354638102381402,3.572227652405252e-05
3.135900900056254,0.00015240622402706164
3.1363379898743675,0.0012777838171369974
3.136775079692481,0.1588299903687112
3.137212169510595,0.3146315072571597
3.1376492593287084,0.0014921495696084044
3.138086349146822,0.0002929174468807235
3.1385234389649357,0.00027146690249265065
3.1389605287830493,0.004591133633907463
3.139397618601163,0.15379534053428986
3.1398347084192766,0.3784675305703173
3.14027179823739,0.4464389859769902
3.140708888055504,0.0016528740446342062
3.1411459778736175,0.0005004032584569084
3.141583067691731,0.001252666000953141
3.1420201575098448,0.09743255680752107
3.1424572473279584,0.379868436376101
3.142894337146072,0.09818076755757467
3.1433314269641857,0.45813902184967825
3.1437685167822993,0.2857418930923706
3.144205606600413,0.0054452113274809835
3.1446426964185266,0.11615986940023301
3.14507978623664,0.006770823252176246
3.145516876054754,0.002371886489242123
3.1459539658728675,0.22714432865987838
3.146391055690981,0.9486301991724357
3.1468281455090947,0.6228184729637556
3.1472652353272084,0.20648887478793174
3.147702325145322,0.0022092505864689887
3.1481394149634356,0.006658356806293909
3.1485765047815493,0.5918820558995409
3.149013594599663,0.7426904437681321
3.1494506844177765,0.14322879363488075
3.14988777423589,0.0010616795089893678
3.150324864054004,0.0004274329569439755
3.1507619538721174,0.0011175439855670986
3.151199043690231,0.21185840638562192
3.1516361335083447,0.674897190668586
3.1520732233264583,0.09957870835320914
3.152510313144572,0.0011848094674142078
3.1529474029626856,0.0003591178504414783
3.1533844927807984,0.0022659201115817727
3.153821582598912,0.2196869275560385
3.1542586724170256,0.22755860298995892
3.1546957622351393,0.0022382341544216677
3.155132852053253,0.0002072853711856007
3.1555699418713665,1.056810840528118e-05
3.15600703168948,1.732993731166027e-05
3.156444121507594,1.221748966037671e-05
3.1568812113257074,2.571959607372028e-06
3.157318301143821,1.522058575790751e-06
3.1577553909619347,2.3874301618580916e-06
3.1581924807800483,1.1964529623295479e-06
3.158629570598162,4.103532513059994e-07
3.1590666604162756,6.700697693992751e-07
3.1595037502343892,5.953421012004389e-07
3.159940840052503,2.414987806926171e-07
3.1603779298706165,2.3807678033412188e-07
3.16081501968873,3.016230365242005e-07
3.1612521095068438,1.7359685288592431e-07
3.1616891993249574,1.1181768019052375e-07
3.162126289143071,1.5609641197150243e-07
3.1625633789611847,1.2410578510395016e-07
3.1630004687792983,6.979735497755338e-08
3.163437558597412,8.449777369756487e-08
3.1638746484155256,8.604431492457056e-08
3.164311738233639,5.1838107885105505e-08
3.164748828051753,4.948309571467053e-08
3.1651859178698665,5.8514455950428505e-08
3.16562300768798,4.09303614677816e-08
3.1660600975060937,3.2146981821561714e-08
3.1664971873242074,3.97177199503776e-08
3.166934277142321,3.257377481905773e-08
3.1673713669604346,2.3130880514787796e-08
3.1678084567785483,2.737390414097883e-08
3.168245546596662,2.5755679103587735e-08
3.1686826364147755,1.7970107931973768e-08
3.169119726232889,1.9426919048588258e-08
3.169556816051003,2.0260905427302815e-08
3.1699939058691164,1.4625764300989962e-08
3.17043099568723,1.4319408411475649e-08
3.1708680855053437,1.595614683633453e-08
3.1713051753234573,1.2205727234056911e-08
3.171742265141571,1.0988079147580275e-08
3.1721793549596846,1.266539541526398e-08
3.1726164447777983,1.0329706552060377e-08
3.173053534595912,8.754593467737705e-09
3.1734906244140255,1.0191080179465772e-08
3.173927714232139,8.831704069280856e-09
3.174364804050253,7.20482997786094e-09
3.1748018938683664,8.34807007489429e-09
3.17523898368648,7.629773930402567e-09
3.1756760735045937,6.092171818605102e-09
3.1761131633227073,6.9822210112056075e-09
3.176550253140821,6.673603496512526e-09
3.1769873429589346,5.2709806043665766e-09
3.1774244327770482,5.9749330346766635e-09
3.177861522595162,5.9259283774041206e-09
3.1782986124132755,4.6543192262745855e-09
3.178735702231389,5.240076799724767e-09
3.1791727920495028,5.356740040970273e-09
3.1796098818676164,4.189024152898822e-09
3.18004697168573,4.718289585059188e-09
3.1804840615038437,4.9414799982167005e-09
3.1809211513219573,3.841420900373298e-09
3.181358241140071,4.371655960720915e-09
3.1817953309581846,4.6604630162435645e-09
3.182232420776298,3.5899653555494513e-09
3.182669510594412,4.179444919187517e-09
3.1831066004125255,4.497548107614969e-09
3.183543690230639,3.421778551226085e-09
3.1839807800487527,4.135742421489766e-09
3.1844178698668664,4.438216064850588e-09
3.18485495968498,3.3322910376337195e-09
3.1852920495030936,4.2477667588022385e-09
3.1857291393212073,4.467081845085572e-09
3.186166229139321,3.3285452458142123e-09
3.1866033189574345,4.534219139092846e-09
3.187040408775548,4.5647190050112955e-09
3.187477498593662,3.43550529448664e-09
3.1879145884117754,5.021793292899481e-09
3.188351678229889,4.7061561395105485e-09
3.1887887680480027,3.7080312807177454e-09
3.1892258578661163,5.736356880580007e-09
3.18966294768423,4.863870625139625e-09
3.1901000375023436,4.246180308299834e-09
3.1905371273204572,6.686118911820409e-09
3.190974217138571,5.0238162663717425e-09
3.1914113069566845,5.211526477019263e-09
3.191848396774798,7.834289854575056e-09
3.192285486592912,5.225520750184138e-09
3.1927225764110254,6.831531360518092e-09
3.193159666229139,9.066634436462984e-09
3.1935967560472527,5.642738282656934e-09
3.1940338458653663,9.368343907687393e-09
3.19447093568348,1.0177965434619293e-08
3.1949080255015936,6.713827961628502e-09
3.195345115319707,1.3016792908470803e-08
3.195782205137821,1.0938907847501932e-08
3.1962192949559345,9.304955945639482e-09
3.196656384774048,1.769794711509277e-08
3.1970934745921618,1.1359234937835269e-08
3.1975305644102754,1.4819847825065473e-08
3.197967654228389,2.2773643520413414e-08
3.1984047440465027,1.2327666418627964e-08
3.1988418338646163,2.504995182398808e-08
3.19927892368273,2.6888774793867205e-08
3.1997160135008436,1.6827237357033008e-08
3.200153103318957,4.139832857781273e-08
3.200590193137071,2.8598903708776917e-08
3.2010272829551845,3.179371573191602e-08
3.201464372773298,6.30363317937878e-08
3.2019014625914117,2.9470357209418527e-08
3.2023385524095254,7.017765566748511e-08
3.202775642227639,8.403322883051425e-08
3.2032127320457526,4.387090025509166e-08
3.2036498218638663,1.5126594090968095e-07
3.20408691168198,9.27435735976718e-08
3.2045240015000935,1.270699229656792e-07
3.204961091318207,2.928479846996364e-07
3.205398181136321,9.553315653606617e-08
3.2058352709544344,4.601304576545901e-07
3.206272360772548,4.761695688382533e-07
3.2067094505906617,3.1757925229999186e-07
3.2071465404087753,1.6586330001122636e-06
3.207583630226889,5.773703497271393e-07
3.2080207200450026,3.0757460515006896e-06
3.2084578098631162,6.432731348983106e-06
3.20889489968123,2.7929473189796697e-06
3.2093319894993435,5.005584689071977e-05
3.209769079317457,4.395032907961536e-05
3.2102061691355708,0.0008444419840935273
3.2106432589536844,0.12693858749771833
3.211080348771798,0.30391411170162647
3.2115174385899117,0.0024622891563716408
3.2119545284080253,8.06139158050279e-05
3.212391618226139,3.7931736630980836e-05
3.2128287080442526,2.2648227920561504e-05
3.213265797862366,1.1948319179114592e-05
3.21370288768048,2.466577254378965e-05
3.2141399774985935,3.3932893165544244e-05
3.214577067316707,0.00014588895588632747
3.2150141571348207,0.0002789521320294273
3.2154512469529344,0.0046711209602009664
3.215888336771048,0.6243942296109178
3.2163254265891617,1.2010020027639452
3.2167625164072753,0.006393689695427544
3.217199606225389,0.0005603657263471755
3.2176366960435026,0.00015234417027269945
3.218073785861616,6.631910233336498e-05
3.21851087567973,3.685461772023853e-05
3.2189479654978435,0.0001369726315746932
3.219385055315957,6.725185377413538e-05
3.2198221451340707,0.003604896426062719
3.2202592349521844,0.4403851878129008
3.220696324770298,0.37832193818138876
3.2211334145884116,0.2631839802604513
3.2215705044065253,1.7358605145218053
3.222007594224639,0.03174704772003835
3.2224446840427525,0.0009611983254754218
3.222881773860866,0.00020877001005346926
3.22331886367898,8.186994826995901e-05
3.2237559534970934,5.997005640482672e-05
3.224193043315207,8.273002278261919e-05
3.2246301331333207,0.0003569339592698425
3.2250672229514343,0.0010547873385921079
3.225504312769548,0.1478621571566321
3.2259414025876616,1.8792244823838657
3.2263784924057752,0.01465006643433879
3.226815582223889,0.0009527451341274152
3.2272526720420025,0.00017493558600202816
3.227689761860116,6.492288482313743e-05
3.2281268516782298,3.2729776922395096e-05
3.2285639414963434,2.6991078115907815e-05
3.229001031314457,5.2821603870224375e-05
3.2294381211325707,0.00042787364443238566
3.2298752109506843,0.002055134858211095
3.230312300768798,0.5587900531134588
3.2307493905869116,0.0002879990400728844
3.231186480405025,0.00046909881020504605
3.231623570223139,1.3375330005763979e-05
3.2320606600412525,2.3984702143597953e-05
3.232497749859366,5.020548801660723e-06
3.2329348396774797,3.313765492816599e-06
3.2333719294955934,2.3587287075916504e-06
3.233809019313707,6.576626923297179e-07
3.2342461091318206,1.1987195346531884e-06
3.2346831989499343,1.9525453107325792e-07
3.235120288768048,6.318972928900165e-07
3.2355573785861615,1.1142440943640177e-07
3.235994468404275,3.403476361873478e-07
3.236431558222389,9.516113283791954e-08
3.2368686480405024,1.869970588448096e-07
3.237305737858616,8.641428223814702e-08
3.2377428276767297,1.0567161649001584e-07
3.2381799174948434,7.573873386689985e-08
3.238617007312957,6.242215067446862e-08
3.2390540971310706,6.370121583250222e-08
3.2394911869491843,3.93176498062162e-08
3.239928276767298,5.196173463118092e-08
3.2403653665854115,2.6799718907090923e-08
3.240802456403525,4.1570369309124015e-08
3.241239546221639,1.9790575755138775e-08
3.2416766360397524,3.292167551363186e-08
3.242113725857866,1.56239717276388e-08
3.2425508156759797,2.600024515985606e-08
3.2429879054940933,1.2924236524007642e-08
3.243424995312207,2.0594286427960423e-08
3.2438620851303206,1.0996237289684951e-08
3.2442991749484342,1.643035000494381e-08
3.244736264766548,9.496201158292277e-09
3.2451733545846615,1.3242713030587297e-08
3.245610444402775,8.256838661384604e-09
3.2460475342208888,1.0803260183798524e-08
3.2464846240390024,7.19686971135964e-09
3.246921713857116,8.928761080283354e-09
3.2473588036752297,6.275149771448413e-09
3.2477958934933433,7.47796947664329e-09
3.248232983311457,5.468528038845988e-09
3.2486700731295706,6.344524642990046e-09
3.249107162947684,4.761726226146656e-09
3.249544252765798,5.449521038057924e-09
3.2499813425839115,4.142975103425497e-09
3.250418432402025,4.734453673105191e-09
3.2508555222201387,3.602275428031366e-09
3.2512926120382524,4.155932907499106e-09
3.251729701856366,3.1310136943064892e-09
3.2521667916744796,3.6814543835666043e-09
3.2526038814925933,2.7220045023788686e-09
3.253040971310707,3.2860209518613467e-09
3.2534780611288205,2.3692932128524205e-09
3.253915150946934,2.9500724015643783e-09
3.254352240765048,2.068376907938513e-09
3.2547893305831614,2.657912111342692e-09
3.255226420401275,1.8158085114530558e-09
3.2556635102193887,2.396676711051527e-09
3.2561006000375023,1.6090020447384383e-09
3.256537689855616,2.1562951400032566e-09
3.2569747796737296,1.4454742281502684e-09
3.2574118694918432,1.9288573032854405e-09
3.257848959309957,1.322242830753533e-09
3.2582860491280705,1.709593178944616e-09
3.258723138946184,1.2350003784469626e-09
3.259160228764298,1.4969099904391604e-09
3.2595973185824114,1.1770140932689308e-09
3.260034408400525,1.293161381136976e-09
3.2604714982186387,1.1389829621537871e-09
3.2609085880367523,1.1042015444335332e-09
3.261345677854866,1.1088557668250341e-09
3.2617827676729796,9.390495816365847e-10
3.2622198574910932,1.073339099806855e-09
3.262656947309207,8.073550433192475e-10
3.2630940371273205,1.020189404847221e-09
3.263531126945434,7.167235211594717e-10
3.2639682167635478,9.417155496817265e-10
3.2644053065816614,6.690255420807851e-10
3.264842396399775,8.379389401538881e-10
3.2652794862178887,6.572404693942321e-10
3.2657165760360023,7.188090215630228e-10
3.266153665854116,6.649445057667281e-10
3.2665907556722296,6.02858852814704e-10
3.267027845490343,6.695661409502583e-10
3.267464935308457,5.118420576781336e-10
3.2679020251265705,6.497136756185888e-10
3.268339114944684,4.6175301510940536e-10
3.2687762047627977,5.945696186999463e-10
3.2692132945809114,4.5405972390161204e-10
3.269650384399025,5.111166129982096e-10
3.2700874742171386,4.716278999945985e-10
3.2705245640352523,4.2330876815468983e-10
3.270961653853366,4.847379910736538e-10
3.2713987436714795,3.6098369412753735e-10
3.271835833489593,4.665876594993079e-10
3.272272923307707,3.4197765172291187e-10
3.2727100131258204,4.107264665307633e-10
3.273147102943934,3.582103038639441e-10
3.2735841927620477,3.381733340647438e-10
3.2740212825801613,3.77808156446247e-10
3.274458372398275,2.848985640464131e-10
3.2748954622163886,3.6697455788847293e-10
3.2753325520345022,2.743040196324848e-10
3.275769641852616,3.1778702910840244e-10
3.2762067316707295,2.954759206878345e-10
3.276643821488843,2.5766850629320105e-10
3.277080911306957,3.096153401628638e-10
3.2775180011250704,2.266871614623665e-10
3.277955090943184,2.856461142514011e-10
3.2783921807612977,2.37445070776686e-10
3.2788292705794113,2.332921386261258e-10
3.279266360397525,2.591352267064544e-10
3.2797034502156386,1.953612808850612e-10
3.280140540033752,2.4972394271197194e-10
3.280577629851866,1.9913694929494393e-10
3.2810147196699795,2.057779922067604e-10
3.281451809488093,2.2156244489157179e-10
3.2818888993062068,1.6950342376400234e-10
3.2823259891243204,2.161194003750641e-10
3.282763078942434,1.73781565237762e-10
3.2832001687605477,1.764213478432917e-10
3.2836372585786613,1.9484771150344728e-10
3.284074348396775,1.4716269895203438e-10
3.2845114382148886,1.852097861107532e-10
3.284948528033002,1.5779716042390897e-10
3.285385617851116,1.4713913098986674e-10
3.2858227076692295,1.7425916098821058e-10
3.286259797487343,1.3066625663666756e-10
3.2866968873054567,1.5437204659868994e-10
3.2871339771235704,1.4876066779119778e-10
3.287571066941684,1.2154413913375319e-10
3.2880081567597976,1.5310605999034019e-10
3.2884452465779113,1.2336825110071678e-10
3.288882336396025,1.230907158011884e-10
3.2893194262141385,1.4092684830359551e-10
3.289756516032252,1.0659662806243057e-10
3.290193605850366,1.2541702856438084e-10
3.2906306956684794,1.2354450008541108e-10
3.291067785486593,9.865419219171161e-11
3.2915048753047067,1.235729595725956e-10
3.2919419651228203,1.0673509848510723e-10
3.292379054940934,9.584821743871763e-11
3.2928161447590476,1.173488922241462e-10
3.2932532345771612,9.342221904096218e-11
3.293690324395275,9.43909697054838e-11
3.2941274142133885,1.0875315654329601e-10
3.294564504031502,8.374884814948184e-11
3.2950015938496158,9.236841556639587e-11
3.2954386836677294,9.971526316852954e-11
3.295875773485843,7.680214952280056e-11
3.2963128633039567,8.922804066763857e-11
3.2967499531220703,9.146733330879182e-11
3.297187042940184,7.146605373440559e-11
3.2976241327582976,8.502406524268928e-11
3.298061222576411,8.462974384832544e-11
3.298498312394525,6.69482200133954e-11
3.2989354022126385,8.018519454592496e-11
3.299372492030752,7.910604955137987e-11
3.2998095818488657,6.283825722629693e-11
3.3002466716669794,7.483645818754974e-11
3.300683761485093,7.478793361296813e-11
3.3011208513032066,5.9103728168212e-11
3.3015579411213203,6.912336925018011e-11
3.301995030939434,7.135414422241989e-11
3.3024321207575476,5.608472777189758e-11
3.302869210575661,6.301936004901235e-11
3.303306300393775,6.832965145927387e-11
3.3037433902118885,5.399767282880399e-11
3.304180480030002,5.6676850801918487e-11
3.3046175698481157,6.515672934237109e-11
3.3050546596662294,5.325887777465508e-11
3.305491749484343,5.0688419276499234e-11
3.3059288393024566,6.085775938893489e-11
3.3063659291205703,5.366765130000173e-11
3.306803018938684,4.58682473359458e-11
3.3072401087567975,5.4983831008544874e-11
3.307677198574911,5.435689145271945e-11
3.308114288393025,4.349848018145114e-11
3.3085513782111384,4.780260092755802e-11
3.308988468029252,5.3495033371839093e-11
3.3094255578473657,4.417913511787588e-11
3.3098626476654793,4.122821566271211e-11
3.310299737483593,4.93906626163576e-11
3.3107368273017066,4.655301381899498e-11
3.3111739171198202,3.797950032081393e-11
3.311611006937934,4.228159374435854e-11
3.3120480967560475,4.695388387275004e-11
3.312485186574161,3.941872469735442e-11
3.3129222763922748,3.572368853303455e-11
3.3133593662103884,4.232581135604102e-11
3.313796456028502,4.2344852590404055e-11
3.3142335458466157,3.443159540399378e-11
3.3146706356647293,3.4859009899394326e-11
3.315107725482843,4.083242409709634e-11
3.3155448153009566,3.7920567898146e-11
3.31598190511907,3.132628733222286e-11
3.316418994937184,3.371340441332293e-11
3.3168560847552975,3.8415309770149244e-11
3.317293174573411,3.4498305327187874e-11
3.3177302643915247,2.9125538397102564e-11
3.3181673542096384,3.1912942885700767e-11
3.318604444027752,3.588326358967273e-11
3.3190415338458656,3.215319101692498e-11
3.3194786236639793,2.7202067974802206e-11
3.319915713482093,2.945784956286038e-11
3.3203528033002065,3.333838768960141e-11
3.32078989311832,3.069705204023936e-11
3.321226982936434,2.5721407058689392e-11
3.3216640727545474,2.6595902332650745e-11
3.322101162572661,3.059878202973342e-11
3.3225382523907747,2.985941751938239e-11
3.3229753422088883,2.503575753150623e-11
3.323412432027002,2.3723255838178717e-11
3.3238495218451156,2.721264285746919e-11
3.3242866116632293,2.876004033703806e-11
3.324723701481343,2.5371022247308583e-11
3.3251607912994565,2.1924335151557035e-11
3.32559788111757,2.3224871815881402e-11
3.326034970935684,2.6365945580907218e-11
3.3264720607537974,2.5984861281681412e-11
3.326909150571911,2.2211698424923897e-11
3.3273462403900247,2.020998598455981e-11
3.3277833302081383,2.2124587924007957e-11
3.328220420026252,2.4588418575125148e-11
3.3286575098443656,2.3699803043235075e-11
3.3290945996624792,2.032212036059403e-11
3.329531689480593,1.8650467972107043e-11
3.3299687792987065,2.0261546902534027e-11
3.33040586911682,2.249316763640619e-11
3.3308429589349338,2.220131027657839e-11
3.3312800487530474,1.9366048552926596e-11
3.331717138571161,1.726943728137884e-11
3.3321542283892747,1.785241032873579e-11
3.3325913182073883,1.993332290594894e-11
3.333028408025502,2.0847605539671684e-11
3.3334654978436156,1.9273341272475974e-11
3.333902587661729,1.677066619291821e-11
3.334339677479843,1.5724360953875477e-11
3.3347767672979565,1.668499017235295e-11
3.33521385711607,1.8467513311391887e-11
3.3356509469341837,1.896383798996007e-11
3.3360880367522974,1.7547045798929422e-11
3.336525126570411,1.539825039508732e-11
3.3369622163885246,1.4219858502716016e-11
3.3373993062066383,1.4774530105409282e-11
3.337836396024752,1.6260713936857787e-11
3.3382734858428655,1.716201783190408e-11
3.338710575660979,1.6711410881193212e-11
3.339147665479093,1.5091638467514778e-11
3.3395847552972064,1.346573645600825e-11
3.34002184511532,1.2779234144610444e-11
3.3404589349334337,1.331697956967657e-11
3.3408960247515473,1.4464435097750696e-11
3.341333114569661,1.5297650132465733e-11
3.3417702043877746,1.5175370356500086e-11
3.3422072942058882,1.414854526825619e-11
3.342644384024002,1.2733539729034614e-11
3.3430814738421155,1.1655060720687453e-11
3.343518563660229,1.1306111343771975e-11
3.343955653478343,1.1779673456846833e-11
3.3443927432964564,1.2591475478645412e-11
3.34482983311457,1.3268012178455432e-11
3.3452669229326837,1.3506435197682052e-11
3.3457040127507973,1.3027947674387049e-11
3.346141102568911,1.2111636084074688e-11
3.3465781923870246,1.1060258243602757e-11
3.347015282205138,1.0179738128607506e-11
3.347452372023252,9.788209072057061e-12
3.3478894618413655,9.833979017286058e-12
3.348326551659479,1.02234314428054e-11
3.3487636414775928,1.0738945437793205e-11
3.3492007312957064,1.1171947297120912e-11
3.34963782111382,1.1407232805921487e-11
3.3500749109319337,1.1376381410407589e-11
3.3505120007500473,1.1025638044968875e-11
3.350949090568161,1.0460830898287752e-11
3.3513861803862746,9.781691451179774e-12
3.351823270204388,9.151311545263323e-12
3.352260360022502,8.614515179338227e-12
3.3526974498406155,8.198006343242989e-12
3.353134539658729,7.951010980147403e-12
3.3535716294768427,7.801172632857263e-12
3.3540087192949564,7.887836309903216e-12
3.35444580911307,8.029025930023404e-12
3.3548828989311836,8.115477107935375e-12
3.3553199887492973,8.281854421810987e-12
3.355757078567411,8.4111368373962e-12
3.3561941683855245,8.558487556583295e-12
3.356631258203638,8.598549533550224e-12
3.357068348021752,8.571133630365103e-12
3.3575054378398654,8.585024661641641e-12
3.357942527657978,8.43609668349827e-12
3.358379617476092,8.388999062171e-12
3.3588167072942055,8.21830751933341e-12
3.359253797112319,8.095551901353165e-12
3.3596908869304327,7.957218589423e-12
3.3601279767485464,7.765039253947968e-12
3.36056506656666,7.625567658296283e-12
3.3610021563847736,7.496421778866363e-12
3.3614392462028873,7.356050582240761e-12
3.361876336021001,7.2146458276935305e-12
3.3623134258391145,7.1221051691800686e-12
3.362750515657228,6.965852283413015e-12
3.363187605475342,6.8751648446619655e-12
3.3636246952934554,6.783201834424652e-12
3.364061785111569,6.7246559253183715e-12
3.3644988749296827,6.575101661550493e-12
3.3649359647477963,6.449068354512616e-12
3.36537305456591,6.322885217878102e-12
3.3658101443840236,6.146571935164035e-12
3.3662472342021372,5.9798625189681535e-12
3.366684324020251,5.771335803363196e-12
3.3671214138383645,5.509839426261496e-12
3.367558503656478,5.2687196252336656e-12
3.3679955934745918,4.96649501007238e-12
3.3684326832927054,4.6704386321008185e-12
3.368869773110819,4.331249495383778e-12
3.3693068629289327,4.128035075897312e-12
3.3697439527470463,3.9349407179493905e-12
3.37018104256516,3.8119564222191264e-12
3.3706181323832736,3.803146663822408e-12
3.371055222201387,3.96851215089983e-12
3.371492312019501,4.120126338989893e-12
3.3719294018376145,4.334176000776704e-12
3.372366491655728,4.520852284687055e-12
3.3728035814738417,4.565520932635294e-12
3.3732406712919554,4.429696567156705e-12
3.373677761110069,4.184907502941919e-12
3.3741148509281826,3.769460375194235e-12
3.3745519407462963,3.3392066037154024e-12
3.37498903056441,2.982125204151518e-12
3.3754261203825235,2.8994079771837036e-12
3.375863210200637,3.0089051492968573e-12
3.376300300018751,3.2483162275972323e-12
3.3767373898368644,3.5367023083846757e-12
3.377174479654978,3.682587875689138e-12
3.3776115694730917,3.4653845941589584e-12
3.3780486592912053,3.0276700622734133e-12
3.378485749109319,2.576368659902549e-12
3.3789228389274326,2.2251971231491973e-12
3.3793599287455462,2.327322668515455e-12
3.37979701856366,2.6974506897768865e-12
3.3802341083817735,3.0013633700463836e-12
3.380671198199887,2.938143160490411e-12
3.381108288018001,2.545621105270528e-12
3.3815453778361144,2.0117409601948744e-12
3.381982467654228,1.7347525439644711e-12
3.3824195574723417,1.9889344903155025e-12
3.3828566472904553,2.394448515871443e-12
3.383293737108569,2.4852918564590043e-12
3.3837308269266826,2.137939234474818e-12
3.3841679167447962,1.5505165130671308e-12
3.38460500656291,1.4166298448354937e-12
3.3850420963810235,1.798849541747351e-12
3.385479186199137,2.0708333048101472e-12
3.3859162760172508,1.851004120006062e-12
3.3863533658353644,1.265106374833076e-12
3.386790455653478,1.1010211874150502e-12
3.3872275454715917,1.3668166028742491e-12
3.3876646352897053,1.7169035909977527e-12
3.388101725107819,1.460588088707026e-12
3.3885388149259326,8.533385495607679e-13
3.388975904744046,8.536741313819131e-13
3.38941299456216,1.2861988170905737e-12
3.3898500843802735,1.345034451258387e-12
3.390287174198387,7.801144623624721e-13
3.3907242640165007,5.603804941189548e-13
3.3911613538346144,9.556799278990467e-13
3.391598443652728,1.0609586010359399e-12
3.3920355334708416,5.302916915536198e-13
3.3924726232889553,3.177647080851951e-13
3.392909713107069,7.402000204849909e-13
3.3933468029251825,7.641112710871102e-13
3.393783892743296,1.6315847354824657e-13
3.39422098256141,1.9934571230572964e-13
3.3946580723795234,6.331955702262726e-13
3.395095162197637,2.066373290096611e-13
3.3955322520157507,-1.697499527152886e-13
3.3959693418338643,2.6063059160995487e-13
3.396406431651978,2.6716320283011266e-13
3.3968435214700916,-3.131852518854207e-13
3.3972806112882052,-6.391379159055026e-14
3.397717701106319,1.7966968294400324e-13
3.3981547909244325,-4.5077097364344456e-13
3.398591880742546,-2.7855059732729447e-13
3.39902897056066,-2.833216775463472e-14
3.3994660603787734,-5.728388457504967e-13
3.399903150196887,-4.791217537287598e-13
3.4003402400150007,-1.9783142227550967e-13
3.4007773298331143,-8.167339812147973e-13
3.401214419651228,-5.28561879342356e-13
3.4016515094693416,-4.650572496867386e-13
3.402088599287455,-1.0177635436653537e-12
3.402525689105569,-5.421815051472062e-13
3.4029627789236825,-8.69440661712101e-13
3.403399868741796,-1.0552465960747156e-12
3.4038369585599098,-6.762370291038091e-13
3.4042740483780234,-1.2761586958950115e-12
3.404711138196137,-9.12386293694993e-13
3.4051482280142507,-1.0364764159368472e-12
3.4055853178323643,-1.3587367218609312e-12
3.406022407650478,-8.967187105515685e-13
3.4064594974685916,-1.5767806309228368e-12
3.406896587286705,-1.1346435025573146e-12
3.407333677104819,-1.5352325445819516e-12
3.4077707669229325,-1.4245450267746827e-12
3.408207856741046,-1.4338550382185159e-12
3.4086449465591597,-1.7146952623754076e-12
3.4090820363772734,-1.4487543435141305e-12
3.409519126195387,-1.847328494600921e-12
3.4099562160135006,-1.5286659266681033e-12
3.4103933058316143,-2.0274340394363114e-12
3.410830395649728,-1.6259142277900825e-12
3.4112674854678415,-2.101706868015396e-12
3.411704575285955,-1.6840588156429344e-12
3.412141665104069,-2.2075351121521198e-12
3.4125787549221824,-1.8852855497555e-12
3.413015844740296,-2.344908410099243e-12
3.4134529345584097,-1.9208025304615944e-12
3.4138900243765233,-2.476736003347134e-12
3.414327114194637,-2.047686845923196e-12
3.4147642040127506,-2.4973832846964453e-12
3.4152012938308642,-2.159976980568388e-12
3.415638383648978,-2.527395462958893e-12
3.4160754734670915,-2.4500751534270356e-12
3.416512563285205,-2.5191246183656707e-12
3.4169496531033188,-2.685415790160991e-12
3.4173867429214324,-2.4913142819065472e-12
3.417823832739546,-2.8799314244732453e-12
3.4182609225576597,-2.5445574839556756e-12
3.4186980123757733,-2.9610254804839665e-12
3.419135102193887,-2.8905439273882645e-12
3.4195721920120006,-2.7752396117505897e-12
3.420009281830114,-3.167286493647417e-12
3.420446371648228,-2.9060436291142038e-12
3.4208834614663415,-3.1161407762578317e-12
3.421320551284455,-3.300070499001512e-12
3.4217576411025687,-3.0182531841306197e-12
3.4221947309206824,-3.366351829935687e-12
3.422631820738796,-3.3950643287216616e-12
3.4230689105569096,-3.1783252964880863e-12
3.4235060003750233,-3.500482273753331e-12
3.423943090193137,-3.5864597697798323e-12
3.4243801800112506,-3.3691222266609077e-12
3.424817269829364,-3.586577238770629e-12
3.425254359647478,-3.814296629582217e-12
3.4256914494655915,-3.562929294220702e-12
3.426128539283705,-3.6216160603675068e-12
3.4265656291018187,-3.9398597371800394e-12
3.4270027189199324,-3.955016489391162e-12
3.427439808738046,-3.754156310867556e-12
3.4278768985561596,-3.855476693937733e-12
3.4283139883742733,-4.181215805647706e-12
3.428751078192387,-4.2023375280968425e-12
3.4291881680105005,-4.027633399806752e-12
3.429625257828614,-4.022639322690604e-12
3.430062347646728,-4.297034297112787e-12
3.4304994374648414,-4.4859850475927545e-12
3.430936527282955,-4.473840158881231e-12
3.4313736171010687,-4.346209901705582e-12
3.4318107069191823,-4.3515143914882736e-12
3.432247796737296,-4.448394150704739e-12
3.4326848865554096,-4.708924709833543e-12
3.4331219763735232,-4.825004406942303e-12
3.433559066191637,-4.864962216660708e-12
3.4339961560097505,-4.792344835698974e-12
3.434433245827864,-4.778369840450594e-12
3.4348703356459778,-4.746373513975079e-12
3.4353074254640914,-4.7694666954859574e-12
3.435744515282205,-4.939996920402867e-12
3.4361816051003187,-5.034883918370809e-12
3.4366186949184323,-5.171750024203915e-12
3.437055784736546,-5.245235420348601e-12
3.4374928745546596,-5.340654003006982e-12
3.437929964372773,-5.365520702040002e-12
3.438367054190887,-5.487029417907091e-12
3.4388041440090005,-5.5485098139271984e-12
3.439241233827114,-5.57089673028825e-12
3.4396783236452277,-5.61668049120064e-12
3.4401154134633414,-5.7024313228600296e-12
3.440552503281455,-5.834257582696979e-12
3.4409895930995686,-5.862016442261727e-12
3.4414266829176823,-5.8782309660508685e-12
3.441863772735796,-5.853318758500267e-12
3.4423008625539095,-5.906337193614134e-12
3.442737952372023,-5.923278841972499e-12
3.443175042190137,-5.9575429693252685e-12
3.4436121320082504,-6.058351141994913e-12
3.444049221826364,-6.095837071881529e-12
3.4444863116444777,-6.281549667498809e-12
3.4449234014625914,-6.407394242851477e-12
3.445360491280705,-6.445193648091991e-12
3.4457975810988186,-6.415442948019391e-12
3.4462346709169323,-6.4324850233667825e-12
3.446671760735046,-6.591372495526461e-12
3.4471088505531595,-6.728400097005333e-12
3.447545940371273,-6.803288487084145e-12
3.447983030189387,-6.7414500886227545e-12
3.4484201200075004,-6.737012206293543e-12
3.448857209825614,-6.971911088392392e-12
3.4492942996437277,-7.051443089776661e-12
3.4497313894618413,-6.9835445958940085e-12
3.450168479279955,-7.149714864377352e-12
3.4506055690980686,-7.379282540892634e-12
3.4510426589161822,-7.30341400265978e-12
3.451479748734296,-7.332909123572036e-12
3.4519168385524095,-7.558314259716468e-12
3.452353928370523,-7.412129727861485e-12
3.4527910181886368,-7.660601675387688e-12
3.4532281080067504,-7.68330574107829e-12
3.453665197824864,-7.666912184811659e-12
3.4541022876429777,-7.939966769005999e-12
3.4545393774610913,-7.888501738204623e-12
3.454976467279205,-8.063321995874932e-12
3.4554135570973186,-8.006665364370926e-12
3.455850646915432,-8.31106268530968e-12
3.456287736733546,-8.187159137392434e-12
3.4567248265516595,-8.477879655988077e-12
3.457161916369773,-8.331328603155237e-12
3.4575990061878867,-8.510008669064337e-12
3.4580360960060004,-8.644765109298901e-12
3.458473185824114,-8.55118313963339e-12
3.4589102756422276,-8.84209539639325e-12
3.4593473654603413,-8.796503633127612e-12
3.459784455278455,-8.86543683087393e-12
3.4602215450965685,-9.073881237299295e-12
3.460658634914682,-9.162899024670688e-12
3.461095724732796,-9.160078931648146e-12
3.4615328145509094,-9.204088598228064e-12
3.461969904369023,-9.46150144248069e-12
3.4624069941871367,-9.59022499359923e-12
3.4628440840052503,-9.63804869647946e-12
3.463281173823364,-9.741423111137125e-12
3.4637182636414776,-9.83174439699813e-12
3.4641553534595912,-9.903495766745718e-12
3.464592443277705,-1.0093941588655707e-11
3.4650295330958185,-1.0235875534367628e-11
3.465466622913932,-1.0405653237132725e-11
3.465903712732046,-1.0422952641728893e-11
3.4663408025501594,-1.0611530059618447e-11
3.466777892368273,-1.0576445871243231e-11
3.4672149821863867,-1.0789658067555059e-11
3.4676520720045003,-1.0759273042258288e-11
3.468089161822614,-1.0969260046592452e-11
3.4685262516407276,-1.1060268388140487e-11
3.468963341458841,-1.1186135074223361e-11
3.469400431276955,-1.1278694655442614e-11
3.4698375210950685,-1.1557518611671333e-11
3.470274610913182,-1.1564073295890039e-11
3.4707117007312958,-1.173328013569939e-11
3.4711487905494094,-1.1940619186479743e-11
3.471585880367523,-1.1940548569240133e-11
3.4720229701856367,-1.2192943652111955e-11
3.4724600600037503,-1.2292497940108344e-11
3.472897149821864,-1.2386999726706696e-11
3.4733342396399776,-1.2632143346546302e-11
3.473771329458091,-1.2658039564807328e-11
3.474208419276205,-1.2845687842397746e-11
3.4746455090943185,-1.313256215291944e-11
3.475082598912432,-1.3226572497643388e-11
3.4755196887305457,-1.3513551849705759e-11
3.4759567785486594,-1.3545387654359147e-11
3.476393868366773,-1.3693732244312501e-11
3.4768309581848866,-1.3839434650591013e-11
3.4772680480030003,-1.4060568862911333e-11
3.477705137821114,-1.4283556609846759e-11
3.4781422276392275,-1.4369859302550552e-11
3.478579317457341,-1.455069288083589e-11
3.479016407275455,-1.471758403326384e-11
3.4794534970935684,-1.5185576563153944e-11
3.479890586911682,-1.519775153576972e-11
3.4803276767297957,-1.5666190215250998e-11
3.4807647665479093,-1.569824822872324e-11
3.481201856366023,-1.5967608989560073e-11
3.4816389461841366,-1.6210997132951297e-11
3.4820760360022502,-1.6403311323812974e-11
3.482513125820364,-1.6898377017867186e-11
3.4829502156384775,-1.6992353282002145e-11
3.483387305456591,-1.7422316540800428e-11
3.4838243952747048,-1.758299510045257e-11
3.4842614850928184,-1.7885103676719977e-11
3.484698574910932,-1.8172336091139524e-11
3.4851356647290457,-1.850647197209695e-11
3.4855727545471593,-1.8960004978287628e-11
3.486009844365273,-1.926368560199983e-11
3.4864469341833866,-1.956393273643852e-11
3.4868840240015,-2.0054095477231476e-11
3.487321113819614,-2.0510646590405814e-11
3.4877582036377275,-2.0806951229415675e-11
3.488195293455841,-2.124261258127222e-11
3.4886323832739548,-2.1897419756151143e-11
3.4890694730920684,-2.2106990833448873e-11
3.489506562910182,-2.2752651913173602e-11
3.4899436527282957,-2.3273540350991445e-11
3.4903807425464093,-2.3959469579312663e-11
3.490817832364523,-2.471947512187673e-11
3.4912549221826366,-2.5295974747069128e-11
3.49169201200075,-2.5895011967948963e-11
3.492129101818864,-2.660505720167884e-11
3.4925661916369775,-2.7798284491027086e-11
3.493003281455091,-2.8590014376128356e-11
3.4934403712732047,-2.95852132250406e-11
3.4938774610913184,-3.0905828983406494e-11
3.494314550909432,-3.1837265640240316e-11
3.4947516407275456,-3.3504313867338986e-11
3.4951887305456593,-3.498352158278179e-11
3.495625820363773,-3.697274930619273e-11
3.4960629101818865,-3.89025172748143e-11
3.4965,-4.1299845432838014e-11
