energy,dos
-3.4965,1.6132963651692713e-10
-3.4960629101818865,1.7783793531020266e-10
-3.495625820363773,1.5785525908748042e-10
-3.4951887305456593,1.446915798013722e-10
-3.4947516407275456,1.4141163798833658e-10
-3.494314550909432,1.4745969542044723e-10
-3.4938774610913184,1.4895907356592032e-10
-3.4934403712732047,1.2552867666305181e-10
-3.493003281455091,1.3995214793396412e-10
-3.4925661916369775,1.212375539544129e-10
-3.492129101818864,1.3797571370090162e-10
-3.49169201200075,1.1795022411160325e-10
-3.4912549221826366,1.1608502080246935e-10
-3.490817832364523,1.2812486559995751e-10
-3.4903807425464093,1.29561141285395e-10
-3.4899436527282957,1.2319543589968166e-10
-3.489506562910182,1.1678362720428119e-10
-3.4890694730920684,1.1316659999979301e-10
-3.4886323832739548,1.1209956549751999e-10
-3.488195293455841,1.1392749081354804e-10
-3.4877582036377275,1.1776278689932956e-10
-3.487321113819614,1.2101650400926492e-10
-3.4868840240015,1.1804702577804312e-10
-3.4864469341833866,1.067305580108876e-10
-3.486009844365273,9.740723851752718e-11
-3.4855727545471593,1.0536878255404461e-10
-3.4851356647290457,1.175379403948867e-10
-3.484698574910932,1.0534060722869644e-10
-3.4842614850928184,9.580350573601136e-11
-3.4838243952747048,1.1412623082810441e-10
-3.483387305456591,1.0408750479494765e-10
-3.4829502156384775,9.679211621821927e-11
-3.482513125820364,1.1467453555572216e-10
-3.4820760360022502,9.290500322222119e-11
-3.4816389461841366,1.1139468933371352e-10
-3.481201856366023,9.693426753391445e-11
-3.4807647665479093,1.0656715702603434e-10
-3.4803276767297957,9.885262185477291e-11
-3.479890586911682,1.0573245070701991e-10
-3.4794534970935684,9.646042519901199e-11
-3.479016407275455,1.0907505947044057e-10
-3.478579317457341,9.142408058713497e-11
-3.4781422276392275,1.1292720942250809e-10
-3.477705137821114,9.026046776447803e-11
-3.4772680480030003,1.0740261180726038e-10
-3.4768309581848866,1.0222308763608731e-10
-3.476393868366773,9.166248656162898e-11
-3.4759567785486594,1.1272698624341622e-10
-3.4755196887305457,9.487399219240042e-11
-3.475082598912432,9.478842437282644e-11
-3.4746455090943185,1.129348700438049e-10
-3.474208419276205,9.550291678835371e-11
-3.473771329458091,9.195440181559197e-11
-3.4733342396399776,1.1176986500461395e-10
-3.472897149821864,1.0406367125186282e-10
-3.4724600600037503,8.813307099586019e-11
-3.4720229701856367,1.0070384340608448e-10
-3.471585880367523,1.1379576259927324e-10
-3.4711487905494094,1.0095357908366759e-10
-3.4707117007312958,8.806320819180869e-11
-3.470274610913182,9.833987496409343e-11
-3.4698375210950685,1.1343477218464977e-10
-3.469400431276955,1.0980808851495758e-10
-3.468963341458841,9.405332068517034e-11
-3.4685262516407276,8.849722467150086e-11
-3.468089161822614,9.943259179596785e-11
-3.4676520720045003,1.1315188604724986e-10
-3.4672149821863867,1.1488294535105616e-10
-3.466777892368273,1.043919791820562e-10
-3.4663408025501594,9.223104671751426e-11
-3.465903712732046,8.88063566681056e-11
-3.465466622913932,9.572906053443227e-11
-3.4650295330958185,1.0742217740832738e-10
-3.464592443277705,1.1622531913256981e-10
-3.4641553534595912,1.1783096828724212e-10
-3.4637182636414776,1.1250108748338693e-10
-3.463281173823364,1.0371106834178951e-10
-3.4628440840052503,9.54567999881732e-11
-3.4624069941871367,9.05436815303366e-11
-3.461969904369023,9.002340729932493e-11
-3.4615328145509094,9.327115006816708e-11
-3.461095724732796,9.888735695761298e-11
-3.460658634914682,1.0539729031386582e-10
-3.4602215450965685,1.115539764778858e-10
-3.459784455278455,1.1659186545165025e-10
-3.4593473654603413,1.2020973787956592e-10
-3.4589102756422276,1.2242081253630718e-10
-3.458473185824114,1.235133937932808e-10
-3.4580360960060004,1.2373431833816097e-10
-3.4575990061878867,1.2351341627540302e-10
-3.457161916369773,1.2306634827001882e-10
-3.4567248265516595,1.2258421269250866e-10
-3.456287736733546,1.2231448401908277e-10
-3.455850646915432,1.2232022514290625e-10
-3.4554135570973186,1.226874592230066e-10
-3.454976467279205,1.2338844509636104e-10
-3.4545393774610913,1.2435093069981832e-10
-3.4541022876429777,1.2564294556598133e-10
-3.453665197824864,1.271288476713703e-10
-3.4532281080067504,1.2859383511078695e-10
-3.4527910181886368,1.2985880364174545e-10
-3.452353928370523,1.3063935425026177e-10
-3.4519168385524095,1.306420540696064e-10
-3.451479748734296,1.2959674587120515e-10
-3.4510426589161822,1.2715982825636657e-10
-3.4506055690980686,1.2325716563422363e-10
-3.450168479279955,1.1793990896784607e-10
-3.4497313894618413,1.1170211008389783e-10
-3.4492942996437277,1.0535353526395712e-10
-3.448857209825614,1.0008307250113425e-10
-3.4484201200075004,9.720158263123274e-11
-3.447983030189387,9.791150293628716e-11
-3.447545940371273,1.0286520124855675e-10
-3.4471088505531595,1.1164193618589627e-10
-3.446671760735046,1.226025652481586e-10
-3.4462346709169323,1.3297357334257726e-10
-3.4457975810988186,1.394749430386059e-10
-3.445360491280705,1.395008638868543e-10
-3.4449234014625914,1.3236830983516213e-10
-3.444486311644478,1.201875576863648e-10
-3.4440492218263645,1.0775098134289166e-10
-3.443612132008251,1.0081299084175041e-10
-3.4431750421901373,1.0362155533523403e-10
-3.4427379523720236,1.1601279221081058e-10
-3.44230086255391,1.3267365138580307e-10
-3.4418637727357964,1.4500076246342993e-10
-3.4414266829176827,1.4556919655726666e-10
-3.440989593099569,1.333716279997587e-10
-3.4405525032814555,1.1555439915565133e-10
-3.440115413463342,1.0410356613481177e-10
-3.439678323645228,1.080582392063782e-10
-3.4392412338271146,1.2615440588600538e-10
-3.438804144009001,1.4608499576282115e-10
-3.4383670541908873,1.526000527178736e-10
-3.4379299643727737,1.3983113147941482e-10
-3.43749287455466,1.178690796183435e-10
-3.4370557847365464,1.0616977297893746e-10
-3.4366186949184327,1.167633730133557e-10
-3.436181605100319,1.4162647089309977e-10
-3.4357445152822055,1.578973328956551e-10
-3.435307425464092,1.4931336064476265e-10
-3.434870335645978,1.239515443916991e-10
-3.4344332458278646,1.0872622387638888e-10
-3.433996156009751,1.2177311925298792e-10
-3.4335590661916373,1.5066663205331078e-10
-3.4331219763735237,1.634431580403153e-10
-3.43268488655541,1.447879408150531e-10
-3.4322477967372964,1.1678950771734566e-10
-3.4318107069191828,1.1499818562930606e-10
-3.431373617101069,1.4398030759633697e-10
-3.4309365272829555,1.6805815178514147e-10
-3.430499437464842,1.5559862092073083e-10
-3.4300623476467282,1.2301307708204118e-10
-3.4296252578286146,1.162079119116552e-10
-3.429188168010501,1.4720128013071217e-10
-3.4287510781923873,1.7343852680998333e-10
-3.4283139883742737,1.5668950431406567e-10
-3.42787689855616,1.2176084753724802e-10
-3.4274398087380464,1.233211013572259e-10
-3.427002718919933,1.6169152149278122e-10
-3.426565629101819,1.7792041841137275e-10
-3.4261285392837055,1.4583438072304224e-10
-3.425691449465592,1.1834798863293708e-10
-3.4252543596474783,1.4362773491152524e-10
-3.4248172698293646,1.81590762658857e-10
-3.424380180011251,1.6769998592134462e-10
-3.4239430901931374,1.2623054679836806e-10
-3.4235060003750237,1.3259449133255901e-10
-3.42306891055691,1.7848608899128287e-10
-3.4226318207387965,1.8160645094297704e-10
-3.422194730920683,1.3621064603236847e-10
-3.421757641102569,1.292154605307836e-10
-3.4213205512844556,1.7725673489306475e-10
-3.420883461466342,1.8953594315618076e-10
-3.4204463716482283,1.4221397424753274e-10
-3.4200092818301147,1.3069628586707336e-10
-3.419572192012001,1.8164548621495119e-10
-3.4191351021938874,1.9363590401807886e-10
-3.4186980123757738,1.423098901662114e-10
-3.41826092255766,1.365246478039928e-10
-3.4178238327395465,1.9221498364061898e-10
-3.417386742921433,1.9267061733354645e-10
-3.416949653103319,1.3737278615828756e-10
-3.4165125632852056,1.49442925905253e-10
-3.416075473467092,2.0615363455001888e-10
-3.4156383836489783,1.8273428485104352e-10
-3.4152012938308647,1.328373928444258e-10
-3.414764204012751,1.7348159791647423e-10
-3.4143271141946374,2.1487080695607535e-10
-3.413890024376524,1.6196170747968466e-10
-3.41345293455841,1.4056166987551467e-10
-3.4130158447402965,2.0556887250426506e-10
-3.412578754922183,2.0446391560167148e-10
-3.4121416651040692,1.408540606004188e-10
-3.4117045752859556,1.7280811750768178e-10
-3.411267485467842,2.2622420973507551e-10
-3.4108303956497283,1.7045779862538205e-10
-3.4103933058316147,1.4674395160267344e-10
-3.409956216013501,2.194585151751905e-10
-3.4095191261953874,2.070689768005062e-10
-3.409082036377274,1.4260256042256254e-10
-3.40864494655916,1.96392220004826e-10
-3.4082078567410465,2.329972203175092e-10
-3.407770766922933,1.5812367004826579e-10
-3.4073336771048193,1.7247667412356167e-10
-3.4068965872867056,2.4303189958625705e-10
-3.406459497468592,1.8330459600087164e-10
-3.4060224076504784,1.5673234472497208e-10
-3.4055853178323647,2.4079257976220953e-10
-3.405148228014251,2.0915063756648673e-10
-3.4047111381961375,1.508705368294489e-10
-3.404274048378024,2.3252147009770047e-10
-3.40383695855991,2.3077980440350865e-10
-3.4033998687417966,1.5249764959401776e-10
-3.402962778923683,2.2356578543113995e-10
-3.4025256891055693,2.471755952956669e-10
-3.4020885992874557,1.5803873907017144e-10
-3.401651509469342,2.1706335715661444e-10
-3.4012144196512284,2.5915369363100016e-10
-3.4007773298331148,1.6433201728297682e-10
-3.400340240015001,2.14458897020439e-10
-3.3999031501968875,2.680998124217749e-10
-3.399466060378774,1.6937111919946937e-10
-3.3990289705606602,2.1635500384023617e-10
-3.3985918807425466,2.749196963335706e-10
-3.398154790924433,1.7210929362729566e-10
-3.3977177011063193,2.2315522918903296e-10
-3.3972806112882057,2.7962696167184353e-10
-3.396843521470092,1.7242475594035593e-10
-3.3964064316519784,2.352245084904302e-10
-3.395969341833865,2.8128121232448505e-10
-3.395532252015751,1.713536708794132e-10
-3.3950951621976375,2.527592238021437e-10
-3.394658072379524,2.780048360420275e-10
-3.3942209825614102,1.713393417202517e-10
-3.3937838927432966,2.751481040568797e-10
-3.393346802925183,2.675532602582891e-10
-3.3929097131070693,1.7628552263870405e-10
-3.3924726232889557,2.9964113942084104e-10
-3.392035533470842,2.486261426199661e-10
-3.3915984436527284,1.9139586639608702e-10
-3.391161353834615,3.205917017520961e-10
-3.390724264016501,2.229744618481764e-10
-3.3902871741983875,2.2111922649288135e-10
-3.389850084380274,3.2943101124201745e-10
-3.3894129945621603,1.9776197082404605e-10
-3.3889759047440466,2.6550425627075905e-10
-3.388538814925933,3.1726921330380344e-10
-3.3881017251078194,1.8612634013056636e-10
-3.3876646352897057,3.1581054456022045e-10
-3.387227545471592,2.8123533749710835e-10
-3.3867904556534785,2.0307910289899007e-10
-3.386353365835365,3.5280339744051124e-10
-3.385916276017251,2.323687861599018e-10
-3.3854791861991376,2.5512160496513057e-10
-3.385042096381024,3.534217328455673e-10
-3.3846050065629103,1.9851980361836047e-10
-3.3841679167447967,3.2709891545552776e-10
-3.383730826926683,3.078894421965906e-10
-3.3832937371085694,2.125119453538187e-10
-3.3828566472904558,3.791693851821548e-10
-3.382419557472342,2.398034059112617e-10
-3.3819824676542285,2.841402731022628e-10
-3.381545377836115,3.6855323512570625e-10
-3.3811082880180012,2.054572389141083e-10
-3.3806711981998876,3.738133220148145e-10
-3.380234108381774,2.935474796198192e-10
-3.3797970185636603,2.532970939926766e-10
-3.3793599287455467,4.0580280073699574e-10
-3.378922838927433,2.2052562972305433e-10
-3.3784857491093194,3.619260430741333e-10
-3.378048659291206,3.3937399551496605e-10
-3.377611569473092,2.4025499664324856e-10
-3.3771744796549785,4.2931055915437037e-10
-3.376737389836865,2.4022548404262804e-10
-3.3763003000187513,3.5905845797022866e-10
-3.3758632102006376,3.713012698402133e-10
-3.375426120382524,2.408037682612729e-10
-3.3749890305644104,4.4992050796911565e-10
-3.3745519407462967,2.532702350741643e-10
-3.374114850928183,3.7227675509326436e-10
-3.3736777611100695,3.8803504189930317e-10
-3.373240671291956,2.5187360229820505e-10
-3.372803581473842,4.725117941668027e-10
-3.3723664916557285,2.5547277433013953e-10
-3.371929401837615,4.0491926541019666e-10
-3.3714923120195013,3.8682224530516387e-10
-3.3710552222013876,2.76980865176266e-10
-3.370618132383274,4.931742666738259e-10
-3.3701810425651604,2.500138279191355e-10
-3.3697439527470467,4.5683381538677487e-10
-3.369306862928933,3.6298269965307983e-10
-3.3688697731108195,3.2643325574268686e-10
-3.368432683292706,4.978988012234008e-10
-3.367995593474592,2.5153562837831294e-10
-3.3675585036564786,5.18153197617154e-10
-3.367121413838365,3.177578106528394e-10
-3.3666843240202513,4.1051254925303864e-10
-3.3662472342021377,4.655933749647741e-10
-3.365810144384024,2.883656810069224e-10
-3.3653730545659104,5.59591390046281e-10
-3.3649359647477968,2.7396721994021036e-10
-3.364498874929683,5.203325503699163e-10
-3.3640617851115695,3.8676267471325127e-10
-3.363624695293456,3.901142380412044e-10
-3.3631876054753422,5.353571912816933e-10
-3.3627505156572286,2.863886161008727e-10
-3.362313425839115,6.03508268646521e-10
-3.3618763360210013,2.9944574874519164e-10
-3.3614392462028877,5.44655636266097e-10
-3.361002156384774,4.2469617222873724e-10
-3.3605650665666604,4.108681627235607e-10
-3.360127976748547,5.752280396446278e-10
-3.359690886930433,3.055523131410243e-10
-3.3592537971123195,6.514272294153787e-10
-3.358816707294206,3.0676438718228053e-10
-3.3583796174760923,6.093956737157525e-10
-3.3579425276579786,4.184288024554266e-10
-3.357505437839865,4.836161881257255e-10
-3.3570683480217514,5.756513909379172e-10
-3.3566312582036377,3.573652289366516e-10
-3.356194168385524,6.908348055024118e-10
-3.3557570785674105,3.089566926931909e-10
-3.355319988749297,7.059690419899532e-10
-3.354882898931183,3.6904994722499756e-10
-3.3544458091130696,6.205143005588496e-10
-3.354008719294956,5.099704914094133e-10
-3.3535716294768423,4.848319588155155e-10
-3.3531345396587287,6.6652908849385e-10
-3.352697449840615,3.6987291006249197e-10
-3.3522603600225014,7.713186650997365e-10
-3.3518232702043878,3.3183511964687095e-10
-3.351386180386274,7.849595616370158e-10
-3.3509490905681605,3.8992811892711616e-10
-3.350512000750047,7.092494674808015e-10
-3.350074910931933,5.23228410137733e-10
-3.3496378211138196,5.807192183732314e-10
-3.349200731295706,6.8426008819442e-10
-3.3487636414775923,4.523943272572362e-10
-3.3483265516594787,8.200823902662862e-10
-3.347889461841365,3.725002751180565e-10
-3.3474523720232514,8.910522509924121e-10
-3.3470152822051378,3.692205606035149e-10
-3.346578192387024,8.818875727905015e-10
-3.346141102568911,4.4499290891169255e-10
-3.3457040127507973,8.024076789659176e-10
-3.3452669229326837,5.795576602607908e-10
-3.34482983311457,6.807548967904481e-10
-3.3443927432964564,7.394550388922998e-10
-3.343955653478343,5.530841631838521e-10
-3.343518563660229,8.887539688131959e-10
-3.3430814738421155,4.529970185337057e-10
-3.342644384024002,9.981715709900939e-10
-3.3422072942058882,4.0413710407952374e-10
-3.3417702043877746,1.0505005886961818e-09
-3.341333114569661,4.1688174000158825e-10
-3.3408960247515473,1.0421854927421944e-09
-3.3404589349334337,4.886329329775245e-10
-3.34002184511532,9.81317689220096e-10
-3.3395847552972064,6.068547964320891e-10
-3.339147665479093,8.839686116153866e-10
-3.338710575660979,7.532391221565078e-10
-3.3382734858428655,7.696644321949577e-10
-3.337836396024752,9.079940644776524e-10
-3.3373993062066383,6.576109780430606e-10
-3.3369622163885246,1.053349299149279e-09
-3.336525126570411,5.638347723430463e-10
-3.3360880367522974,1.1756681373618957e-09
-3.3356509469341837,4.994994741509701e-10
-3.33521385711607,1.266379769487062e-09
-3.3347767672979565,4.706000072092675e-10
-3.334339677479843,1.3220669204294415e-09
-3.333902587661729,4.784560014662544e-10
-3.3334654978436156,1.3434807627920018e-09
-3.333028408025502,5.205308318927612e-10
-3.3325913182073883,1.3346062005462935e-09
-3.3321542283892747,5.91911506178504e-10
-3.331717138571161,1.3013544246765253e-09
-3.3312800487530474,6.862051600741179e-10
-3.3308429589349338,1.2503939279221014e-09
-3.33040586911682,7.96717823857239e-10
-3.3299687792987065,1.1884298983344292e-09
-3.329531689480593,9.171673413625152e-10
-3.3290945996624792,1.1214600290818472e-09
-3.3286575098443656,1.042082726282924e-09
-3.328220420026252,1.054466720194167e-09
-3.3277833302081383,1.1671587726402052e-09
-3.3273462403900247,9.913024889007208e-10
-3.326909150571911,1.2892744181014742e-09
-3.3264720607537974,9.346438601965737e-10
-3.326034970935684,1.406389582365249e-09
-3.32559788111757,8.861270674501838e-10
-3.3251607912994565,1.5173951219067151e-09
-3.324723701481343,8.465392261060944e-10
-3.3242866116632293,1.622018329630249e-09
-3.3238495218451156,8.160709924063799e-10
-3.323412432027002,1.7204958833513068e-09
-3.3229753422088883,7.943882604695135e-10
-3.3225382523907747,1.8133999637294521e-09
-3.322101162572661,7.809287048664657e-10
-3.3216640727545474,1.9015184641749005e-09
-3.321226982936434,7.750562108971005e-10
-3.32078989311832,1.9856520038079213e-09
-3.3203528033002065,7.761634751217257e-10
-3.319915713482093,2.0665087405339016e-09
-3.3194786236639793,7.838812808110846e-10
-3.3190415338458656,2.1445525382307282e-09
-3.318604444027752,7.980449081747273e-10
-3.3181673542096384,2.219884458870403e-09
-3.3177302643915247,8.189544698409976e-10
-3.317293174573411,2.292224625368124e-09
-3.3168560847552975,8.473287240046469e-10
-3.316418994937184,2.360743939943149e-09
-3.31598190511907,8.845383668198859e-10
-3.3155448153009566,2.424108307750034e-09
-3.315107725482843,9.325232653492606e-10
-3.3146706356647293,2.4802289801674952e-09
-3.3142335458466157,9.93876946339591e-10
-3.313796456028502,2.5264282232313768e-09
-3.3133593662103884,1.0719506233753896e-09
-3.3129222763922748,2.5593811248689765e-09
-3.312485186574161,1.1707252337104727e-09
-3.3120480967560475,2.575149347083003e-09
-3.311611006937934,1.29461879201076e-09
-3.3111739171198202,2.5693628194371487e-09
-3.3107368273017066,1.448416439615925e-09
-3.310299737483593,2.537638009234074e-09
-3.3098626476654793,1.6367924420772732e-09
-3.3094255578473657,2.475875685143493e-09
-3.308988468029252,1.8638029111043813e-09
-3.3085513782111384,2.3810427831090624e-09
-3.308114288393025,2.1321728485118415e-09
-3.307677198574911,2.2518975587116128e-09
-3.3072401087567975,2.4423094515417756e-09
-3.306803018938684,2.0899928844636173e-09
-3.3063659291205703,2.7912705944906287e-09
-3.3059288393024566,1.900860836429298e-09
-3.305491749484343,3.1716856178534342e-09
-3.3050546596662294,1.6951143604769481e-09
-3.3046175698481157,3.570564403374447e-09
-3.304180480030002,1.4893347630358833e-09
-3.3037433902118885,3.968671953134624e-09
-3.303306300393775,1.3067240523593632e-09
-3.302869210575661,4.340288383050895e-09
-3.3024321207575476,1.1767856451106443e-09
-3.301995030939434,4.653870428987847e-09
-3.3015579411213203,1.133937734754633e-09
-3.3011208513032066,4.874141379427357e-09
-3.300683761485093,1.214913679434376e-09
-3.3002466716669794,4.965663904042289e-09
-3.2998095818488657,1.4542442600529992e-09
-3.299372492030752,4.898042931423514e-09
-3.2989354022126385,1.878226248363326e-09
-3.298498312394525,4.652744478116706e-09
-3.298061222576411,2.497640348809532e-09
-3.2976241327582976,4.230691903878064e-09
-3.297187042940184,3.3000253093099236e-09
-3.2967499531220703,3.659772401647135e-09
-3.2963128633039567,4.243040688969021e-09
-3.295875773485843,3.000192616577861e-09
-3.2954386836677294,5.250738932398319e-09
-3.2950015938496158,2.345815720234974e-09
-3.294564504031502,6.215189149421957e-09
-3.2941274142133885,1.8192074431949753e-09
-3.293690324395275,7.005453892380363e-09
-3.2932532345771612,1.5582988969207471e-09
-3.2928161447590476,7.485264860370765e-09
-3.292379054940934,1.6944045386717955e-09
-3.2919419651228203,7.539191261587744e-09
-3.2915048753047067,2.322659575922171e-09
-3.291067785486593,7.104443224445032e-09
-3.2906306956684794,3.469339108001797e-09
-3.290193605850366,6.202828836877285e-09
-3.289756516032252,5.062916880425947e-09
-3.2893194262141385,4.964142940700721e-09
-3.288882336396025,6.918678666972155e-09
-3.2884452465779113,3.63112502520523e-09
-3.2880081567597976,8.746770918387612e-09
-3.287571066941684,2.5363310544118348e-09
-3.2871339771235704,1.0191656723618112e-08
-3.2866968873054567,2.045982631916694e-09
-3.286259797487343,1.0904585192497628e-08
-3.2858227076692295,2.4734657231106744e-09
-3.285385617851116,1.0640551697441013e-08
-3.284948528033002,3.97674569325027e-09
-3.2845114382148886,9.359859348871792e-09
-3.284074348396775,6.4658559967357735e-09
-3.2836372585786613,7.303095289266314e-09
-3.2832001687605477,9.554789458322059e-09
-3.282763078942434,5.003879114232377e-09
-3.2823259891243204,1.259163580662957e-08
-3.2818888993062068,3.2102614370408286e-09
-3.281451809488093,1.4787876571796827e-08
-3.2810147196699795,2.706754501847834e-09
-3.280577629851866,1.5439022063387284e-08
-3.280140540033752,4.0626744969606615e-09
-3.2797034502156386,1.4190806898301956e-08
-3.279266360397525,7.372584213185789e-09
-3.2788292705794113,1.1267426641192247e-08
-3.2783921807612977,1.2085958612868488e-08
-3.277955090943184,7.558589751570797e-09
-3.2775180011250704,1.7026689611826603e-08
-3.277080911306957,4.47683065274247e-09
-3.276643821488843,2.0666167606311148e-08
-3.2762067316707295,3.5590315173500235e-09
-3.275769641852616,2.1629429127642226e-08
-3.2753325520345022,5.885998195088406e-09
-3.2748954622163886,1.9302605312165483e-08
-3.274458372398275,1.1507188429939116e-08
-3.2740212825801613,1.4310158304961378e-08
-3.2735841927620477,1.913008568770889e-08
-3.273147102943934,8.597383235347053e-09
-3.2727100131258204,2.6313552928229743e-08
-3.272272923307707,4.937265226183374e-09
-3.271835833489593,3.0255401805073126e-08
-3.2713987436714795,5.891051054158772e-09
-3.270961653853366,2.9004771071930416e-08
-3.2705245640352523,1.2538639697234962e-08
-3.2700874742171386,2.2646609163016413e-08
-3.269650384399025,2.3538416779887215e-08
-3.2692132945809114,1.3842250753067563e-08
-3.2687762047627977,3.51209598368773e-08
-3.268339114944684,7.213681409813754e-09
-3.2679020251265705,4.2351553248634465e-08
-3.267464935308457,7.493277097201293e-09
-3.267027845490343,4.142278569629214e-08
-3.2665907556722296,1.7023356858283183e-08
-3.266153665854116,3.2061158003022573e-08
-3.2657165760360023,3.379018250804726e-08
-3.2652794862178887,1.8710157546009988e-08
-3.264842396399775,5.132093109601397e-08
-3.2644053065816614,9.363102735482669e-09
-3.2639682167635478,6.116562621844171e-08
-3.263531126945434,1.1913700746894901e-08
-3.2630940371273205,5.7373601629702415e-08
-3.262656947309207,2.9386372219793908e-08
-3.2622198574910932,4.089056361509926e-08
-3.2617827676729796,5.664892247984271e-08
-3.261345677854866,2.1049572010565676e-08
-3.2609085880367523,8.125573589300992e-08
-3.2604714982186387,1.2143431829837422e-08
-3.260034408400525,8.935334124567778e-08
-3.2595973185824114,2.5586795863574704e-08
-3.259160228764298,7.45053504755566e-08
-3.258723138946184,6.140419088378817e-08
-3.2582860491280705,4.442897784704611e-08
-3.257848959309957,1.0472116376126543e-07
-3.2574118694918432,2.0140234405626204e-08
-3.2569747796737296,1.3160055078475527e-07
-3.256537689855616,2.5312633530607116e-08
-3.2561006000375023,1.2346817951970312e-07
-3.2556635102193887,6.999852222977884e-08
-3.255226420401275,8.266867892927812e-08
-3.2547893305831614,1.3877894908734487e-07
-3.254352240765048,3.781490167071776e-08
-3.253915150946934,1.941022818749129e-07
-3.2534780611288205,3.0874539392132704e-08
-3.253040971310707,1.9810958323262935e-07
-3.2526038814925933,8.903913942859049e-08
-3.2521667916744796,1.4287412757539387e-07
-3.251729701856366,1.9794587430789495e-07
-3.2512926120382524,6.791304797129139e-08
-3.2508555222201387,2.987392928516093e-07
-3.250418432402025,4.534164645640787e-08
-3.2499813425839115,3.2123656247174463e-07
-3.249544252765798,1.317853162153494e-07
-3.249107162947684,2.401711561911355e-07
-3.2486700731295706,3.1424781454353253e-07
-3.248232983311457,1.1579921641706298e-07
-3.2477958934933433,4.945905350141775e-07
-3.2473588036752297,7.63931690204426e-08
-3.246921713857116,5.435509531257603e-07
-3.2464846240390024,2.323543310489478e-07
-3.2460475342208888,4.0730220499763075e-07
-3.245610444402775,5.68635816042291e-07
-3.2451733545846615,1.9380174451929912e-07
-3.244736264766548,9.044965450802438e-07
-3.2442991749484342,1.4954108512314485e-07
-3.2438620851303206,9.912274589676297e-07
-3.243424995312207,4.948193425322436e-07
-3.2429879054940933,7.256600804271592e-07
-3.2425508156759797,1.2019180963372052e-06
-3.242113725857866,3.379512354033486e-07
-3.2416766360397524,1.8982312210576272e-06
-3.241239546221639,3.628955986396018e-07
-3.240802456403525,2.056875966795279e-06
-3.2403653665854115,1.3047954747442672e-06
-3.239928276767298,1.4615509361888797e-06
-3.2394911869491843,3.138716826845784e-06
-3.2390540971310706,6.847191499588238e-07
-3.238617007312957,5.013676473250552e-06
-3.2381799174948434,1.1816410531397892e-06
-3.2377428276767297,5.554672712593062e-06
-3.237305737858616,4.72497487288655e-06
-3.2368686480405024,3.9557555288887145e-06
-3.236431558222389,1.2231080781707002e-05
-3.235994468404275,1.8702657323623945e-06
-3.2355573785861615,2.226198188340197e-05
-3.235120288768048,6.574734819816523e-06
-3.2346831989499343,2.9367798116699996e-05
-3.234246109131821,3.840745301574189e-05
-3.2338090193137075,2.3216857174544797e-05
-3.233371929495594,0.00015573871028245532
-3.23293483967748,8.492623368910498e-06
-3.2324977498593666,0.0005718746914271368
-3.232060660041253,0.00043815665961794277
-3.2316235702231393,0.0027526475716410106
-3.2311864804050257,0.03682514580733924
-3.230749390586912,0.11271716848653521
-3.2303123007687984,0.16022995677036983
-3.2298752109506847,0.11863495446854419
-3.229438121132571,0.04165431357441442
-3.2290010313144575,0.004379896957048069
-3.228563941496344,0.0003531019095435441
-3.22812685167823,0.002648262297041745
-3.2276897618601166,0.0020282544720205725
-3.227252672042003,0.009538980798572669
-3.2268155822238893,0.13126121095531984
-3.2263784924057757,0.42537979725598574
-3.225941402587662,0.6428749127412845
-3.2255043127695484,0.5157118647448627
-3.2250672229514348,0.2063689272353458
-3.224630133133321,0.0279359619949154
-3.2241930433152075,0.0007787417783165286
-3.223755953497094,0.005173767454775308
-3.2233188636789802,0.0022996865185940653
-3.2228817738608666,0.011967819445794387
-3.222444684042753,0.1361844609512664
-3.2220075942246393,0.42761540470029985
-3.2215705044065257,0.6798490618914078
-3.221133414588412,0.6819035023601054
-3.2206963247702984,0.5151709743881355
-3.220259234952185,0.3289822503379861
-3.219822145134071,0.15660043659033823
-3.2193850553159575,0.03752854535454334
-3.218947965497844,0.001030469326277922
-3.2185108756797303,0.003316376602376834
-3.2180737858616166,0.003487393787345487
-3.217636696043503,0.003531032501529071
-3.2171996062253894,0.08732056034955844
-3.2167625164072757,0.3446874125933762
-3.216325426589162,0.6062342684767895
-3.2158883367710485,0.5707008297233891
-3.215451246952935,0.2833225669382621
-3.215014157134821,0.057690224700298755
-3.2145770673167076,0.0009963783723076433
-3.214139977498594,0.003152026265882855
-3.2137028876804803,0.000930150367531894
-3.2132657978623667,0.00058566022675347
-3.212828708044253,0.0011054957487374444
-3.2123916182261394,0.000785087135562227
-3.2119545284080258,0.021875619982521154
-3.211517438589912,0.08536982225194877
-3.2110803487717985,0.14880573916631332
-3.210643258953685,0.13948095119773163
-3.210206169135571,0.06902575794670876
-3.2097690793174576,0.013922106199185113
-3.209331989499344,0.00014743411740998757
-3.2088948996812303,0.0007566179573161442
-3.2084578098631167,0.00025476708706033673
-3.208020720045003,3.798238558712591e-05
-3.2075836302268894,0.00012952572222481892
-3.207146540408776,1.0280129426593566e-05
-3.206709450590662,3.579491888797778e-05
-3.2062723607725485,2.602169985279088e-05
-3.205835270954435,3.6899560181243264e-06
-3.2053981811363212,1.9623054798706597e-05
-3.2049610913182076,4.0177650488254016e-06
-3.204524001500094,6.5308714659416505e-06
-3.2040869116819803,8.038844936947623e-06
-3.2036498218638667,9.72269529894339e-07
-3.203212732045753,6.019496913167322e-06
-3.2027756422276394,2.2327577769470643e-06
-3.202338552409526,1.8892637892876245e-06
-3.201901462591412,3.6561048570436723e-06
-3.2014643727732985,4.795599514364599e-07
-3.201027282955185,2.4691836936296856e-06
-3.2005901931370713,1.447162060634872e-06
-3.2001531033189576,6.731347356838126e-07
-3.199716013500844,1.9789650597336568e-06
-3.1992789236827304,3.5658356702073373e-07
-3.1988418338646167,1.1568015641129337e-06
-3.198404744046503,1.0214486995517874e-06
-3.1979676542283895,2.7666686606791395e-07
-3.197530564410276,1.1680048056453602e-06
-3.197093474592162,3.2246156975920465e-07
-3.1966563847740486,5.746081701346833e-07
-3.196219294955935,7.557023659444477e-07
-3.1957822051378213,1.4421892055237285e-07
-3.1953451153197077,7.17969982301051e-07
-3.194908025501594,3.11176723852412e-07
-3.1944709356834804,2.939335007048526e-07
-3.1940338458653668,5.711540863245927e-07
-3.193596756047253,1.1267808620843951e-07
-3.1931596662291395,4.4790659079825185e-07
-3.192722576411026,3.0212201526875266e-07
-3.1922854865929122,1.5978987307577193e-07
-3.1918483967747986,4.3338141531005295e-07
-3.191411306956685,1.219390320168689e-07
-3.1909742171385713,2.8182068192775063e-07
-3.1905371273204577,2.8802969270679294e-07
-3.190100037502344,1.0528498940691855e-07
-3.1896629476842304,3.275701069981993e-07
-3.189225857866117,1.4531853543845516e-07
-3.188788768048003,1.840434863945012e-07
-3.1883516782298895,2.67527024747589e-07
-3.187914588411776,9.637335988052874e-08
-3.1874774985936623,2.487451589064878e-07
-3.1870404087755486,1.6944486824619022e-07
-3.186603318957435,1.3556014033205932e-07
-3.1861662291393213,2.434102639400819e-07
-3.1857291393212077,1.1255728911300326e-07
-3.185292049503094,1.9684021731144488e-07
-3.1848549596849804,1.8834771003312494e-07
-3.184417869866867,1.2375503357328002e-07
-3.183980780048753,2.2216603242002073e-07
-3.1835436902306395,1.400850556444653e-07
-3.183106600412526,1.7323096786290786e-07
-3.1826695105944123,2.0241988836229838e-07
-3.1822324207762986,1.377363149595988e-07
-3.181795330958185,2.1310587027805276e-07
-3.1813582411400714,1.708011086821173e-07
-3.1809211513219577,1.7768390903700735e-07
-3.180484061503844,2.1890480576998389e-07
-3.1800469716857305,1.672314750458904e-07
-3.179609881867617,2.2619500411319492e-07
-3.179172792049503,2.0427941740305716e-07
-3.1787357022313896,2.0601990623065937e-07
-3.178298612413276,2.518566219225663e-07
-3.1778615225951623,2.0519823643832e-07
-3.1774244327770487,2.682187397293936e-07
-3.176987342958935,2.517503027878335e-07
-3.1765502531408214,2.501733506069825e-07
-3.1761131633227078,3.1959550347604636e-07
-3.175676073504594,2.550447807100803e-07
-3.1752389836864805,3.3817668646275773e-07
-3.174801893868367,3.396258060564506e-07
-3.1743648040502532,3.040735568667191e-07
-3.1739277142321396,4.3788183049148745e-07
-3.173490624414026,3.429667734710275e-07
-3.1730535345959123,4.255645072605435e-07
-3.1726164447777987,5.087749992331749e-07
-3.172179354959685,3.809145838581186e-07
-3.1717422651415714,6.087895823735658e-07
-3.171305175323458,5.33966637976311e-07
-3.170868085505344,5.208534007596614e-07
-3.1704309956872305,8.038623178733839e-07
-3.169993905869117,5.498660570169786e-07
-3.1695568160510033,8.114134258619608e-07
-3.1691197262328896,9.459571459368946e-07
-3.168682636414776,6.591902322145788e-07
-3.1682455465966624,1.2471747479124663e-06
-3.1678084567785487,1.0038560259560184e-06
-3.167371366960435,1.0188860882459272e-06
-3.1669342771423215,1.7492590023050346e-06
-3.166497187324208,1.0469914428096201e-06
-3.166060097506094,1.8007394030857662e-06
-3.1656230076879806,2.179640699794075e-06
-3.165185917869867,1.3263425409469768e-06
-3.1647488280517533,3.1273663327231893e-06
-3.1643117382336396,2.4141109190809596e-06
-3.163874648415526,2.374252659675829e-06
-3.1634375585974124,4.988498268603075e-06
-3.1630004687792987,2.530021457208928e-06
-3.162563378961185,5.154845194550069e-06
-3.1621262891430715,7.1437322629617714e-06
-3.161689199324958,3.2855675516211005e-06
-3.161252109506844,1.1369595597878372e-05
-3.1608150196887306,9.039920738947875e-06
-3.160377929870617,7.568127423011495e-06
-3.1599408400525033,2.4262175597921606e-05
-3.1595037502343897,9.994172937278e-06
-3.159066660416276,2.6043779161563056e-05
-3.1586295705981624,5.128532606886464e-05
-3.1581924807800488,1.2144220627190412e-05
-3.157755390961935,0.00010869592316776173
-3.1573183011438215,0.00011620085917010924
-3.156881211325708,6.26450395519e-05
-3.1564441215075942,0.0006726644897991409
-3.1560070316894806,0.00036139016075627765
-3.155569941871367,0.001963368420471934
-3.1551328520532533,0.024314098352923714
-3.1546957622351397,0.07948804791421138
-3.154258672417026,0.13431623476403892
-3.1538215825989124,0.13452722023127453
-3.153384492780799,0.0798204096204724
-3.152947402962685,0.043790722645632184
-3.1525103131445715,0.09675341548186667
-3.152073223326458,0.21257253878438528
-3.1516361335083443,0.28083972206848873
-3.1511990436902306,0.23151325619475202
-3.150761953872117,0.11679616995270035
-3.1503248640540034,0.05309978406842882
-3.1498877742358897,0.11539785891850933
-3.149450684417776,0.27415185984138113
-3.1490135945996625,0.3980197589747783
-3.148576504781549,0.3696240851495221
-3.148139414963435,0.23917970559103477
-3.1477023251453216,0.1912867723985697
-3.147265235327208,0.31657223572705046
-3.1468281455090943,0.48717293988833876
-3.1463910556909807,0.5113587140517771
-3.145953965872867,0.3591959261765957
-3.1455168760547534,0.1685632995738004
-3.1450797862366398,0.06705877980047233
-3.1446426964185266,0.07431979807009759
-3.144205606600413,0.14889684649739385
-3.1437685167822993,0.23449452836141735
-3.1433314269641857,0.2767267827418408
-3.142894337146072,0.2595363337788278
-3.1424572473279584,0.2064231989575651
-3.1420201575098448,0.13708532092121017
-3.141583067691731,0.07277518290701919
-3.1411459778736175,0.06458262455102302
-3.140708888055504,0.14068760617991824
-3.14027179823739,0.2388247386690758
-3.1398347084192766,0.2605625477808468
-3.139397618601163,0.18583402593853623
-3.1389605287830493,0.08351131746768639
-3.1385234389649357,0.02568267535032259
-3.138086349146822,0.03492523820272996
-3.1376492593287084,0.08882686523043579
-3.137212169510595,0.1346593520834484
-3.136775079692481,0.12619397486469178
-3.1363379898743675,0.07206223967963218
-3.135900900056254,0.021698686524145
-3.1354638102381402,0.0019647243964878744
-3.1350267204200266,0.00039697204598514965
-3.134589630601913,0.0006266683693861998
-3.1341525407837993,0.00012828196915984472
-3.1337154509656857,0.00013436951390413164
-3.133278361147572,0.00020185770225496745
-3.1328412713294584,0.00015493874573822128
-3.132404181511345,0.00024387104617525944
-3.131967091693231,0.0014748408816818352
-3.1315300018751175,0.005776222463535437
-3.131092912057004,0.015185671078239432
-3.1306558222388903,0.03206814947847629
-3.1302187324207766,0.05680280966217489
-3.129781642602663,0.08291094062982261
-3.1293445527845494,0.10011620813202526
-3.1289074629664357,0.10504913467075476
-3.128470373148322,0.10274983402738873
-3.1280332833302085,0.09641264240439344
-3.127596193512095,0.08488543281086817
-3.127159103693981,0.07256494086944947
-3.1267220138758676,0.06993520601870382
-3.126284924057754,0.07984094587860191
-3.1258478342396403,0.09701042636034161
-3.1254107444215267,0.1257024021511086
-3.124973654603413,0.17766146337277838
-3.1245365647852994,0.24394042083887282
-3.1240994749671858,0.29146598531702544
-3.123662385149072,0.29858712625217104
-3.1232252953309585,0.27432503897603827
-3.122788205512845,0.23797267535146155
-3.1223511156947312,0.20159948464035193
-3.1219140258766176,0.17414566311120436
-3.121476936058504,0.16110366118254751
-3.1210398462403903,0.15788160850530614
-3.1206027564222767,0.15674025778310008
-3.120165666604163,0.15748284989614664
-3.1197285767860494,0.16387702881902724
-3.119291486967936,0.1781967272455926
-3.118854397149822,0.20448912509853148
-3.1184173073317085,0.24402362546348894
-3.117980217513595,0.28134239206392303
-3.1175431276954813,0.2894704483620916
-3.1171060378773676,0.2579745295646679
-3.116668948059254,0.20650043877912375
-3.1162318582411404,0.16570288141562092
-3.1157947684230267,0.15241456480141866
-3.115357678604913,0.16387548443944897
-3.1149205887867994,0.18592073493714284
-3.114483498968686,0.20311181072776888
-3.114046409150572,0.20726228027410948
-3.1136093193324585,0.20097614040747852
-3.113172229514345,0.19279977285753128
-3.1127351396962313,0.18895552861771195
-3.1122980498781176,0.1900459312922182
-3.111860960060004,0.1925698479219711
-3.1114238702418904,0.19072924150999473
-3.1109867804237767,0.18063792153242195
-3.110549690605663,0.16687030640630554
-3.1101126007875495,0.15996165289488257
-3.109675510969436,0.16290533604118015
-3.109238421151322,0.16669157937832965
-3.1088013313332086,0.1647131534026999
-3.108364241515095,0.16390360691799746
-3.1079271516969813,0.17357722002197273
-3.1074900618788677,0.1887657276014719
-3.107052972060754,0.19409439858552613
-3.1066158822426404,0.18294046737304054
-3.1061787924245268,0.16478186229233419
-3.105741702606413,0.15249217822251487
-3.1053046127882995,0.14934236682389712
-3.104867522970186,0.15162842780975327
-3.1044304331520722,0.15766717458048277
-3.1039933433339586,0.16726439398650936
-3.103556253515845,0.17431895161283226
-3.1031191636977313,0.1677071857127462
-3.1026820738796177,0.14307268313381774
-3.102244984061504,0.10996367173634866
-3.1018078942433904,0.08294109731156665
-3.101370804425277,0.06744107769535715
-3.100933714607163,0.05907491764778664
-3.1004966247890495,0.05563015086713632
-3.100059534970936,0.06221936644367886
-3.0996224451528223,0.08106309827653191
-3.0991853553347086,0.10286897264169452
-3.098748265516595,0.11592932944183788
-3.0983111756984814,0.1204784932500967
-3.0978740858803677,0.12576650344590976
-3.097436996062254,0.1346888465240129
-3.0969999062441405,0.14091186751396992
-3.096562816426027,0.14196365253455653
-3.096125726607913,0.14489167221259902
-3.0956886367897996,0.15413432462189447
-3.095251546971686,0.16163641542620222
-3.0948144571535723,0.15570581693815866
-3.0943773673354587,0.13538087166723647
-3.093940277517345,0.11190376834576443
-3.0935031876992314,0.1004487655922468
-3.0930660978811177,0.11113984006879263
-3.092629008063004,0.140030828300433
-3.0921919182448905,0.16804793059039316
-3.091754828426777,0.17747167340014358
-3.091317738608663,0.1697957448671472
-3.0908806487905496,0.1625587056434966
-3.090443558972436,0.17401667990925912
-3.0900064691543223,0.21284688281652314
-3.0895693793362087,0.2690399112074231
-3.089132289518095,0.31104361031735867
-3.0886951996999814,0.30916331812219905
-3.0882581098818678,0.2683530328827536
-3.087821020063754,0.22578476928415683
-3.0873839302456405,0.21509938581007057
-3.086946840427527,0.24168566232714084
-3.0865097506094132,0.285217693507581
-3.0860726607912996,0.31459880302047705
-3.085635570973186,0.3083379578081894
-3.0851984811550723,0.2713972775694911
-3.0847613913369587,0.23011981600432238
-3.084324301518845,0.21109997769039893
-3.0838872117007314,0.2283492766717416
-3.083450121882618,0.2787751582537252
-3.083013032064504,0.33622991762957616
-3.0825759422463905,0.36071810361004175
-3.082138852428277,0.3315687144877572
-3.0817017626101633,0.26932246579232016
-3.0812646727920496,0.21697430454701486
-3.080827582973936,0.20517505617419987
-3.0803904931558224,0.23727651646044987
-3.0799534033377087,0.29291321402557824
-3.079516313519595,0.33715857729161486
-3.0790792237014815,0.33927020348196546
-3.078642133883368,0.29652730753092077
-3.078205044065254,0.2375198433742083
-3.0777679542471406,0.19672164754560523
-3.077330864429027,0.18740026098832674
-3.0768937746109133,0.19730436138429464
-3.0764566847927997,0.20342366674867693
-3.076019594974686,0.19222744082412738
-3.0755825051565724,0.17313195489890962
-3.0751454153384588,0.16987443696311347
-3.074708325520345,0.19180386102555916
-3.0742712357022315,0.2192682243959422
-3.073834145884118,0.22553144641717432
-3.073397056066004,0.205304475686731
-3.0729599662478906,0.17177463957500477
-3.072522876429777,0.13513697826528004
-3.0720857866116633,0.09811790669248678
-3.0716486967935497,0.06694610348104993
-3.071211606975436,0.052544340407416554
-3.0707745171573224,0.05975624461850721
-3.070337427339209,0.08086242384439075
-3.069900337521095,0.09913360162313045
-3.0694632477029815,0.09867764123781404
-3.069026157884868,0.07608967643199448
-3.0685890680667542,0.04418328845596693
-3.0681519782486406,0.02096810399943184
-3.067714888430527,0.015037665254298485
-3.0672777986124133,0.02392273976429896
-3.0668407087942997,0.043336180048756244
-3.066403618976186,0.07169603659414887
-3.0659665291580724,0.10459516419554228
-3.065529439339959,0.13010088956271376
-3.065092349521845,0.13531621230339505
-3.0646552597037315,0.1188283315235746
-3.064218169885618,0.09414506983263837
-3.0637810800675043,0.07966872673098302
-3.0633439902493906,0.08562123563593853
-3.062906900431277,0.10805124447973971
-3.0624698106131634,0.132222574309892
-3.0620327207950497,0.1436184722205854
-3.061595630976936,0.13862761501110502
-3.0611585411588225,0.12413611432288295
-3.060721451340709,0.10887099576332461
-3.060284361522595,0.09983167539543546
-3.0598472717044816,0.10317324537464445
-3.059410181886368,0.1189133649681396
-3.0589730920682543,0.13595930860710215
-3.0585360022501407,0.14128969876274725
-3.058098912432027,0.13336816972466997
-3.0576618226139134,0.12018891344113279
-3.0572247327957998,0.1076406313067295
-3.056787642977686,0.09673516898023239
-3.0563505531595725,0.08854747838969948
-3.055913463341459,0.08486861251416135
-3.0554763735233452,0.08547997401997538
-3.0550392837052316,0.0881496639959687
-3.054602193887118,0.08947095992207296
-3.0541651040690043,0.08541152901502728
-3.0537280142508907,0.07484419261099061
-3.053290924432777,0.06281553879369393
-3.0528538346146634,0.05695845918880763
-3.05241674479655,0.06061175549890367
-3.051979654978436,0.07100832321588404
-3.0515425651603225,0.08220370906255002
-3.051105475342209,0.08810573883410565
-3.0506683855240952,0.08552054591296256
-3.0502312957059816,0.07677567646417717
-3.049794205887868,0.06806066495205775
-3.0493571160697543,0.06429190122021153
-3.0489200262516407,0.0665047190792055
-3.048482936433527,0.0729406788449175
-3.0480458466154134,0.07995148974261472
-3.0476087567973,0.08279341631730627
-3.047171666979186,0.07905699932599444
-3.0467345771610725,0.07196869173443068
-3.046297487342959,0.06815250348409671
-3.0458603975248453,0.07108802550819741
-3.0454233077067316,0.0773397329804379
-3.044986217888618,0.07971074285976255
-3.0445491280705044,0.07439059231496269
-3.0441120382523907,0.06510211841528091
-3.043674948434277,0.05971680269098155
-3.0432378586161635,0.06264907561592024
-3.04280076879805,0.07123337743262272
-3.042363678979936,0.07922790925956077
-3.0419265891618226,0.08242264211322421
-3.041489499343709,0.08110317617528892
-3.0410524095255953,0.07920980559617105
-3.0406153197074817,0.08156422236551354
-3.040178229889368,0.08991247720022644
-3.0397411400712544,0.1006454072697397
-3.0393040502531408,0.10776426415640983
-3.038866960435027,0.10920546775483032
-3.0384298706169135,0.1091384345784155
-3.0379927807988,0.11235952262114654
-3.0375556909806862,0.11703072459331633
-3.0371186011625726,0.11557605117557614
-3.036681511344459,0.10365446895557229
-3.0362444215263453,0.08594703726098232
-3.0358073317082317,0.07154548442984855
-3.035370241890118,0.06554763599233489
-3.0349331520720044,0.06658154432770223
-3.034496062253891,0.07007006534696222
-3.034058972435777,0.07145480311965277
-3.0336218826176635,0.06800336696397753
-3.03318479279955,0.06063057585033142
-3.0327477029814363,0.054180709818709295
-3.0323106131633226,0.053958431955060136
-3.031873523345209,0.06061203864624521
-3.0314364335270954,0.06853347354151594
-3.0309993437089817,0.07055046891995191
-3.030562253890868,0.06544908235459564
-3.0301251640727545,0.060464431166344236
-3.0296880742546413,0.06474865296127023
-3.0292509844365276,0.08000978153869855
-3.028813894618414,0.09867014559321134
-3.0283768048003004,0.11136734606780883
-3.0279397149821867,0.114979494630258
-3.027502625164073,0.11323981255794827
-3.0270655353459595,0.11178548273291375
-3.026628445527846,0.11424655008073206
-3.026191355709732,0.12132168704511874
-3.0257542658916186,0.13049183997105282
-3.025317176073505,0.13654918496931756
-3.0248800862553913,0.13530267043749541
-3.0244429964372777,0.12823227832258446
-3.024005906619164,0.12199322514087145
-3.0235688168010504,0.12198837574240577
-3.0231317269829368,0.12699915724985555
-3.022694637164823,0.130662464897517
-3.0222575473467095,0.12766688789983885
-3.021820457528596,0.1185541365529471
-3.021383367710482,0.10953687038261108
-3.0209462778923686,0.10772145095344134
-3.020509188074255,0.11503667062015042
-3.0200720982561413,0.12590650426586877
-3.0196350084380277,0.1317466649002961
-3.019197918619914,0.12887941524780708
-3.0187608288018004,0.12180688244293772
-3.0183237389836868,0.11806671988515069
-3.017886649165573,0.12056254400519671
-3.0174495593474595,0.12618074736962162
-3.017012469529346,0.13120087547688253
-3.0165753797112322,0.1354835092613889
-3.0161382898931186,0.14039719131286812
-3.015701200075005,0.1450174624638722
-3.0152641102568913,0.14697599754927476
-3.0148270204387777,0.14636336423665014
-3.014389930620664,0.14601239146933426
-3.0139528408025504,0.14704156381184227
-3.013515750984437,0.14618667530651538
-3.013078661166323,0.13954605249894564
-3.0126415713482095,0.12828915342888722
-3.012204481530096,0.11866474460341184
-3.0117673917119823,0.11606825811996821
-3.0113303018938686,0.12036708417767106
-3.010893212075755,0.12704739048501917
-3.0104561222576414,0.13128611114764113
-3.0100190324395277,0.1305574857544382
-3.009581942621414,0.1252614082425088
-3.0091448528033005,0.11843913825178888
-3.008707762985187,0.1144036281350327
-3.008270673167073,0.11652336648323094
-3.0078335833489596,0.12579685826239514
-3.007396493530846,0.14107418475625555
-3.0069594037127323,0.16005792075040917
-3.0065223138946187,0.1800106212646235
-3.006085224076505,0.19781749824662787
-3.0056481342583914,0.2098615802293468
-3.0052110444402778,0.21312862411057282
-3.004773954622164,0.20830306722791667
-3.0043368648040505,0.20206105700127866
-3.003899774985937,0.20356711443406295
-3.003462685167823,0.21525032725591245
-3.0030255953497096,0.2270024341274899
-3.002588505531596,0.22313111159731727
-3.0021514157134823,0.19766059666944996
-3.0017143258953687,0.1615307233919204
-3.001277236077255,0.13305963746648883
-3.0008401462591414,0.12241463392899589
-3.000403056441028,0.12598056430912868
-2.999965966622914,0.13267701911015947
-2.9995288768048005,0.13286415200736582
-2.999091786986687,0.12327968141964263
-2.9986546971685732,0.10744241037369631
-2.9982176073504596,0.09207772552201454
-2.997780517532346,0.08175504343385011
-2.9973434277142323,0.07658699755938173
-2.9969063378961187,0.07470181815450348
-2.996469248078005,0.07516729720055361
-2.9960321582598914,0.07771448012293712
-2.995595068441778,0.08121058396462907
-2.995157978623664,0.08393075959256542
-2.9947208888055505,0.08503836156740645
-2.994283798987437,0.08514724419822238
-2.9938467091693233,0.08556201871274001
-2.9934096193512096,0.087113121959317
-2.992972529533096,0.08949091844794442
-2.9925354397149824,0.09159710158003576
-2.9920983498968687,0.0925817380502912
-2.991661260078755,0.09247368354290907
-2.9912241702606415,0.09187058473876013
-2.990787080442528,0.0912996291494397
-2.990349990624414,0.09094345732014664
-2.9899129008063006,0.09074774815450794
-2.989475810988187,0.0906890614038343
-2.9890387211700733,0.09105245210374455
-2.9886016313519597,0.0924254671441168
-2.988164541533846,0.09520742032684229
-2.9877274517157324,0.09905624614396955
-2.9872903618976188,0.10299892324619495
-2.986853272079505,0.10623190900453008
-2.9864161822613915,0.10875175259344591
-2.985979092443278,0.11115416901018352
-2.9855420026251642,0.11398463648163615
-2.9851049128070506,0.11743098210081039
-2.984667822988937,0.12149807156040417
-2.9842307331708233,0.12628751100085547
-2.9837936433527097,0.13219069841635545
-2.983356553534596,0.1398438003271018
-2.9829194637164824,0.14949796030118878
-2.982482373898369,0.16007869716659967
-2.982045284080255,0.16913573337840804
-2.9816081942621415,0.1741932385255531
-2.981171104444028,0.17420875990734674
-2.9807340146259143,0.1697486336606037
-2.9802969248078006,0.1622539490130335
-2.979859834989687,0.1534746709607901
-2.9794227451715734,0.14508460584849933
-2.9789856553534597,0.13809686726901677
-2.978548565535346,0.1325443290075258
-2.9781114757172324,0.12787535797724042
-2.977674385899119,0.12350688602253226
-2.977237296081005,0.119017514738749
-2.9768002062628915,0.1143546027775767
-2.976363116444778,0.11016776483010349
-2.9759260266266643,0.1075105453424882
-2.9754889368085506,0.10676615912645515
-2.975051846990437,0.10699345135849216
-2.9746147571723234,0.10658327406433969
-2.9741776673542097,0.10457543519200012
-2.973740577536096,0.10143793506516288
-2.9733034877179825,0.0987751312363974
-2.972866397899869,0.09813526585063807
-2.972429308081755,0.0997028949675989
-2.9719922182636416,0.10209369473038996
-2.971555128445528,0.10363639503559087
-2.9711180386274143,0.10377834201160152
-2.9706809488093007,0.10302741898343364
-2.970243858991187,0.10178053073392371
-2.9698067691730734,0.09974154235062839
-2.9693696793549598,0.0965464936152619
-2.968932589536846,0.09256406754989945
-2.9684954997187325,0.08889111010848805
-2.968058409900619,0.08667714922566226
-2.9676213200825052,0.08640579461186784
-2.9671842302643916,0.087563905321223
-2.966747140446278,0.08891495537190583
-2.9663100506281643,0.08929446803280124
-2.9658729608100507,0.08837981100101099
-2.965435870991937,0.08680722009372231
-2.9649987811738234,0.08555443026557377
-2.96456169135571,0.08513015082562622
-2.964124601537596,0.08526437896656802
-2.9636875117194825,0.0853568017100151
-2.963250421901369,0.08515951862244822
-2.9628133320832553,0.08483128095029478
-2.9623762422651416,0.08430048885493417
-2.961939152447028,0.08298192887114543
-2.9615020626289144,0.08054502011260382
-2.9610649728108007,0.07776613648325624
-2.960627882992687,0.07597285911473053
-2.9601907931745735,0.0753658271606078
-2.95975370335646,0.07427411236846818
-2.959316613538346,0.07054001827369194
-2.9588795237202326,0.06369177406905062
-2.958442433902119,0.05559640824295909
-2.9580053440840053,0.049005559992358415
-2.9575682542658916,0.04557835536557253
-2.957131164447778,0.045171939100988344
-2.9566940746296644,0.046637330556106846
-2.9562569848115507,0.04900923700381084
-2.955819894993437,0.05201343269554353
-2.9553828051753235,0.055762311523994794
-2.95494571535721,0.06027249338382744
-2.954508625539096,0.06537074409612756
-2.9540715357209826,0.0708515083507989
-2.953634445902869,0.07634904308881223
-2.9531973560847553,0.08097424413506983
-2.9527602662666417,0.08351768975564541
-2.952323176448528,0.083463095191408
-2.9518860866304144,0.08167556704249264
-2.9514489968123008,0.07970683515727699
-2.951011906994187,0.07846453746348236
-2.9505748171760735,0.07778875538099354
-2.95013772735796,0.07708037312369763
-2.9497006375398462,0.07610231118421203
-2.9492635477217326,0.07584510745339994
-2.948826457903619,0.07929956581476139
-2.9483893680855053,0.09023844843868192
-2.9479522782673917,0.10897438379083922
-2.947515188449278,0.1289627714383224
-2.9470780986311644,0.13984601503669897
-2.946641008813051,0.13575471991856666
-2.9462039189949376,0.12023658547548696
-2.945766829176824,0.10230975957260914
-2.9453297393587103,0.08854992491381437
-2.9448926495405967,0.07979727696931661
-2.944455559722483,0.07401813091155392
-2.9440184699043694,0.06991511654140097
-2.943581380086256,0.06740688330630121
-2.943144290268142,0.0663362683923476
-2.9427072004500285,0.06598120869240065
-2.942270110631915,0.06554471068719346
-2.9418330208138013,0.06451537696461966
-2.9413959309956876,0.06262341018560584
-2.940958841177574,0.05989511695242629
-2.9405217513594604,0.057070466411758024
-2.9400846615413467,0.0560909724665651
-2.939647571723233,0.06020669939609931
-2.9392104819051195,0.07362819575987013
-2.938773392087006,0.10084250653973946
-2.938336302268892,0.14499752233223062
-2.9378992124507786,0.2045366140170935
-2.937462122632665,0.2697143788104223
-2.9370250328145513,0.32360348387664034
-2.9365879429964377,0.35000179815077065
-2.936150853178324,0.3432252445649761
-2.9357137633602104,0.311004623428222
-2.9352766735420968,0.267831208477815
-2.934839583723983,0.22542438442740967
-2.9344024939058695,0.1883188154270963
-2.933965404087756,0.15565440118416957
-2.9335283142696422,0.12487628815574205
-2.9330912244515286,0.09427091889723457
-2.932654134633415,0.06428209073184425
-2.9322170448153013,0.0376666996853101
-2.9317799549971877,0.017855486016212955
-2.931342865179074,0.006359062264833627
-2.9309057753609604,0.0016472299128371792
-2.930468685542847,0.0005591886125612689
-2.930031595724733,0.0005456977738710486
-2.9295945059066195,0.0006848802107816628
-2.929157416088506,0.0016024140729740124
-2.9287203262703922,0.0056878473676086555
-2.9282832364522786,0.017432706993746442
-2.927846146634165,0.04175803297286085
-2.9274090568160513,0.07942881614780802
-2.9269719669979377,0.12271203598423434
-2.926534877179824,0.15647822166936548
-2.9260977873617104,0.16618396875459693
-2.925660697543597,0.1473648392097234
-2.925223607725483,0.1087119929929838
-2.9247865179073695,0.06603352774825141
-2.924349428089256,0.032425696507695306
-2.9239123382711423,0.012531682042944315
-2.9234752484530286,0.0037657182649919753
-2.923038158634915,0.0010520132732911593
-2.9226010688168014,0.00046348803506244195
-2.9221639789986877,0.0002890000958230967
-2.921726889180574,0.00034857455174830746
-2.9212897993624605,0.0005641116316075153
-2.920852709544347,0.0004151591040812629
-2.920415619726233,0.0010640506864743739
-2.9199785299081196,0.008151743856388347
-2.919541440090006,0.029113001435291577
-2.9191043502718923,0.06351943036747507
-2.9186672604537787,0.09662232597619921
-2.918230170635665,0.1080529935856386
-2.9177930808175514,0.09120039541881757
-2.9173559909994378,0.06269424741598782
-2.916918901181324,0.04942087542416202
-2.9164818113632105,0.06574556288085572
-2.916044721545097,0.10431644530762854
-2.9156076317269832,0.14679342038418566
-2.9151705419088696,0.1794614521852905
-2.914733452090756,0.19875344848343574
-2.9142963622726423,0.2073535114212159
-2.9138592724545287,0.20963958733101382
-2.913422182636415,0.2099440630946808
-2.9129850928183014,0.21157149674554127
-2.912548003000188,0.21569578501552625
-2.912110913182074,0.2210499163962182
-2.9116738233639605,0.22425567675689
-2.911236733545847,0.22077021376472303
-2.9107996437277333,0.20775137695351895
-2.9103625539096196,0.1877743008893886
-2.909925464091506,0.1686706607226181
-2.9094883742733924,0.1577831541007801
-2.9090512844552787,0.15638693473153184
-2.908614194637165,0.16034402379965032
-2.9081771048190515,0.16493290723470794
-2.907740015000938,0.16767938678358638
-2.907302925182824,0.168292805080161
-2.9068658353647105,0.16908160622722818
-2.906428745546597,0.17533305328294738
-2.9059916557284833,0.1917913897172454
-2.9055545659103696,0.21662711880628557
-2.905117476092256,0.24000877924082323
-2.9046803862741424,0.2499859747219444
-2.9042432964560287,0.239741142076477
-2.903806206637915,0.2101434280845278
-2.9033691168198015,0.16844289283213207
-2.902932027001688,0.1260944455028734
-2.902494937183574,0.09495355880848051
-2.9020578473654606,0.08132263262053134
-2.901620757547347,0.08267613093018666
-2.9011836677292333,0.09158664680852453
-2.9007465779111197,0.10281412881713493
-2.900309488093006,0.11528603316634602
-2.8998723982748924,0.1281485469041951
-2.8994353084567788,0.13814512100461776
-2.898998218638665,0.14231244496538922
-2.8985611288205515,0.14150260811123236
-2.898124039002438,0.1396946877552438
-2.8976869491843242,0.1405330802836634
-2.8972498593662106,0.1450346718070322
-2.896812769548097,0.15102787913921253
-2.8963756797299833,0.15336819131268029
-2.8959385899118697,0.14606402377381703
-2.895501500093756,0.12682430724074337
-2.8950644102756424,0.10030995846666764
-2.894627320457529,0.07581657381194641
-2.894190230639415,0.06080955284899469
-2.8937531408213015,0.05642470330431605
-2.893316051003188,0.05869127778884048
-2.8928789611850743,0.06321533546768228
-2.8924418713669606,0.06827809704303911
-2.892004781548847,0.07379571173773443
-2.8915676917307334,0.07824103635388265
-2.8911306019126197,0.07794294789177446
-2.890693512094506,0.07049593661693462
-2.8902564222763925,0.05862783276373311
-2.889819332458279,0.04929459649571415
-2.889382242640165,0.047963461778390386
-2.8889451528220516,0.05398250293830574
-2.888508063003938,0.06177070354261148
-2.8880709731858243,0.06577991975750747
-2.8876338833677107,0.06370785335525951
-2.887196793549597,0.05599398777156248
-2.8867597037314834,0.044216933582809016
-2.8863226139133698,0.030616482570074478
-2.885885524095256,0.01793681632680642
-2.8854484342771425,0.008751230486096172
-2.885011344459029,0.00574266482106432
-2.884574254640915,0.013547092664354016
-2.8841371648228016,0.03854920097568071
-2.883700075004688,0.08292592258512235
-2.8832629851865743,0.13681902698609852
-2.8828258953684607,0.1788212293344559
-2.882388805550347,0.18893831455923535
-2.8819517157322334,0.16408135732334464
-2.8815146259141198,0.12110310232422035
-2.881077536096006,0.08412243578937302
-2.8806404462778925,0.06821474262706984
-2.880203356459779,0.07324707594288814
-2.8797662666416652,0.08991373182634933
-2.8793291768235516,0.1095473918540644
-2.878892087005438,0.12928988350860077
-2.8784549971873243,0.1505965137082516
-2.8780179073692107,0.17426962450778077
-2.877580817551097,0.19686573695045304
-2.8771437277329834,0.2118618303763051
-2.87670663791487,0.21479359187694191
-2.876269548096756,0.2073776248724679
-2.8758324582786425,0.19608362170801943
-2.875395368460529,0.18621710955558224
-2.8749582786424153,0.17734743076834888
-2.8745211888243016,0.16448748686403422
-2.874084099006188,0.14367854990884443
-2.8736470091880744,0.11679183324267084
-2.8732099193699607,0.09159158602176128
-2.872772829551847,0.07731058911509169
-2.8723357397337335,0.0792831910770653
-2.87189864991562,0.09629583203571412
-2.871461560097506,0.12169828656042501
-2.8710244702793926,0.14663607491124492
-2.870587380461279,0.16343146592889873
-2.8701502906431653,0.16842869880665812
-2.8697132008250517,0.1637698755826862
-2.869276111006938,0.15643265669267217
-2.8688390211888244,0.15363551956312113
-2.8684019313707108,0.15737227228750722
-2.867964841552597,0.16303905995427953
-2.8675277517344835,0.16390457149930057
-2.86709066191637,0.15739245502669655
-2.866653572098256,0.1473362128891696
-2.8662164822801426,0.1403979602949053
-2.865779392462029,0.14017558545048767
-2.8653423026439153,0.14420401946171205
-2.8649052128258017,0.14629444226477523
-2.864468123007688,0.1420268447654556
-2.8640310331895744,0.13237511197631888
-2.863593943371461,0.12214472177501513
-2.863156853553347,0.1151262133852253
-2.8627197637352335,0.11127679076319148
-2.86228267391712,0.10862823438878431
-2.8618455840990062,0.1068539784792049
-2.8614084942808926,0.10766446786973029
-2.860971404462779,0.11163722506315055
-2.8605343146446653,0.11590717310283219
-2.8600972248265517,0.11614858778125495
-2.859660135008438,0.1108691604105441
-2.8592230451903244,0.10308574027335995
-2.858785955372211,0.09750069546707447
-2.858348865554097,0.0964314456746281
-2.8579117757359835,0.09876959841266966
-2.85747468591787,0.10230718633749766
-2.8570375960997563,0.10605544540623957
-2.8566005062816426,0.11008095033911929
-2.856163416463529,0.11401614988960519
-2.8557263266454154,0.11670857026378166
-2.8552892368273017,0.11729113193691619
-2.854852147009188,0.115973889936449
-2.8544150571910745,0.11365831386081837
-2.853977967372961,0.11115679436591579
-2.853540877554847,0.10881700184199969
-2.8531037877367336,0.10645630117018132
-2.85266669791862,0.10352972725809048
-2.8522296081005063,0.099771086608147
-2.8517925182823927,0.09581234011149689
-2.851355428464279,0.09266345610925339
-2.8509183386461654,0.09021879485727656
-2.8504812488280518,0.08670516425763992
-2.850044159009938,0.08021274460708863
-2.8496070691918245,0.07073569098564751
-2.849169979373711,0.06033539579840426
-2.8487328895555972,0.05139023619037268
-2.8482957997374836,0.0450978932966234
-2.84785870991937,0.041587835783009765
-2.8474216201012563,0.04076284942033577
-2.8469845302831427,0.04248277735904925
-2.846547440465029,0.0461200541305391
-2.8461103506469154,0.05052225780849804
-2.845673260828802,0.05478384475963256
-2.845236171010688,0.059029679626652745
-2.8447990811925745,0.06418758520605977
-2.844361991374461,0.07078788264653584
-2.8439249015563473,0.07807040968451189
-2.8434878117382336,0.0845482204196347
-2.84305072192012,0.08946624216421317
-2.8426136321020063,0.09332670758271489
-2.8421765422838927,0.09680345736701633
-2.841739452465779,0.09964211136011862
-2.8413023626476654,0.10120775809788564
-2.840865272829552,0.10184883952843811
-2.840428183011438,0.1029091015895209
-2.8399910931933245,0.1052565577170493
-2.839554003375211,0.10853724648373193
-2.8391169135570973,0.11223965635686294
-2.8386798237389836,0.11673586744126808
-2.83824273392087,0.12241600333392877
-2.8378056441027564,0.1280760995519023
-2.8373685542846427,0.13112640156454633
-2.836931464466529,0.1296948173219488
-2.8364943746484155,0.12405480971064119
-2.836057284830302,0.11588986858878622
-2.835620195012188,0.10687272484702261
-2.8351831051940746,0.09845998099298173
-2.834746015375961,0.09243659646963771
-2.8343089255578473,0.0904592588324862
-2.8338718357397337,0.09251966757702171
-2.83343474592162,0.09624397003676954
-2.8329976561035064,0.09834895362689097
-2.8325605662853928,0.09721940817325801
-2.832123476467279,0.09437776946025932
-2.8316863866491655,0.09364157720895593
-2.831249296831052,0.0985534454528344
-2.8308122070129382,0.10969918325681156
-2.8303751171948246,0.12360897144032842
-2.829938027376711,0.13429343501803
-2.8295009375585973,0.13697775725734387
-2.8290638477404837,0.1316581225582985
-2.82862675792237,0.1234160697076319
-2.8281896681042564,0.11856314702977781
-2.827752578286143,0.11953905516039076
-2.827315488468029,0.12322649063866205
-2.8268783986499155,0.12438835870031621
-2.826441308831802,0.1207789087969067
-2.8260042190136883,0.11481872432250194
-2.8255671291955746,0.11069218069654108
-2.825130039377461,0.11068110586574756
-2.8246929495593474,0.11456472214921135
-2.8242558597412337,0.12148091992782561
-2.82381876992312,0.13092057318199135
-2.8233816801050065,0.14180546097250732
-2.822944590286893,0.151956824477963
-2.822507500468779,0.15962122271771426
-2.8220704106506656,0.16528341454697743
-2.821633320832552,0.17111229831745897
-2.8211962310144383,0.1784387507314906
-2.8207591411963246,0.18623389921050373
-2.820322051378211,0.1921426123362771
-2.8198849615600974,0.19448411644454602
-2.8194478717419837,0.1929958985171018
-2.81901078192387,0.18821660871428883
-2.818573692105757,0.18097438202522026
-2.8181366022876433,0.17266533311388108
-2.8176995124695297,0.16549096553675002
-2.817262422651416,0.16168898021994949
-2.8168253328333024,0.16199595666490757
-2.8163882430151888,0.16463802121724297
-2.815951153197075,0.1660266520607692
-2.8155140633789615,0.16308049421749132
-2.815076973560848,0.1555691812635802
-2.814639883742734,0.1464272236397471
-2.8142027939246206,0.13943999475764546
-2.813765704106507,0.136104860771258
-2.8133286142883933,0.13448366719658306
-2.8128915244702797,0.13117945869423295
-2.812454434652166,0.1246423599394737
-2.8120173448340524,0.11673790895213462
-2.811580255015939,0.11118141738695539
-2.811143165197825,0.11036825741929798
-2.8107060753797115,0.11346044155219061
-2.810268985561598,0.11721355128637165
-2.8098318957434842,0.11851312605810711
-2.8093948059253706,0.11636746058358606
-2.808957716107257,0.11202261745419974
-2.8085206262891433,0.10766529642007484
-2.8080835364710297,0.10509950487469204
-2.807646446652916,0.10527403783274432
-2.8072093568348024,0.10842854259330173
-2.806772267016689,0.11408715436554903
-2.806335177198575,0.12064373073486849
-2.8058980873804615,0.1252521296379073
-2.805460997562348,0.12492126872424138
-2.8050239077442343,0.11853026008589249
-2.8045868179261206,0.10804024434528268
-2.804149728108007,0.0974089666359401
-2.8037126382898934,0.08986503008146067
-2.8032755484717797,0.08599064883314626
-2.802838458653666,0.08426326925297091
-2.8024013688355525,0.08313911573297997
-2.801964279017439,0.08243111290295024
-2.801527189199325,0.08297545170469871
-2.8010900993812116,0.0855154286573393
-2.800653009563098,0.09006634451287757
-2.8002159197449843,0.09598707432976752
-2.7997788299268707,0.10233466936239106
-2.799341740108757,0.1082958670945179
-2.7989046502906434,0.1135710264960456
-2.7984675604725298,0.11825353164248206
-2.798030470654416,0.12199949627461491
-2.7975933808363025,0.12334918222527423
-2.797156291018189,0.12043290929752648
-2.7967192012000752,0.11288090471479338
-2.7962821113819616,0.10299068313626931
-2.795845021563848,0.0945183755898169
-2.7954079317457343,0.0899132442714119
-2.7949708419276207,0.08864471251683868
-2.794533752109507,0.0882350982591995
-2.7940966622913934,0.08681857841172906
-2.79365957247328,0.08464077040995796
-2.793222482655166,0.08332026312294052
-2.7927853928370525,0.08409007052519499
-2.792348303018939,0.08691918143611736
-2.7919112132008252,0.09097451713793712
-2.7914741233827116,0.09537028824665432
-2.791037033564598,0.09930496899005999
-2.7905999437464843,0.10189418033892368
-2.7901628539283707,0.10244387135495095
-2.789725764110257,0.10107246272325142
-2.7892886742921434,0.09881778118264214
-2.78885158447403,0.09683608120899509
-2.788414494655916,0.09544411680317318
-2.7879774048378025,0.09408646324941816
-2.787540315019689,0.09234459901094264
-2.7871032252015753,0.09087629452089606
-2.7866661353834616,0.09104786996693458
-2.786229045565348,0.0933205226750341
-2.7857919557472344,0.09604825244418205
-2.7853548659291207,0.0964536818037642
-2.784917776111007,0.09348378219767477
-2.7844806862928935,0.08978868300106009
-2.78404359647478,0.09022635017400539
-2.783606506656666,0.09770497099579793
-2.7831694168385526,0.11035750474301594
-2.782732327020439,0.12299042985396456
-2.7822952372023253,0.1312297636011906
-2.7818581473842117,0.13407469712854853
-2.781421057566098,0.13291122237868405
-2.7809839677479844,0.1292887028860204
-2.7805468779298708,0.12448723736954567
-2.780109788111757,0.1206330770928011
-2.7796726982936435,0.1207132284150998
-2.77923560847553,0.12655785613407017
-2.7787985186574162,0.13701277853976462
-2.7783614288393026,0.14861482351027835
-2.777924339021189,0.15810491037882243
-2.7774872492030753,0.16415222542456137
-2.7770501593849617,0.1670078954841119
-2.776613069566848,0.16723727577784686
-2.7761759797487344,0.1651154318302884
-2.775738889930621,0.16084951505872674
-2.775301800112507,0.15487061642705435
-2.7748647102943935,0.14791761019145871
-2.77442762047628,0.14119123944028414
-2.7739905306581663,0.1364806882001533
-2.7735534408400526,0.13569212916391585
-2.773116351021939,0.1397353873234107
-2.7726792612038254,0.14770296998017532
-2.7722421713857117,0.15724806222220922
-2.771805081567598,0.16587128779043567
-2.7713679917494844,0.17195485156716997
-2.770930901931371,0.1749313996242669
-2.770493812113257,0.17509264025062102
-2.7700567222951435,0.1736614820402352
-2.76961963247703,0.17286016205364976
-2.7691825426589163,0.17531907917569445
-2.7687454528408026,0.1829690381366962
-2.768308363022689,0.196300644006929
-2.7678712732045754,0.21436239294036544
-2.7674341833864617,0.23493933802404943
-2.766997093568348,0.254560390024511
-2.7665600037502345,0.2689480745366457
-2.766122913932121,0.2744131595076578
-2.765685824114007,0.26933260317190616
-2.7652487342958936,0.2543462186604954
-2.76481164447778,0.23135731521172667
-2.7643745546596663,0.20284998455749512
-2.7639374648415527,0.17226118832200568
-2.763500375023439,0.14428164435272794
-2.7630632852053254,0.12384687738242364
-2.7626261953872118,0.11440825552821321
-2.762189105569098,0.11707249650655695
-2.7617520157509845,0.1309278858005334
-2.761314925932871,0.15338830368766906
-2.7608778361147572,0.17996236074977748
-2.7604407462966436,0.20451032950011577
-2.76000365647853,0.22110771729823311
-2.7595665666604163,0.2267302050527649
-2.7591294768423027,0.2225594610105614
-2.758692387024189,0.21267504359135986
-2.7582552972060754,0.20125611734078788
-2.757818207387962,0.19067746536841693
-2.757381117569848,0.18181787398222293
-2.7569440277517345,0.17560593143346748
-2.756506937933621,0.17360244300231273
-2.7560698481155073,0.1766132932065995
-2.7556327582973936,0.18284477490453985
-2.75519566847928,0.18815125787451034
-2.7547585786611664,0.18893854721378853
-2.7543214888430527,0.18516675827108633
-2.753884399024939,0.1802566639827196
-2.7534473092068255,0.17767150819004082
-2.753010219388712,0.17750080547162214
-2.752573129570598,0.1765635266456651
-2.7521360397524846,0.1719842709192637
-2.751698949934371,0.16459147248809636
-2.7512618601162573,0.1586595793157208
-2.7508247702981437,0.15828229707682226
-2.75038768048003,0.16403091618633803
-2.7499505906619164,0.17301368687485066
-2.7495135008438027,0.1817769260319437
-2.749076411025689,0.18878924388328056
-2.7486393212075755,0.19427970356960841
-2.748202231389462,0.1983436121373791
-2.747765141571348,0.19977305841174628
-2.7473280517532346,0.19673020692945334
-2.746890961935121,0.18831182849056644
-2.7464538721170073,0.1755518935019609
-2.7460167822988937,0.16127173963761884
-2.74557969248078,0.1489485567592232
-2.7451426026626664,0.14108027978186694
-2.7447055128445528,0.1379077308008092
-2.744268423026439,0.1375197000369254
-2.7438313332083255,0.1374764588432097
-2.743394243390212,0.1366357133187451
-2.7429571535720982,0.1356124223459396
-2.7425200637539846,0.13580321641186127
-2.742082973935871,0.13838000312202411
-2.741645884117758,0.14426084857479757
-2.741208794299644,0.15443074792482298
-2.7407717044815305,0.16938021730436278
-2.740334614663417,0.18771007582260438
-2.7398975248453032,0.20545357062388253
-2.7394604350271896,0.21738618972545115
-2.739023345209076,0.21968275587530808
-2.7385862553909623,0.21184593550244066
-2.7381491655728487,0.196464638426231
-2.737712075754735,0.17736522444446973
-2.7372749859366214,0.1579356839765785
-2.736837896118508,0.1406705870483125
-2.736400806300394,0.12740553982971473
-2.7359637164822805,0.11922526731160447
-2.735526626664167,0.11599433787928086
-2.7350895368460533,0.11631365919193094
-2.7346524470279396,0.11821185953361223
-2.734215357209826,0.11986230080225112
-2.7337782673917124,0.1196951233093446
-2.7333411775735987,0.1163821404078017
-2.732904087755485,0.10953933428730722
-2.7324669979373715,0.10077851309766646
-2.732029908119258,0.09352274655269736
-2.731592818301144,0.0907696766765282
-2.7311557284830306,0.0922894111621606
-2.730718638664917,0.0939349865485312
-2.7302815488468033,0.0901658703447964
-2.7298444590286897,0.07795795233948641
-2.729407369210576,0.05896142323335191
-2.7289702793924624,0.03835150715521909
-2.7285331895743488,0.021643662878395118
-2.728096099756235,0.012104002526968655
-2.7276590099381215,0.010270940392149791
-2.727221920120008,0.014986288215764169
-2.7267848303018942,0.024377395322039502
-2.7263477404837806,0.036045612260540386
-2.725910650665667,0.04702902126765533
-2.7254735608475533,0.054438226102481814
-2.7250364710294397,0.05684821100033875
-2.724599381211326,0.055516430370994775
-2.7241622913932124,0.054200563252127194
-2.723725201575099,0.05708099269118894
-2.723288111756985,0.06578999655793373
-2.7228510219388715,0.07781576253053138
-2.722413932120758,0.08808627485538226
-2.7219768423026443,0.09293531625332775
-2.7215397524845306,0.09304225606179865
-2.721102662666417,0.09243001099627583
-2.7206655728483033,0.09440598430704437
-2.7202284830301897,0.09856004948831172
-2.719791393212076,0.10180739685144359
-2.7193543033939624,0.10210479607779056
-2.718917213575849,0.10082066423898055
-2.718480123757735,0.10157809494647067
-2.7180430339396215,0.10717110696292871
-2.717605944121508,0.11759432779553576
-2.7171688543033943,0.13045755257522113
-2.7167317644852806,0.14276580339389422
-2.716294674667167,0.15249009997713991
-2.7158575848490534,0.15915840570080816
-2.7154204950309397,0.16348371651947377
-2.714983405212826,0.16641705103123652
-2.7145463153947125,0.16822346285421982
-2.714109225576599,0.16813810526930809
-2.713672135758485,0.16471924766422213
-2.7132350459403716,0.1565714418357513
-2.712797956122258,0.1430808291592785
-2.7123608663041443,0.12495279509512404
-2.7119237764860307,0.10430670386858072
-2.711486686667917,0.08409539121387388
-2.7110495968498034,0.0670090563270732
-2.7106125070316898,0.05444413642529452
-2.710175417213576,0.046054646661796636
-2.7097383273954625,0.04008537810660985
-2.709301237577349,0.03455942420489431
-2.7088641477592352,0.029091242894430713
-2.7084270579411216,0.026180306465854137
-2.707989968123008,0.030336914034064848
-2.7075528783048943,0.044874690305964214
-2.7071157884867807,0.06887196927682666
-2.706678698668667,0.09737029841832322
-2.7062416088505534,0.12481781811552019
-2.70580451903244,0.14825904847046048
-2.705367429214326,0.16721495774613349
-2.7049303393962125,0.18124569493014736
-2.704493249578099,0.18878211322882124
-2.7040561597599853,0.18873155496500862
-2.7036190699418716,0.1825010489993182
-2.703181980123758,0.17350834406574947
-2.7027448903056444,0.16451498230439277
-2.7023078004875307,0.1558242432571728
-2.701870710669417,0.14621579024760853
-2.7014336208513035,0.13524397141543748
-2.70099653103319,0.12428370111027058
-2.700559441215076,0.11554897682490788
-2.7001223513969626,0.11055530680236227
-2.699685261578849,0.10958531829505733
-2.6992481717607353,0.112138786826117
-2.6988110819426216,0.11735259634578452
-2.698373992124508,0.12393202322460725
-2.6979369023063944,0.13013139445687305
-2.6974998124882807,0.13438086970944044
-2.697062722670167,0.1363110895066281
-2.6966256328520535,0.137287752824599
-2.69618854303394,0.13984976170565672
-2.695751453215826,0.14628684014765997
-2.6953143633977126,0.15718730879959134
-2.694877273579599,0.1707658459902823
-2.6944401837614853,0.18335076048042628
-2.6940030939433717,0.1908840881691829
-2.693566004125258,0.19080257243461948
-2.6931289143071444,0.1833509256643895
-2.6926918244890308,0.17150535338834014
-2.692254734670917,0.15942230580687425
-2.6918176448528035,0.15033459821056921
-2.69138055503469,0.14529885504325737
-2.6909434652165762,0.14357574880550142
-2.6905063753984626,0.14405755706350587
-2.690069285580349,0.1462659503650002
-2.6896321957622353,0.15000059407367866
-2.6891951059441217,0.15427972660131842
-2.688758016126008,0.15711098949066438
-2.6883209263078944,0.1567376399551463
-2.687883836489781,0.15321210704516464
-2.687446746671667,0.1485584138225448
-2.6870096568535535,0.14522562005381776
-2.68657256703544,0.1443885643075696
-2.6861354772173263,0.14571015681792548
-2.6856983873992126,0.1483873982841258
-2.685261297581099,0.15188644463397236
-2.6848242077629854,0.15545836343517366
-2.6843871179448717,0.15737688133131147
-2.683950028126758,0.15544846676362725
-2.6835129383086445,0.14886412460577803
-2.683075848490531,0.13963438575885673
-2.682638758672417,0.1318835602942625
-2.6822016688543036,0.12925924498618221
-2.68176457903619,0.13256039143628048
-2.6813274892180763,0.13951247663877614
-2.6808903993999627,0.1466789515055639
-2.680453309581849,0.151755572723209
-2.6800162197637354,0.15450628810675135
-2.6795791299456218,0.15606575987994573
-2.679142040127508,0.1576563170758012
-2.6787049503093945,0.15981041756898315
-2.678267860491281,0.16230686630455177
-2.677830770673167,0.16439064854487634
-2.6773936808550536,0.16501669725752013
-2.67695659103694,0.16329444143275665
-2.6765195012188263,0.15923373728050297
-2.6760824114007127,0.1543345794232762
-2.675645321582599,0.15129939530173556
-2.6752082317644854,0.15269508741380924
-2.6747711419463718,0.15933639533052113
-2.674334052128258,0.16957494454484895
-2.6738969623101445,0.18009562103321697
-2.673459872492031,0.18770799601253527
-2.6730227826739172,0.1909124006881851
-2.6725856928558036,0.19027086327310627
-2.67214860303769,0.18754263869157392
-2.6717115132195763,0.18435572456535979
-2.6712744234014627,0.18129923533776404
-2.670837333583349,0.17782398298656807
-2.6704002437652354,0.1727692208069604
-2.669963153947122,0.16510490551257945
-2.669526064129008,0.1545656201367101
-2.6690889743108945,0.14198872895042472
-2.668651884492781,0.12921474896781585
-2.6682147946746673,0.11845930370199098
-2.6677777048565536,0.11128060704107046
-2.66734061503844,0.10762820608969421
-2.6669035252203264,0.10568589683449117
-2.6664664354022127,0.10293005690027306
-2.666029345584099,0.09795152958819872
-2.6655922557659855,0.09173515915489594
-2.665155165947872,0.08719322504812844
-2.664718076129758,0.08707299427135207
-2.6642809863116446,0.09185973590582108
-2.663843896493531,0.0994288496728096
-2.6634068066754173,0.10663151304352735
-2.6629697168573037,0.11123610190396853
-2.66253262703919,0.11253229955991736
-2.6620955372210764,0.11051177481821113
-2.6616584474029628,0.10503069615678884
-2.661221357584849,0.09609518651786494
-2.6607842677667355,0.08483568210151975
-2.660347177948622,0.07377573962644657
-2.659910088130508,0.06574802276143196
-2.6594729983123946,0.06231677593629149
-2.659035908494281,0.06308944270450816
-2.6585988186761673,0.06635673788062776
-2.6581617288580537,0.07027485604490913
-2.65772463903994,0.07361318570525821
-2.6572875492218264,0.07588845312084501
-2.656850459403713,0.07733927761265431
-2.656413369585599,0.07893333902572071
-2.6559762797674855,0.08200517208827643
-2.655539189949372,0.08724654996758945
-2.6551021001312582,0.09369726379929388
-2.6546650103131446,0.09895128990666475
-2.654227920495031,0.10096058319916067
-2.6537908306769173,0.10012260171571107
-2.6533537408588037,0.09959342206529362
-2.65291665104069,0.10309982129442265
-2.6524795612225764,0.11188631380239564
-2.652042471404463,0.1234764398702486
-2.651605381586349,0.13345231369235697
-2.6511682917682355,0.1387847494937805
-2.650731201950122,0.13992270681899638
-2.6502941121320083,0.14005497362515787
-2.6498570223138946,0.14241141765133697
-2.649419932495781,0.14788830127784997
-2.6489828426776674,0.1546339345004993
-2.6485457528595537,0.15947183549202076
-2.64810866304144,0.1598361625672817
-2.6476715732233265,0.15499020915855796
-2.647234483405213,0.14614622907978753
-2.646797393587099,0.13578503435368366
-2.6463603037689856,0.1266401171677918
-2.645923213950872,0.1207304459844681
-2.6454861241327583,0.11877969921076634
-2.6450490343146447,0.1202761191911983
-2.644611944496531,0.12412752261418944
-2.6441748546784174,0.12946734025618045
-2.6437377648603038,0.13604318934521295
-2.64330067504219,0.14395229613753738
-2.6428635852240765,0.15300933985916293
-2.642426495405963,0.16229359890567968
-2.6419894055878492,0.17025323002822473
-2.6415523157697356,0.17534652751990573
-2.641115225951622,0.17685693670003855
-2.6406781361335083,0.17537513875509864
-2.6402410463153947,0.1725609460724105
-2.639803956497281,0.170212131785546
-2.6393668666791674,0.1692095856336516
-2.638929776861054,0.1691364633555338
-2.63849268704294,0.1689337404681493
-2.6380555972248265,0.16809673214116347
-2.637618507406713,0.16739471521158436
-2.6371814175885993,0.168449807898038
-2.6367443277704856,0.17246727336930726
-2.636307237952372,0.17912735745117575
-2.6358701481342584,0.1865370097977319
-2.6354330583161447,0.19234191043485954
-2.634995968498031,0.1952546136021111
-2.6345588786799174,0.19594503297372706
-2.634121788861804,0.19664747521740428
-2.63368469904369,0.19970453695831641
-2.6332476092255765,0.20602396311174825
-2.632810519407463,0.2145099479563519
-2.6323734295893493,0.2228334958003538
-2.6319363397712356,0.22894524869006586
-2.631499249953122,0.23226239884159616
-2.6310621601350084,0.23380025065515606
-2.6306250703168947,0.23530750576975626
-2.630187980498781,0.2380679080345707
-2.6297508906806675,0.2421075308854114
-2.629313800862554,0.24619722007206538
-2.62887671104444,0.24856154549778178
-2.6284396212263266,0.2478545088728212
-2.628002531408213,0.24388319847471202
-2.6275654415900993,0.23775973079646803
-2.6271283517719857,0.23148148034464375
-2.626691261953872,0.22716748502833695
-2.6262541721357584,0.2262454832889444
-2.6258170823176448,0.22888023718774764
-2.625379992499531,0.23390012423075027
-2.6249429026814175,0.23930522243167102
-2.624505812863304,0.24309332822010496
-2.6240687230451902,0.24388849511108548
-2.6236316332270766,0.24104090417563712
-2.623194543408963,0.23440686467452343
-2.6227574535908493,0.22434507380352778
-2.6223203637727357,0.21213029929754632
-2.621883273954622,0.20026985331941508
-2.6214461841365084,0.1919350434925613
-2.621009094318395,0.18936830925208145
-2.620572004500281,0.1922140609597566
-2.6201349146821675,0.19718027566508867
-2.619697824864054,0.19965847323506083
-2.6192607350459403,0.1964278714718741
-2.6188236452278266,0.1876036054938904
-2.618386555409713,0.17644432537971078
-2.6179494655915994,0.1671965805474497
-2.6175123757734857,0.16255055367938423
-2.617075285955372,0.16240459812542585
-2.6166381961372585,0.1644990901028289
-2.616201106319145,0.16612709174780496
-2.615764016501031,0.16562273001700373
-2.6153269266829176,0.16284935131387374
-2.614889836864804,0.15879037949167515
-2.6144527470466903,0.15483265043798383
-2.614015657228577,0.15221976833494769
-2.6135785674104635,0.15176674633263906
-2.61314147759235,0.15368300925113057
-2.612704387774236,0.15740712888927727
-2.6122672979561226,0.16157118932332373
-2.611830208138009,0.16431217620619423
-2.6113931183198953,0.163968475470571
-2.6109560285017817,0.15985932967002214
-2.610518938683668,0.15267338786537052
-2.6100818488655544,0.14420376920323738
-2.6096447590474408,0.13659747339560832
-2.609207669229327,0.13154521964816238
-2.6087705794112135,0.12974292498484513
-2.6083334895931,0.13072231344285112
-2.607896399774986,0.13306550304887377
-2.6074593099568726,0.1350526258199434
-2.607022220138759,0.1356591150167691
-2.6065851303206453,0.13545165610380255
-2.6061480405025317,0.1366926954946391
-2.605710950684418,0.14228040656990654
-2.6052738608663044,0.15396951557517985
-2.604836771048191,0.17101933228903282
-2.604399681230077,0.19032252356895882
-2.6039625914119635,0.20807920244871353
-2.60352550159385,0.22187136540163463
-2.6030884117757362,0.23158089726455275
-2.6026513219576226,0.23849597903525455
-2.602214232139509,0.24354985728876305
-2.6017771423213953,0.24648397006316847
-2.6013400525032817,0.24683257530032893
-2.600902962685168,0.24565124225467933
-2.6004658728670544,0.24583856009043845
-2.600028783048941,0.25008373588415417
-2.599591693230827,0.257981557431797
-2.5991546034127135,0.2651398595484042
-2.5987175135946,0.2656172804684675
-2.5982804237764863,0.25603396639710146
-2.5978433339583726,0.23810005888147648
-2.597406244140259,0.2176471899822428
-2.5969691543221454,0.2011491698410945
-2.5965320645040317,0.19244468403055484
-2.596094974685918,0.19165087413872933
-2.5956578848678045,0.19623685737853722
-2.595220795049691,0.20288681153553798
-2.594783705231577,0.20888963620696727
-2.5943466154134636,0.21263436582396292
-2.59390952559535,0.21342842483241117
-2.5934724357772363,0.21105925653918503
-2.5930353459591227,0.20550417996761708
-2.592598256141009,0.19701825505049403
-2.5921611663228954,0.1864503361183178
-2.5917240765047818,0.17530785216093464
-2.591286986686668,0.1652385066719521
-2.5908498968685545,0.1572040124902689
-2.590412807050441,0.1510617536603371
-2.5899757172323272,0.14599819899783045
-2.5895386274142136,0.14149841518908587
-2.5891015375961,0.13805398806744978
-2.5886644477779863,0.1370388296115581
-2.5882273579598727,0.13981451320487706
-2.587790268141759,0.14660561382815435
-2.5873531783236454,0.15580432480728698
-2.586916088505532,0.1642260457870964
-2.586478998687418,0.16845693658978697
-2.5860419088693045,0.16675933322210149
-2.585604819051191,0.16035705076903387
-2.5851677292330772,0.1530130318472386
-2.5847306394149636,0.1489268611953825
-2.58429354959685,0.15033844155512352
-2.5838564597787363,0.15652881397345478
-2.5834193699606227,0.16474227175121484
-2.582982280142509,0.17199093469743482
-2.5825451903243954,0.17624838572477688
-2.582108100506282,0.17650290080007633
-2.581671010688168,0.17234485730773447
-2.5812339208700545,0.1639287934830679
-2.580796831051941,0.15231673981645175
-2.5803597412338273,0.1395305679047096
-2.5799226514157136,0.12792209047273512
-2.5794855615976,0.11926635006496303
-2.5790484717794864,0.11428123840628203
-2.5786113819613727,0.1127728400872664
-2.578174292143259,0.1139890525087943
-2.5777372023251455,0.11676286320550769
-2.577300112507032,0.11952740917414793
-2.576863022688918,0.1205820333379548
-2.5764259328708046,0.11872002292534799
-2.575988843052691,0.1138660328274718
-2.5755517532345773,0.1072683213489322
-2.5751146634164637,0.10110765690946133
-2.57467757359835,0.09772570801444215
-2.5742404837802364,0.09876049761881343
-2.5738033939621228,0.1044246090835478
-2.573366304144009,0.1131851871165431
-2.5729292143258955,0.12213131080426687
-2.572492124507782,0.12809244198400685
-2.5720550346896682,0.1290909215800042
-2.5716179448715546,0.12534217428201436
-2.571180855053441,0.11915591495627705
-2.5707437652353273,0.11373307058597275
-2.5703066754172137,0.11155508768992194
-2.5698695855991,0.11331917135609315
-2.5694324957809864,0.1180006465377873
-2.568995405962873,0.1238693315706908
-2.568558316144759,0.12966067872406103
-2.5681212263266455,0.13505767755984469
-2.567684136508532,0.14024205804602405
-2.5672470466904183,0.1450727536439861
-2.5668099568723046,0.14876278418649622
-2.566372867054191,0.15043126714290886
-2.5659357772360774,0.15002455530280367
-2.5654986874179637,0.1486729849890422
-2.56506159759985,0.1480285444248597
-2.5646245077817365,0.14907731283085063
-2.564187417963623,0.1514210731097205
-2.563750328145509,0.1536050687753849
-2.5633132383273955,0.154173644763204
-2.562876148509282,0.15261711293653765
-2.5624390586911683,0.1496177939692407
-2.5620019688730546,0.1466259846648607
-2.561564879054941,0.14517296920702188
-2.5611277892368274,0.14626591548292497
-2.5606906994187137,0.15000506859196608
-2.5602536096006,0.1555037012153959
-2.5598165197824865,0.1612029804440364
-2.559379429964373,0.16553447687977516
-2.558942340146259,0.16762333910961785
-2.5585052503281456,0.16763602830610358
-2.558068160510032,0.16660963560369033
-2.5576310706919183,0.1659314158786232
-2.5571939808738047,0.16674362925639533
-2.556756891055691,0.16942623662869488
-2.5563198012375774,0.1732475221025018
-2.5558827114194638,0.17639756221330222
-2.55544562160135,0.17665832727999328
-2.5550085317832365,0.1726121302227617
-2.554571441965123,0.1647307537162588
-2.5541343521470092,0.15551769535933
-2.5536972623288956,0.14842496457494206
-2.553260172510782,0.14613527712322388
-2.5528230826926683,0.14923861084420137
-2.5523859928745547,0.15601866791989621
-2.551948903056441,0.1633680229473992
-2.5515118132383274,0.16831724759348393
-2.551074723420214,0.16946905175174054
-2.5506376336021,0.1676553661096551
-2.5502005437839865,0.16538577802390741
-2.549763453965873,0.1652590129693774
-2.5493263641477593,0.16827040338513682
-2.5488892743296456,0.17321622327865996
-2.548452184511532,0.17769560074217594
-2.5480150946934184,0.17996197510684125
-2.5475780048753047,0.18017755531961924
-2.547140915057191,0.18015916994210915
-2.5467038252390775,0.1819793946994819
-2.546266735420964,0.1866231117056846
-2.54582964560285,0.193632748441114
-2.5453925557847366,0.20173334063131154
-2.544955465966623,0.20973946625802536
-2.5445183761485093,0.2170764458870472
-2.5440812863303957,0.22372491150496687
-2.543644196512282,0.22981055118236363
-2.5432071066941684,0.23518990175491114
-2.5427700168760548,0.23931092743058227
-2.542332927057941,0.2414562011702739
-2.5418958372398275,0.24123484677888496
-2.541458747421714,0.23897138948885271
-2.5410216576036,0.23564384354978454
-2.5405845677854866,0.232338178286387
-2.540147477967373,0.2295972732262727
-2.5397103881492593,0.2271709309017924
-2.5392732983311457,0.22435629659489578
-2.538836208513032,0.22061660455531967
-2.5383991186949184,0.2159456227728747
-2.5379620288768048,0.21071822122907305
-2.537524939058691,0.20526550558878398
-2.537087849240578,0.19964070675400158
-2.5366507594224643,0.19378278228774728
-2.5362136696043507,0.18783427115475945
-2.535776579786237,0.1822249469972758
-2.5353394899681234,0.1774418751382512
-2.53490240015001,0.17379382965838472
-2.534465310331896,0.17146995348492683
-2.5340282205137825,0.17078187454218988
-2.533591130695669,0.17216067162260942
-2.5331540408775552,0.17568541376427796
-2.5327169510594416,0.18048802432780708
-2.532279861241328,0.1846971830515581
-2.5318427714232143,0.18624689029522407
-2.5314056816051007,0.18413217230870121
-2.530968591786987,0.17921098123884122
-2.5305315019688734,0.17387804797436016
-2.53009441215076,0.17072349719158159
-2.529657322332646,0.17104186495061222
-2.5292202325145325,0.17420490466528918
-2.528783142696419,0.17831237210434892
-2.5283460528783053,0.18159693955409129
-2.5279089630601916,0.18350011292231655
-2.527471873242078,0.1846459822609125
-2.5270347834239644,0.18589886203093492
-2.5265976936058507,0.18745335601246954
-2.526160603787737,0.1887560971792033
-2.5257235139696235,0.18916884866044711
-2.52528642415151,0.18858924220693468
-2.524849334333396,0.18745408906432348
-2.5244122445152826,0.18634397438515535
-2.523975154697169,0.18581921813186406
-2.5235380648790553,0.18667845779477457
-2.5231009750609417,0.19013091516039612
-2.522663885242828,0.1973276065899871
-2.5222267954247144,0.20841707844655977
-2.5217897056066008,0.22194389615230067
-2.521352615788487,0.23522212012905483
-2.5209155259703735,0.2454859514899841
-2.52047843615226,0.25102649230107177
-2.5200413463341462,0.25169103586989966
-2.5196042565160326,0.24870781231985672
-2.519167166697919,0.2441430322583861
-2.5187300768798053,0.24021247059642675
-2.5182929870616917,0.23851471133488672
-2.517855897243578,0.2393371240664813
-2.5174188074254644,0.24137381153087642
-2.516981717607351,0.24215502381874235
-2.516544627789237,0.2391421014474191
-2.5161075379711235,0.2310338728486927
-2.51567044815301,0.21863585193822602
-2.5152333583348963,0.20477092094870764
-2.5147962685167826,0.1931336728221094
-2.514359178698669,0.18657832439607772
-2.5139220888805553,0.185772015453223
-2.5134849990624417,0.18904546036491385
-2.513047909244328,0.19353497438949935
-2.5126108194262144,0.19681479825879378
-2.512173729608101,0.19791169397813527
-2.511736639789987,0.19716444517967943
-2.5112995499718735,0.1953281243980583
-2.51086246015376,0.1927955017156904
-2.5104253703356463,0.1894794502973902
-2.5099882805175326,0.18520084098184195
-2.509551190699419,0.18004069692549712
-2.5091141008813054,0.17430632525933792
-2.5086770110631917,0.16822457135809987
-2.508239921245078,0.16174284717580764
-2.5078028314269645,0.15469287277612384
-2.507365741608851,0.1472130677500631
-2.506928651790737,0.14005006777168233
-2.5064915619726236,0.13439993056817007
-2.50605447215451,0.13130009272374477
-2.5056173823363963,0.1309825466746999
-2.5051802925182827,0.1326969323379221
-2.504743202700169,0.13517476695109626
-2.5043061128820554,0.1373922000222645
-2.5038690230639418,0.13905715259633109
-2.503431933245828,0.14051481629139703
-2.5029948434277145,0.14227627917750302
-2.502557753609601,0.14464797085270656
-2.5021206637914872,0.14774918861582279
-2.5016835739733736,0.15177793236568343
-2.50124648415526,0.15713739975242053
-2.5008093943371463,0.1641692714543575
-2.5003723045190327,0.17261018082153862
-2.499935214700919,0.181187144424308
-2.4994981248828054,0.18777481498798365
-2.499061035064692,0.190226315468554
-2.498623945246578,0.1875210451913649
-2.4981868554284645,0.18053932777563772
-2.497749765610351,0.171863646908697
-2.4973126757922373,0.16457370277957842
-2.4968755859741236,0.16071326093737706
-2.49643849615601,0.16040426213288736
-2.4960014063378964,0.16215267273329664
-2.4955643165197827,0.1640156153485212
-2.495127226701669,0.1646992384978445
-2.4946901368835555,0.1638521801676494
-2.494253047065442,0.16161357259685913
-2.493815957247328,0.15810432550555076
-2.4933788674292146,0.15342563253839728
-2.492941777611101,0.1480354920820603
-2.4925046877929873,0.14289099638885502
-2.4920675979748736,0.1390136588443309
-2.49163050815676,0.136856998054915
-2.4911934183386464,0.13619153290098676
-2.4907563285205327,0.13672680227460002
-2.490319238702419,0.13885196760514096
-2.4898821488843055,0.14362819459528894
-2.489445059066192,0.1518555643567331
-2.489007969248078,0.16300054619485632
-2.4885708794299646,0.17500688827909702
-2.488133789611851,0.18524935730631956
-2.4876966997937373,0.19187191200067513
-2.4872596099756237,0.19446365470533689
-2.48682252015751,0.19369297262921284
-2.4863854303393964,0.19044054599598662
-2.4859483405212828,0.18527771207212454
-2.485511250703169,0.17863542797434237
-2.4850741608850555,0.1712762287822269
-2.484637071066942,0.16442587758684588
-2.4841999812488282,0.15932361987410482
-2.4837628914307146,0.1565704420570396
-2.483325801612601,0.15589292884751976
-2.4828887117944873,0.15657606027350962
-2.4824516219763737,0.15818665435175122
-2.48201453215826,0.16089939902434078
-2.4815774423401464,0.16506987455963168
-2.481140352522033,0.1704118523202472
-2.480703262703919,0.17558027129333761
-2.4802661728858055,0.17868232958780905
-2.479829083067692,0.17843382196650112
-2.4793919932495783,0.17505964719843026
-2.4789549034314646,0.1701882749811952
-2.478517813613351,0.16580338462464672
-2.4780807237952374,0.1630794208031213
-2.4776436339771237,0.16197507733405564
-2.47720654415901,0.16177098276045035
-2.4767694543408965,0.16194335057450535
-2.476332364522783,0.16256301337191809
-2.475895274704669,0.16394963348422525
-2.4754581848865556,0.16607077243783594
-2.475021095068442,0.16842725871655426
-2.4745840052503283,0.17064610679714393
-2.4741469154322147,0.1731922285436658
-2.473709825614101,0.1773321985454397
-2.4732727357959874,0.18410683756981774
-2.4728356459778738,0.1930736653068947
-2.47239855615976,0.20198077024905406
-2.4719614663416465,0.20784908223351098
-2.471524376523533,0.20873839144322476
-2.471087286705419,0.2048668600212127
-2.4706501968873056,0.1983059037465988
-2.470213107069192,0.19163930648659472
-2.4697760172510783,0.1866838556249321
-2.4693389274329647,0.1840832522333091
-2.468901837614851,0.1837390002255019
-2.4684647477967374,0.18545621750501015
-2.468027657978624,0.18924083949773723
-2.46759056816051,0.19512118621622015
-2.4671534783423965,0.20273098675484982
-2.466716388524283,0.21099793103060036
-2.4662792987061692,0.21819374266919117
-2.4658422088880556,0.2223920583318137
-2.465405119069942,0.22210902969324822
-2.4649680292518283,0.21674423982007363
-2.4645309394337147,0.20659794106679205
-2.464093849615601,0.1926315873684206
-2.4636567597974874,0.17634255055207554
-2.463219669979374,0.15984146382951062
-2.46278258016126,0.1457390735834513
-2.4623454903431465,0.1364224164709991
-2.461908400525033,0.13294575756492372
-2.4614713107069193,0.13443893179172764
-2.4610342208888056,0.13876277190161024
-2.460597131070692,0.1440674291569904
-2.4601600412525784,0.14995643128069183
-2.4597229514344647,0.1571990112445003
-2.459285861616351,0.1662637820204318
-2.4588487717982375,0.17608374142937058
-2.458411681980124,0.1842493435707124
-2.45797459216201,0.18846469352336806
-2.4575375023438966,0.1879498447999582
-2.457100412525783,0.1836284135341272
-2.4566633227076693,0.1771469084192097
-2.4562262328895557,0.16977387610485298
-2.455789143071442,0.16210998061661666
-2.4553520532533284,0.15459485505118448
-2.4549149634352148,0.14806461385121555
-2.454477873617101,0.1437436420960714
-2.4540407837989875,0.1427280787641893
-2.453603693980874,0.14545672912042412
-2.4531666041627602,0.1515157535779926
-2.4527295143446466,0.15973482971426853
-2.452292424526533,0.16841250638935182
-2.4518553347084193,0.17569271058379957
-2.4514182448903057,0.18018975887125718
-2.450981155072192,0.18166616582802472
-2.4505440652540784,0.18121346079159148
-2.450106975435965,0.180528602308909
-2.449669885617851,0.18060800071193178
-2.4492327957997375,0.18085759975331772
-2.448795705981624,0.17946183877250488
-2.4483586161635102,0.1748281529639893
-2.4479215263453966,0.16691713503713124
-2.447484436527283,0.15728450068648278
-2.4470473467091693,0.14777530974592448
-2.4466102568910557,0.13901368972950226
-2.446173167072942,0.12998789412157175
-2.4457360772548284,0.11901024627584793
-2.445298987436715,0.10513385978587941
-2.444861897618601,0.08884722766029789
-2.4444248078004875,0.07167621315161495
-2.443987717982374,0.05530145408311044
-2.4435506281642603,0.041008322518449124
-2.4431135383461466,0.029684448783582815
-2.442676448528033,0.021941278322958467
-2.4422393587099194,0.01793959040434882
-2.4418022688918057,0.017029771928205005
-2.441365179073692,0.017698887323863884
-2.4409280892555785,0.018107683422397654
-2.440490999437465,0.016941890301698116
-2.440053909619351,0.013982353645169495
-2.4396168198012376,0.010012075199306225
-2.439179729983124,0.006187959771420074
-2.4387426401650103,0.003365372068838629
-2.4383055503468967,0.0018451616706123516
-2.437868460528783,0.0016954687394241709
-2.4374313707106694,0.0033924385666782683
-2.4369942808925558,0.008228448140303218
-2.436557191074442,0.017954089479008183
-2.4361201012563285,0.03357678258706397
-2.435683011438215,0.053963339829589216
-2.4352459216201012,0.07534213979184726
-2.4348088318019876,0.09243156366749047
-2.434371741983874,0.1007999568432562
-2.4339346521657603,0.0990199935664932
-2.4334975623476467,0.08917008505879984
-2.433060472529533,0.07539599342126294
-2.4326233827114194,0.061647602886121
-2.432186292893306,0.05015650648330766
-2.431749203075192,0.041391380060988456
-2.4313121132570785,0.034959774904716044
-2.430875023438965,0.03037737891238109
-2.4304379336208513,0.027152720724682076
-2.4300008438027376,0.024528103789501456
-2.429563753984624,0.02152720133274479
-2.4291266641665104,0.017473710426336515
-2.4286895743483967,0.012504639718428013
-2.428252484530283,0.007527113456852673
-2.4278153947121695,0.003599106548889532
-2.427378304894056,0.0012532297873732977
-2.426941215075942,0.000288843476687658
-2.4265041252578285,9.163973846815187e-05
-2.426067035439715,0.00010940932777600769
-2.4256299456216013,9.669851818977675e-05
-2.4251928558034876,4.972722163435231e-05
-2.424755765985374,2.241313244869583e-05
-2.4243186761672604,2.2890207676459193e-05
-2.4238815863491467,2.6271388370993934e-05
-2.423444496531033,1.9592525415516787e-05
-2.4230074067129195,1.0783634886025573e-05
-2.422570316894806,8.506081639764562e-06
-2.422133227076692,1.0281632742739804e-05
-2.4216961372585786,9.901134087101588e-06
-2.421259047440465,6.8464726405625445e-06
-2.4208219576223513,4.7850570581707856e-06
-2.4203848678042377,5.08317291553623e-06
-2.419947777986124,5.649395663327254e-06
-2.4195106881680104,4.855185323741703e-06
-2.4190735983498968,3.593638699758019e-06
-2.418636508531783,3.2567357141170615e-06
-2.4181994187136695,3.6388878356018224e-06
-2.417762328895556,3.6704569068363345e-06
-2.4173252390774422,3.1402947508939336e-06
-2.4168881492593286,2.7347033160252217e-06
-2.416451059441215,2.821613271571256e-06
-2.4160139696231013,3.030345300112905e-06
-2.4155768798049877,2.9798347757686797e-06
-2.415139789986874,2.803492472327692e-06
-2.4147027001687604,2.8013897694359404e-06
-2.414265610350647,2.9723876071129215e-06
-2.413828520532533,3.1239062623631e-06
-2.4133914307144195,3.244663044542636e-06
-2.412954340896306,3.5325997060903266e-06
-2.4125172510781923,4.036760299109594e-06
-2.4120801612600786,4.398823965708978e-06
-2.411643071441965,4.374101127456324e-06
-2.4112059816238514,5.515127744291251e-06
-2.4107688918057377,1.2940605019131169e-05
-2.410331801987624,3.423793381836559e-05
-2.4098947121695105,7.357618918017652e-05
-2.409457622351397,0.00012460074125124262
-2.409020532533283,0.00017024235661546443
-2.4085834427151696,0.00019305266292719784
-2.408146352897056,0.0001875724207041064
-2.4077092630789423,0.00016113676826786462
-2.4072721732608287,0.0001227199485611281
-2.406835083442715,7.952243849777306e-05
-2.4063979936246014,6.05575720254544e-05
-2.4059609038064877,0.00015544586979873714
-2.405523813988374,0.0005237844785954242
-2.4050867241702605,0.0013386616996843251
-2.404649634352147,0.0026827236966580903
-2.404212544534033,0.004467876064830921
-2.4037754547159196,0.006443329392490588
-2.403338364897806,0.008290219154915643
-2.4029012750796923,0.009736477844416062
-2.4024641852615787,0.010624608537417266
-2.402027095443465,0.010922824323624876
-2.4015900056253514,0.01072173042452534
-2.4011529158072378,0.01025033439299293
-2.400715825989124,0.009890553898064746
-2.4002787361710105,0.010132666556178952
-2.399841646352897,0.011441357391651268
-2.3994045565347832,0.014075890913196058
-2.3989674667166696,0.01796570860829245
-2.398530376898556,0.022730949234901654
-2.3980932870804423,0.02785316152091526
-2.3976561972623287,0.03289621784571587
-2.397219107444215,0.03762749580588009
-2.3967820176261014,0.041946889616077766
-2.3963449278079882,0.0456759855822959
-2.3959078379898746,0.048391422543807884
-2.395470748171761,0.0494873533688374
-2.3950336583536473,0.048490933599548695
-2.3945965685355337,0.04544017587026613
-2.39415947871742,0.041043323780153705
-2.3937223888993064,0.03646898551815888
-2.393285299081193,0.0328812121655825
-2.392848209263079,0.031023058693833393
-2.3924111194449655,0.03110497029917678
-2.391974029626852,0.03300231127895144
-2.3915369398087383,0.03651829953499046
-2.3910998499906246,0.041441397924628046
-2.390662760172511,0.047355355394070306
-2.3902256703543974,0.0534484377701694
-2.3897885805362837,0.05863624316679028
-2.38935149071817,0.062051065429541516
-2.3889144009000565,0.06356351214768022
-2.388477311081943,0.06386659336933385
-2.388040221263829,0.06396978296152674
-2.3876031314457156,0.06449341435508786
-2.387166041627602,0.06540906758782085
-2.3867289518094883,0.06651942823330466
-2.3862918619913747,0.06825916544744172
-2.385854772173261,0.07198769658585066
-2.3854176823551474,0.07929693788405567
-2.3849805925370338,0.0907391167067761
-2.38454350271892,0.10501350836923373
-2.3841064129008065,0.11941903641919938
-2.383669323082693,0.13141933794295943
-2.3832322332645792,0.14027026760192182
-2.3827951434464656,0.14757007832350388
-2.382358053628352,0.1563636738279604
-2.3819209638102383,0.16942617028644916
-2.3814838739921247,0.1878179914991856
-2.381046784174011,0.2104845008550767
-2.3806096943558974,0.23492064230265491
-2.380172604537784,0.2583267792994337
-2.37973551471967,0.2785934472770886
-2.3792984249015565,0.2947747641856823
-2.378861335083443,0.3070840836231579
-2.3784242452653293,0.31659583695590227
-2.3779871554472156,0.32477952354615686
-2.377550065629102,0.33293868397664766
-2.3771129758109883,0.34171193425606755
-2.3766758859928747,0.3508965251091588
-2.376238796174761,0.3597471919560258
-2.3758017063566474,0.36755848710936545
-2.375364616538534,0.37405817010235626
-2.37492752672042,0.3792701096077658
-2.3744904369023065,0.38301564733929044
-2.374053347084193,0.3846323851942978
-2.3736162572660793,0.3833298181594888
-2.3731791674479656,0.37895613793845356
-2.372742077629852,0.37245234126546434
-2.3723049878117384,0.3654689660525402
-2.3718678979936247,0.35937413412611796
-2.371430808175511,0.35445352919464296
-2.3709937183573975,0.34991974400589815
-2.370556628539284,0.34460457368373204
-2.37011953872117,0.33765726006731933
-2.3696824489030566,0.32872743479624983
-2.369245359084943,0.31772829125578866
-2.3688082692668293,0.30466322382367433
-2.3683711794487157,0.2897878869509421
-2.367934089630602,0.2738822970125962
-2.3674969998124884,0.25821661744588825
-2.3670599099943748,0.2441099820518129
-2.366622820176261,0.23242600622824086
-2.3661857303581475,0.22342498090206706
-2.365748640540034,0.21703496870262845
-2.3653115507219202,0.21321159785020125
-2.3648744609038066,0.21202925179420448
-2.364437371085693,0.2134687712445149
-2.3640002812675793,0.2171731491283659
-2.3635631914494657,0.22243518471303822
-2.363126101631352,0.22841786482817933
-2.3626890118132384,0.23438798748439704
-2.362251921995125,0.23977051939702193
-2.361814832177011,0.24403563882781037
-2.3613777423588975,0.24659012285342205
-2.360940652540784,0.2468243814030978
-2.3605035627226703,0.24431853316288046
-2.3600664729045566,0.2390801573013676
-2.359629383086443,0.23166238753606577
-2.3591922932683294,0.2230786796175623
-2.3587552034502157,0.21452588826439542
-2.358318113632102,0.2070060233230781
-2.3578810238139885,0.20098747808671383
-2.357443933995875,0.1962600034434447
-2.357006844177761,0.19209082066538904
-2.3565697543596476,0.18766549159426502
-2.356132664541534,0.18262891767523803
-2.3556955747234203,0.1774261732226023
-2.3552584849053066,0.17319317608048573
-2.354821395087193,0.17119292063408373
-2.3543843052690794,0.17210651646801262
-2.3539472154509657,0.17563539586505228
-2.353510125632852,0.18069261990182
-2.3530730358147385,0.18604647736658703
-2.352635945996625,0.19094387211261515
-2.352198856178511,0.1952733880943187
-2.3517617663603976,0.19921634329437113
-2.351324676542284,0.20274690727097283
-2.3508875867241703,0.20542089527980517
-2.3504504969060567,0.20658896509552843
-2.350013407087943,0.20578827304447428
-2.3495763172698294,0.2029601499809252
-2.3491392274517158,0.19836826045570202
-2.348702137633602,0.1923847786523684
-2.3482650478154885,0.18537808901680158
-2.347827957997375,0.17775398346775523
-2.3473908681792612,0.17001092347534782
-2.3469537783611476,0.16267861475882048
-2.346516688543034,0.15617621995925482
-2.3460795987249203,0.15073569385428334
-2.3456425089068067,0.14646077622832526
-2.3452054190886935,0.14343500384388236
-2.34476832927058,0.1417462301608969
-2.3443312394524662,0.14141083607987834
-2.3438941496343526,0.1423105204299557
-2.343457059816239,0.1442351799340979
-2.3430199699981253,0.146977167506774
-2.3425828801800117,0.15033022904108523
-2.342145790361898,0.15394438913383632
-2.3417087005437844,0.15719041409229798
-2.341271610725671,0.15926395015835684
-2.340834520907557,0.15958139336442034
-2.3403974310894435,0.15821881503545615
-2.33996034127133,0.15601050311137984
-2.3395232514532163,0.15412455098242636
-2.3390861616351026,0.15333842417919197
-2.338649071816989,0.15351099433866983
-2.3382119819988754,0.1536416078859096
-2.3377748921807617,0.15248969937248566
-2.337337802362648,0.14933329292456454
-2.3369007125445345,0.14438181681229084
-2.336463622726421,0.13865091834926854
-2.336026532908307,0.13348613290569605
-2.3355894430901936,0.1300821310459171
-2.33515235327208,0.12920916063492766
-2.3347152634539663,0.13111887386965818
-2.3342781736358527,0.13550205159250925
-2.333841083817739,0.14146969885463778
-2.3334039939996254,0.14766860757499164
-2.3329669041815118,0.15263452725495177
-2.332529814363398,0.15531126544226756
-2.3320927245452845,0.15548471135869116
-2.331655634727171,0.15387316043145624
-2.331218544909057,0.1518030234376475
-2.3307814550909436,0.1506426719443223
-2.33034436527283,0.15129365724022104
-2.3299072754547163,0.15397332058939947
-2.3294701856366027,0.15832421962817447
-2.329033095818489,0.16368899890660113
-2.3285960060003754,0.16932158438038641
-2.328158916182262,0.17441304921218004
-2.327721826364148,0.17801802294343858
-2.3272847365460345,0.17910720855286102
-2.326847646727921,0.17690048337567268
-2.3264105569098072,0.17137487929888523
-2.3259734670916936,0.16360165035266164
-2.32553637727358,0.15558158672824376
-2.3250992874554663,0.1495534150144028
-2.3246621976373527,0.14712013563492748
-2.324225107819239,0.1486736059254688
-2.3237880180011254,0.15339773589434483
-2.323350928183012,0.1597732568294385
-2.322913838364898,0.16626376365261875
-2.3224767485467845,0.17185363515489346
-2.322039658728671,0.1762496466191576
-2.3216025689105573,0.1797169186656516
-2.3211654790924436,0.18265643173227955
-2.32072838927433,0.18515902143138496
-2.3202912994562164,0.1868308977462901
-2.3198542096381027,0.18705851499329323
-2.319417119819989,0.18556424350205
-2.3189800300018755,0.18282655434972325
-2.318542940183762,0.17998882786099357
-2.318105850365648,0.178286716268721
-2.3176687605475346,0.17844330305093745
-2.317231670729421,0.18050169434511007
-2.3167945809113073,0.18413785467772878
-2.3163574910931937,0.18903263627212952
-2.31592040127508,0.19485595970721264
-2.3154833114569664,0.2008718917092584
-2.3150462216388528,0.20565450173731342
-2.314609131820739,0.2074055970040065
-2.3141720420026255,0.20484714750588054
-2.313734952184512,0.19809786550701844
-2.3132978623663982,0.18886147924327673
-2.3128607725482846,0.17973315816735622
-2.312423682730171,0.1730519422549195
-2.3119865929120573,0.16998552640299
-2.3115495030939437,0.17028136321380202
-2.31111241327583,0.1726354648908297
-2.3106753234577164,0.17531925078603963
-2.310238233639603,0.1767361764377405
-2.309801143821489,0.17580732568148041
-2.3093640540033755,0.17224216972624834
-2.308926964185262,0.16670806127567867
-2.3084898743671483,0.16077126555269441
-2.3080527845490346,0.15645534629294852
-2.307615694730921,0.15545919414400106
-2.3071786049128074,0.1583787099857191
-2.3067415150946937,0.16441031400449999
-2.30630442527658,0.17178822066707605
-2.3058673354584664,0.17871927803789128
-2.305430245640353,0.18419838936694402
-2.304993155822239,0.18816373585605978
-2.3045560660041255,0.19097726677702412
-2.304118976186012,0.19277232317964993
-2.3036818863678983,0.19330073106511045
-2.3032447965497846,0.19242545743941303
-2.302807706731671,0.1907612911715792
-2.3023706169135574,0.18976005641346888
-2.3019335270954437,0.19098612220783573
-2.30149643727733,0.19504797600145068
-2.3010593474592165,0.20099747557466005
-2.300622257641103,0.20667066494562195
-2.300185167822989,0.20972867614682733
-2.2997480780048756,0.2086845157156431
-2.299310988186762,0.20332891236537168
-2.2988738983686483,0.19449920267586635
-2.2984368085505347,0.18356596152927
-2.297999718732421,0.17202856107662617
-2.2975626289143074,0.16132952590739805
-2.2971255390961938,0.15275939748472192
-2.29668844927808,0.14732034903254762
-2.2962513594599665,0.14555370994051806
-2.295814269641853,0.1474221329093087
-2.2953771798237392,0.15231630074133357
-2.2949400900056256,0.1592129182800331
-2.294503000187512,0.16699115323906646
-2.2940659103693983,0.17484955745482328
-2.2936288205512847,0.18261642230810918
-2.293191730733171,0.1906601003367785
-2.2927546409150574,0.19930150346630726
-2.292317551096944,0.20808399379245412
-2.29188046127883,0.21557090108852114
-2.2914433714607165,0.2200813553113213
-2.291006281642603,0.2209856652897853
-2.2905691918244893,0.2195126350126162
-2.2901321020063756,0.21819152218241733
-2.289695012188262,0.21909752725760057
-2.2892579223701484,0.22216593152343175
-2.2888208325520347,0.2249758810867669
-2.288383742733921,0.22433914854707174
-2.2879466529158075,0.21859069803715023
-2.287509563097694,0.2088723287157832
-2.28707247327958,0.1984461910207871
-2.2866353834614666,0.19055427921041335
-2.286198293643353,0.18636435392470374
-2.2857612038252393,0.18437172246916603
-2.2853241140071257,0.18151597901465139
-2.284887024189012,0.17513889820946377
-2.2844499343708984,0.16452552754704933
-2.2840128445527847,0.15122992578627176
-2.283575754734671,0.13821085788787618
-2.2831386649165575,0.12842203187918663
-2.282701575098444,0.12363762330169395
-2.28226448528033,0.12400627568502472
-2.2818273954622166,0.1283539473337459
-2.281390305644103,0.1348636584550628
-2.2809532158259893,0.14165167110191226
-2.2805161260078757,0.1469875143747641
-2.280079036189762,0.14929917111419094
-2.2796419463716484,0.1473366180182773
-2.2792048565535348,0.14069854867801018
-2.278767766735421,0.13046091623615066
-2.2783306769173075,0.11930528222775669
-2.277893587099194,0.1107221655627384
-2.2774564972810802,0.10752265931999648
-2.2770194074629666,0.11051871534420965
-2.276582317644853,0.11825554450257521
-2.2761452278267393,0.12799421687048532
-2.2757081380086257,0.13726013686979846
-2.275271048190512,0.14490860713130857
-2.2748339583723984,0.1511073190148628
-2.274396868554285,0.1565056658387243
-2.273959778736171,0.16141867464038356
-2.2735226889180575,0.16567061966592234
-2.273085599099944,0.16905442651245578
-2.2726485092818303,0.17181594784550006
-2.2722114194637166,0.17462491943370664
-2.271774329645603,0.17802684641696406
-2.2713372398274894,0.18185345525251004
-2.2709001500093757,0.1850889778120587
-2.270463060191262,0.1863003057958272
-2.2700259703731485,0.18433900132009345
-2.269588880555035,0.17892756854259015
-2.269151790736921,0.17091464928800176
-2.2687147009188076,0.1621669583763203
-2.268277611100694,0.15511445954440606
-2.2678405212825803,0.1519846085453336
-2.2674034314644667,0.15391173860057414
-2.266966341646353,0.16033222905968492
-2.2665292518282394,0.16910252485252777
-2.2660921620101258,0.1774231981967415
-2.265655072192012,0.18310014133584263
-2.2652179823738985,0.18537566854525606
-2.264780892555785,0.18482683562917349
-2.264343802737671,0.1824958286049833
-2.2639067129195576,0.17896275400722553
-2.263469623101444,0.17405692088373811
-2.2630325332833303,0.16735623982247463
-2.2625954434652167,0.15899879755888557
-2.262158353647103,0.15010906451574346
-2.2617212638289894,0.14245612625388493
-2.261284174010876,0.1375381557956116
-2.260847084192762,0.13569972509046524
-2.2604099943746485,0.13587270806012836
-2.259972904556535,0.13612944205166094
-2.2595358147384212,0.1347252359953488
-2.2590987249203076,0.13100983260154905
-2.258661635102194,0.1256851385138475
-2.2582245452840803,0.12031062634165211
-2.2577874554659667,0.11642392049683074
-2.257350365647853,0.11483619612968458
-2.2569132758297394,0.11546373029533262
-2.256476186011626,0.11764706520626929
-2.256039096193512,0.12061605245424799
-2.2556020063753985,0.12378131024540671
-2.255164916557285,0.12678073495219636
-2.2547278267391713,0.12941883765518697
-2.2542907369210576,0.13163467186109332
-2.253853647102944,0.13349066516839178
-2.2534165572848304,0.1350903401249157
-2.2529794674667167,0.13640651507839194
-2.252542377648603,0.13713394928680855
-2.2521052878304895,0.13670578021193147
-2.251668198012376,0.13449295008016485
-2.251231108194262,0.1300644799062694
-2.2507940183761486,0.12336277948509969
-2.250356928558035,0.11474500067291478
-2.2499198387399213,0.10493994060466741
-2.2494827489218077,0.09497463012684278
-2.249045659103694,0.08606203387356837
-2.2486085692855804,0.0794093721040134
-2.2481714794674668,0.07595333969084307
-2.247734389649353,0.07610504544435867
-2.2472972998312395,0.07961538767689214
-2.246860210013126,0.08562775288803105
-2.2464231201950122,0.09290823291759584
-2.2459860303768986,0.10017899909255286
-2.245548940558785,0.10644509213834188
-2.2451118507406713,0.1112057209276844
-2.2446747609225577,0.11449178211253841
-2.244237671104444,0.11676322852604516
-2.2438005812863304,0.1187714642439875
-2.243363491468217,0.12146713546168741
-2.242926401650103,0.12591560320847123
-2.2424893118319895,0.13308804116887993
-2.242052222013876,0.143457077467047
-2.2416151321957622,0.15653497667695068
-2.2411780423776486,0.17066893064517794
-2.240740952559535,0.18335208441749096
-2.2403038627414213,0.19200782562794064
-2.2398667729233077,0.1948776716913469
-2.239429683105194,0.19155795518501437
-2.2389925932870804,0.18296190063498266
-2.238555503468967,0.17084347193473928
-2.238118413650853,0.15722698719551714
-2.2376813238327395,0.14401348087227056
-2.237244234014626,0.13279780117898332
-2.2368071441965123,0.12476196859990508
-2.2363700543783986,0.12054226358567303
-2.235932964560285,0.12012590821922278
-2.2354958747421714,0.12292586557769966
-2.2350587849240577,0.12808793818420125
-2.234621695105944,0.13487298003571552
-2.2341846052878305,0.1428355517464883
-2.233747515469717,0.15164448144714132
-2.233310425651603,0.1607009026174048
-2.2328733358334896,0.16894484203103133
-2.232436246015376,0.17515214034951418
-2.2319991561972623,0.1786161163822226
-2.2315620663791487,0.17969788658646113
-2.231124976561035,0.17970316083956986
-2.2306878867429214,0.18000855463461574
-2.2302507969248078,0.18099131645926175
-2.229813707106694,0.18158407380929725
-2.2293766172885805,0.17989882463129386
-2.228939527470467,0.17458427478603808
-2.2285024376523532,0.16599801373082895
-2.2280653478342396,0.15635886865285425
-2.227628258016126,0.14874185151277014
-2.2271911681980123,0.14556035340960413
-2.2267540783798987,0.14747923594545304
-2.226316988561785,0.15334816539309726
-2.2258798987436714,0.1610513265516131
-2.225442808925558,0.16864385961754544
-2.225005719107444,0.17509750302624857
-2.2245686292893305,0.18034764200299036
-2.224131539471217,0.18480787390752934
-2.2236944496531033,0.18878642088898628
-2.2232573598349896,0.19218395764648113
-2.222820270016876,0.19457631691166546
-2.2223831801987624,0.1955054149328253
-2.2219460903806487,0.19470340618793452
-2.221509000562535,0.19210014986515064
-2.2210719107444215,0.187689482334561
-2.220634820926308,0.18146017233436482
-2.220197731108194,0.17352002818400952
-2.2197606412900805,0.1643266362223495
-2.219323551471967,0.15478683365267762
-2.2188864616538533,0.1460537719693952
-2.2184493718357396,0.13909365122066963
-2.218012282017626,0.13430188510282492
-2.2175751921995124,0.1314289149719202
-2.2171381023813987,0.12983917900452277
-2.216701012563285,0.12888083412289425
-2.2162639227451715,0.12810313546637747
-2.215826832927058,0.1272444432513909
-2.215389743108944,0.12613826138484788
-2.2149526532908306,0.12473051564617721
-2.214515563472717,0.12322969623769124
-2.2140784736546033,0.12219898694160156
-2.2136413838364897,0.12237104863146271
-2.213204294018376,0.12418051726214817
-2.2127672042002624,0.12729434719374738
-2.2123301143821488,0.13051766056337077
-2.211893024564035,0.1322453733370124
-2.2114559347459215,0.13125176005905878
-2.211018844927808,0.12734615491535292
-2.2105817551096942,0.1214812942965006
-2.2101446652915806,0.11524744789887534
-2.209707575473467,0.11007317400110952
-2.2092704856553533,0.10661415419021816
-2.2088333958372397,0.10465319737083738
-2.208396306019126,0.1034915738924055
-2.2079592162010124,0.10252556673565279
-2.207522126382899,0.10164194355867426
-2.207085036564785,0.10123106417075863
-2.2066479467466715,0.10187030703469656
-2.206210856928558,0.10391396799253186
-2.2057737671104443,0.10725023179243119
-2.2053366772923306,0.11136064692648136
-2.204899587474217,0.1156247811128318
-2.2044624976561034,0.11966314707302703
-2.2040254078379897,0.12349467239181001
-2.203588318019876,0.12741728495814214
-2.2031512282017625,0.1317177493548721
-2.202714138383649,0.13643571641683144
-2.202277048565535,0.14134869899650215
-2.2018399587474216,0.1461509927976021
-2.201402868929308,0.15063629809637497
-2.2009657791111943,0.15471230051234977
-2.2005286892930807,0.15826480153431272
-2.200091599474967,0.161067930064576
-2.1996545096568534,0.1629162189901241
-2.1992174198387398,0.16392783759782573
-2.198780330020626,0.16474249538777738
-2.1983432402025125,0.16634930583213783
-2.197906150384399,0.16956244379698845
-2.197469060566285,0.17448745555375145
-2.1970319707481716,0.18039035385549446
-2.196594880930058,0.18610254623192732
-2.1961577911119443,0.19068229488445215
-2.1957207012938307,0.19385364810348896
-2.195283611475717,0.1959298840959347
-2.1948465216576034,0.19734508737428585
-2.1944094318394898,0.19821422297384342
-2.193972342021376,0.19827780699414427
-2.1935352522032625,0.19723379257010384
-2.193098162385149,0.19512892117785705
-2.1926610725670352,0.192450858595123
-2.1922239827489216,0.18983847814933266
-2.1917868929308084,0.1876588366597521
-2.191349803112695,0.18580446707105386
-2.190912713294581,0.1838722122283523
-2.1904756234764675,0.18157605459618703
-2.190038533658354,0.17907938581653118
-2.1896014438402402,0.1770186225184111
-2.1891643540221266,0.17622250430277422
-2.188727264204013,0.17730866795297007
-2.1882901743858993,0.18035458957915637
-2.1878530845677857,0.1847514845074447
-2.187415994749672,0.18927932694861022
-2.1869789049315584,0.19242657355622736
-2.186541815113445,0.19294064584254703
-2.186104725295331,0.190458951167566
-2.1856676354772175,0.18589863606986687
-2.185230545659104,0.18126429595465335
-2.1847934558409903,0.1787964011717242
-2.1843563660228766,0.1798224416259641
-2.183919276204763,0.18396939328905917
-2.1834821863866494,0.18926859233301266
-2.1830450965685357,0.19315341992900073
-2.182608006750422,0.19377020938591524
-2.1821709169323085,0.19081937270111823
-2.181733827114195,0.18547199777663215
-2.181296737296081,0.17952176750885226
-2.1808596474779676,0.1743850296844158
-2.180422557659854,0.17055706322567651
-2.1799854678417403,0.16773688564708683
-2.1795483780236267,0.16538194052383254
-2.179111288205513,0.16326011846179297
-2.1786741983873994,0.1616911881411327
-2.1782371085692858,0.16143430509282727
-2.177800018751172,0.16336249950731704
-2.1773629289330585,0.1680898526646261
-2.176925839114945,0.17566001994687547
-2.1764887492968312,0.18537234744033934
-2.1760516594787176,0.1958292039634057
-2.175614569660604,0.20526301513362763
-2.1751774798424903,0.21208941232816386
-2.1747403900243767,0.2154815661054452
-2.174303300206263,0.21569170947727628
-2.1738662103881494,0.21394132921959222
-2.173429120570036,0.21191861621852676
-2.172992030751922,0.21111827425803908
-2.1725549409338085,0.21230804746411994
-2.172117851115695,0.21529730228475694
-2.1716807612975813,0.21901831457406448
-2.1712436714794676,0.22183035871997023
-2.170806581661354,0.22195639490493166
-2.1703694918432404,0.21799819815700136
-2.1699324020251267,0.20946148815700757
-2.169495312207013,0.19714406540578855
-2.1690582223888994,0.1831793301150222
-2.168621132570786,0.17058981322154732
-2.168184042752672,0.16241167237183643
-2.1677469529345585,0.16069611378431503
-2.167309863116445,0.1658115131750144
-2.1668727732983313,0.1763606391504233
-2.1664356834802176,0.189739989303014
-2.165998593662104,0.20307099595870048
-2.1655615038439904,0.21409334989771706
-2.1651244140258767,0.22168425480622292
-2.164687324207763,0.22587854710394487
-2.1642502343896495,0.22748253399620896
-2.163813144571536,0.22750650215938453
-2.163376054753422,0.22666719912546834
-2.1629389649353086,0.22515376038088983
-2.162501875117195,0.22273172490515733
-2.1620647852990813,0.2191056837741407
-2.1616276954809677,0.21432713096422182
-2.161190605662854,0.2090010630768535
-2.1607535158447404,0.204159293770179
-2.1603164260266268,0.2008781901436718
-2.159879336208513,0.19988349772521102
-2.1594422463903995,0.2013786905271011
-2.159005156572286,0.2051548210057226
-2.1585680667541722,0.21082745416007853
-2.1581309769360586,0.2179689044634142
-2.157693887117945,0.22602094224329414
-2.1572567972998313,0.23408627892149464
-2.1568197074817177,0.2408352577205072
-2.156382617663604,0.24472005735585708
-2.1559455278454904,0.2444921061752323
-2.155508438027377,0.2397986925781022
-2.155071348209263,0.23152554704637449
-2.1546342583911495,0.22161922937193085
-2.154197168573036,0.21234757976872484
-2.1537600787549223,0.20524942365806784
-2.1533229889368086,0.20025027284875627
-2.152885899118695,0.19543919267524174
-2.1524488093005814,0.18774740648284546
-2.1520117194824677,0.17432527036725257
-2.151574629664354,0.15400983511030605
-2.1511375398462405,0.12816137746242381
-2.150700450028127,0.10042339951555727
-2.150263360210013,0.07548641126337899
-2.1498262703918996,0.057413972703688636
-2.149389180573786,0.04826306713159447
-2.1489520907556723,0.04754223887810234
-2.1485150009375586,0.052646100925143775
-2.148077911119445,0.06000475777715605
-2.1476408213013314,0.06644885700679347
-2.1472037314832177,0.0702625415954988
-2.146766641665104,0.07155239686927396
-2.1463295518469905,0.07184557301961782
-2.145892462028877,0.07315688942809181
-2.145455372210763,0.0769994229761609
-2.1450182823926496,0.0838198653448529
-2.144581192574536,0.09308132875035278
-2.1441441027564223,0.10382419888534407
-2.1437070129383087,0.11525801693110746
-2.143269923120195,0.12696886204302923
-2.1428328333020814,0.13865034926896133
-2.1423957434839678,0.149647341802588
-2.141958653665854,0.15875600460950565
-2.1415215638477405,0.1645358208357238
-2.141084474029627,0.16600020793113307
-2.1406473842115137,0.1632515118702638
-2.1402102943934,0.1576299457487714
-2.1397732045752864,0.1512432814100802
-2.139336114757173,0.1461199050764057
-2.138899024939059,0.14343313267438978
-2.1384619351209455,0.14317015398995406
-2.138024845302832,0.14434715669679804
-2.1375877554847182,0.1455905895663468
-2.1371506656666046,0.1457671999197113
-2.136713575848491,0.14438885464749718
-2.1362764860303773,0.1416734199667172
-2.1358393962122637,0.13830822435797888
-2.13540230639415,0.1350679382504693
-2.1349652165760364,0.13246529118330866
-2.134528126757923,0.1305746682102207
-2.134091036939809,0.12908738331771058
-2.1336539471216955,0.12755633130099694
-2.133216857303582,0.12569746050317918
-2.1327797674854683,0.123576917155453
-2.1323426776673546,0.121560287443743
-2.131905587849241,0.12003143888547875
-2.1314684980311274,0.1190428890699782
-2.1310314082130137,0.11813847507927298
-2.1305943183949,0.11651676914881771
-2.1301572285767865,0.11349667953358254
-2.129720138758673,0.1090285087715985
-2.129283048940559,0.10392304333252371
-2.1288459591224456,0.09962116940105684
-2.128408869304332,0.09761085707675232
-2.1279717794862183,0.09881991047571263
-2.1275346896681047,0.10331159610728145
-2.127097599849991,0.11039359183044185
-2.1266605100318774,0.11898996444814772
-2.1262234202137638,0.12801424028134084
-2.12578633039565,0.13657514576572147
-2.1253492405775365,0.1440293098788686
-2.124912150759423,0.14999648916482822
-2.1244750609413092,0.1544041090048773
-2.1240379711231956,0.1575122891649128
-2.123600881305082,0.15982607587298442
-2.1231637914869683,0.16187999182987425
-2.1227267016688547,0.16400049707880132
-2.122289611850741,0.16618955323267923
-2.1218525220326274,0.1681854735443418
-2.121415432214514,0.16962594543663126
-2.1209783423964,0.17018206851038178
-2.1205412525782865,0.16959413998022274
-2.120104162760173,0.16765069072051625
-2.1196670729420592,0.16420430470924177
-2.1192299831239456,0.15926728464747653
-2.118792893305832,0.1531311074836393
-2.1183558034877183,0.14639994153723437
-2.1179187136696047,0.1398694391355579
-2.117481623851491,0.1342860025818332
-2.1170445340333774,0.1301099421149834
-2.116607444215264,0.1274145770239383
-2.11617035439715,0.12597420956388744
-2.1157332645790365,0.12547543635692499
-2.115296174760923,0.12570501488530075
-2.1148590849428093,0.1265852064371525
-2.1144219951246956,0.12804717397487966
-2.113984905306582,0.1298790425964449
-2.1135478154884684,0.1317383953075392
-2.1131107256703547,0.13340540863177694
-2.112673635852241,0.13512728995455556
-2.1122365460341275,0.1377425997664509
-2.111799456216014,0.14234571864245213
-2.1113623663979,0.1495633407635982
-2.1109252765797866,0.1588603241934163
-2.110488186761673,0.168388231173234
-2.1100510969435593,0.17560755890566707
-2.1096140071254457,0.17841443381682248
-2.109176917307332,0.1761390990612656
-2.1087398274892184,0.16983722714705177
-2.1083027376711048,0.16174383567793785
-2.107865647852991,0.15428399782307628
-2.1074285580348775,0.14926006462850824
-2.106991468216764,0.14761805824621513
-2.1065543783986502,0.14972537637517172
-2.1061172885805366,0.15573298191425874
-2.105680198762423,0.1656058345605149
-2.1052431089443093,0.1787508102473207
-2.1048060191261957,0.19356900464491805
-2.104368929308082,0.20740176045956002
-2.1039318394899684,0.21711923269120328
-2.103494749671855,0.2201734688248055
-2.103057659853741,0.2156014053514023
-2.1026205700356275,0.20444342069275095
-2.102183480217514,0.18935023193161074
-2.1017463903994003,0.17358544533517056
-2.1013093005812866,0.15992509000785632
-2.100872210763173,0.14994659807823524
-2.1004351209450594,0.14392458876816064
-2.0999980311269457,0.1412049346836352
-2.099560941308832,0.14072737584139558
-2.0991238514907185,0.14140537809043854
-2.098686761672605,0.1422760987395347
-2.098249671854491,0.14253088581553322
-2.0978125820363775,0.14158875165175186
-2.097375492218264,0.13927054241916811
-2.0969384024001503,0.13597790890866254
-2.0965013125820366,0.13270994165243127
-2.096064222763923,0.1308152305718297
-2.0956271329458094,0.13152580740961275
-2.0951900431276957,0.13544853451935937
-2.094752953309582,0.14222577910706766
-2.0943158634914685,0.15051612201438921
-2.093878773673355,0.15832907450501904
-2.093441683855241,0.1636197954976483
-2.0930045940371276,0.16494218914408898
-2.092567504219014,0.16190593969375536
-2.0921304144009003,0.15522884559349553
-2.0916933245827867,0.14633969896353474
-2.091256234764673,0.1367147596719416
-2.0908191449465594,0.1272937020387414
-2.0903820551284458,0.11829349227782004
-2.089944965310332,0.10950691446351657
-2.0895078754922185,0.10087180828049226
-2.089070785674105,0.09292858448669628
-2.0886336958559912,0.08686376284455864
-2.0881966060378776,0.08410628555999011
-2.087759516219764,0.08571291838594411
-2.0873224264016503,0.09187944453074481
-2.0868853365835367,0.10181337609055319
-2.086448246765423,0.11400265931840001
-2.0860111569473094,0.12674296385757053
-2.085574067129196,0.13870551773928527
-2.085136977311082,0.14932661330999278
-2.0846998874929685,0.15885608834293447
-2.084262797674855,0.16801977133517806
-2.0838257078567413,0.1774264504838329
-2.0833886180386276,0.18701302026501865
-2.082951528220514,0.19584761290324515
-2.0825144384024004,0.2024274034462775
-2.0820773485842867,0.205299734294321
-2.081640258766173,0.20362008899613018
-2.0812031689480595,0.19732158288764792
-2.080766079129946,0.18688035079057358
-2.080328989311832,0.17297174808335375
-2.0798918994937186,0.15635397984494873
-2.079454809675605,0.13804318817205816
-2.0790177198574913,0.11950068039206067
-2.0785806300393777,0.10247082863505798
-2.078143540221264,0.0884021156337598
-2.0777064504031504,0.07781881536405279
-2.0772693605850368,0.07018431664545952
-2.076832270766923,0.064497007385449
-2.0763951809488095,0.06028218068456216
-2.075958091130696,0.0582588585783329
-2.075521001312582,0.060120876579682035
-2.0750839114944686,0.0674951892077017
-2.074646821676355,0.08075540149163433
-2.0742097318582413,0.09849315849048645
-2.0737726420401277,0.117988048147366
-2.073335552222014,0.13633185792490662
-2.0728984624039004,0.15147335858237118
-2.0724613725857868,0.1626099427410504
-2.072024282767673,0.16987729186373796
-2.0715871929495595,0.17374548851818603
-2.071150103131446,0.17460804172651298
-2.0707130133133322,0.17277792574409503
-2.0702759234952186,0.16876201049846676
-2.069838833677105,0.16353000707472015
-2.0694017438589913,0.1585678659044008
-2.0689646540408777,0.15566859757552917
-2.068527564222764,0.15652455572519067
-2.0680904744046504,0.16222578435722582
-2.067653384586537,0.17280317981072285
-2.067216294768423,0.18700452391397904
-2.0667792049503095,0.2024843932895068
-2.066342115132196,0.21644642736202793
-2.0659050253140823,0.2265339687123205
-2.0654679354959686,0.2315844636004172
-2.065030845677855,0.23190082039704216
-2.0645937558597414,0.22894876364383393
-2.0641566660416277,0.22468804234963305
-2.063719576223514,0.22088117162474422
-2.0632824864054005,0.2186327660019986
-2.062845396587287,0.21821542392361074
-2.062408306769173,0.2191118988418082
-2.0619712169510596,0.22021562196058656
-2.061534127132946,0.220193518109588
-2.0610970373148323,0.2179931576725904
-2.0606599474967187,0.21334673204969076
-2.060222857678605,0.20701086639126104
-2.0597857678604914,0.2005365555198191
-2.0593486780423778,0.19560814458712503
-2.058911588224264,0.19326842394014318
-2.0584744984061505,0.19344750426687765
-2.058037408588037,0.1950487981791149
-2.057600318769923,0.19652689463599365
-2.0571632289518096,0.196634686245053
-2.056726139133696,0.19496953787230184
-2.0562890493155823,0.19209666767566116
-2.0558519594974687,0.18924440809994342
-2.055414869679355,0.18773255251749044
-2.0549777798612414,0.18837538590547037
-2.054540690043128,0.19110972828236067
-2.054103600225014,0.1950330590595317
-2.0536665104069005,0.19887423223851197
-2.053229420588787,0.20168611159011074
-2.0527923307706732,0.20337243093880084
-2.0523552409525596,0.20470125727334426
-2.051918151134446,0.20675609686598911
-2.0514810613163323,0.2101623430895379
-2.0510439714982187,0.21461175507551397
-2.050606881680105,0.21901662583129636
-2.0501697918619914,0.2221741237509461
-2.049732702043878,0.22345333881043153
-2.049295612225764,0.22302903196575619
-2.0488585224076505,0.22156877149758064
-2.048421432589537,0.21971558987587167
-2.0479843427714233,0.2178329344748346
-2.0475472529533096,0.21619523453886166
-2.047110163135196,0.2153694053678677
-2.0466730733170824,0.21632578508367564
-2.0462359834989687,0.22002758144128945
-2.045798893680855,0.2267048238646682
-2.0453618038627415,0.23534093424971086
-2.044924714044628,0.24381544370955122
-2.044487624226514,0.2497116030581299
-2.0440505344084006,0.2513423384380287
-2.043613444590287,0.2484067520171102
-2.0431763547721733,0.241947850380742
-2.0427392649540597,0.2337328650587835
-2.042302175135946,0.2254968844341236
-2.0418650853178324,0.2184809059626249
-2.0414279954997188,0.21340808301182632
-2.040990905681605,0.21071056270681013
-2.0405538158634915,0.21067793426823717
-2.040116726045378,0.21332382144329146
-2.0396796362272642,0.21804594083355858
-2.0392425464091506,0.22337691564748516
-2.038805456591037,0.22712753164250232
-2.0383683667729233,0.22700195093416736
-2.0379312769548097,0.22145890006731572
-2.037494187136696,0.21040358665591738
-2.0370570973185824,0.19534799753212292
-2.036620007500469,0.17894342904094993
-2.036182917682355,0.1641057495022205
-2.0357458278642415,0.1531333141415156
-2.035308738046128,0.14716938028066195
-2.0348716482280143,0.14614243918255712
-2.0344345584099006,0.14907981469030143
-2.033997468591787,0.15456573761077766
-2.0335603787736733,0.16113980879962755
-2.0331232889555597,0.1675437209677796
-2.032686199137446,0.17283238738232024
-2.0322491093193324,0.17641601953786065
-2.031812019501219,0.17809066890989977
-2.031374929683105,0.17807125684751982
-2.0309378398649915,0.17698956424011406
-2.030500750046878,0.17578766477679983
-2.0300636602287643,0.17545793621925387
-2.0296265704106506,0.17667047391463453
-2.029189480592537,0.1794484864076993
-2.0287523907744234,0.1831049949692977
-2.0283153009563097,0.1865530073381945
-2.027878211138196,0.188867295793623
-2.0274411213200825,0.18976547652211134
-2.027004031501969,0.18967881196405526
-2.026566941683855,0.18935105261486557
-2.0261298518657416,0.18926525362974894
-2.025692762047628,0.18936417833446315
-2.0252556722295143,0.18932890472645722
-2.0248185824114007,0.18923151881103403
-2.024381492593287,0.19002658147341453
-2.0239444027751734,0.19339371778728803
-2.0235073129570598,0.2008891983247893
-2.023070223138946,0.21288474314501485
-2.0226331333208325,0.22797091951066425
-2.022196043502719,0.2432263904658776
-2.0217589536846052,0.2552096307670323
-2.0213218638664916,0.2611120443199541
-2.020884774048378,0.2594937277164587
-2.0204476842302643,0.2503643279484446
-2.0200105944121507,0.23478549979677776
-2.019573504594037,0.21437299799899273
-2.0191364147759234,0.1909861343238322
-2.01869932495781,0.166649354022203
-2.018262235139696,0.14355986525047326
-2.0178251453215825,0.1240041178278517
-2.017388055503469,0.11010087868314326
-2.0169509656853553,0.10341064682208796
-2.0165138758672416,0.10453154656258848
-2.016076786049128,0.11283076935364186
-2.0156396962310144,0.1264487628815257
-2.0152026064129007,0.1426536629016417
-2.014765516594787,0.15850324878105573
-2.0143284267766735,0.17161711120593587
-2.01389133695856,0.18075457986172386
-2.013454247140446,0.18592681343403214
-2.0130171573223326,0.18797015567556974
-2.012580067504219,0.18778854713819595
-2.0121429776861053,0.18567679504738363
-2.0117058878679916,0.18112612316403984
-2.011268798049878,0.17326506024867191
-2.0108317082317644,0.16172135401817408
-2.0103946184136507,0.1474085806840611
-2.009957528595537,0.13272113743338224
-2.0095204387774235,0.12090486888936913
-2.00908334895931,0.11482417122129576
-2.008646259141196,0.11572048296391405
-2.0082091693230826,0.1226226750245705
-2.007772079504969,0.13276066882541399
-2.0073349896868553,0.14280391395616418
-2.0068978998687417,0.15029534422358543
-2.006460810050628,0.15454705162624144
-2.0060237202325144,0.15657311868825624
-2.0055866304144008,0.1581747159184979
-2.005149540596287,0.16074110672402056
-2.0047124507781735,0.16443053652175493
-2.00427536096006,0.16811414070515837
-2.0038382711419462,0.17000466462476552
-2.0034011813238326,0.16854129795104258
-2.002964091505719,0.16305136212120025
-2.0025270016876053,0.15393600048982958
-2.0020899118694917,0.1424376431088721
-2.001652822051378,0.13023171146542106
-2.0012157322332644,0.11906173492779096
-2.000778642415151,0.11048667383346743
-2.000341552597037,0.10568599107550965
-1.9999044627789238,0.10526676797211894
-1.9994673729608101,0.10910658481438329
-1.9990302831426965,0.11633475268680714
-1.9985931933245829,0.12552132714029118
-1.9981561035064692,0.1350289548617026
-1.9977190136883556,0.1433841625464771
-1.997281923870242,0.1495225447531023
-1.9968448340521283,0.15285038566755862
-1.9964077442340147,0.1531673969931143
-1.995970654415901,0.15054257310549082
-1.9955335645977874,0.14522176230927483
-1.9950964747796738,0.13761021402278123
-1.9946593849615601,0.12833966347268047
-1.9942222951434465,0.11838269309081419
-1.9937852053253329,0.1091085109147086
-1.9933481155072192,0.10213398391537916
-1.9929110256891056,0.09889615363564343
-1.992473935870992,0.10007297323912864
-1.9920368460528783,0.10518056813193856
-1.9915997562347647,0.11267780228864821
-1.991162666416651,0.12062828777792524
-1.9907255765985374,0.1275719796865103
-1.9902884867804238,0.13306912875895047
-1.9898513969623102,0.13760327498906824
-1.9894143071441965,0.14202371893210958
-1.988977217326083,0.14705397952955349
-1.9885401275079693,0.15325963506835297
-1.9881030376898556,0.16134710709387393
-1.987665947871742,0.17223899200995438
-1.9872288580536286,0.18649932563615695
-1.986791768235515,0.20333759958991224
-1.9863546784174013,0.2200423010241364
-1.9859175885992877,0.23264671729402714
-1.985480498781174,0.23779621978637142
-1.9850434089630604,0.23475997190360837
-1.9846063191449468,0.226172125959246
-1.9841692293268332,0.21680021955909548
-1.9837321395087195,0.21097466955797106
-1.9832950496906059,0.21028568534625766
-1.9828579598724922,0.21301000971909545
-1.9824208700543786,0.21555565835777135
-1.981983780236265,0.21486836712273255
-1.9815466904181513,0.21019155793327843
-1.9811096006000377,0.203151931567146
-1.980672510781924,0.19635976184275616
-1.9802354209638104,0.19166359413565662
-1.9797983311456968,0.18926097895483576
-1.9793612413275832,0.18810886143316602
-1.9789241515094695,0.18712545935931482
-1.978487061691356,0.18620410855251707
-1.9780499718732423,0.1863205079819227
-1.9776128820551286,0.18872782049228215
-1.977175792237015,0.19385598711031898
-1.9767387024189014,0.2006614207131266
-1.9763016126007877,0.2067999078257484
-1.975864522782674,0.20944609495251276
-1.9754274329645605,0.20624827530121856
-1.9749903431464468,0.19596184471928466
-1.9745532533283332,0.17861829334975315
-1.9741161635102196,0.15537133209612794
-1.973679073692106,0.128222655838512
-1.9732419838739923,0.0997071748718892
-1.9728048940558787,0.07250917435817596
-1.972367804237765,0.04902590382932343
-1.9719307144196514,0.03102923026596526
-1.9714936246015378,0.01960420128414015
-1.9710565347834241,0.015363123670125673
-1.9706194449653105,0.018679275509221115
-1.9701823551471969,0.029623141867578393
-1.9697452653290832,0.047542791710061864
-1.9693081755109696,0.07062183567775107
-1.968871085692856,0.09590473046257227
-1.9684339958747423,0.11999586945134522
-1.9679969060566287,0.14010904809876848
-1.967559816238515,0.15482380035172102
-1.9671227264204014,0.1641036568177457
-1.9666856366022878,0.16870218367110532
-1.9662485467841742,0.16953064419872252
-1.9658114569660605,0.1674897963451504
-1.9653743671479469,0.16375418145631754
-1.9649372773298333,0.16002662930033607
-1.9645001875117196,0.15829538727835582
-1.964063097693606,0.16010571260222653
-1.9636260078754924,0.1658406479712251
-1.9631889180573787,0.17453393758177124
-1.962751828239265,0.1842954889239618
-1.9623147384211514,0.19295073093892173
-1.9618776486030378,0.1984353773503365
-1.9614405587849242,0.19887691260441662
-1.9610034689668105,0.19271169825277218
-1.960566379148697,0.1791779595018951
-1.9601292893305833,0.15906188247761663
-1.9596921995124696,0.13510169275863282
-1.959255109694356,0.11147530467122573
-1.9588180198762424,0.09238405417579497
-1.9583809300581287,0.08044566352609658
-1.957943840240015,0.07583360194567401
-1.9575067504219015,0.0766367125884634
-1.9570696606037878,0.08011361508463323
-1.9566325707856742,0.08399125434515124
-1.9561954809675606,0.08707009067271876
-1.955758391149447,0.08899848211182206
-1.9553213013313333,0.08966783421222868
-1.9548842115132197,0.0888359776162521
-1.954447121695106,0.0862691793476332
-1.9540100318769924,0.08221320412063944
-1.9535729420588788,0.07773290830245781
-1.9531358522407651,0.0745563341764257
-1.9526987624226515,0.07440492849251214
-1.9522616726045379,0.07813237032480426
-1.9518245827864242,0.08512980802659911
-1.9513874929683106,0.09333526334810058
-1.950950403150197,0.0998936302182547
-1.9505133133320833,0.10219890152214885
-1.9500762235139697,0.09885828015019611
-1.949639133695856,0.09014342913430719
-1.9492020438777424,0.07773805608963344
-1.9487649540596288,0.06394141621179739
-1.9483278642415152,0.05075875047926804
-1.9478907744234015,0.03934353760902959
-1.947453684605288,0.030026605469170315
-1.9470165947871743,0.0228102710430727
-1.9465795049690606,0.017940711989294682
-1.946142415150947,0.016157796873882736
-1.9457053253328334,0.01845434550136646
-1.9452682355147197,0.025497394235316075
-1.944831145696606,0.0370702981514601
-1.9443940558784925,0.051872403457704386
-1.9439569660603788,0.06779875365290558
-1.9435198762422652,0.0825614481395669
-1.9430827864241516,0.09435807147772877
-1.942645696606038,0.10230710286679125
-1.9422086067879243,0.10651431733940962
-1.9417715169698107,0.10780784491708513
-1.941334427151697,0.10729642238942828
-1.9408973373335834,0.10593643630952078
-1.9404602475154697,0.10425907460157775
-1.9400231576973561,0.10234075198651994
-1.9395860678792425,0.10001293335372378
-1.9391489780611288,0.09720792943653024
-1.9387118882430152,0.09425163614518166
-1.9382747984249016,0.09189864033714275
-1.937837708606788,0.09101031592661764
-1.9374006187886743,0.0919878742778559
-1.9369635289705607,0.09428139535357086
-1.936526439152447,0.09634831639673218
-1.9360893493343336,0.09624019632199532
-1.93565225951622,0.09262249733596305
-1.9352151696981064,0.08569759414479146
-1.9347780798799927,0.07744771767554778
-1.934340990061879,0.07093184823243308
-1.9339039002437655,0.06890506399386202
-1.9334668104256518,0.07245792826890045
-1.9330297206075382,0.08041219797365948
-1.9325926307894246,0.0898097267071393
-1.932155540971311,0.09722933562981173
-1.9317184511531973,0.10023030406693169
-1.9312813613350837,0.09820801711721505
-1.93084427151697,0.09233595802525275
-1.9304071816988564,0.08478774440183058
-1.9299700918807428,0.07775950778123018
-1.9295330020626291,0.07278668070197922
-1.9290959122445155,0.0705565722673728
-1.9286588224264019,0.07109558994072109
-1.9282217326082882,0.07406034883423226
-1.9277846427901746,0.07892635718530232
-1.927347552972061,0.08503690239486637
-1.9269104631539473,0.09160247111156414
-1.9264733733358337,0.0977567919477365
-1.92603628351772,0.10270868900151865
-1.9255991936996064,0.10595173445565746
-1.9251621038814928,0.10745258318870354
-1.9247250140633791,0.10773492578860946
-1.9242879242452655,0.10779497209875004
-1.9238508344271519,0.10882720951390264
-1.9234137446090382,0.11181409028879345
-1.9229766547909246,0.11712224412934658
-1.922539564972811,0.12429452451974712
-1.9221024751546973,0.132174085401175
-1.9216653853365837,0.13934357886668847
-1.92122829551847,0.1446889908857661
-1.9207912057003564,0.14781679005558673
-1.9203541158822428,0.1491277187127836
-1.9199170260641292,0.14953993089957307
-1.9194799362460155,0.15003868010191976
-1.919042846427902,0.15129589128968512
-1.9186057566097883,0.1535216711650622
-1.9181686667916746,0.1565495286146576
-1.917731576973561,0.16002755946373212
-1.9172944871554474,0.1635633729430014
-1.9168573973373337,0.16674841164453874
-1.91642030751922,0.16910244024222973
-1.9159832177011065,0.1700528072772583
-1.9155461278829928,0.16904987496717902
-1.9151090380648792,0.1658271944332191
-1.9146719482467656,0.16069601350877843
-1.914234858428652,0.15469160193470513
-1.9137977686105383,0.14941939465675028
-1.9133606787924247,0.14658491162965182
-1.912923588974311,0.1473687595738657
-1.9124864991561974,0.15192242709179132
-1.9120494093380838,0.1592304511679464
-1.9116123195199701,0.1674127230932755
-1.9111752297018565,0.17432499463202816
-1.9107381398837429,0.17818836888486142
-1.9103010500656292,0.1780125550215082
-1.9098639602475156,0.17373113539359814
-1.909426870429402,0.16611661773875877
-1.9089897806112883,0.15658371234944082
-1.9085526907931747,0.14692093360505706
-1.908115600975061,0.13891494797888676
-1.9076785111569474,0.133857975690178
-1.9072414213388338,0.13206448379721103
-1.9068043315207202,0.1326532978105397
-1.9063672417026065,0.13382440614387928
-1.9059301518844929,0.13362732061570454
-1.9054930620663793,0.13090095189735612
-1.9050559722482656,0.12588640343337912
-1.904618882430152,0.12013499067677011
-1.9041817926120383,0.11571780739044944
-1.9037447027939247,0.11415939822676167
-1.903307612975811,0.11569186220773393
-1.9028705231576974,0.1192323201848395
-1.9024334333395838,0.12304597814226588
-1.9019963435214702,0.12565576227008327
-1.9015592537033565,0.1264544403430649
-1.901122163885243,0.12571763522966395
-1.9006850740671293,0.12412350554921421
-1.9002479842490156,0.12217624891570798
-1.899810894430902,0.11992569762019444
-1.8993738046127884,0.11711181670219671
-1.8989367147946747,0.11355231350162649
-1.898499624976561,0.10945420792712456
-1.8980625351584475,0.10543754262850023
-1.8976254453403338,0.10229823987934925
-1.8971883555222202,0.10071317681129828
-1.8967512657041066,0.1010826080176102
-1.896314175885993,0.10354868091149973
-1.8958770860678793,0.10807178699547618
-1.8954399962497657,0.11442131040790213
-1.895002906431652,0.1220563048716387
-1.8945658166135384,0.130024850171132
-1.8941287267954248,0.137060392355342
-1.8936916369773111,0.14194417441010904
-1.8932545471591975,0.14400493684645685
-1.8928174573410839,0.14348298792506722
-1.8923803675229702,0.1415080870403372
-1.8919432777048566,0.13963382922160453
-1.891506187886743,0.13912729639948085
-1.8910690980686293,0.14037715709232257
-1.8906320082505157,0.14274814874152156
-1.890194918432402,0.144979845329811
-1.8897578286142884,0.1459244225167505
-1.8893207387961748,0.14521673595676443
-1.8888836489780612,0.14349757732136767
-1.8884465591599475,0.14206342998473095
-1.888009469341834,0.14214840011165508
-1.8875723795237203,0.14425271235285156
-1.8871352897056066,0.1478864982530455
-1.886698199887493,0.1518318206515065
-1.8862611100693794,0.15471989974509773
-1.8858240202512657,0.15557415904663593
-1.885386930433152,0.15406009931802292
-1.8849498406150387,0.15041488461459646
-1.884512750796925,0.14521862311826625
-1.8840756609788114,0.13919098023654491
-1.8836385711606978,0.1330772772090287
-1.8832014813425841,0.1275652310201542
-1.8827643915244705,0.12316454105560634
-1.8823273017063569,0.12007928841613966
-1.8818902118882432,0.11818960167032604
-1.8814531220701296,0.11722324461552651
-1.881016032252016,0.11704731786561608
-1.8805789424339023,0.11787332417353491
-1.8801418526157887,0.12018220777619791
-1.879704762797675,0.12435843380158744
-1.8792676729795614,0.13024689191104674
-1.8788305831614478,0.1369389280755292
-1.8783934933433342,0.14297298878360226
-1.8779564035252205,0.14687913684174753
-1.877519313707107,0.14778101853599068
-1.8770822238889933,0.1457346592369734
-1.8766451340708796,0.14164012739655327
-1.876208044252766,0.13679635673828133
-1.8757709544346524,0.1323381044589604
-1.8753338646165387,0.12881906323116152
-1.874896774798425,0.12610348345546799
-1.8744596849803115,0.12357463000587
-1.8740225951621978,0.1205365427576502
-1.8735855053440842,0.11661955834759886
-1.8731484155259706,0.11201337659930047
-1.872711325707857,0.10743564848733808
-1.8722742358897433,0.10386730062317953
-1.8718371460716297,0.10219247044192296
-1.871400056253516,0.10291259548588835
-1.8709629664354024,0.10603977467110827
-1.8705258766172888,0.11115625130677624
-1.8700887867991751,0.1175390711214891
-1.8696516969810615,0.12425513842642041
-1.8692146071629478,0.1302196919272802
-1.8687775173448342,0.13429734342892372
-1.8683404275267206,0.1355233597913073
-1.867903337708607,0.1334220833296747
-1.8674662478904933,0.12827838253175003
-1.8670291580723797,0.12118387147785543
-1.866592068254266,0.11377603806806887
-1.8661549784361524,0.1077551014953975
-1.8657178886180388,0.10438310323220727
-1.8652807987999251,0.10416306272862519
-1.8648437089818115,0.10678245460162661
-1.8644066191636979,0.11127868615302626
-1.8639695293455842,0.11632830388914993
-1.8635324395274706,0.12058227606083624
-1.863095349709357,0.12300419357624362
-1.8626582598912433,0.12315802583829882
-1.8622211700731297,0.12134727666168754
-1.861784080255016,0.11849964568025771
-1.8613469904369024,0.11577929114281042
-1.8609099006187888,0.1140661565156756
-1.8604728108006752,0.11355929104130576
-1.8600357209825615,0.11372993577222915
-1.859598631164448,0.11365965646906705
-1.8591615413463343,0.1125624329523419
-1.8587244515282206,0.11017037364361248
-1.858287361710107,0.1067518958166764
-1.8578502718919934,0.10277518087054026
-1.8574131820738797,0.09846390577009788
-1.856976092255766,0.09355803618021762
-1.8565390024376525,0.0874493536702242
-1.8561019126195388,0.07961207318871517
-1.8556648228014252,0.07006209754933566
-1.8552277329833116,0.059569933773045855
-1.854790643165198,0.04951123991032484
-1.8543535533470843,0.04144780276074191
-1.8539164635289707,0.03665689778874327
-1.853479373710857,0.03580950474690835
-1.8530422838927434,0.0388802653135373
-1.8526051940746298,0.04525076174216401
-1.8521681042565161,0.05391549768872592
-1.8517310144384025,0.06371989901436194
-1.8512939246202889,0.07359979913489234
-1.8508568348021752,0.08280070381201539
-1.8504197449840616,0.09102753510030305
-1.849982655165948,0.09845274231271792
-1.8495455653478343,0.10553838082385388
-1.8491084755297207,0.11271116682315933
-1.848671385711607,0.12002298989483455
-1.8482342958934934,0.12696824285442462
-1.8477972060753798,0.13257694182083218
-1.8473601162572661,0.13577678356889578
-1.8469230264391525,0.13587999805094494
-1.8464859366210389,0.13297268001956264
-1.8460488468029252,0.12800836481243458
-1.8456117569848116,0.12253048708463068
-1.845174667166698,0.11812061370535407
-1.8447375773485843,0.11581239355036839
-1.8443004875304707,0.11574790478916998
-1.843863397712357,0.11724761382719058
-1.8434263078942434,0.1192548260229286
-1.8429892180761298,0.12090832527155349
-1.8425521282580162,0.12191929362686907
-1.8421150384399025,0.12254389140663575
-1.841677948621789,0.12319494124175724
-1.8412408588036753,0.12396948744631846
-1.8408037689855616,0.12442620668767955
-1.840366679167448,0.12378097161945724
-1.8399295893493344,0.12140647785271699
-1.8394924995312207,0.11731384562538619
-1.839055409713107,0.11230209418865011
-1.8386183198949935,0.10767576055376848
-1.8381812300768798,0.10469988670577392
-1.8377441402587662,0.10410396713290404
-1.8373070504406526,0.10588131574008872
-1.836869960622539,0.10942560608350019
-1.8364328708044253,0.11385537429616939
-1.8359957809863117,0.11832003595938986
-1.835558691168198,0.12216446825901688
-1.8351216013500844,0.1249618078092026
-1.8346845115319708,0.12650025191071268
-1.8342474217138571,0.12679031835190732
-1.8338103318957437,0.12608729396520083
-1.83337324207763,0.1248743350353351
-1.8329361522595164,0.12376596443341206
-1.8324990624414028,0.12335006646428459
-1.8320619726232892,0.12403483671589909
-1.8316248828051755,0.1259657043927776
-1.831187792987062,0.12903013073239947
-1.8307507031689483,0.1329145859033358
-1.8303136133508346,0.13715840694203557
-1.829876523532721,0.14117569443103853
-1.8294394337146074,0.14426657112657418
-1.8290023438964937,0.14567365832452508
-1.82856525407838,0.1447286310920656
-1.8281281642602665,0.14107644414588766
-1.8276910744421528,0.13489287989618048
-1.8272539846240392,0.12697289772121906
-1.8268168948059256,0.11859954090531528
-1.826379804987812,0.11120327985947472
-1.8259427151696983,0.1059399616895728
-1.8255056253515847,0.10337875064514788
-1.825068535533471,0.10344908898049511
-1.8246314457153574,0.10566004556262575
-1.8241943558972438,0.10945324011634099
-1.8237572660791301,0.1144780327180853
-1.8233201762610165,0.1206352390695304
-1.8228830864429029,0.1278890997644467
-1.8224459966247892,0.13599710460434028
-1.8220089068066756,0.14435571161377694
-1.821571816988562,0.1520782770963624
-1.8211347271704483,0.15826864188371179
-1.8206976373523347,0.16233301442637765
-1.820260547534221,0.16415882978562996
-1.8198234577161074,0.1640803296023547
-1.8193863678979938,0.16267737782903163
-1.8189492780798802,0.16053429490631257
-1.8185121882617665,0.1580802814650967
-1.818075098443653,0.1555639692730459
-1.8176380086255393,0.15313656840005888
-1.8172009188074256,0.1509747685225817
-1.816763828989312,0.1493741067025455
-1.8163267391711984,0.14876714219637235
-1.8158896493530847,0.1496491013396705
-1.815452559534971,0.1524227943189934
-1.8150154697168575,0.15720882187608368
-1.8145783798987438,0.16369996814149199
-1.8141412900806302,0.17114664898878537
-1.8137042002625166,0.17851986623133898
-1.813267110444403,0.1848134009468238
-1.8128300206262893,0.18936031526728273
-1.8123929308081757,0.1920089182558915
-1.811955840990062,0.19306281130027683
-1.8115187511719484,0.19301457386931822
-1.8110816613538347,0.19222103654702086
-1.8106445715357211,0.19070490804981025
-1.8102074817176075,0.18819578754453242
-1.8097703918994938,0.18438421536943944
-1.8093333020813802,0.17923847658753017
-1.8088962122632666,0.1731976768940917
-1.808459122445153,0.16712405191835675
-1.8080220326270393,0.16202911617486024
-1.8075849428089257,0.15870745395293556
-1.807147852990812,0.15745683290035536
-1.8067107631726984,0.15801550582524104
-1.8062736733545848,0.15973614718890827
-1.8058365835364711,0.16189873404018448
-1.8053994937183575,0.16400012059669236
-1.8049624039002439,0.16587855410006516
-1.8045253140821302,0.16762768031617736
-1.8040882242640166,0.16937659206444158
-1.803651134445903,0.17109101580671496
-1.8032140446277893,0.1725351940738104
-1.8027769548096757,0.17342708564703666
-1.802339864991562,0.17368393731554535
-1.8019027751734484,0.17358022186125274
-1.8014656853553348,0.17368236197997974
-1.8010285955372212,0.1745652342134331
-1.8005915057191075,0.17646453016274805
-1.800154415900994,0.17907493400109578
-1.7997173260828803,0.18162483409765343
-1.7992802362647666,0.1831941050193271
-1.798843146446653,0.18310092729551544
-1.7984060566285394,0.1811569088500999
-1.7979689668104257,0.17768606249242566
-1.797531876992312,0.1733481691306594
-1.7970947871741985,0.16890111541644215
-1.7966576973560848,0.16502751320125095
-1.7962206075379712,0.1622649126827834
-1.7957835177198576,0.16099260966740586
-1.795346427901744,0.16140490708462815
-1.7949093380836303,0.16344608521238216
-1.7944722482655167,0.16674804426677156
-1.794035158447403,0.17064032409242838
-1.7935980686292894,0.1742725625884943
-1.7931609788111758,0.1768266411510455
-1.7927238889930621,0.1777453986310054
-1.7922867991749485,0.17689635244762517
-1.7918497093568349,0.1746189930861745
-1.7914126195387212,0.17164837193598412
-1.7909755297206076,0.16894369026268657
-1.790538439902494,0.16747133063103273
-1.7901013500843803,0.16799961968723393
-1.7896642602662667,0.1709573135245182
-1.789227170448153,0.17638461267900526
-1.7887900806300394,0.1839665268549291
-1.7883529908119258,0.19310264246779402
-1.7879159009938121,0.20296315089020664
-1.7874788111756985,0.21252118082297183
-1.7870417213575849,0.22061237984198145
-1.7866046315394712,0.2261015342152217
-1.7861675417213576,0.22818954515669376
-1.785730451903244,0.22678153713539115
-1.7852933620851303,0.2227290870583391
-1.7848562722670167,0.21774726332385533
-1.784419182448903,0.21393244612726373
-1.7839820926307894,0.2130190968752939
-1.7835450028126758,0.21568923263790096
-1.7831079129945622,0.22126859895605341
-1.7826708231764488,0.22797753461909462
-1.7822337333583351,0.23363688797476753
-1.7817966435402215,0.2365096681016565
-1.7813595537221079,0.2359075533262027
-1.7809224639039942,0.23232610910273918
-1.7804853740858806,0.22710692161429136
-1.780048284267767,0.22182974458787777
-1.7796111944496533,0.21772030970838574
-1.7791741046315397,0.21530502323909967
-1.778737014813426,0.21440363301655285
-1.7782999249953124,0.21439896453564078
-1.7778628351771988,0.2146181395392417
-1.7774257453590852,0.21463353860979592
-1.7769886555409715,0.21434924459310148
-1.7765515657228579,0.21385860336040358
-1.7761144759047442,0.2131902171594065
-1.7756773860866306,0.21213326409461006
-1.775240296268517,0.21029422725981292
-1.7748032064504033,0.20739099988563603
-1.7743661166322897,0.20361677728582792
-1.773929026814176,0.1998206743257645
-1.7734919369960624,0.19732804778914528
-1.7730548471779488,0.19743091653301575
-1.7726177573598352,0.20079154545227898
-1.7721806675417215,0.20707898783471088
-1.771743577723608,0.21504229878453285
-1.7713064879054943,0.22298608056994104
-1.7708693980873806,0.22940452147046347
-1.770432308269267,0.23347418633471015
-1.7699952184511534,0.23521936145830433
-1.7695581286330397,0.23535247470475948
-1.769121038814926,0.23492960202044638
-1.7686839489968125,0.23498149874788568
-1.7682468591786988,0.2362144453640461
-1.7678097693605852,0.2388062198868164
-1.7673726795424716,0.24230850879358665
-1.766935589724358,0.2456935089578294
-1.7664984999062443,0.24758587121845457
-1.7660614100881307,0.2466577186127549
-1.765624320270017,0.24206081845156394
-1.7651872304519034,0.23370858249518364
-1.7647501406337898,0.2222700784463673
-1.7643130508156761,0.20888755247360002
-1.7638759609975625,0.19478375878437482
-1.7634388711794489,0.18097532939914612
-1.7630017813613352,0.16821373872365109
-1.7625646915432216,0.15710280965842233
-1.762127601725108,0.14821778040074474
-1.7616905119069943,0.14206720822571323
-1.7612534220888807,0.13888179298802886
-1.760816332270767,0.13837455698407577
-1.7603792424526534,0.13967246121319346
-1.7599421526345398,0.14152596522643332
-1.7595050628164262,0.14272460529111905
-1.7590679729983125,0.14250707628346207
-1.758630883180199,0.140747323467903
-1.7581937933620853,0.1378257972596007
-1.7577567035439716,0.13427391059058505
-1.757319613725858,0.13040248628232032
-1.7568825239077444,0.12612712330516143
-1.7564454340896307,0.12109226268960827
-1.756008344271517,0.11503366724695503
-1.7555712544534035,0.10818485855537055
-1.7551341646352898,0.10148861652715835
-1.7546970748171762,0.09644573913469023
-1.7542599849990625,0.09459983371330659
-1.753822895180949,0.09685149603800683
-1.7533858053628353,0.10292045226069099
-1.7529487155447216,0.11124750972963045
-1.752511625726608,0.11943766901879667
-1.7520745359084944,0.12507768883748724
-1.7516374460903807,0.12656457269106847
-1.7512003562722671,0.12357788670894035
-1.7507632664541535,0.11702756253278228
-1.7503261766360398,0.1085898977058719
-1.7498890868179262,0.10013410294502692
-1.7494519969998126,0.09333021193232395
-1.749014907181699,0.08954488470042762
-1.7485778173635853,0.08991571398923583
-1.7481407275454717,0.09539552829400665
-1.747703637727358,0.10662720252894312
-1.7472665479092444,0.12367470004820211
-1.7468294580911308,0.1457678123286829
-1.7463923682730171,0.17122868185481624
-1.7459552784549035,0.19764791487351951
-1.7455181886367899,0.22225124653749556
-1.7450810988186762,0.24232914794592622
-1.7446440090005626,0.2556169371603873
-1.744206919182449,0.26057428867408133
-1.7437698293643353,0.2565635262335041
-1.7433327395462217,0.2439363849963633
-1.742895649728108,0.22402088116830932
-1.7424585599099944,0.1989849591377066
-1.7420214700918808,0.17156285739660584
-1.7415843802737672,0.1446622414539586
-1.7411472904556535,0.12090954952665098
-1.74071020063754,0.10222173347377106
-1.7402731108194263,0.08950371155259766
-1.7398360210013126,0.08255480182684934
-1.739398931183199,0.08022113068075033
-1.7389618413650854,0.08076301843062055
-1.7385247515469717,0.08234035170244396
-1.738087661728858,0.0834840815943929
-1.7376505719107445,0.08343325437481408
-1.7372134820926308,0.08226354796865645
-1.7367763922745172,0.0807881653726238
-1.7363393024564036,0.08025618296694678
-1.73590221263829,0.08191073778317368
-1.7354651228201763,0.08651355404345583
-1.7350280330020627,0.09398792234269229
-1.734590943183949,0.10334136202530046
-1.7341538533658354,0.1129566546071614
-1.7337167635477218,0.12118375330438158
-1.7332796737296081,0.1269953789293539
-1.7328425839114945,0.13039732804260534
-1.7324054940933808,0.1323833068976109
-1.7319684042752672,0.1344583626210282
-1.7315313144571538,0.13798730339941076
-1.7310942246390402,0.1437041058860444
-1.7306571348209265,0.15159180380074083
-1.730220045002813,0.16109880173687724
-1.7297829551846993,0.17146686288153917
-1.7293458653665856,0.18193406817718333
-1.728908775548472,0.19173300392888196
-1.7284716857303584,0.19999771830405563
-1.7280345959122447,0.2057728825438436
-1.727597506094131,0.20823135507896112
-1.7271604162760175,0.20702718821344104
-1.7267233264579038,0.20257775445672538
-1.7262862366397902,0.19607540309479593
-1.7258491468216766,0.1891658270255606
-1.725412057003563,0.18340537139955862
-1.7249749671854493,0.17972351725746963
-1.7245378773673357,0.17812272315920846
-1.724100787549222,0.17775794697384023
-1.7236636977311084,0.17739316712174058
-1.7232266079129948,0.17607535829199988
-1.7227895180948811,0.17374432235980836
-1.7223524282767675,0.17146731728080114
-1.7219153384586539,0.17110069497662286
-1.7214782486405402,0.17443136341489324
-1.7210411588224266,0.18214237796371374
-1.720604069004313,0.1931180557448047
-1.7201669791861993,0.20452122635544864
-1.7197298893680857,0.2127345777362997
-1.719292799549972,0.21481584617438573
-1.7188557097318584,0.2098131455024605
-1.7184186199137448,0.19930450405397138
-1.7179815300956311,0.18687448636215534
-1.7175444402775175,0.17674592749905368
-1.7171073504594039,0.1721847456133656
-1.7166702606412902,0.1743865969874435
-1.7162331708231766,0.18229613517554047
-1.715796081005063,0.19334245098445194
-1.7153589911869493,0.20464059175406785
-1.7149219013688357,0.2140302320561824
-1.714484811550722,0.22048535248377213
-1.7140477217326084,0.22383616642510656
-1.7136106319144948,0.22415971447105573
-1.7131735420963812,0.22136822739085088
-1.7127364522782675,0.21534063136346995
-1.712299362460154,0.20651005549531037
-1.7118622726420403,0.19642085468345247
-1.7114251828239266,0.18768796120502262
-1.710988093005813,0.1831229273635638
-1.7105510031876994,0.18435118112633173
-1.7101139133695857,0.19067235206539387
-1.709676823551472,0.19890409709995688
-1.7092397337333585,0.20446257599769999
-1.7088026439152448,0.20324310292559744
-1.7083655540971312,0.19338933331220073
-1.7079284642790176,0.17607155985492545
-1.707491374460904,0.1549165970376083
-1.7070542846427903,0.13443208565904521
-1.7066171948246767,0.11824458555741035
-1.706180105006563,0.1079774658555138
-1.7057430151884494,0.10317355894435498
-1.7053059253703358,0.1020953767545171
-1.7048688355522221,0.10283750319913587
-1.7044317457341085,0.10414592940914068
-1.7039946559159949,0.10561967321917387
-1.7035575660978812,0.10736653044634818
-1.7031204762797676,0.1094644885334457
-1.702683386461654,0.11161258894696259
-1.7022462966435403,0.11316506766760147
-1.7018092068254267,0.11347320766823783
-1.701372117007313,0.11227570189992495
-1.7009350271891994,0.10987430893413565
-1.7004979373710858,0.10698664842522754
-1.7000608475529722,0.10437232592450497
-1.6996237577348585,0.1024560797412168
-1.6991866679167449,0.10115526908909171
-1.6987495780986313,0.0999844182434839
-1.6983124882805176,0.09834981418384348
-1.697875398462404,0.09585892814017073
-1.6974383086442904,0.09249325350801665
-1.6970012188261767,0.0885957938407176
-1.696564129008063,0.08473002256024369
-1.6961270391899494,0.08151157073131822
-1.6956899493718358,0.07948424991236233
-1.6952528595537222,0.07904689642585781
-1.6948157697356085,0.08039312523323157
-1.694378679917495,0.08343464969706073
-1.6939415900993813,0.08772806296338022
-1.6935045002812676,0.0924700439588462
-1.693067410463154,0.09662345383407989
-1.6926303206450404,0.09917699428331218
-1.6921932308269267,0.09945701345467316
-1.691756141008813,0.09735726563231635
-1.6913190511906995,0.09337229289261402
-1.6908819613725858,0.08840986664848835
-1.6904448715544722,0.08346859109387535
-1.6900077817363586,0.07933206947357048
-1.689570691918245,0.07641035640870868
-1.6891336021001313,0.07476601932033337
-1.6886965122820177,0.07425608975404845
-1.688259422463904,0.07467005450720313
-1.6878223326457904,0.07577735411360786
-1.6873852428276768,0.07728726128743779
-1.6869481530095631,0.07880334092110222
-1.6865110631914495,0.0798661642177674
-1.6860739733733359,0.08011214213006611
-1.6856368835552222,0.07947856556621133
-1.6851997937371086,0.07832451347178994
-1.684762703918995,0.07736131470843825
-1.6843256141008813,0.07738822432447716
-1.6838885242827677,0.07895118001164046
-1.683451434464654,0.0821093934081881
-1.6830143446465404,0.08645711144186032
-1.6825772548284268,0.09141468435793457
-1.6821401650103132,0.09664103036976839
-1.6817030751921995,0.10232243233907796
-1.681265985374086,0.10912986294865927
-1.6808288955559723,0.11780850680079706
-1.6803918057378588,0.12858640517438277
-1.6799547159197452,0.14073515724734417
-1.6795176261016316,0.15258115220230134
-1.679080536283518,0.16204387418721264
-1.6786434464654043,0.1674785627279754
-1.6782063566472907,0.1683985243530432
-1.677769266829177,0.1656827683125935
-1.6773321770110634,0.16114041176654498
-1.6768950871929498,0.15665927757751105
-1.6764579973748361,0.1533997215045641
-1.6760209075567225,0.15145903695038748
-1.6755838177386089,0.15014464160593272
-1.6751467279204952,0.14863349013402555
-1.6747096381023816,0.1465868375044558
-1.674272548284268,0.144360154272043
-1.6738354584661543,0.1427405427420367
-1.6733983686480407,0.14245633906481023
-1.672961278829927,0.14382617888494048
-1.6725241890118134,0.14677354042359295
-1.6720870991936998,0.15113827729179444
-1.6716500093755862,0.156985095513259
-1.6712129195574725,0.1646091842465884
-1.670775829739359,0.1741732670161123
-1.6703387399212453,0.1852112268018792
-1.6699016501031316,0.19638232869236555
-1.669464560285018,0.20574025304474736
-1.6690274704669044,0.21146125868031534
-1.6685903806487907,0.21266435005325832
-1.668153290830677,0.20986076873082063
-1.6677162010125635,0.2047583227299743
-1.6672791111944498,0.1995038411205632
-1.6668420213763362,0.1957564162807213
-1.6664049315582226,0.1940644359453215
-1.665967841740109,0.1938359682942624
-1.6655307519219953,0.1938655569753845
-1.6650936621038817,0.19310157338303208
-1.664656572285768,0.1912506314030989
-1.6642194824676544,0.1889418678527193
-1.6637823926495408,0.18742123637520242
-1.6633453028314271,0.18797359902916447
-1.6629082130133135,0.19137023105954856
-1.6624711231951999,0.19758392083122242
-1.6620340333770862,0.20585485745176402
-1.6615969435589726,0.21502007293044886
-1.661159853740859,0.22391982085611928
-1.6607227639227453,0.23170135011765614
-1.6602856741046317,0.23793157098733295
-1.659848584286518,0.24254260681050965
-1.6594114944684044,0.2457029727520838
-1.6589744046502908,0.24770173955489957
-1.6585373148321771,0.24887402725478122
-1.6581002250140635,0.2495381689123006
-1.6576631351959499,0.24990635431554734
-1.6572260453778362,0.24997715674979598
-1.6567889555597226,0.2494773840512506
-1.656351865741609,0.24793327939245574
-1.6559147759234953,0.24488976174479743
-1.6554776861053817,0.24019219576308015
-1.655040596287268,0.23417118923912625
-1.6546035064691544,0.22759109715884174
-1.6541664166510408,0.22134239919506188
-1.6537293268329272,0.2160120644365848
-1.6532922370148135,0.211557720120996
-1.6528551471967,0.2072755153139172
-1.6524180573785863,0.20209966533370521
-1.6519809675604726,0.19508929432284638
-1.651543877742359,0.18585352560668084
-1.6511067879242454,0.17470255395503903
-1.6506696981061317,0.16246954324375104
-1.650232608288018,0.1501315112653399
-1.6497955184699045,0.13845724733969392
-1.6493584286517908,0.12786941248067507
-1.6489213388336772,0.11855707236982951
-1.6484842490155636,0.1107132854564857
-1.64804715919745,0.10470379626501643
-1.6476100693793363,0.10103775642367041
-1.6471729795612227,0.10016002648510954
-1.646735889743109,0.10221141070140638
-1.6462987999249954,0.10692018404258541
-1.6458617101068818,0.11368744483986282
-1.6454246202887681,0.12178780537902265
-1.6449875304706545,0.13053208524783402
-1.6445504406525409,0.1392857073442138
-1.6441133508344272,0.14736774440260764
-1.6436762610163136,0.15396761874683776
-1.6432391711982,0.15821899649975688
-1.6428020813800863,0.1594565770699779
-1.6423649915619727,0.15753483855154596
-1.641927901743859,0.1530191872779829
-1.6414908119257454,0.14712235500198306
-1.6410537221076318,0.14140683803554352
-1.6406166322895182,0.1373997913470737
-1.6401795424714045,0.13628394257719617
-1.6397424526532909,0.13873798437270263
-1.6393053628351772,0.1448861536074888
-1.6388682730170636,0.15427460535268858
-1.63843118319895,0.16584988261367042
-1.6379940933808363,0.17801051652529934
-1.6375570035627227,0.18883702411466788
-1.637119913744609,0.19652603096734386
-1.6366828239264954,0.1999048791431893
-1.6362457341083818,0.19879597502871033
-1.6358086442902682,0.19403046105714705
-1.6353715544721545,0.18708016515340095
-1.634934464654041,0.17948470558638338
-1.6344973748359273,0.1723621481504463
-1.6340602850178136,0.1662317794327067
-1.6336231951997,0.16118408946958868
-1.6331861053815864,0.15723018290862806
-1.6327490155634727,0.15457676589959446
-1.632311925745359,0.15364926741595286
-1.6318748359272455,0.15486489116728092
-1.6314377461091318,0.1583199637769838
-1.6310006562910182,0.16360287151741895
-1.6305635664729046,0.16985670241093084
-1.630126476654791,0.1760598395658872
-1.6296893868366773,0.1813683566109677
-1.6292522970185639,0.18534145483642936
-1.6288152072004503,0.18795241974992744
-1.6283781173823366,0.1894140810864777
-1.627941027564223,0.18994266934367793
-1.6275039377461094,0.18959886654318914
-1.6270668479279957,0.1882828723987169
-1.626629758109882,0.18586612444321018
-1.6261926682917685,0.18237062326074827
-1.6257555784736548,0.17809106645269437
-1.6253184886555412,0.17359375718000383
-1.6248813988374275,0.16959110266618352
-1.624444309019314,0.16674631347854338
-1.6240072192012003,0.16548655164336462
-1.6235701293830866,0.1658909101481177
-1.623133039564973,0.16768458311089082
-1.6226959497468594,0.17033050111442535
-1.6222588599287457,0.17317959184237552
-1.621821770110632,0.17562849482923232
-1.6213846802925185,0.17723952915793956
-1.6209475904744048,0.17779694387600795
-1.6205105006562912,0.17729755393482807
-1.6200734108381776,0.17589365545891225
-1.619636321020064,0.17381506817476525
-1.6191992312019503,0.17129409495494727
-1.6187621413838367,0.16850683824129925
-1.618325051565723,0.1655345558057107
-1.6178879617476094,0.16234578943545808
-1.6174508719294958,0.15880423569277038
-1.6170137821113821,0.1547124805623213
-1.6165766922932685,0.14989844621686005
-1.6161396024751549,0.14433388882650036
-1.6157025126570412,0.13824657889754124
-1.6152654228389276,0.1321654918039603
-1.614828333020814,0.12684243938726353
-1.6143912432027003,0.12303702290928589
-1.6139541533845867,0.12122521294267985
-1.613517063566473,0.12135942332725516
-1.6130799737483594,0.12282171102261
-1.6126428839302458,0.12464191531209827
-1.6122057941121322,0.12591653420489948
-1.6117687042940185,0.12623091346882115
-1.611331614475905,0.12584485650422228
-1.6108945246577913,0.12550011832209587
-1.6104574348396776,0.12591447322307317
-1.610020345021564,0.12722875439556317
-1.6095832552034504,0.12873979002845676
-1.6091461653853367,0.12912060248124516
-1.608709075567223,0.12705768879910465
-1.6082719857491095,0.12197986524901762
-1.6078348959309958,0.11447517511772287
-1.6073978061128822,0.10615167003041873
-1.6069607162947686,0.09900675276122992
-1.606523626476655,0.09464258312685639
-1.6060865366585413,0.09373566659815023
-1.6056494468404277,0.09599830709028799
-1.605212357022314,0.10057138373483099
-1.6047752672042004,0.10655170090612275
-1.6043381773860868,0.11332446639147258
-1.6039010875679731,0.12054602025797458
-1.6034639977498595,0.12787452330258675
-1.6030269079317458,0.13470688153246152
-1.6025898181136322,0.14015178627419667
-1.6021527282955186,0.1432859108761022
-1.601715638477405,0.14353646440130025
-1.6012785486592913,0.140945330579851
-1.6008414588411777,0.13614800841684185
-1.600404369023064,0.13008228257370416
-1.5999672792049504,0.12360279832400149
-1.5995301893868368,0.11721844208810107
-1.5990930995687231,0.11107552921133079
-1.5986560097506095,0.10515289981130758
-1.5982189199324959,0.09951737241898297
-1.5977818301143822,0.09447473420163233
-1.5973447402962686,0.09053535025122748
-1.596907650478155,0.08823031193167075
-1.5964705606600413,0.08789102532287281
-1.5960334708419277,0.08950644469980093
-1.595596381023814,0.09271314841892453
-1.5951592912057004,0.0969004548903379
-1.5947222013875868,0.10136816207913198
-1.5942851115694732,0.10547257494260578
-1.5938480217513595,0.10872315180087178
-1.593410931933246,0.11082254291908691
-1.5929738421151323,0.11166070051869867
-1.5925367522970186,0.11127840534559587
-1.592099662478905,0.10981534651971633
-1.5916625726607914,0.1074589673640896
-1.5912254828426777,0.1044109911269814
-1.590788393024564,0.10088297399305433
-1.5903513032064505,0.09711819813496511
-1.5899142133883368,0.09342058084150842
-1.5894771235702232,0.09016277224165149
-1.5890400337521096,0.0877527866939619
-1.588602943933996,0.08655937914520652
-1.5881658541158823,0.08681979819788822
-1.5877287642977687,0.08856604295219525
-1.587291674479655,0.0915999661157449
-1.5868545846615414,0.09552678784699861
-1.5864174948434278,0.09983262982489083
-1.5859804050253141,0.10397767716154395
-1.5855433152072005,0.10747904393095618
-1.5851062253890869,0.10997229394560178
-1.5846691355709732,0.1112557358225298
-1.5842320457528596,0.11132489963636441
-1.583794955934746,0.11039276534916406
-1.5833578661166323,0.10887397469554659
-1.5829207762985187,0.10730588453025343
-1.582483686480405,0.10619882945048224
-1.5820465966622914,0.10584865478430572
-1.5816095068441778,0.10618394990023913
-1.5811724170260641,0.10672914075871433
-1.5807353272079505,0.10672687460628034
-1.5802982373898369,0.10539139369789603
-1.5798611475717232,0.1021963445795613
-1.5794240577536096,0.09707637352437852
-1.578986967935496,0.09045884219965869
-1.5785498781173823,0.0831205404854108
-1.578112788299269,0.0759402786342116
-1.5776756984811553,0.06965191178035358
-1.5772386086630417,0.06468325721563405
-1.576801518844928,0.061116420272347406
-1.5763644290268144,0.05875826560872198
-1.5759273392087008,0.057286052824595216
-1.5754902493905871,0.05642762583494902
-1.5750531595724735,0.05613060386090196
-1.5746160697543599,0.05666382860730264
-1.5741789799362462,0.05859149937737568
-1.5737418901181326,0.0625895030638803
-1.573304800300019,0.06914027869162773
-1.5728677104819053,0.07821914155813059
-1.5724306206637917,0.08912152339550804
-1.571993530845678,0.10054046288415786
-1.5715564410275644,0.11089523766855629
-1.5711193512094508,0.11879035856848953
-1.5706822613913372,0.12341827937543373
-1.5702451715732235,0.12474694354888237
-1.5698080817551099,0.12343664191128702
-1.5693709919369963,0.12054919149355027
-1.5689339021188826,0.11718430859555722
-1.568496812300769,0.11417772979193042
-1.5680597224826553,0.11194258168637272
-1.5676226326645417,0.1104712562927339
-1.567185542846428,0.10947025626526892
-1.5667484530283144,0.10857815461171096
-1.5663113632102008,0.10760225860260238
-1.5658742733920872,0.10669430000199841
-1.5654371835739735,0.10638182995522269
-1.56500009375586,0.10740404554798358
-1.5645630039377463,0.11037827942258184
-1.5641259141196326,0.11542115420735592
-1.563688824301519,0.12191122822394722
-1.5632517344834054,0.12855476608042193
-1.5628146446652917,0.1337918380784234
-1.562377554847178,0.1364059387082649
-1.5619404650290645,0.13606826152924426
-1.5615033752109508,0.13354088180656815
-1.5610662853928372,0.13040342617906614
-1.5606291955747236,0.12839464208973028
-1.56019210575661,0.1286571999824499
-1.5597550159384963,0.13123266628058106
-1.5593179261203827,0.13503737757625797
-1.558880836302269,0.13831864726219087
-1.5584437464841554,0.13936767501322025
-1.5580066566660418,0.13716623041345258
-1.5575695668479281,0.1317100003191575
-1.5571324770298145,0.12392995330037168
-1.5566953872117009,0.1153163076520748
-1.5562582973935872,0.10744385183357005
-1.5558212075754736,0.10157621624791358
-1.55538411775736,0.09843546171792363
-1.5549470279392463,0.09813553171722776
-1.5545099381211327,0.10024065862641389
-1.554072848303019,0.10391720708717898
-1.5536357584849054,0.10815989942299882
-1.5531986686667918,0.11205924092725926
-1.5527615788486782,0.11504228207580842
-1.5523244890305645,0.11700044950714225
-1.551887399212451,0.11824830621405631
-1.5514503093943373,0.11933112384553103
-1.5510132195762236,0.1207742443075706
-1.55057612975811,0.12289356058759356
-1.5501390399399964,0.12574537722330315
-1.5497019501218827,0.12921219380214238
-1.549264860303769,0.1331506277792592
-1.5488277704856555,0.13750846609122203
-1.5483906806675418,0.14235184000447684
-1.5479535908494282,0.14780013221858285
-1.5475165010313146,0.15390944013633753
-1.547079411213201,0.16055927397866335
-1.5466423213950873,0.1673895473618809
-1.5462052315769736,0.1738208029915976
-1.54576814175886,0.17917381024624182
-1.5453310519407464,0.18287654429656622
-1.5448939621226327,0.1847026739530517
-1.5444568723045191,0.18494263757155469
-1.5440197824864055,0.18440085674583914
-1.5435826926682918,0.18416768321912916
-1.5431456028501782,0.18522220474572268
-1.5427085130320646,0.18802819043456362
-1.542271423213951,0.19232068838099872
-1.5418343333958373,0.19720728406709845
-1.5413972435777237,0.20155294224840728
-1.54096015375961,0.20446466663117321
-1.5405230639414964,0.20563386077160953
-1.5400859741233828,0.20537093163406514
-1.5396488843052691,0.2043380775632668
-1.5392117944871555,0.20315268600861375
-1.5387747046690419,0.20209679037004546
-1.5383376148509282,0.2010912169453972
-1.5379005250328146,0.19992468950147685
-1.537463435214701,0.1985711487961109
-1.5370263453965873,0.1973771698564983
-1.5365892555784737,0.1969845651631806
-1.53615216576036,0.1980187350341202
-1.5357150759422464,0.20072060715148418
-1.5352779861241328,0.20474117604830175
-1.5348408963060192,0.20922885835587124
-1.5344038064879055,0.21317395667148756
-1.533966716669792,0.21582869246357458
-1.5335296268516783,0.21697982993115822
-1.5330925370335646,0.2169365251441154
-1.532655447215451,0.21625744044187306
-1.5322183573973374,0.21538403517718657
-1.5317812675792237,0.2143896152494798
-1.53134417776111,0.2129750369826145
-1.5309070879429965,0.2106927804088931
-1.5304699981248828,0.20725243621715236
-1.5300329083067692,0.20272759851322955
-1.5295958184886556,0.19756032464839862
-1.529158728670542,0.19239025357717401
-1.5287216388524283,0.18783530153012304
-1.5282845490343147,0.18435843298234092
-1.527847459216201,0.18227277132158634
-1.5274103693980874,0.18182738827594772
-1.526973279579974,0.18325670194429342
-1.5265361897618603,0.18670832584178698
-1.5260990999437467,0.19206382047692294
-1.525662010125633,0.1987634367674431
-1.5252249203075194,0.20577102203556957
-1.5247878304894058,0.21174893479597043
-1.5243507406712922,0.21539641798230005
-1.5239136508531785,0.21581179968586492
-1.523476561035065,0.2127252275915116
-1.5230394712169513,0.2065179481841409
-1.5226023813988376,0.1980491349834885
-1.522165291580724,0.1883887712943346
-1.5217282017626104,0.1785678470827217
-1.5212911119444967,0.16941353588172264
-1.520854022126383,0.16147769037244647
-1.5204169323082695,0.15503149965016635
-1.5199798424901558,0.15009907773495262
-1.5195427526720422,0.14651989411388128
-1.5191056628539286,0.14403758514754852
-1.518668573035815,0.14240037381473164
-1.5182314832177013,0.14143973825994977
-1.5177943933995877,0.14109245645805274
-1.517357303581474,0.14135678225301598
-1.5169202137633604,0.14221193018620606
-1.5164831239452468,0.1435530853558913
-1.5160460341271331,0.1451832126427076
-1.5156089443090195,0.1468651999907851
-1.5151718544909059,0.14840118572743224
-1.5147347646727922,0.14969636685435184
-1.5142976748546786,0.15078552546715746
-1.513860585036565,0.15183085249100348
-1.5134234952184513,0.15311264338392633
-1.5129864054003377,0.15502073854995063
-1.512549315582224,0.15802967262443418
-1.5121122257641104,0.16263035280519875
-1.5116751359459968,0.16920888341689894
-1.5112380461278832,0.17789767191320655
-1.5108009563097695,0.18844963555351346
-1.5103638664916559,0.20018547974063733
-1.5099267766735422,0.21204073762377149
-1.5094896868554286,0.22271263584449957
-1.509052597037315,0.2308906062911245
-1.5086155072192013,0.23554337985998527
-1.5081784174010877,0.23621438544736065
-1.507741327582974,0.2332423245847149
-1.5073042377648604,0.22779919395882015
-1.5068671479467468,0.22166240724001557
-1.5064300581286332,0.21672979985061164
-1.5059929683105195,0.21441603723586808
-1.505555878492406,0.21516325461734492
-1.5051187886742923,0.2182864535184324
-1.5046816988561786,0.22224007961908948
-1.504244609038065,0.22519861772983893
-1.5038075192199514,0.22569819816714712
-1.5033704294018377,0.22307224631726544
-1.502933339583724,0.21753691120252408
-1.5024962497656105,0.20996337770299173
-1.5020591599474968,0.20150609727800967
-1.5016220701293832,0.19327157702707226
-1.5011849803112696,0.18612549557029787
-1.500747890493156,0.18062292765596183
-1.5003108006750423,0.17698700611251758
-1.4998737108569287,0.17508324921338508
-1.499436621038815,0.17440378601224996
-1.4989995312207014,0.17412263077087917
-1.4985624414025878,0.17326796847672174
-1.4981253515844741,0.1709905159565106
-1.4976882617663605,0.16683862470821625
-1.4972511719482469,0.1609303187489536
-1.4968140821301332,0.1539530455988665
-1.4963769923120198,0.14699539827388103
-1.4959399024939062,0.14127706970352924
-1.4955028126757925,0.1378655341718421
-1.495065722857679,0.13745262659274915
-1.4946286330395653,0.14023311551901335
-1.4941915432214516,0.145899410891999
-1.493754453403338,0.1537445907533543
-1.4933173635852244,0.1628430435118203
-1.4928802737671107,0.172253806831672
-1.492443183948997,0.18118021669116804
-1.4920060941308835,0.1890385888838065
-1.4915690043127698,0.19543895399920666
-1.4911319144946562,0.200135159630311
-1.4906948246765426,0.20301906520709376
-1.490257734858429,0.2041916970402998
-1.4898206450403153,0.20406417453805634
-1.4893835552222017,0.2033810763826709
-1.488946465404088,0.20307447375421178
-1.4885093755859744,0.20395557515430676
-1.4880722857678608,0.20637587007537542
-1.4876351959497471,0.21005153408921087
-1.4871981061316335,0.21418457020508477
-1.4867610163135199,0.2178519048132452
-1.4863239264954062,0.22046548775156843
-1.4858868366772926,0.2220448519128608
-1.485449746859179,0.22314010403113807
-1.4850126570410653,0.2244476135333036
-1.4845755672229517,0.2263477530537801
-1.484138477404838,0.2286442179158624
-1.4837013875867244,0.23066270749340384
-1.4832642977686108,0.2316474258599857
-1.4828272079504972,0.231213316978626
-1.4823901181323835,0.22958105668143491
-1.48195302831427,0.2274564112965478
-1.4815159384961563,0.2256294488879156
-1.4810788486780426,0.22453137347633376
-1.480641758859929,0.22400379551490407
-1.4802046690418154,0.2234045620405772
-1.4797675792237017,0.2219796640026853
-1.479330489405588,0.21928686906769063
-1.4788933995874745,0.21544073658122365
-1.4784563097693608,0.21105990772027164
-1.4780192199512472,0.20696505417585379
-1.4775821301331336,0.20380381842101822
-1.47714504031502,0.20180123544767334
-1.4767079504969063,0.2007470233492185
-1.4762708606787927,0.2001909929305519
-1.475833770860679,0.19970607607150573
-1.4753966810425654,0.1990560105150069
-1.4749595912244517,0.1981793794410764
-1.4745225014063381,0.19702561027288673
-1.4740854115882245,0.195376359052366
-1.4736483217701108,0.19279828325514425
-1.4732112319519972,0.18879207502935477
-1.4727741421338836,0.18307537886851047
-1.47233705231577,0.17583997253991693
-1.4718999624976563,0.16781639552232788
-1.4714628726795427,0.1600707562827127
-1.471025782861429,0.15360097268810322
-1.4705886930433154,0.1489163974985934
-1.4701516032252018,0.14581253516666973
-1.4697145134070881,0.14347478980119424
-1.4692774235889745,0.14089777057377814
-1.4688403337708609,0.1374571763593073
-1.4684032439527472,0.13338609615625202
-1.4679661541346336,0.1299245389272859
-1.46752906431652,0.12902725189422393
-1.4670919744984063,0.13268976785303582
-1.4666548846802927,0.14212115874666495
-1.466217794862179,0.15708499131742135
-1.4657807050440654,0.1756989019422926
-1.4653436152259518,0.194824172333431
-1.4649065254078382,0.21094264662640164
-1.4644694355897245,0.22120643883993635
-1.464032345771611,0.22425734904453618
-1.4635952559534973,0.22050054140531716
-1.4631581661353836,0.21174965382190566
-1.46272107631727,0.20043013620014022
-1.4622839864991564,0.1887024090638067
-1.4618468966810427,0.17786246286179244
-1.461409806862929,0.1682066654376196
-1.4609727170448155,0.15931026977625015
-1.4605356272267018,0.15049455118294666
-1.4600985374085882,0.1412276765054262
-1.4596614475904746,0.13131026166394053
-1.459224357772361,0.12085261059713413
-1.4587872679542473,0.11015594601712421
-1.4583501781361337,0.09961321060851361
-1.45791308831802,0.08967037347384443
-1.4574759984999064,0.08080894068241053
-1.4570389086817928,0.07348788512712397
-1.4566018188636791,0.06802832193215179
-1.4561647290455655,0.06449201642688275
-1.4557276392274519,0.06263491145521508
-1.4552905494093382,0.06198172090789502
-1.4548534595912246,0.06199264006409029
-1.454416369773111,0.062235241487798305
-1.4539792799549973,0.06247701277410078
-1.4535421901368837,0.06267333275118503
-1.45310510031877,0.06289544422858208
-1.4526680105006564,0.06327036846549366
-1.4522309206825428,0.06397167181716536
-1.4517938308644291,0.06523673415914948
-1.4513567410463155,0.06734699276820313
-1.4509196512282019,0.0705280825835149
-1.4504825614100882,0.07479506378544112
-1.4500454715919746,0.07983259187159661
-1.449608381773861,0.08500812798448167
-1.4491712919557473,0.08955386943350081
-1.4487342021376337,0.09285616468411971
-1.44829711231952,0.09472150673048856
-1.4478600225014064,0.09549036455830928
-1.4474229326832928,0.09594215768002912
-1.4469858428651792,0.09703219336983268
-1.4465487530470655,0.09956979750127523
-1.446111663228952,0.10395666332107448
-1.4456745734108383,0.11006432503286719
-1.4452374835927246,0.11727170743815388
-1.444800393774611,0.12463627903075176
-1.4443633039564974,0.1311438168220518
-1.4439262141383837,0.13596587384811526
-1.44348912432027,0.13864734449855773
-1.4430520345021565,0.13915855381876246
-1.4426149446840428,0.137790001619105
-1.4421778548659292,0.1349387096351815
-1.4417407650478156,0.13090001994866848
-1.441303675229702,0.12579107093739725
-1.4408665854115883,0.11966666804059889
-1.4404294955934747,0.11276925462750212
-1.439992405775361,0.10575181143331366
-1.4395553159572474,0.09969907768171882
-1.4391182261391338,0.09587251574353739
-1.4386811363210201,0.09526741024422065
-1.4382440465029065,0.09819687832276916
-1.4378069566847929,0.10412251027595444
-1.4373698668666792,0.11182396932419633
-1.4369327770485656,0.119815280878931
-1.436495687230452,0.12678813556169183
-1.4360585974123383,0.13187061586882096
-1.4356215075942247,0.13462327726895845
-1.435184417776111,0.13486257668356677
-1.4347473279579974,0.13249470254490242
-1.4343102381398838,0.1275060352835286
-1.4338731483217702,0.12012318944462809
-1.4334360585036565,0.11102003071845581
-1.4329989686855429,0.10139953748004212
-1.4325618788674293,0.0928402228726225
-1.4321247890493156,0.08692328670272144
-1.431687699231202,0.08476895502785778
-1.4312506094130883,0.08665283158659419
-1.4308135195949747,0.09184149292165075
-1.430376429776861,0.09871497231379926
-1.4299393399587474,0.10516725140498008
-1.4295022501406338,0.10920601685725295
-1.4290651603225202,0.1096058883376202
-1.4286280705044065,0.106413741468583
-1.428190980686293,0.10109654359615207
-1.4277538908681793,0.09620352530468125
-1.4273168010500656,0.0945892849600013
-1.426879711231952,0.0984487988352225
-1.4264426214138384,0.10853903313395503
-1.4260055315957247,0.12391554771335449
-1.425568441777611,0.14229607973823352
-1.4251313519594975,0.16088106729410376
-1.4246942621413838,0.17726506618456983
-1.4242571723232702,0.19006706203944687
-1.4238200825051566,0.19908229312008366
-1.423382992687043,0.2050008982800317
-1.4229459028689293,0.2089124966260391
-1.4225088130508157,0.21184700885041535
-1.422071723232702,0.21451442957688174
-1.4216346334145884,0.21728300045428384
-1.4211975435964748,0.2203467573039959
-1.4207604537783611,0.22399272845333465
-1.4203233639602475,0.22885578268636825
-1.4198862741421339,0.23602618663643068
-1.4194491843240202,0.24687736255625192
-1.4190120945059066,0.26255940024481245
-1.418575004687793,0.2832708331232713
-1.4181379148696793,0.3076092087131896
-1.4177008250515657,0.3323840426585484
-1.417263735233452,0.35315506586116535
-1.4168266454153384,0.36544946334535255
-1.4163895555972248,0.3662595232369408
-1.4159524657791112,0.35522475613517696
-1.4155153759609975,0.33498653360499475
-1.415078286142884,0.3105388623952744
-1.4146411963247703,0.2878151269038765
-1.4142041065066566,0.2720396969357691
-1.413767016688543,0.26641185570257314
-1.4133299268704294,0.27149717238241305
-1.4128928370523157,0.28540618242441407
-1.412455747234202,0.3045863347983007
-1.4120186574160885,0.3249209459000028
-1.4115815675979748,0.3428152283595204
-1.4111444777798612,0.3560062474901549
-1.4107073879617475,0.3639207641863415
-1.410270298143634,0.3675130276929099
-1.4098332083255203,0.368647126665479
-1.4093961185074066,0.36922861847673055
-1.408959028689293,0.3703886001881996
-1.4085219388711794,0.37202242189504403
-1.4080848490530657,0.3728611121270142
-1.4076477592349521,0.3710438891872549
-1.4072106694168385,0.3649531878919379
-1.4067735795987248,0.35396433021653234
-1.4063364897806112,0.3388014801184811
-1.4058993999624976,0.32136092529491433
-1.405462310144384,0.30408418246349284
-1.4050252203262703,0.28913999269089574
-1.4045881305081567,0.27773536469213195
-1.404151040690043,0.26980569405398797
-1.4037139508719294,0.2641724960495636
-1.4032768610538158,0.25907664759774635
-1.4028397712357021,0.25286631665637194
-1.4024026814175885,0.24458404716161555
-1.4019655915994749,0.23425820079740936
-1.4015285017813612,0.22282708076599061
-1.4010914119632476,0.21175959789199947
-1.400654322145134,0.20253677073270224
-1.4002172323270203,0.19619270543649572
-1.3997801425089067,0.19307431197090624
-1.399343052690793,0.19288241653941543
-1.3989059628726799,0.19493986356697318
-1.3984688730545662,0.19854147817231954
-1.3980317832364526,0.20321626967801767
-1.397594693418339,0.20878746928596761
-1.3971576036002253,0.21522646410239712
-1.3967205137821117,0.22240717559498926
-1.396283423963998,0.22991889090282802
-1.3958463341458844,0.23705898950162899
-1.3954092443277708,0.24302289497747573
-1.3949721545096572,0.2471969134488225
-1.3945350646915435,0.24940425440682645
-1.39409797487343,0.2499840569855866
-1.3936608850553163,0.2496744610616822
-1.3932237952372026,0.2493659691098373
-1.392786705419089,0.24983716223178581
-1.3923496156009754,0.25156534183548124
-1.3919125257828617,0.2546465818400796
-1.391475435964748,0.258808138159603
-1.3910383461466345,0.2634807301316199
-1.3906012563285208,0.2679142466106948
-1.3901641665104072,0.2713380357916361
-1.3897270766922936,0.2731584799080737
-1.38928998687418,0.273150812356797
-1.3888528970560663,0.2715668794146714
-1.3884158072379527,0.2690820879875985
-1.387978717419839,0.2665596056065176
-1.3875416276017254,0.26469867780097917
-1.3871045377836118,0.2637093504153237
-1.3866674479654981,0.2631697177293299
-1.3862303581473845,0.26215510598833375
-1.3857932683292709,0.2596065036195968
-1.3853561785111572,0.2547874059042552
-1.3849190886930436,0.24762709141897202
-1.38448199887493,0.23879574734179143
-1.3840449090568163,0.22948263051062287
-1.3836078192387027,0.22098835136481149
-1.383170729420589,0.21432200467994675
-1.3827336396024754,0.20997127120485254
-1.3822965497843618,0.20790533487751647
-1.3818594599662481,0.20774331777528188
-1.3814223701481345,0.20895158139163342
-1.3809852803300209,0.21095942773216184
-1.3805481905119072,0.21317822529887784
-1.3801111006937936,0.21500086042719513
-1.37967401087568,0.21587737081159733
-1.3792369210575663,0.21549274814584982
-1.3787998312394527,0.2139652610883767
-1.378362741421339,0.2119217489168736
-1.3779256516032254,0.2103459213754792
-1.3774885617851118,0.21022154267639442
-1.3770514719669982,0.21212458500530657
-1.3766143821488845,0.2159661983351085
-1.376177292330771,0.22101409777281383
-1.3757402025126573,0.2261678871909097
-1.3753031126945436,0.2303310221820561
-1.37486602287643,0.23269202789556578
-1.3744289330583164,0.23281288758274415
-1.3739918432402027,0.23055809018019752
-1.373554753422089,0.22598854670784313
-1.3731176636039755,0.2193328789167302
-1.3726805737858618,0.2110530533735217
-1.3722434839677482,0.20191965807968137
-1.3718063941496346,0.19298234471368544
-1.371369304331521,0.18538497439110066
-1.3709322145134073,0.18008483325822297
-1.3704951246952937,0.17761031928348653
-1.37005803487718,0.1779776394790812
-1.3696209450590664,0.18079429719043505
-1.3691838552409528,0.18546993377472418
-1.3687467654228391,0.19140489754532744
-1.3683096756047255,0.1980628400850107
-1.3678725857866119,0.20492555168622065
-1.3674354959684982,0.2114115262520131
-1.3669984061503846,0.21686095084674686
-1.366561316332271,0.22064029636990365
-1.3661242265141573,0.2223361680628593
-1.3656871366960437,0.22194417990630708
-1.36525004687793,0.21995005400978887
-1.3648129570598164,0.21724668901407276
-1.3643758672417028,0.21490309523039963
-1.3639387774235892,0.21386187705206636
-1.3635016876054755,0.21466705049754828
-1.3630645977873619,0.2173093457742259
-1.3626275079692483,0.22123325287789636
-1.3621904181511346,0.22549675431353283
-1.361753328333021,0.229028221422702
-1.3613162385149074,0.23089879126501694
-1.3608791486967937,0.23053022747920823
-1.36044205887868,0.22778677603090242
-1.3600049690605664,0.22294386009114078
-1.3595678792424528,0.2165686097376435
-1.3591307894243392,0.20936995118097454
-1.3586936996062255,0.20207151511568847
-1.358256609788112,0.1953346215448363
-1.3578195199699983,0.1897265154344679
-1.3573824301518846,0.18570727573268
-1.356945340333771,0.1836064279719753
-1.3565082505156574,0.18357574552177428
-1.3560711606975437,0.18552855981147245
-1.35563407087943,0.18909604834189134
-1.3551969810613165,0.19363751430693024
-1.3547598912432028,0.1983297473116665
-1.3543228014250892,0.2023320283846688
-1.3538857116069756,0.20498760831561494
-1.353448621788862,0.20599503391879595
-1.3530115319707483,0.20547969989123263
-1.3525744421526347,0.20392563439366435
-1.352137352334521,0.20198240745775692
-1.3517002625164074,0.2002189093452566
-1.3512631726982938,0.19892516584134753
-1.3508260828801801,0.19804594915999713
-1.3503889930620665,0.1972696445170841
-1.3499519032439529,0.19622107738417652
-1.3495148134258392,0.19465705050003573
-1.3490777236077256,0.19256639595092503
-1.348640633789612,0.1901322268565011
-1.3482035439714983,0.1875924148259622
-1.3477664541533847,0.18509071580884667
-1.347329364335271,0.18261244534685867
-1.3468922745171574,0.18004366540149078
-1.3464551846990438,0.17731365944027702
-1.3460180948809302,0.1745249044468329
-1.3455810050628165,0.17197797558998898
-1.345143915244703,0.1700612493033287
-1.3447068254265893,0.16906065193216163
-1.3442697356084756,0.1690007654156215
-1.343832645790362,0.16961872453925966
-1.3433955559722484,0.17049906444194232
-1.3429584661541347,0.17130287793488602
-1.342521376336021,0.1719650711737915
-1.3420842865179075,0.17274611113899416
-1.3416471966997938,0.17410332580471422
-1.3412101068816802,0.17644565331005846
-1.3407730170635666,0.17989727064389174
-1.340335927245453,0.18418602833066042
-1.3398988374273393,0.18870186770999117
-1.3394617476092257,0.19268357084517004
-1.339024657791112,0.19543977187101794
-1.3385875679729984,0.19651628778377164
-1.3381504781548847,0.1957717969990198
-1.3377133883367711,0.19337789306286735
-1.3372762985186575,0.1897818550793508
-1.3368392087005438,0.18565343798641135
-1.3364021188824302,0.18180364023614604
-1.3359650290643166,0.17904830093985588
-1.335527939246203,0.17801195082718896
-1.3350908494280893,0.17891680072484653
-1.3346537596099757,0.1814436607932797
-1.334216669791862,0.18475121531463087
-1.3337795799737484,0.1876865707124977
-1.3333424901556348,0.18913542541814873
-1.3329054003375211,0.18838799178108098
-1.3324683105194075,0.18537695308404395
-1.3320312207012939,0.18069010255913423
-1.3315941308831802,0.17535269579931234
-1.3311570410650666,0.17046947681723237
-1.330719951246953,0.16686961771743497
-1.3302828614288393,0.16488649525702614
-1.3298457716107257,0.1643369246741
-1.329408681792612,0.1646756704428842
-1.3289715919744984,0.16523318595931882
-1.3285345021563848,0.16542708850250717
-1.3280974123382712,0.16487376134056483
-1.3276603225201575,0.16339199644574345
-1.327223232702044,0.16094871038394998
-1.3267861428839303,0.15761678781830177
-1.3263490530658166,0.15358867489050493
-1.325911963247703,0.14923442120902916
-1.3254748734295894,0.14514359531261697
-1.3250377836114757,0.1420783231632546
-1.324600693793362,0.14080089033623294
-1.3241636039752485,0.14180823058759512
-1.3237265141571348,0.1450720490879863
-1.3232894243390212,0.14991033879737756
-1.3228523345209076,0.15508362687211183
-1.322415244702794,0.15912506730200834
-1.3219781548846803,0.1608106744118923
-1.3215410650665667,0.15959973877309705
-1.321103975248453,0.15586371596015827
-1.3206668854303394,0.1507881414715482
-1.3202297956122258,0.14595705065547132
-1.3197927057941121,0.14276509408856072
-1.3193556159759985,0.14188982098381692
-1.3189185261578849,0.14305003787774434
-1.3184814363397712,0.14516750969748546
-1.3180443465216576,0.14687744627336294
-1.317607256703544,0.14717250891130745
-1.3171701668854303,0.1458932250183442
-1.3167330770673167,0.14383684953229506
-1.316295987249203,0.14242742311147996
-1.3158588974310894,0.14309472608511054
-1.3154218076129758,0.14664918359707527
-1.3149847177948621,0.1529420801776624
-1.3145476279767485,0.16096182665096742
-1.3141105381586349,0.16930587270543088
-1.3136734483405212,0.17679036558817404
-1.3132363585224076,0.18290411800527925
-1.312799268704294,0.1879039456965699
-1.3123621788861803,0.19253357284391873
-1.3119250890680667,0.19753072827200227
-1.311487999249953,0.20317633235441201
-1.3110509094318394,0.2090986706403207
-1.3106138196137258,0.21440550846836184
-1.3101767297956122,0.2180561157185688
-1.3097396399774985,0.21928343469545356
-1.309302550159385,0.21787601368713888
-1.3088654603412713,0.21421695268262528
-1.3084283705231576,0.20909902736273395
-1.307991280705044,0.20342908834576637
-1.3075541908869304,0.19796214972593465
-1.3071171010688167,0.19316611364231376
-1.306680011250703,0.18924281054144207
-1.3062429214325895,0.18626045681286868
-1.3058058316144758,0.18431502188096818
-1.3053687417963622,0.1836394861155535
-1.3049316519782486,0.1846092087890412
-1.304494562160135,0.18763239422756328
-1.3040574723420213,0.19295580120650158
-1.3036203825239077,0.2004518659752724
-1.303183292705794,0.2094775833678184
-1.3027462028876804,0.21889468993419933
-1.3023091130695668,0.22730021520242585
-1.3018720232514531,0.2334346666830342
-1.3014349334333395,0.23663702615385612
-1.3009978436152259,0.237151160326128
-1.3005607537971122,0.23610804490149923
-1.3001236639789986,0.23512895167406214
-1.299686574160885,0.23567512090644363
-1.2992494843427713,0.23841977014404006
-1.2988123945246577,0.24294596377331773
-1.298375304706544,0.24794154566106605
-1.2979382148884304,0.2518218285051634
-1.2975011250703168,0.25348517764179773
-1.2970640352522032,0.25282452262971844
-1.29662694543409,0.2507355102411172
-1.2961898556159763,0.24862339253390384
-1.2957527657978627,0.24767359484835666
-1.295315675979749,0.24826788197064936
-1.2948785861616354,0.2498343618586792
-1.2944414963435218,0.2511726091549777
-1.2940044065254082,0.2510400452568354
-1.2935673167072945,0.24866748118311732
-1.293130226889181,0.24394920906996573
-1.2926931370710673,0.23726718626144958
-1.2922560472529536,0.22912403296354636
-1.29181895743484,0.2198491295841148
-1.2913818676167264,0.20956367322979214
-1.2909447777986127,0.19840526179876283
-1.290507687980499,0.18684040611561417
-1.2900705981623855,0.17583676206322613
-1.2896335083442718,0.16675154977672677
-1.2891964185261582,0.16095959642522897
-1.2887593287080445,0.15939253074310825
-1.288322238889931,0.16220867267551278
-1.2878851490718173,0.16874304646258714
-1.2874480592537036,0.17774594600146856
-1.28701096943559,0.18778533892484356
-1.2865738796174764,0.19762810131265668
-1.2861367897993627,0.2064483301357318
-1.2856996999812491,0.21381110673301731
-1.2852626101631355,0.21949297008803503
-1.2848255203450218,0.2232728663845705
-1.2843884305269082,0.22482986722534534
-1.2839513407087946,0.22381966678832588
-1.283514250890681,0.22010239884304883
-1.2830771610725673,0.21400560767770824
-1.2826400712544537,0.20646982140176728
-1.28220298143634,0.19895988072311668
-1.2817658916182264,0.19312130242534725
-1.2813288018001128,0.1902775620987462
-1.2808917119819991,0.19094940878574904
-1.2804546221638855,0.19459066403470598
-1.2800175323457719,0.19966643168496478
-1.2795804425276582,0.20407504900384796
-1.2791433527095446,0.2057844894811351
-1.278706262891431,0.20346937289978984
-1.2782691730733173,0.1969287475339049
-1.2778320832552037,0.1871388872257335
-1.27739499343709,0.17592196831635246
-1.2769579036189764,0.16534591718124894
-1.2765208138008628,0.15706639211539447
-1.2760837239827492,0.15184456628127765
-1.2756466341646355,0.14941289438661928
-1.275209544346522,0.1487328100353118
-1.2747724545284083,0.14853737866857983
-1.2743353647102946,0.14793654980753754
-1.273898274892181,0.14683320278239798
-1.2734611850740674,0.14597326667660188
-1.2730240952559537,0.14660617645437662
-1.27258700543784,0.1498982193006468
-1.2721499156197265,0.1563465735907889
-1.2717128258016128,0.16543822274749384
-1.2712757359834992,0.1756889339211683
-1.2708386461653856,0.18503643271546819
-1.270401556347272,0.19142401767155642
-1.2699644665291583,0.19335464620430856
-1.2695273767110447,0.19023520137494548
-1.269090286892931,0.18243430578712763
-1.2686531970748174,0.1710891286841039
-1.2682161072567038,0.15776922568650026
-1.2677790174385901,0.14411970775752816
-1.2673419276204765,0.1315737781880711
-1.2669048378023628,0.12117388901916011
-1.2664677479842492,0.11349739614873368
-1.2660306581661356,0.10865987324973043
-1.265593568348022,0.10636750719882135
-1.2651564785299083,0.1060020365645057
-1.2647193887117947,0.10673741157079462
-1.264282298893681,0.1076958649320124
-1.2638452090755674,0.10814322439177174
-1.2634081192574538,0.10769709568238725
-1.2629710294393401,0.10648798724414232
-1.2625339396212265,0.10519560538435875
-1.2620968498031129,0.10490359974253115
-1.2616597599849992,0.10678094082518673
-1.2612226701668856,0.11168217093664988
-1.260785580348772,0.11981550514047686
-1.2603484905306583,0.13061602199758343
-1.2599114007125447,0.14287553234902864
-1.259474310894431,0.15506242556310507
-1.2590372210763174,0.16568127997379428
-1.2586001312582038,0.17352447783018513
-1.2581630414400902,0.17775515332576367
-1.2577259516219765,0.17787546987539246
-1.257288861803863,0.17369925492407942
-1.2568517719857493,0.1654182466577007
-1.2564146821676356,0.15374641624581145
-1.255977592349522,0.14002102438274625
-1.2555405025314084,0.12611155730939363
-1.2551034127132947,0.11406862759285463
-1.254666322895181,0.10559263943280907
-1.2542292330770675,0.10152782654833858
-1.2537921432589538,0.10161129997836883
-1.2533550534408402,0.10460778213244416
-1.2529179636227266,0.10878850889101702
-1.252480873804613,0.11255722974040165
-1.2520437839864993,0.11496527179689296
-1.2516066941683857,0.11591662257153078
-1.251169604350272,0.11600792965305538
-1.2507325145321584,0.11610596598500575
-1.2502954247140448,0.11686663930017824
-1.2498583348959311,0.11840681974787932
-1.2494212450778175,0.12025781668680414
-1.2489841552597039,0.12159780995412095
-1.2485470654415902,0.12163787018375082
-1.2481099756234766,0.1199749476839249
-1.247672885805363,0.11675148717410291
-1.2472357959872493,0.1125621236356543
-1.2467987061691357,0.10817403516993618
-1.246361616351022,0.10421510136438013
-1.2459245265329084,0.10098732949359082
-1.2454874367147948,0.09848142841322537
-1.2450503468966811,0.09654944939967498
-1.2446132570785675,0.0951056285083284
-1.2441761672604539,0.09422100955557691
-1.2437390774423402,0.0940546707593631
-1.2433019876242266,0.09467298788815878
-1.242864897806113,0.09588038006299097
-1.2424278079879993,0.0971781136123493
-1.2419907181698857,0.09789064082774608
-1.241553628351772,0.09740253980205983
-1.2411165385336584,0.09539148211888068
-1.2406794487155448,0.09195248251980356
-1.2402423588974312,0.0875713182501429
-1.2398052690793175,0.08297764447908233
-1.239368179261204,0.07895066499787855
-1.2389310894430903,0.07614813326201006
-1.2384939996249766,0.07499751546259706
-1.238056909806863,0.07565328822815963
-1.2376198199887494,0.07800569472902479
-1.2371827301706357,0.08172554208774582
-1.236745640352522,0.08633595695894959
-1.2363085505344085,0.09130417135000495
-1.2358714607162948,0.09614137467852382
-1.2354343708981812,0.10049158392547934
-1.2349972810800676,0.104188525031959
-1.234560191261954,0.10726614595612985
-1.2341231014438403,0.10992192281067015
-1.2336860116257267,0.11244772517702553
-1.233248921807613,0.1151548104689902
-1.2328118319894994,0.11832172497906038
-1.2323747421713858,0.1221823573402001
-1.2319376523532721,0.12694717816800088
-1.2315005625351585,0.1328236098044499
-1.2310634727170449,0.13998869626028118
-1.2306263828989312,0.14848423139896935
-1.2301892930808176,0.1580518748615822
-1.229752203262704,0.16798221526820403
-1.2293151134445903,0.17708150768115202
-1.2288780236264767,0.1838341005669044
-1.228440933808363,0.18675783121855408
-1.2280038439902494,0.1848502389321063
-1.2275667541721358,0.17796014743951857
-1.2271296643540222,0.16693239902764992
-1.2266925745359085,0.15346197587263694
-1.2262554847177949,0.13971234425584358
-1.2258183948996813,0.12783918343046483
-1.2253813050815676,0.11957321765177338
-1.224944215263454,0.11595861499493902
-1.2245071254453403,0.11726006950009406
-1.2240700356272267,0.12299437584363963
-1.223632945809113,0.1320369122516067
-1.2231958559909994,0.1427855377299176
-1.2227587661728858,0.15339428201380836
-1.2223216763547722,0.16208353494172914
-1.2218845865366585,0.1674900714951921
-1.221447496718545,0.16896904807221275
-1.2210104069004313,0.16674089510201656
-1.2205733170823176,0.16181056626234944
-1.220136227264204,0.1556641279658028
-1.2196991374460904,0.14983220817677204
-1.2192620476279767,0.14546189102294874
-1.218824957809863,0.14303599536413297
-1.2183878679917495,0.14232443988744062
-1.2179507781736358,0.1425695926940031
-1.2175136883555222,0.14282703705186897
-1.2170765985374086,0.14233288693085575
-1.216639508719295,0.14076604320463362
-1.2162024189011813,0.13832045893226602
-1.2157653290830677,0.1355819346972987
-1.215328239264954,0.13328362089410503
-1.2148911494468404,0.13205765363183697
-1.2144540596287268,0.13228541934598795
-1.2140169698106131,0.13408421999830197
-1.2135798799924995,0.13739133248533086
-1.2131427901743859,0.1420638209201606
-1.2127057003562722,0.14792866622279457
-1.2122686105381586,0.15477755704630386
-1.211831520720045,0.16235729240952698
-1.2113944309019313,0.17041444307970113
-1.2109573410838177,0.1788016996316309
-1.210520251265704,0.18757982561477654
-1.2100831614475904,0.19701304703838377
-1.2096460716294768,0.20739635565817247
-1.2092089818113632,0.21875687804008745
-1.2087718919932495,0.2305748767020821
-1.208334802175136,0.2417000922846956
-1.2078977123570223,0.25056345543418057
-1.2074606225389086,0.2556363099025753
-1.207023532720795,0.2559513809823552
-1.2065864429026814,0.25145240486203335
-1.2061493530845677,0.24301189235699136
-1.205712263266454,0.23210982060448412
-1.2052751734483405,0.2203179219666304
-1.2048380836302268,0.2088088114614132
-1.2044009938121132,0.19807819788807193
-1.2039639039939996,0.1879602293682885
-1.203526814175886,0.17789149978167787
-1.2030897243577723,0.16729421116471954
-1.2026526345396586,0.15592790777996837
-1.202215544721545,0.14409277400737786
-1.2017784549034314,0.13262898098098647
-1.2013413650853177,0.12272101697302228
-1.2009042752672041,0.11556920973172512
-1.2004671854490905,0.11202651556660384
-1.2000300956309768,0.11231185635676867
-1.1995930058128632,0.11589560305181576
-1.1991559159947496,0.12160622285276959
-1.198718826176636,0.12793866231286236
-1.1982817363585223,0.13347583339893979
-1.1978446465404087,0.13729036426575017
-1.197407556722295,0.13919330691505907
-1.1969704669041814,0.13974270180639914
-1.1965333770860678,0.1400036274808775
-1.1960962872679541,0.14113685757211122
-1.1956591974498405,0.1439566484269333
-1.1952221076317269,0.14861588895917385
-1.1947850178136132,0.15453796518602944
-1.1943479279955,0.1606271236359363
-1.1939108381773864,0.16568154228695345
-1.1934737483592728,0.16884857317349097
-1.1930366585411591,0.16993976421441717
-1.1925995687230455,0.16948014884561977
-1.1921624789049319,0.16848024039880302
-1.1917253890868182,0.16803733549751204
-1.1912882992687046,0.16893760535468966
-1.190851209450591,0.17141244986534138
-1.1904141196324773,0.17511764284448866
-1.1899770298143637,0.1793028260018094
-1.18953993999625,0.18307499528368282
-1.1891028501781364,0.1856552908810007
-1.1886657603600228,0.1865660862494337
-1.1882286705419092,0.18572706578205708
-1.1877915807237955,0.18345857627770276
-1.187354490905682,0.18039236816092127
-1.1869174010875683,0.1772984481726128
-1.1864803112694546,0.17486748086163556
-1.186043221451341,0.17352570564455308
-1.1856061316332274,0.17336614572143053
-1.1851690418151137,0.17423065464141177
-1.184731951997,0.17589046434940253
-1.1842948621788865,0.1782077253245809
-1.1838577723607728,0.18117505594078007
-1.1834206825426592,0.1848288027885081
-1.1829835927245456,0.18914807146802912
-1.182546502906432,0.19408841524167206
-1.1821094130883183,0.19980393353374706
-1.1816723232702047,0.20693110651542956
-1.181235233452091,0.21667191598187338
-1.1807981436339774,0.2304496348988331
-1.1803610538158638,0.24914151519385994
-1.1799239639977501,0.2721992954388402
-1.1794868741796365,0.29715083139989257
-1.1790497843615229,0.31988325585305055
-1.1786126945434092,0.33575035027277617
-1.1781756047252956,0.3411085194404301
-1.177738514907182,0.334620387855741
-1.1773014250890683,0.3177377625817524
-1.1768643352709547,0.2941565400309521
-1.176427245452841,0.26851571298168486
-1.1759901556347274,0.24493077321308485
-1.1755530658166138,0.22595388000463906
-1.1751159759985002,0.21227338676493998
-1.1746788861803865,0.2030884902128535
-1.1742417963622729,0.1968304776081804
-1.1738047065441592,0.1918594841514453
-1.1733676167260456,0.18690809612150708
-1.172930526907932,0.181239839471462
-1.1724934370898183,0.17461757840986009
-1.1720563472717047,0.16719196883452253
-1.171619257453591,0.15936724015217987
-1.1711821676354774,0.1516547617666095
-1.1707450778173638,0.14452406385924527
-1.1703079879992502,0.13828868372683037
-1.1698708981811365,0.13307355959011996
-1.169433808363023,0.1288749073636765
-1.1689967185449093,0.12566279887163484
-1.1685596287267956,0.12344154334835067
-1.168122538908682,0.12220998523574778
-1.1676854490905684,0.12184138245278596
-1.1672483592724547,0.12197560744426894
-1.166811269454341,0.12202715295692754
-1.1663741796362275,0.12134529233475067
-1.1659370898181138,0.11945940462478562
-1.1655000000000002,0.1162743123057262
-1.1650629101818866,0.1120982709249112
-1.164625820363773,0.10748318587262783
-1.1641887305456593,0.10297117351914323
-1.1637516407275457,0.09889834110931672
-1.163314550909432,0.09536709852538884
-1.1628774610913184,0.0923868390784541
-1.1624403712732048,0.09007103421022607
-1.1620032814550911,0.08873890486741631
-1.1615661916369775,0.08882825158332898
-1.1611291018188639,0.09064687321680176
-1.1606920120007502,0.09409843405373373
-1.1602549221826366,0.0985479584387163
-1.159817832364523,0.10292451083560401
-1.1593807425464093,0.10603439946291328
-1.1589436527282957,0.10694950192466428
-1.158506562910182,0.10530162958426684
-1.1580694730920684,0.10136821751706827
-1.1576323832739548,0.09593960724083736
-1.1571952934558412,0.09005246067160476
-1.1567582036377275,0.08471051416192485
-1.1563211138196139,0.08068592775118363
-1.1558840240015003,0.07843273516064
-1.1554469341833866,0.07809167386870515
-1.155009844365273,0.07954898077546672
-1.1545727545471594,0.0825252922954901
-1.1541356647290457,0.08668779250996377
-1.153698574910932,0.09177538966823033
-1.1532614850928185,0.0977023847941718
-1.1528243952747048,0.10458444801198057
-1.1523873054565912,0.11264069559886243
-1.1519502156384775,0.12197693739941363
-1.151513125820364,0.13232625553621521
-1.1510760360022503,0.1428718080375224
-1.1506389461841366,0.15226687201888253
-1.150201856366023,0.1588933125867258
-1.1497647665479094,0.16129383941329237
-1.1493276767297957,0.15862796697328876
-1.148890586911682,0.15097986623402382
-1.1484534970935685,0.13939897948580163
-1.1480164072754548,0.12565544775447887
-1.1475793174573412,0.11179583182787399
-1.1471422276392276,0.09964855076326272
-1.146705137821114,0.09043385234983395
-1.1462680480030003,0.08458665060762734
-1.1458309581848867,0.08182502825203775
-1.145393868366773,0.08141867332081779
-1.1449567785486594,0.0825514289582273
-1.1445196887305458,0.08464570357837979
-1.1440825989124321,0.08753273312471806
-1.1436455090943185,0.09141125663990378
-1.1432084192762049,0.09662284434060588
-1.1427713294580912,0.10335353824876516
-1.1423342396399776,0.11141042182434435
-1.141897149821864,0.12019224326248021
-1.1414600600037503,0.12888027155299522
-1.1410229701856367,0.13675991763839573
-1.140585880367523,0.14350529474748125
-1.1401487905494094,0.14926523473096093
-1.1397117007312958,0.15448566376377368
-1.1392746109131822,0.15954468713699038
-1.1388375210950685,0.16438864037225676
-1.138400431276955,0.16837554944968522
-1.1379633414588413,0.17044015654198974
-1.1375262516407276,0.16953468981290995
-1.137089161822614,0.1651532689659088
-1.1366520720045004,0.1576921954557626
-1.1362149821863867,0.14846453171292945
-1.135777892368273,0.13934383140490572
-1.1353408025501595,0.13218115159416263
-1.1349037127320458,0.12823868820937295
-1.1344666229139322,0.1278666807054805
-1.1340295330958186,0.13053070819249946
-1.133592443277705,0.13513703560333987
-1.1331553534595913,0.14048293165565282
-1.1327182636414777,0.14563100366033407
-1.132281173823364,0.1500754957556464
-1.1318440840052504,0.15368926763320206
-1.1314069941871367,0.15654557674969377
-1.1309699043690231,0.1587460724888607
-1.1305328145509095,0.16034463329758705
-1.1300957247327958,0.16137016805554652
-1.1296586349146822,0.16187798512239868
-1.1292215450965686,0.16194515490442682
-1.128784455278455,0.16157764407768
-1.1283473654603413,0.16057950279158137
-1.1279102756422277,0.15848932255603357
-1.127473185824114,0.1546738377655162
-1.1270360960060004,0.14858386307940644
-1.1265990061878868,0.140070950253496
-1.1261619163697731,0.12960095461638305
-1.1257248265516595,0.1182283344573731
-1.1252877367335459,0.10730585436742897
-1.1248506469154322,0.09804040482728875
-1.1244135570973186,0.09109014950829034
-1.123976467279205,0.08638169818427859
-1.1235393774610913,0.08321702581795508
-1.1231022876429777,0.0806005065451824
-1.122665197824864,0.07762456339661807
-1.1222281080067504,0.0737541372303199
-1.1217910181886368,0.06893283425228793
-1.1213539283705232,0.06353693354491066
-1.1209168385524095,0.0582609682547265
-1.120479748734296,0.05400188384798764
-1.1200426589161823,0.051744535377845936
-1.1196055690980686,0.05240006831550598
-1.119168479279955,0.05655992851377317
-1.1187313894618414,0.06420265631268572
-1.1182942996437277,0.07447696425317342
-1.117857209825614,0.08571339909134255
-1.1174201200075005,0.09574925983671635
-1.1169830301893868,0.1025097083715244
-1.1165459403712732,0.10464670722627134
-1.1161088505531596,0.10197946276983846
-1.115671760735046,0.09554583742229905
-1.1152346709169323,0.08723598146224687
-1.1147975810988187,0.0791567258299986
-1.114360491280705,0.07298076017453518
-1.1139234014625914,0.06952189130483717
-1.1134863116444778,0.06866273519865519
-1.1130492218263641,0.06960774262734161
-1.1126121320082505,0.0713154357385397
-1.1121750421901369,0.07292380787549904
-1.1117379523720232,0.07402229614558785
-1.1113008625539096,0.07470838881064727
-1.110863772735796,0.07545288727726843
-1.1104266829176823,0.07685404609831752
-1.1099895930995687,0.07937792525246948
-1.109552503281455,0.08316773135742142
-1.1091154134633414,0.08797214898538927
-1.1086783236452278,0.09320335756156882
-1.1082412338271141,0.09809801556532387
-1.1078041440090005,0.10192623642597363
-1.1073670541908869,0.104181584210453
-1.1069299643727732,0.10469401084776069
-1.1064928745546596,0.10363580158446042
-1.106055784736546,0.10142856749697192
-1.1056186949184323,0.09859286886192094
-1.1051816051003187,0.09559831923171458
-1.104744515282205,0.09276546908946814
-1.1043074254640914,0.09024543667783964
-1.1038703356459778,0.0880704394814589
-1.1034332458278642,0.08624140692279998
-1.1029961560097505,0.08480767857160723
-1.102559066191637,0.08390159566055706
-1.1021219763735233,0.0837133644740489
-1.1016848865554096,0.08441918508108393
-1.101247796737296,0.08609672534900244
-1.1008107069191824,0.08866761111285745
-1.1003736171010687,0.091894199118679
-1.099936527282955,0.09543303770005959
-1.0994994374648415,0.09892170026059056
-1.0990623476467278,0.10206150594641396
-1.0986252578286142,0.10466296139524559
-1.0981881680105006,0.10664111831671733
-1.097751078192387,0.10797357308337444
-1.0973139883742733,0.10865099840275574
-1.0968768985561597,0.10865017254148003
-1.096439808738046,0.10794340729535733
-1.0960027189199324,0.10653593646781448
-1.0955656291018188,0.10450702506551453
-1.0951285392837051,0.10202951587477196
-1.0946914494655915,0.09935538322266205
-1.0942543596474779,0.09677289066003279
-1.0938172698293642,0.0945534774059205
-1.0933801800112506,0.09290753603683155
-1.092943090193137,0.09195956723706426
-1.0925060003750233,0.0917421608710873
-1.0920689105569101,0.09220218366083076
-1.0916318207387965,0.09321378524081193
-1.0911947309206829,0.094597756891424
-1.0907576411025692,0.09614930329391025
-1.0903205512844556,0.09767296431356584
-1.089883461466342,0.09901633825552102
-1.0894463716482283,0.10008957841277207
-1.0890092818301147,0.1008608518320859
-1.088572192012001,0.10132930403875663
-1.0881351021938874,0.10149056431612842
-1.0876980123757738,0.10131669034953804
-1.0872609225576602,0.10076690029577016
-1.0868238327395465,0.09982885656147292
-1.086386742921433,0.0985710499560364
-1.0859496531033193,0.09717588805521239
-1.0855125632852056,0.09592761653967209
-1.085075473467092,0.09514841614232937
-1.0846383836489784,0.09510119578621531
-1.0842012938308647,0.09589634186329685
-1.083764204012751,0.09744212063983561
-1.0833271141946375,0.09946227969840726
-1.0828900243765238,0.10157637903800822
-1.0824529345584102,0.10341134659153743
-1.0820158447402966,0.10469967563762103
-1.081578754922183,0.10532727536623789
-1.0811416651040693,0.10531895914037041
-1.0807045752859556,0.10477967145713518
-1.080267485467842,0.10382945343705095
-1.0798303956497284,0.10256932908874182
-1.0793933058316147,0.10109409772465792
-1.0789562160135011,0.0995379855794389
-1.0785191261953875,0.09811703113061654
-1.0780820363772738,0.09713068666325543
-1.0776449465591602,0.0969057352494819
-1.0772078567410466,0.09769722062862961
-1.076770766922933,0.09958651920110453
-1.0763336771048193,0.10242242126006278
-1.0758965872867057,0.10583461924094077
-1.075459497468592,0.10931951735199828
-1.0750224076504784,0.11237062122628631
-1.0745853178323648,0.114611789687197
-1.0741482280142511,0.11589447019091502
-1.0737111381961375,0.11633443812712642
-1.0732740483780239,0.11628108516130167
-1.0728369585599102,0.11622716779655536
-1.0723998687417966,0.11667825797338408
-1.071962778923683,0.11801060885307244
-1.0715256891055693,0.12035363531945872
-1.0710885992874557,0.12353455187749737
-1.070651509469342,0.12711197899464463
-1.0702144196512284,0.13050026852998284
-1.0697773298331148,0.13315283724164614
-1.0693402400150012,0.13474460331513763
-1.0689031501968875,0.13528587326593555
-1.068466060378774,0.13512059883233138
-1.0680289705606603,0.134805373549061
-1.0675918807425466,0.13491405060388706
-1.067154790924433,0.1358443086045429
-1.0667177011063194,0.13770152058413473
-1.0662806112882057,0.14030143534551212
-1.065843521470092,0.14328156106119194
-1.0654064316519785,0.14626523074966705
-1.0649693418338648,0.14900272070222428
-1.0645322520157512,0.15142857556851386
-1.0640951621976376,0.15361570976083969
-1.063658072379524,0.15565546475136552
-1.0632209825614103,0.1575267250179266
-1.0627838927432967,0.15902186905282262
-1.062346802925183,0.15977146311997056
-1.0619097131070694,0.15936509407329533
-1.0614726232889558,0.15752208933057865
-1.0610355334708421,0.15424177138412998
-1.0605984436527285,0.1498684642360751
-1.0601613538346149,0.14503925090547787
-1.0597242640165012,0.14052864176260907
-1.0592871741983876,0.13704457123281957
-1.058850084380274,0.13504799446736043
-1.0584129945621603,0.13465712885862952
-1.0579759047440467,0.13566292089459595
-1.057538814925933,0.1376400120936341
-1.0571017251078194,0.14010500651793362
-1.0566646352897058,0.14266315416652256
-1.0562275454715921,0.14509709492467762
-1.0557904556534785,0.14737863933403825
-1.0553533658353649,0.1496137084709473
-1.0549162760172512,0.1519505670360228
-1.0544791861991376,0.15448768584776237
-1.054042096381024,0.15721161977587236
-1.0536050065629103,0.15998209383315307
-1.0531679167447967,0.16256581653710395
-1.052730826926683,0.16470566318049754
-1.0522937371085694,0.1662004853060902
-1.0518566472904558,0.166966234245396
-1.0514195574723422,0.1670546629975163
-1.0509824676542285,0.16662213149840524
-1.050545377836115,0.1658629883783173
-1.0501082880180013,0.1649394764545829
-1.0496711981998876,0.16394255915036568
-1.049234108381774,0.16290153281700115
-1.0487970185636604,0.16183185434903416
-1.0483599287455467,0.16078622846596274
-1.047922838927433,0.15986967306267896
-1.0474857491093195,0.15920043927815675
-1.0470486592912058,0.15883478637562568
-1.0466115694730922,0.15870276849056927
-1.0461744796549786,0.15860393340367526
-1.045737389836865,0.15828096161511865
-1.0453003000187513,0.15754134351726193
-1.0448632102006377,0.15636104697349404
-1.044426120382524,0.1549047993131416
-1.0439890305644104,0.153439679649855
-1.0435519407462968,0.1521810004752088
-1.0431148509281831,0.15115556993485696
-1.0426777611100695,0.15016705332471073
-1.0422406712919559,0.14889649421448853
-1.0418035814738422,0.14709411393399435
-1.0413664916557286,0.1447598414690075
-1.040929401837615,0.14220584469596517
-1.0404923120195013,0.13995141267040587
-1.0400552222013877,0.13849044554568885
-1.039618132383274,0.1380456463052831
-1.0391810425651604,0.13843917423096902
-1.0387439527470468,0.13915583486779384
-1.0383068629289331,0.13957853966373562
-1.0378697731108195,0.13928702351643746
-1.0374326832927059,0.13827611889813968
-1.0369955934745922,0.1369870518841726
-1.0365585036564786,0.13613466189983117
-1.036121413838365,0.13640964128987643
-1.0356843240202513,0.1381907962036156
-1.0352472342021377,0.1413929759242234
-1.034810144384024,0.14550955852557015
-1.0343730545659104,0.14981863482500463
-1.0339359647477968,0.15365193850767236
-1.0334988749296832,0.15660570916997824
-1.0330617851115695,0.15860884989761614
-1.032624695293456,0.15983635401854562
-1.0321876054753423,0.16053019855862785
-1.0317505156572286,0.1608313856860944
-1.031313425839115,0.1607164972710126
-1.0308763360210014,0.16007463898891627
-1.0304392462028877,0.1588829801512246
-1.030002156384774,0.15737937236636348
-1.0295650665666605,0.15612059424817448
-1.0291279767485468,0.1558637933487284
-1.0286908869304332,0.15729621972457827
-1.0282537971123196,0.16072192442781377
-1.027816707294206,0.1658496747713416
-1.0273796174760923,0.1717917655231342
-1.0269425276579787,0.17729214117255018
-1.026505437839865,0.18109834965299784
-1.0260683480217514,0.18232752092630705
-1.0256312582036378,0.18068405002595425
-1.0251941683855241,0.17646053744517598
-1.0247570785674105,0.17035390843824388
-1.0243199887492969,0.16320361396917543
-1.0238828989311832,0.1557731390235286
-1.0234458091130696,0.1486491572205048
-1.023008719294956,0.14225642797158974
-1.0225716294768423,0.13692502686019628
-1.0221345396587287,0.13293089207766412
-1.021697449840615,0.13046369466926258
-1.0212603600225014,0.12953380777090542
-1.0208232702043878,0.12987808423239736
-1.0203861803862742,0.1309364228547871
-1.0199490905681605,0.13194270117600732
-1.0195120007500469,0.13212021400533988
-1.0190749109319333,0.13091962055021242
-1.0186378211138196,0.12821058306257246
-1.018200731295706,0.1243486262905789
-1.0177636414775924,0.12008233333447908
-1.0173265516594787,0.11632560380373079
-1.016889461841365,0.11387169107056878
-1.0164523720232514,0.11314906921008154
-1.0160152822051378,0.11410393783514226
-1.0155781923870242,0.1162462700107469
-1.0151411025689105,0.11883562532958754
-1.014704012750797,0.12113466458458025
-1.0142669229326833,0.12264109322267279
-1.0138298331145696,0.12322614960027577
-1.013392743296456,0.1231476855480309
-1.0129556534783424,0.12294876485319062
-1.0125185636602287,0.12328260019735393
-1.012081473842115,0.1247163528451513
-1.0116443840240015,0.12756416232123577
-1.0112072942058878,0.13179038356966374
-1.0107702043877742,0.13700968896134522
-1.0103331145696606,0.1425891569046354
-1.009896024751547,0.14782794065749688
-1.0094589349334333,0.1521598160804243
-1.0090218451153197,0.15530791585106093
-1.008584755297206,0.1573334081832738
-1.0081476654790924,0.15856212704750172
-1.0077105756609788,0.15942825252871992
-1.0072734858428651,0.1603135736345974
-1.0068363960247515,0.1614609697459306
-1.0063993062066379,0.16299835902681048
-1.0059622163885242,0.16504589703662229
-1.0055251265704106,0.16782944758815033
-1.005088036752297,0.17171546851767858
-1.0046509469341833,0.17712172387373623
-1.0042138571160697,0.18432430674591496
-1.003776767297956,0.1932403184770163
-1.0033396774798424,0.20328811027612767
-1.0029025876617288,0.2134032210337052
-1.0024654978436152,0.22222975449498042
-1.0020284080255015,0.22843932031244546
-1.001591318207388,0.2310794095282374
-1.0011542283892743,0.2298379204753474
-1.0007171385711606,0.2251349306778043
-1.000280048753047,0.2180082752859013
-0.9998429589349334,0.209827847228138
-0.9994058691168197,0.20193166979248534
-0.9989687792987061,0.19530338589420188
-0.9985316894805925,0.19039427485760077
-0.9980945996624788,0.1871376863134897
-0.9976575098443652,0.1851307713028476
-0.9972204200262516,0.18389731903298231
-0.9967833302081379,0.18312168876425564
-0.9963462403900243,0.18276598872774316
-0.9959091505719107,0.18303878472427965
-0.995472060753797,0.1842473991828594
-0.9950349709356834,0.18660995957762472
-0.9945978811175697,0.19011199585898
-0.9941607912994561,0.19446663801051814
-0.9937237014813425,0.19919178023635561
-0.9932866116632288,0.20377126399709547
-0.9928495218451152,0.20783627607457542
-0.9924124320270016,0.21129645166582703
-0.991975342208888,0.21436842155895894
-0.9915382523907743,0.21748664797795536
-0.9911011625726607,0.22112545157075902
-0.990664072754547,0.225596475073069
-0.9902269829364334,0.23089761490268096
-0.9897898931183202,0.23667047800035299
-0.9893528033002066,0.24227972487401433
-0.988915713482093,0.2469782254755001
-0.9884786236639793,0.2500904951686689
-0.9880415338458657,0.25114900598198414
-0.987604444027752,0.24995132127582323
-0.9871673542096384,0.2465503777401672
-0.9867302643915248,0.24121901734069143
-0.9862931745734111,0.23442643172536798
-0.9858560847552975,0.22683290459915287
-0.9854189949371839,0.21927336637120418
-0.9849819051190702,0.2126871163100988
-0.9845448153009566,0.20797359677131502
-0.984107725482843,0.20580108031319097
-0.9836706356647293,0.2064368941627536
-0.9832335458466157,0.2096748886430231
-0.9827964560285021,0.21489877877531952
-0.9823593662103884,0.2212571411164889
-0.9819222763922748,0.22787347116611387
-0.9814851865741612,0.23400451954083415
-0.9810480967560475,0.23909863096211045
-0.9806110069379339,0.2427689938496255
-0.9801739171198203,0.24474443947805158
-0.9797368273017066,0.24486210289258778
-0.979299737483593,0.24312130506376795
-0.9788626476654794,0.23975742826533936
-0.9784255578473657,0.23526140715536542
-0.9779884680292521,0.2302912869911951
-0.9775513782111385,0.22548799632212835
-0.9771142883930248,0.22127700900678607
-0.9766771985749112,0.21776339725829635
-0.9762401087567976,0.21478729767297544
-0.9758030189386839,0.21211919889865974
-0.9753659291205703,0.2096909817944407
-0.9749288393024567,0.20773146979562324
-0.974491749484343,0.206724172562625
-0.9740546596662294,0.20720353736834127
-0.9736175698481158,0.20949694117768464
-0.9731804800300021,0.2135494435305409
-0.9727433902118885,0.2189203494749355
-0.9723063003937749,0.2249448201442293
-0.9718692105756612,0.23096733839908593
-0.9714321207575476,0.23652575589063593
-0.970995030939434,0.24140653843395957
-0.9705579411213203,0.24557326307563326
-0.9701208513032067,0.24904026555971934
-0.969683761485093,0.2517821752387132
-0.9692466716669794,0.25373274901251175
-0.9688095818488658,0.2548615461383085
-0.9683724920307522,0.25526604447034273
-0.9679354022126385,0.25520796773283405
-0.9674983123945249,0.2550561560044966
-0.9670612225764113,0.2551508666600612
-0.9666241327582976,0.2556462073652043
-0.966187042940184,0.2563998431312455
-0.9657499531220703,0.2569615440519675
-0.9653128633039567,0.2566767479823641
-0.9648757734858431,0.2548828099023105
-0.9644386836677294,0.25114427541848344
-0.9640015938496158,0.2454551505635721
-0.9635645040315022,0.23833556413874063
-0.9631274142133885,0.2307722489784804
-0.9626903243952749,0.22399743765307203
-0.9622532345771613,0.219159185007367
-0.9618161447590476,0.21698624692554833
-0.961379054940934,0.21756707586450608
-0.9609419651228204,0.22033011854389842
-0.9605048753047067,0.22423832943188057
-0.9600677854865931,0.22812433213880814
-0.9596306956684795,0.23103375272968824
-0.9591936058503658,0.23244274871024403
-0.9587565160322522,0.2322751829236264
-0.9583194262141386,0.23073905799297822
-0.9578823363960249,0.22808658260029016
-0.9574452465779113,0.224436421955796
-0.9570081567597977,0.21976198317985632
-0.956571066941684,0.21406004072267
-0.9561339771235704,0.2076108920965227
-0.9556968873054568,0.20117537491524273
-0.9552597974873431,0.19598263583786799
-0.9548227076692295,0.19344986952916812
-0.9543856178511159,0.1947068012632878
-0.9539485280330022,0.20011193887461576
-0.9535114382148886,0.20898339797229334
-0.953074348396775,0.2196954198559539
-0.9526372585786613,0.23013590436191117
-0.9522001687605477,0.2383510944959127
-0.9517630789424341,0.2431070702803702
-0.9513259891243204,0.24413006898133724
-0.9508888993062068,0.2419406719032274
-0.9504518094880932,0.23739646309890325
-0.9500147196699795,0.2311998888754693
-0.9495776298518659,0.22363528713058933
-0.9491405400337523,0.21466551745847376
-0.9487034502156386,0.2043159509931591
-0.948266360397525,0.1931122017333458
-0.9478292705794114,0.18230496626749473
-0.9473921807612977,0.17372540395858144
-0.9469550909431841,0.16930352174453583
-0.9465180011250705,0.17044658288125433
-0.9460809113069568,0.17753243700100918
-0.9456438214888432,0.18970713087011198
-0.9452067316707295,0.20503789603992034
-0.9447696418526159,0.22094146535001397
-0.9443325520345023,0.23474171447223452
-0.9438954622163886,0.2442164380437895
-0.943458372398275,0.24803436987781802
-0.9430212825801614,0.24601770569561587
-0.9425841927620477,0.23917841935065629
-0.9421471029439341,0.2294903847656112
-0.9417100131258205,0.21940622851460181
-0.9412729233077068,0.21121473034230226
-0.9408358334895932,0.20642501772123892
-0.9403987436714796,0.20539619068308812
-0.9399616538533659,0.2073621728054366
-0.9395245640352523,0.21084475135993053
-0.9390874742171387,0.21427552481772064
-0.938650384399025,0.21655312202649263
-0.9382132945809114,0.2173024519358032
-0.9377762047627978,0.21676017104004894
-0.9373391149446841,0.2154001077561177
-0.9369020251265705,0.21353152482628918
-0.9364649353084569,0.21109207379750433
-0.9360278454903432,0.2077319847472152
-0.9355907556722296,0.20312369086586088
-0.935153665854116,0.1973205320459441
-0.9347165760360023,0.19097824978092307
-0.9342794862178887,0.18533136779086057
-0.9338423963997751,0.1819282827960758
-0.9334053065816614,0.18221671219556862
-0.9329682167635478,0.18710789455565502
-0.9325311269454342,0.19664110288945977
-0.9320940371273205,0.20984161067233115
-0.9316569473092069,0.22482786081340814
-0.9312198574910933,0.23917351086233368
-0.9307827676729796,0.25046120743713574
-0.930345677854866,0.25688893183043365
-0.9299085880367524,0.2577408894279411
-0.9294714982186387,0.25355203001995696
-0.9290344084005251,0.24589152111702578
-0.9285973185824115,0.23683460174004917
-0.9281602287642978,0.22831866040209417
-0.9277231389461842,0.22162390448234887
-0.9272860491280706,0.21715749038063112
-0.9268489593099569,0.21458404509067597
-0.9264118694918433,0.21320401695770783
-0.9259747796737297,0.21240012227898328
-0.925537689855616,0.211978389504382
-0.9251006000375024,0.21230308274512436
-0.9246635102193888,0.2142156565756643
-0.9242264204012751,0.21879382366799627
-0.9237893305831615,0.22703268607175975
-0.9233522407650478,0.23952762816945344
-0.9229151509469342,0.25622842932126794
-0.9224780611288206,0.2763246837095935
-0.922040971310707,0.2983067902939824
-0.9216038814925933,0.32021248743506686
-0.9211667916744797,0.34001583590361023
-0.920729701856366,0.356061692340475
-0.9202926120382524,0.3674212385383776
-0.9198555222201388,0.37406139592160287
-0.9194184324020251,0.3767793133578471
-0.9189813425839115,0.3769282176121242
-0.9185442527657979,0.376022038976033
-0.9181071629476842,0.3753330177579869
-0.9176700731295706,0.3755869008645856
-0.917232983311457,0.37682617196447393
-0.9167958934933433,0.3784677325268536
-0.9163588036752297,0.3795370040622919
-0.9159217138571161,0.3790196885159499
-0.9154846240390024,0.37623985876427707
-0.9150475342208888,0.371157527852488
-0.9146104444027752,0.36449096515929574
-0.9141733545846615,0.3576129205815311
-0.9137362647665479,0.35223626859827606
-0.9132991749484343,0.34997141905862605
-0.9128620851303206,0.35187998547819094
-0.912424995312207,0.3581507821486575
-0.9119879054940934,0.36798627074864226
-0.9115508156759797,0.37972626469291476
-0.9111137258578661,0.39117313334168646
-0.9106766360397525,0.4000367427676658
-0.9102395462216388,0.40439609884637223
-0.9098024564035252,0.403077694797998
-0.9093653665854116,0.39587324041861327
-0.9089282767672979,0.38355614994168236
-0.9084911869491843,0.367700535959635
-0.9080540971310707,0.35035001593898796
-0.907617007312957,0.3336158601376541
-0.9071799174948434,0.3192954399135033
-0.9067428276767298,0.3085888388091792
-0.9063057378586161,0.30195869421225213
-0.9058686480405025,0.2991378307290153
-0.9054315582223889,0.29925495088551174
-0.9049944684042752,0.30103037487962664
-0.9045573785861616,0.30299372229738125
-0.904120288768048,0.3036884448792789
-0.9036831989499343,0.3018454446194645
-0.9032461091318207,0.29652133249831036
-0.902809019313707,0.28720150900464503
-0.9023719294955934,0.273864421113521
-0.9019348396774798,0.2569958279849767
-0.9014977498593661,0.23753797426868828
-0.9010606600412525,0.21676467329328558
-0.9006235702231389,0.19609116240189278
-0.9001864804050252,0.1768517262638136
-0.8997493905869116,0.16009697321340957
-0.899312300768798,0.1464642218096781
-0.8988752109506843,0.13615357496370803
-0.8984381211325707,0.12900560553658422
-0.8980010313144571,0.12464082157079896
-0.8975639414963434,0.12260415712532054
-0.8971268516782298,0.12246795272936573
-0.8966897618601162,0.12387702781639587
-0.8962526720420025,0.1265505670886288
-0.8958155822238889,0.13026892793530667
-0.8953784924057753,0.13486317004738618
-0.8949414025876616,0.14020229157063918
-0.894504312769548,0.14615860355143173
-0.8940672229514344,0.15254071556491053
-0.8936301331333207,0.1590137660388168
-0.8931930433152071,0.16505701704356318
-0.8927559534970935,0.17001351242424279
-0.8923188636789798,0.17325203107985668
-0.8918817738608662,0.17439984397693437
-0.8914446840427526,0.17354885983612853
-0.8910075942246389,0.17132369128408523
-0.8905705044065253,0.16874479142978613
-0.8901334145884117,0.16690807975265412
-0.889696324770298,0.16659306565557008
-0.8892592349521844,0.16795790143713302
-0.8888221451340708,0.17045541471290448
-0.8883850553159571,0.17301696301157357
-0.8879479654978435,0.1744399392041389
-0.8875108756797303,0.17383034359451408
-0.8870737858616167,0.17093100640476266
-0.886636696043503,0.16621538349090942
-0.8861996062253894,0.1607214564377544
-0.8857625164072758,0.15569771394103563
-0.8853254265891621,0.15219425254239405
-0.8848883367710485,0.1507374899166348
-0.8844512469529349,0.15118299611955957
-0.8840141571348212,0.15277216323412354
-0.8835770673167076,0.1543540368164062
-0.883139977498594,0.1546942268670442
-0.8827028876804803,0.1527842272493512
-0.8822657978623667,0.14807993039453865
-0.8818287080442531,0.14062560023574708
-0.8813916182261394,0.13104893231158352
-0.8809545284080258,0.12043886467877149
-0.8805174385899122,0.11013866092764131
-0.8800803487717985,0.1015007834029635
-0.8796432589536849,0.09565434237473935
-0.8792061691355713,0.09332827396765446
-0.8787690793174576,0.0947556173452431
-0.878331989499344,0.09966307347102264
-0.8778948996812304,0.10733408326348447
-0.8774578098631167,0.1167278833356202
-0.8770207200450031,0.12663878871753706
-0.8765836302268895,0.1358810110839103
-0.8761465404087758,0.14347765496700723
-0.8757094505906622,0.14881966267270189
-0.8752723607725486,0.15175254060209134
-0.8748352709544349,0.1525590559461615
-0.8743981811363213,0.15183871311658975
-0.8739610913182077,0.1503272462120969
-0.873524001500094,0.1487272136138266
-0.8730869116819804,0.14761293236334905
-0.8726498218638667,0.14742799342204163
-0.8722127320457531,0.1485350549395052
-0.8717756422276395,0.15124240326526311
-0.8713385524095258,0.15574674002821803
-0.8709014625914122,0.1619935641684684
-0.8704643727732986,0.16952988755796503
-0.8700272829551849,0.17746059474389125
-0.8695901931370713,0.18458884459160835
-0.8691531033189577,0.1897313806160868
-0.868716013500844,0.19209829737420375
-0.8682789236827304,0.19157264859721398
-0.8678418338646168,0.18875428735643487
-0.8674047440465031,0.18473484874091933
-0.8669676542283895,0.18069542405246544
-0.8665305644102759,0.17750056185295143
-0.8660934745921622,0.17545981719933934
-0.8656563847740486,0.17434429543902472
-0.865219294955935,0.17362521551579443
-0.8647822051378213,0.172804858049621
-0.8643451153197077,0.1716812659953317
-0.8639080255015941,0.170433706454286
-0.8634709356834804,0.1695071252258889
-0.8630338458653668,0.16936437216168998
-0.8625967560472532,0.17022565536115475
-0.8621596662291395,0.17190990177919102
-0.8617225764110259,0.17384269807002742
-0.8612854865929123,0.17522649221969927
-0.8608483967747986,0.1753088109576589
-0.860411306956685,0.1736524410466775
-0.8599742171385714,0.17031396691613784
-0.8595371273204577,0.1658688763678179
-0.8591000375023441,0.16127103063316342
-0.8586629476842305,0.15758709332110468
-0.8582258578661168,0.15568765852194869
-0.8577887680480032,0.15599360573182378
-0.8573516782298896,0.15836141098431772
-0.8569145884117759,0.162146672785209
-0.8564774985936623,0.16642389000360816
-0.8560404087755487,0.17028411588621567
-0.855603318957435,0.17310332723215102
-0.8551662291393214,0.17468712838746067
-0.8547291393212078,0.17524872712331138
-0.8542920495030941,0.17524600676858207
-0.8538549596849805,0.17515932553052044
-0.8534178698668669,0.17530862118348017
-0.8529807800487532,0.17577918511779786
-0.8525436902306396,0.1764660298233658
-0.852106600412526,0.17718850813415354
-0.8516695105944123,0.17779975587005975
-0.8512324207762987,0.17823160329021107
-0.850795330958185,0.17846229989566864
-0.8503582411400714,0.17844255499157907
-0.8499211513219578,0.1780369495537073
-0.8494840615038441,0.17702248389646486
-0.8490469716857305,0.17514675990214615
-0.8486098818676169,0.17221170368480368
-0.8481727920495032,0.168137565198414
-0.8477357022313896,0.16298067566567606
-0.847298612413276,0.15691157105764933
-0.8468615225951623,0.1501836233181458
-0.8464244327770487,0.14312053924755666
-0.8459873429589351,0.1361269126349675
-0.8455502531408214,0.1296982592905774
-0.8451131633227078,0.12439674453375701
-0.8446760735045942,0.12077477319724392
-0.8442389836864805,0.11926107811560646
-0.8438018938683669,0.12005169559860282
-0.8433648040502533,0.12305287465433669
-0.8429277142321396,0.12790102986656574
-0.842490624414026,0.13404949960313167
-0.8420535345959124,0.1408839054543847
-0.8416164447777987,0.14782236761922923
-0.8411793549596851,0.15437427359282416
-0.8407422651415715,0.16015884779080744
-0.8403051753234578,0.16490528333280507
-0.8398680855053442,0.16845889047400195
-0.8394309956872306,0.1708035392252381
-0.8389939058691169,0.17209001156553194
-0.8385568160510033,0.17264534440629847
-0.8381197262328897,0.17293777794002058
-0.837682636414776,0.1734859616336583
-0.8372455465966624,0.17472398699596434
-0.8368084567785488,0.17685716982925068
-0.8363713669604351,0.17975862287257058
-0.8359342771423215,0.18295614475141467
-0.8354971873242079,0.18573841500880633
-0.8350600975060942,0.18737046492207704
-0.8346230076879806,0.18736117960633902
-0.834185917869867,0.18568880361793783
-0.8337488280517533,0.18288489833784413
-0.8333117382336397,0.17991521576843053
-0.832874648415526,0.1778712005119371
-0.8324375585974124,0.17757100213432983
-0.8320004687792988,0.179224852129539
-0.8315633789611852,0.18231376866241225
-0.8311262891430715,0.18575522494301158
-0.8306891993249579,0.1883105582799768
-0.8302521095068442,0.18907765460650675
-0.8298150196887306,0.1878624998827269
-0.829377929870617,0.18526397917609128
-0.8289408400525033,0.18242584358175576
-0.8285037502343897,0.18055694524617752
-0.8280666604162761,0.18042766057447893
-0.8276295705981624,0.1820643822673452
-0.8271924807800488,0.18477491515383995
-0.8267553909619352,0.18748508896205837
-0.8263183011438215,0.18922291264423444
-0.8258812113257079,0.18952110464710586
-0.8254441215075943,0.18855452997734212
-0.8250070316894806,0.18696357778879677
-0.824569941871367,0.18547027624993095
-0.8241328520532534,0.18449209406513253
-0.8236957622351397,0.18394964510264084
-0.8232586724170261,0.18335548947974645
-0.8228215825989125,0.18212116249724383
-0.8223844927807988,0.1799085271371051
-0.8219474029626852,0.17683695074493153
-0.8215103131445716,0.1734434889927699
-0.8210732233264579,0.17042863789573018
-0.8206361335083443,0.16832994370314625
-0.8201990436902307,0.16729255543003566
-0.819761953872117,0.16704145604107712
-0.8193248640540034,0.1670470755753298
-0.8188877742358898,0.16677986366930966
-0.8184506844177761,0.16591991029183226
-0.8180135945996625,0.16443201925732745
-0.8175765047815489,0.1624999198342829
-0.8171394149634352,0.16038389154711238
-0.8167023251453216,0.15828778819812106
-0.816265235327208,0.1562925126046629
-0.8158281455090943,0.15436152007385137
-0.8153910556909807,0.15238555828045391
-0.8149539658728671,0.15022810263540692
-0.8145168760547534,0.14775369517419495
-0.8140797862366398,0.1448458595347349
-0.8136426964185262,0.1414289849639553
-0.8132056066004125,0.13749605707212903
-0.8127685167822989,0.13312536959807966
-0.8123314269641853,0.1284633689553895
-0.8118943371460716,0.1236661472885835
-0.811457247327958,0.11882012937915891
-0.8110201575098444,0.11388343979974834
-0.8105830676917307,0.10868673044057069
-0.8101459778736171,0.10300451874171004
-0.8097088880555035,0.09667060765495321
-0.8092717982373898,0.08968613496184234
-0.8088347084192762,0.08227127562734464
-0.8083976186011625,0.07484025769560076
-0.8079605287830489,0.06791760565428426
-0.8075234389649353,0.06203986970193568
-0.8070863491468216,0.05768758985523552
-0.806649259328708,0.05526796433384059
-0.8062121695105944,0.05513434586244489
-0.8057750796924807,0.05760392905094334
-0.8053379898743671,0.06293377603541392
-0.8049009000562535,0.07123894059667106
-0.8044638102381398,0.08237324638319751
-0.8040267204200262,0.09582462854790873
-0.8035896306019126,0.11068619088155064
-0.8031525407837989,0.12574434369233062
-0.8027154509656853,0.13968281248954953
-0.8022783611475717,0.1513530591686356
-0.801841271329458,0.16002866731357868
-0.8014041815113444,0.16555921185145378
-0.8009670916932308,0.16837120492181618
-0.8005300018751171,0.16931817432001586
-0.8000929120570035,0.16943643788750848
-0.7996558222388899,0.16969416466427023
-0.7992187324207762,0.17081502332790724
-0.7987816426026626,0.17321714362662508
-0.798344552784549,0.17705273806490948
-0.7979074629664353,0.18229079596087883
-0.7974703731483217,0.18877636739817819
-0.7970332833302081,0.1962293992309775
-0.7965961935120944,0.20419742341308647
-0.7961591036939808,0.21202000515980018
-0.7957220138758672,0.21887154926032318
-0.7952849240577535,0.22391384666602326
-0.7948478342396399,0.22652671480791503
-0.7944107444215263,0.22652848670717413
-0.7939736546034126,0.2242821403157667
-0.793536564785299,0.2206217973088523
-0.7930994749671854,0.2166124506260132
-0.7926623851490717,0.21323405430068568
-0.7922252953309581,0.21111786256598
-0.7917882055128445,0.2104373839838182
-0.7913511156947308,0.2109812369216311
-0.7909140258766172,0.2123503443535652
-0.7904769360585036,0.2141718749813787
-0.7900398462403899,0.21623119093818305
-0.7896027564222763,0.21848107825013904
-0.7891656666041627,0.2209580420687964
-0.788728576786049,0.22367757881183972
-0.7882914869679354,0.2265736393274474
-0.7878543971498218,0.2295031242368211
-0.7874173073317081,0.23228794581427065
-0.7869802175135945,0.2347481391030255
-0.7865431276954808,0.23670025633879938
-0.7861060378773672,0.2379372159266058
-0.7856689480592536,0.23823452360046277
-0.7852318582411404,0.23741771689400334
-0.7847947684230268,0.23547930724732802
-0.7843576786049131,0.232681111241219
-0.7839205887867995,0.22955931763503407
-0.7834834989686859,0.2267862637128283
-0.7830464091505722,0.22492069573041484
-0.7826093193324586,0.22415332130448112
-0.782172229514345,0.22417862031107236
-0.7817351396962313,0.2242755199410888
-0.7812980498781177,0.22357938902615904
-0.780860960060004,0.22142917382605498
-0.7804238702418904,0.21763175295684387
-0.7799867804237768,0.21252526713048628
-0.7795496906056631,0.20682299924176809
-0.7791126007875495,0.2013246050336291
-0.7786755109694359,0.19663606947512555
-0.7782384211513222,0.19301846174016338
-0.7778013313332086,0.19040670338237203
-0.777364241515095,0.18855145090852732
-0.7769271516969813,0.1871878893570798
-0.7764900618788677,0.18614509805243393
-0.7760529720607541,0.18536301886281517
-0.7756158822426404,0.18484325327817172
-0.7751787924245268,0.1845905339574941
-0.7747417026064132,0.18459222131228525
-0.7743046127882995,0.1848474666114563
-0.7738675229701859,0.1854217531773346
-0.7734304331520723,0.18648646529233764
-0.7729933433339586,0.18831094355439013
-0.772556253515845,0.19119662614471747
-0.7721191636977314,0.1953665856660965
-0.7716820738796177,0.20084158839553196
-0.7712449840615041,0.20734420535445905
-0.7708078942433905,0.2142745400590183
-0.7703708044252768,0.22079034527124095
-0.7699337146071632,0.22599559199143907
-0.7694966247890496,0.2291975120629959
-0.7690595349709359,0.23014877774477363
-0.7686224451528223,0.22917383303260364
-0.7681853553347087,0.22710580399130337
-0.767748265516595,0.225030717906975
-0.7673111756984814,0.22392052172568297
-0.7668740858803678,0.22429332407327404
-0.7664369960622541,0.22603598333153999
-0.7659999062441405,0.22845839921907252
-0.7655628164260269,0.23055172041821276
-0.7651257266079132,0.23134159725979245
-0.7646886367897996,0.23019975968239112
-0.764251546971686,0.22700996339911586
-0.7638144571535723,0.22215451547091494
-0.7633773673354587,0.21635813312143481
-0.7629402775173451,0.21046776911104614
-0.7625031876992314,0.2052517797376199
-0.7620660978811178,0.20127884096776846
-0.7616290080630042,0.1989013934054442
-0.7611919182448905,0.19833055560183754
-0.7607548284267769,0.19975464793818026
-0.7603177386086633,0.2034286531385078
-0.7598806487905496,0.20966026395293613
-0.759443558972436,0.218653208434022
-0.7590064691543223,0.23023990877581837
-0.7585693793362087,0.243617661648372
-0.7581322895180951,0.2572496142108466
-0.7576951996999814,0.26906162589683785
-0.7572581098818678,0.276950536069884
-0.7568210200637542,0.2794606836384067
-0.7563839302456405,0.2763631048960244
-0.7559468404275269,0.2688616430530066
-0.7555097506094133,0.2592786824806578
-0.7550726607912996,0.2502939136642926
-0.754635570973186,0.244019890407716
-0.7541984811550724,0.2412906501335217
-0.7537613913369587,0.2414600856565887
-0.7533243015188451,0.24278630817613836
-0.7528872117007315,0.24322050358561115
-0.7524501218826178,0.2412473846153825
-0.7520130320645042,0.2364196822146786
-0.7515759422463906,0.2293882068713908
-0.7511388524282769,0.22146919589194297
-0.7507017626101633,0.21399390257255826
-0.7502646727920497,0.2077583698972405
-0.749827582973936,0.20280989438075858
-0.7493904931558224,0.19862290620169493
-0.7489534033377088,0.19452794479126592
-0.7485163135195951,0.1901539443710066
-0.7480792237014815,0.18566671389202513
-0.7476421338833679,0.18171015236748558
-0.7472050440652542,0.17910935412303622
-0.7467679542471406,0.17849831186123505
-0.746330864429027,0.18004572928941734
-0.7458937746109133,0.1833798725208311
-0.7454566847927997,0.18770852034927543
-0.7450195949746861,0.19205265264674368
-0.7445825051565724,0.19549609706136212
-0.7441454153384588,0.19738915523817793
-0.7437083255203452,0.19749241113363286
-0.7432712357022315,0.1960670848448936
-0.7428341458841179,0.19389881755917407
-0.7423970560660043,0.19220815947589304
-0.7419599662478906,0.19239692706999464
-0.741522876429777,0.19563260608526734
-0.7410857866116634,0.20236874520413378
-0.7406486967935497,0.21198333574809852
-0.7402116069754361,0.22272638958504132
-0.7397745171573225,0.2320731614288268
-0.7393374273392088,0.23741134572949324
-0.7389003375210952,0.2368294168312462
-0.7384632477029816,0.2297061445407981
-0.7380261578848679,0.21687112337846606
-0.7375890680667543,0.20028411236284197
-0.7371519782486406,0.1823803317126638
-0.736714888430527,0.16535250662874798
-0.7362777986124134,0.15063410685412576
-0.7358407087942997,0.13872759999381026
-0.7354036189761861,0.12935853563379734
-0.7349665291580725,0.12181480576064038
-0.7345294393399588,0.1152997778476674
-0.7340923495218452,0.10918134893584361
-0.7336552597037316,0.10310678994082743
-0.7332181698856179,0.09701929975725186
-0.7327810800675043,0.09112748056130215
-0.7323439902493907,0.08585335851423605
-0.731906900431277,0.08175236279472556
-0.7314698106131634,0.07939094757128506
-0.7310327207950498,0.07919116510425275
-0.7305956309769361,0.08128710985576638
-0.7301585411588225,0.08545603213389819
-0.7297214513407089,0.09116834979724539
-0.7292843615225952,0.09775072957671313
-0.7288472717044816,0.10460051966238078
-0.728410181886368,0.11135912088880998
-0.7279730920682543,0.11796511133263088
-0.7275360022501407,0.12456133367531992
-0.7270989124320271,0.1312993260523525
-0.7266618226139134,0.1381363029162894
-0.7262247327957998,0.14472827648820671
-0.7257876429776862,0.1504813185731336
-0.7253505531595725,0.15474843676466596
-0.7249134633414589,0.1570861665157847
-0.7244763735233453,0.15744888104473315
-0.7240392837052316,0.15622062122059524
-0.723602193887118,0.1540572797904353
-0.7231651040690044,0.1516030998350119
-0.7227280142508907,0.14920988315311876
-0.7222909244327771,0.1467911942647218
-0.7218538346146635,0.14388288898339513
-0.7214167447965498,0.13988453790854363
-0.7209796549784362,0.13437181302228132
-0.7205425651603226,0.12733945090414067
-0.7201054753422089,0.11927134609101496
-0.7196683855240953,0.11101716097443273
-0.7192312957059817,0.10354007076080766
-0.718794205887868,0.09764666557732396
-0.7183571160697544,0.09380004642074101
-0.7179200262516408,0.09206362448039339
-0.7174829364335271,0.09215896795114907
-0.7170458466154135,0.0935793738589165
-0.7166087567972999,0.09569786151649746
-0.7161716669791862,0.09783760891367757
-0.7157345771610726,0.09931254041984383
-0.715297487342959,0.09947194104543759
-0.7148603975248453,0.09778185502477067
-0.7144233077067317,0.09394912384771235
-0.713986217888618,0.08805566928721233
-0.7135491280705044,0.08064135487608445
-0.7131120382523908,0.0726711831654617
-0.7126749484342771,0.06535423410909327
-0.7122378586161635,0.05984012035390426
-0.7118007687980499,0.056881402183174876
-0.7113636789799362,0.05658704173462551
-0.7109265891618226,0.05837776650370748
-0.710489499343709,0.061184676254816446
-0.7100524095255953,0.06383126423739226
-0.7096153197074817,0.06545177532845774
-0.7091782298893681,0.0657721054122562
-0.7087411400712544,0.06513489874752565
-0.7083040502531408,0.06426834998261373
-0.7078669604350272,0.06392237118527408
-0.7074298706169135,0.06456094657425415
-0.7069927807987999,0.06626709750484369
-0.7065556909806863,0.06889934561328623
-0.7061186011625726,0.07239628734456714
-0.705681511344459,0.07703632184701613
-0.7052444215263454,0.08347455120269441
-0.7048073317082317,0.09249444528422275
-0.7043702418901181,0.10456854737590905
-0.7039331520720045,0.11943679342536691
-0.7034960622538908,0.13592084764528375
-0.7030589724357772,0.15209134849033207
-0.7026218826176636,0.16574374225301766
-0.7021847927995499,0.1749990541891053
-0.7017477029814363,0.17879628003414108
-0.7013106131633227,0.17710242894466152
-0.700873523345209,0.1707983953137195
-0.7004364335270954,0.16133443392978436
-0.6999993437089818,0.15032358149632843
-0.6995622538908681,0.13922753821500125
-0.6991251640727545,0.1292071207624655
-0.6986880742546409,0.12111023509799031
-0.6982509844365272,0.11550812990594603
-0.6978138946184136,0.11269324664169018
-0.6973768048003,0.11260940098451044
-0.6969397149821863,0.11475856148020525
-0.6965026251640727,0.11817324752043043
-0.696065535345959,0.12153252752328143
-0.6956284455278454,0.12343684532056427
-0.6951913557097318,0.1227744326626536
-0.6947542658916182,0.11905277065556774
-0.6943171760735045,0.11256440905119768
-0.6938800862553909,0.10431260238821431
-0.6934429964372772,0.09571459062736551
-0.6930059066191636,0.08818745588559376
-0.69256881680105,0.0827645529325461
-0.6921317269829363,0.07987185459862653
-0.6916946371648227,0.0793242043968346
-0.6912575473467091,0.08051454435685383
-0.6908204575285954,0.08270284497391582
-0.6903833677104818,0.08529057382058781
-0.6899462778923682,0.08799250326178894
-0.6895091880742545,0.09087100135139513
-0.6890720982561409,0.09425104816759801
-0.6886350084380273,0.09856618808799146
-0.6881979186199136,0.10419098193675004
-0.6877608288018,0.11130273873600491
-0.6873237389836864,0.11979786438660144
-0.6868866491655727,0.12927486858260487
-0.6864495593474591,0.13908698130745906
-0.6860124695293455,0.1484570983648661
-0.6855753797112318,0.1566328919335727
-0.6851382898931182,0.16304388975955172
-0.6847012000750046,0.16741462863954232
-0.6842641102568909,0.16979742015309687
-0.6838270204387773,0.17051541809859955
-0.6833899306206637,0.17004118023791895
-0.6829528408025505,0.16886100694629702
-0.6825157509844368,0.16737735100875803
-0.6820786611663232,0.16587855155709266
-0.6816415713482096,0.16456886617642877
-0.6812044815300959,0.1636217504935574
-0.6807673917119823,0.16321175586544448
-0.6803303018938687,0.16349879623921182
-0.679893212075755,0.16457159823068987
-0.6794561222576414,0.16638537840080583
-0.6790190324395278,0.1687358392670284
-0.6785819426214141,0.17129373453963836
-0.6781448528033005,0.17369233837684644
-0.6777077629851869,0.17563270180560794
-0.6772706731670732,0.17696362955577546
-0.6768335833489596,0.1777077085300783
-0.676396493530846,0.17803127862462292
-0.6759594037127323,0.17817900089990554
-0.6755223138946187,0.1784012960261217
-0.6750852240765051,0.17889520390543975
-0.6746481342583914,0.17976564065847697
-0.6742110444402778,0.18100569890389226
-0.6737739546221642,0.1824956907369896
-0.6733368648040505,0.18402560860152625
-0.6728997749859369,0.18534481595713667
-0.6724626851678233,0.18623120343969565
-0.6720255953497096,0.1865555153813249
-0.671588505531596,0.18630861941629615
-0.6711514157134824,0.18557132642716012
-0.6707143258953687,0.18443647726920037
-0.6702772360772551,0.18292512367156805
-0.6698401462591415,0.18095072102628001
-0.6694030564410278,0.17836460844971738
-0.6689659666229142,0.1750700687688353
-0.6685288768048006,0.1711465608102924
-0.6680917869866869,0.16690940070998844
-0.6676546971685733,0.16285704811076246
-0.6672176073504597,0.15951634379811827
-0.666780517532346,0.15725349128617097
-0.6663434277142324,0.15614177655033648
-0.6659063378961187,0.15595141602662319
-0.6654692480780051,0.15626599610375627
-0.6650321582598915,0.15666728569676058
-0.6645950684417778,0.15689950372563158
-0.6641579786236642,0.15693996455326412
-0.6637208888055506,0.1569537080479936
-0.663283798987437,0.15716594986084273
-0.6628467091693233,0.1577190336867236
-0.6624096193512097,0.15857721026628502
-0.661972529533096,0.1595108421225538
-0.6615354397149824,0.1601522951065487
-0.6610983498968688,0.16008896508459783
-0.6606612600787551,0.15895369235883142
-0.6602241702606415,0.15648538256215555
-0.6597870804425279,0.15255192038037912
-0.6593499906244142,0.1471431669952055
-0.6589129008063006,0.14034931729617492
-0.658475810988187,0.1323398385703651
-0.6580387211700733,0.1233533655828255
-0.6576016313519597,0.11370140838775204
-0.6571645415338461,0.10377989103986483
-0.6567274517157324,0.09407450748948806
-0.6562903618976188,0.08514234592608698
-0.6558532720795052,0.07755692505946686
-0.6554161822613915,0.07181742575830409
-0.6549790924432779,0.06824114443893661
-0.6545420026251643,0.06687270035496108
-0.6541049128070506,0.06744606519952212
-0.653667822988937,0.06942266365360619
-0.6532307331708234,0.07210442507104313
-0.6527936433527097,0.074794190011661
-0.6523565535345961,0.0769578637424531
-0.6519194637164825,0.0783400886202551
-0.6514823738983688,0.0789987045167123
-0.6510452840802552,0.0792479169501864
-0.6506081942621416,0.07952783142482003
-0.6501711044440279,0.08024060093035672
-0.6497340146259143,0.08160452634540165
-0.6492969248078007,0.08357368433614744
-0.648859834989687,0.08585225833795308
-0.6484227451715734,0.08800388262194904
-0.6479856553534598,0.08962478772896985
-0.6475485655353461,0.09052520846164096
-0.6471114757172325,0.09085529791380793
-0.6466743858991189,0.09112424819403675
-0.6462372960810052,0.09209236943282442
-0.6458002062628916,0.09455683734745512
-0.645363116444778,0.09908990667486728
-0.6449260266266643,0.10581073523653164
-0.6444889368085507,0.11426969244214588
-0.644051846990437,0.12349526206943294
-0.6436147571723234,0.13220485160563009
-0.6431776673542098,0.13912604011736654
-0.6427405775360961,0.143332478995378
-0.6423034877179825,0.14448596421054785
-0.6418663978998689,0.1429019586644948
-0.6414293080817552,0.1394148845282211
-0.6409922182636416,0.1350918104715955
-0.640555128445528,0.13090007133465953
-0.6401180386274143,0.12745058662672484
-0.6396809488093007,0.12490492080829489
-0.6392438589911871,0.12306364033942599
-0.6388067691730734,0.12157746734920626
-0.6383696793549598,0.12017594034814597
-0.6379325895368462,0.11881183150736462
-0.6374954997187325,0.11766969610129678
-0.6370584099006189,0.11705690264737971
-0.6366213200825053,0.11724965554631683
-0.6361842302643916,0.11837904954501778
-0.635747140446278,0.12041014941806712
-0.6353100506281644,0.12321074791737066
-0.6348729608100507,0.1266572367884645
-0.6344358709919371,0.13070824598508315
-0.6339987811738235,0.1353988468964193
-0.6335616913557098,0.14075501895736295
-0.6331246015375962,0.14667396680220665
-0.6326875117194826,0.1528373307174107
-0.6322504219013689,0.15871157189851332
-0.6318133320832553,0.16365007733727147
-0.6313762422651417,0.1670641577536127
-0.630939152447028,0.16859682612320334
-0.6305020626289144,0.16822856887572044
-0.6300649728108008,0.1662700029015643
-0.6296278829926871,0.16324129340161095
-0.6291907931745735,0.15968358393168475
-0.6287537033564599,0.15597456511486957
-0.6283166135383462,0.15221766276440704
-0.6278795237202326,0.14824378428878138
-0.627442433902119,0.14371977737854405
-0.6270053440840053,0.13831820173938916
-0.6265682542658917,0.13188478245460225
-0.626131164447778,0.12454810495292355
-0.6256940746296644,0.11674308741281868
-0.6252569848115508,0.10915039143556729
-0.6248198949934372,0.10257473598238996
-0.6243828051753235,0.09779161409741269
-0.6239457153572099,0.09538958398887945
-0.6235086255390963,0.09563330390065562
-0.6230715357209826,0.09837526864797026
-0.622634445902869,0.10304702149260618
-0.6221973560847553,0.10875277478613275
-0.6217602662666417,0.11446256381028284
-0.6213231764485281,0.11926299649167091
-0.6208860866304144,0.12258913845587835
-0.6204489968123008,0.12435312949425788
-0.6200119069941872,0.12491596951494935
-0.6195748171760735,0.12491053710350615
-0.6191377273579599,0.12498903204998411
-0.6187006375398463,0.1256032927804389
-0.6182635477217326,0.12691093205069223
-0.617826457903619,0.12883862450884737
-0.6173893680855054,0.1312557614300532
-0.6169522782673917,0.13415677665002798
-0.6165151884492781,0.13774749004512735
-0.6160780986311645,0.1423819346787377
-0.6156410088130508,0.14837537868018397
-0.6152039189949372,0.155786141716322
-0.6147668291768236,0.1642793953476195
-0.6143297393587099,0.17315024227807302
-0.6138926495405963,0.18150907120698964
-0.6134555597224827,0.18855589775300619
-0.613018469904369,0.19382839268223617
-0.6125813800862554,0.19731940880862112
-0.6121442902681418,0.19941768166833956
-0.6117072004500281,0.2007028801174559
-0.6112701106319145,0.20168877670184332
-0.6108330208138009,0.2026292767503157
-0.6103959309956872,0.20347305977933544
-0.6099588411775736,0.20398607252083084
-0.60952175135946,0.2039846741776065
-0.6090846615413463,0.20356792839571194
-0.6086475717232327,0.20322971179058016
-0.6082104819051191,0.20377668863969114
-0.6077733920870054,0.2060615469750296
-0.6073363022688918,0.21062875094727354
-0.6068992124507782,0.217422955061405
-0.6064621226326645,0.2256999023433361
-0.6060250328145509,0.2342042540293333
-0.6055879429964373,0.2415675950497091
-0.6051508531783236,0.246782372833831
-0.60471376336021,0.24957045001126385
-0.6042766735420964,0.2505075476310105
-0.6038395837239827,0.25086695191941905
-0.6034024939058691,0.2522569550870878
-0.6029654040877555,0.2561926969179979
-0.6025283142696418,0.2637370626548177
-0.6020912244515282,0.27528137841842326
-0.6016541346334146,0.2904607734415493
-0.6012170448153009,0.30815920611420256
-0.6007799549971873,0.32657430609478233
-0.6003428651790736,0.34336034213962996
-0.59990577536096,0.35590103865550865
-0.5994686855428464,0.3617426981576732
-0.5990315957247327,0.35913988928102347
-0.5985945059066191,0.34757207315608424
-0.5981574160885055,0.32804123664375817
-0.5977203262703918,0.30300046553199866
-0.5972832364522782,0.2758859755120261
-0.5968461466341646,0.250376242539818
-0.5964090568160509,0.22960787480752104
-0.5959719669979373,0.21558712301497818
-0.5955348771798237,0.2089473398870687
-0.59509778736171,0.20906436897038683
-0.5946606975435964,0.21442188285839014
-0.5942236077254828,0.22306702904925785
-0.5937865179073691,0.23302090369960723
-0.5933494280892555,0.2425760916496194
-0.5929123382711419,0.2504776676102695
-0.5924752484530282,0.25601246490441226
-0.5920381586349146,0.25902295999187447
-0.591601068816801,0.25984117541176727
-0.5911639789986873,0.25913349197047525
-0.5907268891805737,0.2576713412713549
-0.5902897993624601,0.2560827984376581
-0.5898527095443464,0.2546679163752987
-0.5894156197262328,0.25335181161699566
-0.5889785299081192,0.2518001353620808
-0.5885414400900055,0.2496522520886187
-0.5881043502718919,0.24677250139526627
-0.5876672604537783,0.2434083812768694
-0.5872301706356646,0.24018397534421485
-0.586793080817551,0.23792912694450732
-0.5863559909994374,0.2374149289658713
-0.5859189011813237,0.23910093822851858
-0.5854818113632101,0.2429848518984175
-0.5850447215450965,0.24859262148023564
-0.5846076317269828,0.25508617515774223
-0.5841705419088692,0.26142858012118386
-0.5837334520907556,0.26654794006156013
-0.5832963622726419,0.2694728264843956
-0.5828592724545283,0.26944731363076085
-0.5824221826364147,0.26604628833773936
-0.581985092818301,0.2592925530659418
-0.5815480030001874,0.24974108878689427
-0.5811109131820738,0.23847205940905405
-0.5806738233639606,0.22694703538875247
-0.5802367335458469,0.21673413691005045
-0.5797996437277333,0.20917261170438642
-0.5793625539096197,0.20508821346712353
-0.578925464091506,0.20466024804365954
-0.5784883742733924,0.20748009036804405
-0.5780512844552788,0.21275952285258473
-0.5776141946371651,0.21958807292062613
-0.5771771048190515,0.2271319688177593
-0.5767400150009379,0.23471395446209037
-0.5763029251828242,0.2417843344073078
-0.5758658353647106,0.24784904119364828
-0.575428745546597,0.25243193848054374
-0.5749916557284833,0.2551145487686684
-0.5745545659103697,0.25564053867145137
-0.574117476092256,0.2540274602981351
-0.5736803862741424,0.2506175133643095
-0.5732432964560288,0.246024958359144
-0.5728062066379151,0.240984380175671
-0.5723691168198015,0.23614833474720048
-0.5719320270016879,0.23190703851982167
-0.5714949371835742,0.2282995838244042
-0.5710578473654606,0.2250583244685598
-0.570620757547347,0.2217838614587156
-0.5701836677292333,0.2181988859304939
-0.5697465779111197,0.2143894691127342
-0.5693094880930061,0.21092885438769454
-0.5688723982748924,0.20880486669639015
-0.5684353084567788,0.20913869776944974
-0.5679982186386652,0.21277114236142566
-0.5675611288205515,0.21986567031545004
-0.5671240390024379,0.22969641010547923
-0.5666869491843243,0.24073264833175875
-0.5662498593662106,0.2510149159136211
-0.565812769548097,0.25869081678436284
-0.5653756797299834,0.26250384298427293
-0.5649385899118697,0.26204761426978745
-0.5645015000937561,0.25770733138962926
-0.5640644102756425,0.25035751924230276
-0.5636273204575288,0.24099502134186654
-0.5631902306394152,0.23050044724260102
-0.5627531408213016,0.21963173290649257
-0.5623160510031879,0.20920850342480318
-0.5618789611850743,0.20032528580020822
-0.5614418713669607,0.1944031176901413
-0.561004781548847,0.19297101818019438
-0.5605676917307334,0.19721919220770132
-0.5601306019126198,0.2075048450933485
-0.5596935120945061,0.22304410666113914
-0.5592564222763925,0.24195958459842384
-0.5588193324582789,0.2617024781836589
-0.5583822426401652,0.2797047222859836
-0.5579451528220516,0.29401918897556956
-0.557508063003938,0.303718873326502
-0.5570709731858243,0.3089385030699333
-0.5566338833677107,0.3105963623261099
-0.5561967935495971,0.30995622733676853
-0.5557597037314834,0.3082256598986462
-0.5553226139133698,0.30632913445443904
-0.5548855240952562,0.30488056557747284
-0.5544484342771425,0.304272606275414
-0.5540113444590289,0.30475470200370897
-0.5535742546409153,0.3064080829472139
-0.5531371648228016,0.30901892586820795
-0.552700075004688,0.31194515091941144
-0.5522629851865744,0.3141107822928544
-0.5518258953684607,0.31421715380429305
-0.5513888055503471,0.3111508816730519
-0.5509517157322334,0.3044507270408741
-0.5505146259141198,0.2946344567327629
-0.5500775360960062,0.2832213629124106
-0.5496404462778925,0.2724058066556361
-0.5492033564597789,0.26448567588010125
-0.5487662666416653,0.26125355790041727
-0.5483291768235516,0.26356643555311865
-0.547892087005438,0.27122055552278396
-0.5474549971873244,0.2831208983934582
-0.5470179073692107,0.29762113822216235
-0.5465808175510971,0.31287441685772593
-0.5461437277329835,0.32708535016968365
-0.5457066379148698,0.3386489207030752
-0.5452695480967562,0.34623992763850836
-0.5448324582786426,0.3489311211196197
-0.5443953684605289,0.3463653594121219
-0.5439582786424153,0.33892607074787756
-0.5435211888243017,0.3277971485049248
-0.543084099006188,0.3148169080281976
-0.5426470091880744,0.3021093961497597
-0.5422099193699608,0.291580166652153
-0.5417728295518471,0.28443783512272747
-0.5413357397337335,0.2809083516574466
-0.5408986499156199,0.2802425940468164
-0.5404615600975062,0.28101090124819794
-0.5400244702793926,0.28157799679227596
-0.539587380461279,0.2805979565201333
-0.5391502906431653,0.2773767309781902
-0.5387132008250517,0.2720080907066496
-0.5382761110069381,0.26527001682021395
-0.5378390211888244,0.2583423818733507
-0.5374019313707108,0.2524515980482101
-0.5369648415525972,0.24855496093731463
-0.5365277517344835,0.24714988486096542
-0.5360906619163699,0.2482430981304459
-0.5356535720982563,0.25145927650723515
-0.5352164822801426,0.25622569273523055
-0.534779392462029,0.26195330207386025
-0.5343423026439154,0.26814994984640383
-0.5339052128258017,0.2744405218376375
-0.5334681230076881,0.28051421430451545
-0.5330310331895745,0.2860503682721575
-0.5325939433714608,0.29067812809908256
-0.5321568535533472,0.2940017911705125
-0.5317197637352336,0.29568666721571996
-0.5312826739171199,0.29556897811103494
-0.5308455840990063,0.2937425739049749
-0.5304084942808927,0.29058760800318145
-0.529971404462779,0.28673195083088787
-0.5295343146446654,0.2829596571206111
-0.5290972248265517,0.28009101696749633
-0.5286601350084381,0.27885489886275955
-0.5282230451903245,0.279765177353328
-0.5277859553722108,0.2830103011485501
-0.5273488655540972,0.28837319166950254
-0.5269117757359836,0.29521134745600774
-0.52647468591787,0.30253033736590584
-0.5260375960997563,0.3091658555889477
-0.5256005062816427,0.31405013182234287
-0.525163416463529,0.3164930755470177
-0.5247263266454154,0.3163816208565283
-0.5242892368273018,0.3142127175930721
-0.5238521470091881,0.3109293473452567
-0.5234150571910745,0.3076056312483848
-0.5229779673729609,0.305092381275659
-0.5225408775548472,0.30375584677172773
-0.5221037877367336,0.3034064942482368
-0.52166669791862,0.3034354726190401
-0.5212296081005063,0.30308972149073493
-0.5207925182823927,0.3017625300899229
-0.5203554284642791,0.29917903936422485
-0.5199183386461654,0.2954122412172523
-0.5194812488280518,0.2907456774480973
-0.5190441590099382,0.28546543494331794
-0.5186070691918245,0.2796869507633916
-0.5181699793737109,0.27329551920280143
-0.5177328895555973,0.26602105089915806
-0.5172957997374836,0.25760782221889034
-0.51685870991937,0.2480049348165046
-0.5164216201012564,0.23750313476154128
-0.5159845302831427,0.2267707120073059
-0.5155474404650291,0.21677762581016707
-0.5151103506469155,0.20862678713077032
-0.5146732608288018,0.20332840414485734
-0.5142361710106882,0.20156102217470617
-0.5137990811925746,0.20346775348859472
-0.5133619913744609,0.20853949022318843
-0.5129249015563473,0.21563213784781454
-0.5124878117382337,0.22314279119477654
-0.51205072192012,0.2293275575530959
-0.5116136321020064,0.23269208871043892
-0.5111765422838928,0.23234719490425645
-0.5107394524657791,0.22821922009747664
-0.5103023626476655,0.22104730434212552
-0.5098652728295519,0.21217368451408786
-0.5094281830114382,0.20320639671752178
-0.5089910931933246,0.19567105877007224
-0.508554003375211,0.19075196366236585
-0.5081169135570973,0.18916347225281602
-0.5076798237389837,0.1911255957072954
-0.50724273392087,0.19638173702843548
-0.5068056441027564,0.20421122684734463
-0.5063685542846428,0.21344144627989167
-0.5059314644665291,0.22251531377511344
-0.5054943746484155,0.22967926751295692
-0.5050572848303019,0.23330897570402157
-0.5046201950121882,0.23230667775995822
-0.5041831051940746,0.22643411667851046
-0.503746015375961,0.216435796123875
-0.5033089255578473,0.2038748968964504
-0.5028718357397337,0.19072101211316844
-0.5024347459216201,0.17883689081407855
-0.5019976561035064,0.16955421298222556
-0.5015605662853928,0.16348325709153125
-0.5011234764672792,0.16059189786034644
-0.5006863866491655,0.16047224188093545
-0.5002492968310519,0.16264587068277245
-0.49981220701293827,0.16676860012388442
-0.49937511719482464,0.1726681291172609
-0.498938027376711,0.18023823495062516
-0.49850093755859737,0.18927429790434555
-0.49806384774048373,0.19934319864454111
-0.4976267579223701,0.2097444061560743
-0.49718966810425647,0.21956791351372873
-0.49675257828614283,0.2278180458874715
-0.4963154884680292,0.23356239743539994
-0.49587839864991556,0.2360746231333712
-0.49544130883180193,0.23495171628038522
-0.4950042190136883,0.23018965186969922
-0.49456712919557466,0.22219833089211802
-0.49413003937746103,0.21173949118478835
-0.4936929495593474,0.1997889975716026
-0.49325585974123376,0.1873544573522235
-0.4928187699231201,0.17530444212766214
-0.4923816801050065,0.16426822922728013
-0.49194459028689286,0.1546374266670311
-0.4915075004687792,0.14665384624070713
-0.4910704106506656,0.14052583615644926
-0.49063332083255196,0.13650184981094446
-0.4901962310144383,0.13485419940225593
-0.4897591411963247,0.1357757313788808
-0.48932205137821105,0.1392411902973748
-0.4888849615600974,0.1449074177729405
-0.4884478717419838,0.15211110344257464
-0.48801078192387015,0.15997852884760239
-0.4875736921057565,0.16761171429167812
-0.4871366022876429,0.17428368409247014
-0.48669951246952925,0.17957499268595598
-0.4862624226514156,0.1834108237088105
-0.485825332833302,0.1859975212965094
-0.48538824301518835,0.18769149345560104
-0.4849511531970747,0.18885047242354477
-0.4845140633789611,0.1897153063062694
-0.48407697356084745,0.190355339546768
-0.4836398837427338,0.19068967828251382
-0.4832027939246202,0.19057585005548588
-0.48276570410650654,0.1899393278010266
-0.4823286142883929,0.18890391720467484
-0.4818915244702793,0.1878770240170253
-0.48145443465216564,0.18754925278345147
-0.481017344834052,0.18878705605000648
-0.4805802550159384,0.19242802485369495
-0.48014316519782474,0.19902281321144205
-0.4797060753797111,0.20859381437798746
-0.47926898556159747,0.22048768722863438
-0.47883189574348384,0.2333815798506733
-0.47839480592537065,0.24546462776635702
-0.477957716107257,0.25476761429652484
-0.4775206262891434,0.25956890273955696
-0.47708353647102975,0.25877736853710176
-0.4766464466529161,0.25219189111588175
-0.4762093568348025,0.24056391128487137
-0.47577226701668884,0.2254389537318918
-0.4753351771985752,0.2088124410545372
-0.4748980873804616,0.19268789904210828
-0.47446099756234794,0.17865512481822843
-0.4740239077442343,0.16760100324949598
-0.4735868179261207,0.1596258830340594
-0.47314972810800704,0.15417551255981768
-0.4727126382898934,0.1503333192893928
-0.47227554847177977,0.14717259467555688
-0.47183845865366614,0.1440577808967893
-0.4714013688355525,0.14081004759712318
-0.47096427901743887,0.1377028794388425
-0.47052718919932524,0.1353091607134341
-0.4700900993812116,0.13426378244301032
-0.46965300956309797,0.13502403111026545
-0.46921591974498433,0.13770227301064641
-0.4687788299268707,0.14201734295292714
-0.46834174010875707,0.1473718763693273
-0.46790465029064343,0.15302302147513777
-0.4674675604725298,0.15828413289777502
-0.46703047065441616,0.1626849234762498
-0.46659338083630253,0.16603314701099903
-0.4661562910181889,0.1683601216988774
-0.46571920120007526,0.16978236036848018
-0.4652821113819616,0.17035107123143794
-0.464845021563848,0.16996981947306627
-0.46440793174573436,0.16842990548943354
-0.4639708419276207,0.16555416440276996
-0.4635337521095071,0.16138055022795358
-0.46309666229139346,0.1562878864450003
-0.4626595724732798,0.1509847599059271
-0.4622224826551662,0.14634181793276616
-0.46178539283705256,0.14311950560501516
-0.4613483030189389,0.14169306683362765
-0.4609112132008253,0.14188206659541194
-0.46047412338271165,0.1429533029415877
-0.460037033564598,0.1438042850393655
-0.4595999437464844,0.14327632893448003
-0.45916285392837075,0.1405103153339248
-0.4587257641102571,0.13524828304767236
-0.4582886742921435,0.12799463197922484
-0.45785158447402985,0.11997640775924141
-0.4574144946559162,0.11288338390240048
-0.4569774048378026,0.10842731953218974
-0.45654031501968895,0.10782831161340556
-0.4561032252015753,0.11139071694569791
-0.4556661353834617,0.11833784307064468
-0.45522904556534804,0.12700935748387182
-0.4547919557472344,0.13539553713503624
-0.4543548659291208,0.1418348281146923
-0.45391777611100714,0.14560571915822784
-0.4534806862928935,0.14715865724712027
-0.4530435964747799,0.1478689358972937
-0.45260650665666624,0.14939583036500567
-0.4521694168385526,0.15291342339294836
-0.451732327020439,0.15854498389637128
-0.45129523720232534,0.1652474745235924
-0.4508581473842117,0.1711923989139535
-0.45042105756609807,0.1744687323359098
-0.44998396774798444,0.17379853462877895
-0.4495468779298708,0.16896790624663768
-0.44910978811175717,0.1608227459952439
-0.44867269829364353,0.1508821829857064
-0.4482356084755299,0.1407814378699849
-0.44779851865741627,0.13179864501000801
-0.44736142883930263,0.12463901406210175
-0.446924339021189,0.11949926834095503
-0.44648724920307536,0.11629899249501578
-0.44605015938496173,0.11490975963045912
-0.4456130695668481,0.11525444653356423
-0.44517597974873446,0.11725181902115893
-0.44473888993062083,0.12068128037180266
-0.4443018001125072,0.12508509342772514
-0.44386471029439356,0.12979361398801514
-0.4434276204762799,0.1340789700559854
-0.4429905306581663,0.13736402371291395
-0.44255344084005266,0.13938044917144138
-0.442116351021939,0.14019722612393087
-0.4416792612038254,0.14010932293199685
-0.44124217138571176,0.13944609210459671
-0.4408050815675981,0.138393398367911
-0.4403679917494845,0.13690854907295916
-0.43993090193137085,0.13475569231965195
-0.4394938121132572,0.13163141173297474
-0.4390567222951436,0.12731474512252447
-0.43861963247702995,0.12177602779344066
-0.4381825426589163,0.11520819495543104
-0.4377454528408027,0.10798304505520906
-0.43730836302268905,0.1005636739639598
-0.4368712732045754,0.09341270176077886
-0.4364341833864618,0.08692613322177759
-0.43599709356834815,0.08140447179017873
-0.4355600037502345,0.07705609388655434
-0.4351229139321209,0.07401818954304437
-0.43468582411400725,0.07237797176903737
-0.4342487342958936,0.07217936228022229
-0.43381164447778,0.07340670101136762
-0.43337455465966634,0.07594695992419993
-0.4329374648415527,0.07954422449063969
-0.4325003750234391,0.08377070252043364
-0.43206328520532544,0.08804096898576041
-0.4316261953872118,0.09168587385296059
-0.4311891055690982,0.09408062885988752
-0.43075201575098454,0.09479624820525225
-0.4303149259328709,0.0937267425536192
-0.4298778361147573,0.09114563030789057
-0.42944074629664364,0.0876655957130745
-0.42900365647853,0.08410637921434765
-0.42856656666041637,0.08130516920814333
-0.42812947684230274,0.07991984714471445
-0.4276923870241891,0.08027463634470407
-0.42725529720607547,0.08228383546179023
-0.42681820738796183,0.08546968440519846
-0.4263811175698482,0.08907068598876519
-0.42594402775173457,0.09221868669290213
-0.42550693793362093,0.09414660471613871
-0.4250698481155073,0.09437586961185687
-0.42463275829739366,0.09282940015752175
-0.42419566847928003,0.08982953549440054
-0.4237585786611664,0.08597297941358965
-0.42332148884305276,0.0819185622605504
-0.42288439902493913,0.07816099628027551
-0.4224473092068255,0.07487557594865714
-0.42201021938871186,0.07189504083366062
-0.4215731295705982,0.06882748100300805
-0.4211360397524846,0.06526548217385518
-0.42069894993437096,0.060998686569592946
-0.4202618601162573,0.056142285430211866
-0.4198247702981437,0.051131714250615835
-0.41938768048003006,0.0465902854219175
-0.4189505906619164,0.043125618383476505
-0.4185135008438028,0.041132687382394686
-0.41807641102568915,0.04067126896940432
-0.4176393212075755,0.0414532871538471
-0.4172022313894619,0.04293739589635751
-0.41676514157134825,0.04449763436518994
-0.4163280517532346,0.04561587822506569
-0.415890961935121,0.046043535073832145
-0.41545387211700735,0.04588457478739914
-0.4150167822988937,0.04556949950161807
-0.4145796924807801,0.04571860903931791
-0.41414260266266645,0.046929052636612914
-0.4137055128445528,0.04955261724298465
-0.4132684230264392,0.053544512180161416
-0.41283133320832555,0.058446042918381715
-0.4123942433902119,0.06351734089622632
-0.4119571535720983,0.06797723404207605
-0.41152006375398464,0.07126202966149976
-0.411082973935871,0.07320547914153941
-0.4106458841177574,0.0740741640517645
-0.41020879429964374,0.07445149258696947
-0.4097717044815301,0.07502215575548199
-0.4093346146634165,0.07634155891725922
-0.40889752484530284,0.07867016412464597
-0.4084604350271892,0.08191821905539505
-0.40802334520907557,0.0857017645739607
-0.40758625539096194,0.08947626241117468
-0.4071491655728483,0.0927000784099423
-0.40671207575473467,0.09498431754712441
-0.40627498593662104,0.09619852073417949
-0.4058378961185074,0.09651448179769809
-0.40540080630039377,0.09638000980438102
-0.40496371648228013,0.09642376956903134
-0.4045266266641665,0.09730532835753895
-0.40408953684605287,0.09954100525916407
-0.40365244702793923,0.10335008107260765
-0.4032153572098256,0.10856870087144074
-0.40277826739171196,0.11466459043561783
-0.40234117757359833,0.12085604971884392
-0.4019040877554847,0.12630308366800516
-0.40146699793737106,0.1303109112771802
-0.40102990811925743,0.13247890641633428
-0.4005928183011438,0.1327466094063097
-0.40015572848303016,0.13132792642991792
-0.3997186386649165,0.12857055962808264
-0.3992815488468029,0.12481069015938442
-0.39884445902868926,0.12029623475187926
-0.3984073692105756,0.11521976501117902
-0.397970279392462,0.10984468271393034
-0.39753318957434836,0.1046504557056727
-0.3970960997562347,0.1003948591501336
-0.3966590099381211,0.09801393981523646
-0.39622192012000745,0.09835178491028684
-0.3957848303018938,0.10180365435966829
-0.3953477404837802,0.10802298337060048
-0.39491065066566655,0.11584570024991772
-0.3944735608475529,0.12351217739099851
-0.3940364710294393,0.12914392156438154
-0.39359938121132565,0.13131396433344258
-0.393162291393212,0.1294952214262034
-0.3927252015750984,0.12421106084910452
-0.39228811175698475,0.1168326297131365
-0.3918510219388711,0.10911315427149727
-0.3914139321207575,0.10265173531510477
-0.39097684230264385,0.0984909503586392
-0.3905397524845302,0.09697273827856
-0.3901026626664166,0.09785049315918733
-0.38966557284830294,0.10054807421005417
-0.3892284830301893,0.10441971014298325
-0.3887913932120757,0.1089078824770053
-0.38835430339396204,0.1135839815165399
-0.3879172135758484,0.1181316881712831
-0.3874801237577348,0.12235113461880967
-0.38704303393962114,0.12621713798223425
-0.3866059441215075,0.1299523221018793
-0.38616885430339387,0.1340290480798745
-0.38573176448528024,0.1390302778277791
-0.3852946746671666,0.1453759974654554
-0.38485758484905297,0.1530155383171359
-0.38442049503093934,0.16123864609559332
-0.3839834052128257,0.16873098263130643
-0.38354631539471207,0.17389874829098906
-0.38310922557659843,0.17536118359833233
-0.3826721357584848,0.17242419755721072
-0.38223504594037117,0.16534861831412193
-0.38179795612225753,0.1553127945972189
-0.3813608663041439,0.14409720762464315
-0.38092377648603026,0.13362493323441046
-0.38048668666791663,0.12552837146968715
-0.380049596849803,0.1208713917520545
-0.37961250703168936,0.12006866070116151
-0.3791754172135757,0.12296050511358655
-0.3787383273954621,0.1289612907618504
-0.37830123757734846,0.1372105649177263
-0.3778641477592348,0.1466977495129414
-0.3774270579411212,0.15636940602854027
-0.37698996812300756,0.1652394645907658
-0.3765528783048939,0.17250646837791242
-0.37611578848678073,0.17765631196644
-0.3756786986686671,0.1805167270620794
-0.37524160885055347,0.18124163568106932
-0.37480451903243983,0.1802320802408321
-0.3743674292143262,0.17802670189408087
-0.37393033939621256,0.17520166224300948
-0.37349324957809893,0.17230392533121397
-0.3730561597599853,0.16981464963929635
-0.37261906994187166,0.16811979594956258
-0.372181980123758,0.16746618489804305
-0.3717448903056444,0.1679023888200888
-0.37130780048753076,0.16923078626088503
-0.3708707106694171,0.17101098654594354
-0.3704336208513035,0.17264372501106767
-0.36999653103318986,0.1735306786226192
-0.3695594412150762,0.17326545743282087
-0.3691223513969626,0.17178549991816028
-0.36868526157884896,0.16941895651519337
-0.3682481717607353,0.16679598031190876
-0.3678110819426217,0.16464614330402552
-0.36737399212450805,0.16355032319445773
-0.3669369023063944,0.1637357162893813
-0.3664998124882808,0.16498752600641672
-0.36606272267016715,0.1667067647281991
-0.3656256328520535,0.1680891217791252
-0.3651885430339399,0.16835716003278026
-0.36475145321582625,0.16696319184853253
-0.3643143633977126,0.16369668401078002
-0.363877273579599,0.15866909315815222
-0.36344018376148535,0.15219444365228713
-0.3630030939433717,0.14461942873460634
-0.3625660041252581,0.13617161933739633
-0.36212891430714444,0.12688552881791637
-0.3616918244890308,0.11663768418037757
-0.3612547346709172,0.10528212034766497
-0.36081764485280354,0.09283836960103933
-0.3603805550346899,0.07965779878412504
-0.3599434652165763,0.06649224648634436
-0.35950637539846264,0.05441656842696531
-0.359069285580349,0.04460860005942042
-0.3586321957622354,0.03804888934131036
-0.35819510594412174,0.03524369117516068
-0.3577580161260081,0.03607665441388681
-0.35732092630789447,0.0398509026298906
-0.35688383648978084,0.04550872851758602
-0.3564467466716672,0.05194292636449014
-0.35600965685355357,0.05827658099225723
-0.35557256703543993,0.06400641278951669
-0.3551354772173263,0.06897135003054432
-0.35469838739921267,0.07319102320697558
-0.35426129758109903,0.07667738093696345
-0.3538242077629854,0.0793276317591863
-0.35338711794487176,0.08095653346892732
-0.35295002812675813,0.08144726367084908
-0.3525129383086445,0.08093356098096796
-0.35207584849053086,0.07990528798644254
-0.35163875867241723,0.07916454384373757
-0.3512016688543036,0.07963117902908941
-0.35076457903618996,0.08206866860760842
-0.3503274892180763,0.08683887766569709
-0.3498903993999627,0.09378101825268169
-0.34945330958184906,0.10225509578740745
-0.3490162197637354,0.11132150676494153
-0.3485791299456218,0.11997842804817235
-0.34814204012750816,0.12736798495164312
-0.3477049503093945,0.13289142807943297
-0.3472678604912809,0.1362245618211191
-0.34683077067316725,0.13727081527307053
-0.3463936808550536,0.13610876397472127
-0.34595659103694,0.1329766238234512
-0.34551950121882635,0.12829872572659287
-0.3450824114007127,0.12272032445578504
-0.3446453215825991,0.11709958557612377
-0.34420823176448545,0.11242013412829398
-0.3437711419463718,0.10962754892293233
-0.3433340521282582,0.10943735468738842
-0.34289696231014455,0.11218533180835459
-0.3424598724920309,0.11777837544531912
-0.3420227826739173,0.12576022643452264
-0.34158569285580365,0.135454125152272
-0.34114860303769,0.14611310061290153
-0.3407115132195764,0.15701671269543996
-0.34027442340146274,0.16749614628339088
-0.3398373335833491,0.17692109630164216
-0.3394002437652355,0.18470833591354777
-0.33896315394712184,0.19039374152715968
-0.3385260641290082,0.19375561489261267
-0.3380889743108946,0.19492157959891734
-0.33765188449278094,0.1943738137784254
-0.3372147946746673,0.19280719138419494
-0.3367777048565537,0.19087548059952344
-0.33634061503844004,0.18893604885299456
-0.3359035252203264,0.18692440071960179
-0.33546643540221277,0.18443535827556704
-0.33502934558409914,0.18098142943594037
-0.3345922557659855,0.1762988380244026
-0.33415516594787187,0.17053730825420765
-0.33371807612975823,0.16422589677186217
-0.3332809863116446,0.15802699359436495
-0.33284389649353097,0.15240862512551107
-0.33240680667541733,0.14741449730402165
-0.3319697168573037,0.14266244587649313
-0.33153262703919006,0.13758076837208535
-0.33109553722107643,0.1317644642377918
-0.3306584474029628,0.12526864130033805
-0.33022135758484916,0.11868751590712641
-0.32978426776673553,0.1129752313945938
-0.3293471779486219,0.10909055051146284
-0.32891008813050826,0.10762743374426695
-0.3284729983123946,0.10859229848416611
-0.328035908494281,0.11141473531487377
-0.32759881867616736,0.11517385750993184
-0.3271617288580537,0.11893746696446995
-0.3267246390399401,0.12207858486012615
-0.32628754922182646,0.1244574045684486
-0.3258504594037128,0.12641654387303286
-0.3254133695855992,0.12860522720299694
-0.32497627976748555,0.1317008250621446
-0.3245391899493719,0.13612260788185745
-0.3241021001312583,0.1418308559134975
-0.32366501031314465,0.1482779103387104
-0.323227920495031,0.15453247277773716
-0.3227908306769174,0.1595443241972918
-0.32235374085880375,0.16246832114449486
-0.3219166510406901,0.16294107903138322
-0.3214795612225765,0.1612139034665106
-0.32104247140446285,0.15809214394366347
-0.3206053815863492,0.1546998124992675
-0.3201682917682356,0.152153313192946
-0.31973120195012195,0.15126272648963218
-0.3192941121320083,0.15236741601369078
-0.3188570223138947,0.15535752387337723
-0.31841993249578104,0.15985547272911213
-0.3179828426776674,0.16546369148389245
-0.3175457528595538,0.171956007371546
-0.31710866304144014,0.1793153448086558
-0.3166715732233265,0.18759219894580897
-0.3162344834052129,0.19664824913766848
-0.31579739358709924,0.20591771758133787
-0.3153603037689856,0.21433111074337077
-0.31492321395087197,0.22048896281371771
-0.31448612413275834,0.22306507840713638
-0.3140490343146447,0.22130412782770784
-0.31361194449653107,0.21541075520864597
-0.31317485467841744,0.20664430301655362
-0.3127377648603038,0.1970366277697537
-0.31230067504219017,0.1888015274206707
-0.31186358522407653,0.1836386526008342
-0.3114264954059629,0.182191216434334
-0.31098940558784927,0.1838663993567046
-0.31055231576973563,0.1870882909194953
-0.310115225951622,0.18988373283718524
-0.30967813613350836,0.19057354190086964
-0.30924104631539473,0.1883085436339406
-0.3088039564972811,0.1832627532656471
-0.30836686667916746,0.17644040328312918
-0.3079297768610538,0.16920632274587757
-0.3074926870429402,0.162747575454618
-0.30705559722482656,0.1576822103141879
-0.3066185074067129,0.15395227001182907
-0.3061814175885993,0.15101161538273059
-0.30574432777048566,0.14819944176184516
-0.305307237952372,0.14512475907132805
-0.3048701481342584,0.1418969817689433
-0.30443305831614476,0.13911277408250353
-0.3039959684980311,0.13761445143047857
-0.3035588786799175,0.13812695118510865
-0.30312178886180385,0.14092407912260313
-0.3026846990436902,0.1456572380514031
-0.3022476092255766,0.1514123554321316
-0.30181051940746295,0.15697230557866088
-0.3013734295893493,0.1611871622274153
-0.3009363397712357,0.16331966987397203
-0.30049924995312205,0.16324819346927485
-0.3000621601350084,0.16146523744882949
-0.2996250703168948,0.1588837615485415
-0.29918798049878115,0.15652861759365605
-0.2987508906806675,0.15522422507712563
-0.2983138008625539,0.15538212773001933
-0.29787671104444025,0.1569483385428958
-0.2974396212263266,0.15950803465138172
-0.297002531408213,0.16248802193208753
-0.29656544159009934,0.16536682878540257
-0.2961283517719857,0.16780925758112522
-0.2956912619538721,0.16968277390319583
-0.29525417213575844,0.17096954032789363
-0.2948170823176448,0.1716356276531558
-0.2943799924995312,0.17153684066748412
-0.29394290268141754,0.17042049038829782
-0.2935058128633039,0.16803326426775808
-0.29306872304519027,0.16428964113726566
-0.29263163322707664,0.15941920151285444
-0.292194543408963,0.1540123325656709
-0.29175745359084937,0.14892298691261635
-0.29132036377273574,0.14504766572367214
-0.2908832739546221,0.14305515234478042
-0.29044618413650847,0.14316741360541949
-0.29000909431839483,0.1450771624126668
-0.2895720045002812,0.14803801957210924
-0.28913491468216757,0.15109941413797714
-0.28869782486405393,0.1534057365907409
-0.2882607350459403,0.15445767152732054
-0.28782364522782666,0.15424994580031287
-0.28738655540971303,0.15324608482081858
-0.2869494655915994,0.1522086200781501
-0.28651237577348576,0.1519508482084333
-0.2860752859553721,0.15309700152650785
-0.2856381961372585,0.1559257099431954
-0.28520110631914486,0.16033373368163598
-0.2847640165010312,0.16590971987337708
-0.2843269266829176,0.17207082236098134
-0.28388983686480396,0.17820283905931328
-0.2834527470466903,0.18375980632908434
-0.2830156572285767,0.18831136391294148
-0.28257856741046306,0.1915570816630236
-0.2821414775923494,0.19333908375051959
-0.2817043877742358,0.19367141289853435
-0.28126729795612215,0.19277549026662943
-0.2808302081380085,0.19108548914026477
-0.2803931183198949,0.18918489273105782
-0.27995602850178125,0.18766286253553582
-0.2795189386836676,0.18692477233623767
-0.279081848865554,0.18703011258403907
-0.27864475904744035,0.18763763860261498
-0.2782076692293267,0.1881020253449594
-0.2777705794112131,0.18770131292791317
-0.27733348959309945,0.1859110502786029
-0.2768963997749858,0.182612504613358
-0.2764593099568722,0.1781459201947895
-0.27602222013875855,0.1731866672945197
-0.2755851303206449,0.16850072907095023
-0.2751480405025313,0.16468817513373038
-0.27471095068441764,0.16202385305736342
-0.274273860866304,0.1604539818810128
-0.2738367710481908,0.1597311817276264
-0.2733996812300772,0.15960601157533313
-0.27296259141196355,0.1599708111397935
-0.2725255015938499,0.1608809242036368
-0.2720884117757363,0.16244396178301715
-0.27165132195762265,0.1646378618935839
-0.271214232139509,0.1671598660954579
-0.2707771423213954,0.16940128430607632
-0.27034005250328175,0.17058899597366364
-0.2699029626851681,0.1700568659803183
-0.2694658728670545,0.16754286568760032
-0.26902878304894084,0.16338202497536194
-0.2685916932308272,0.1584961829672414
-0.2681546034127136,0.15415949360385348
-0.26771751359459994,0.1516125154376934
-0.2672804237764863,0.15166657365645908
-0.2668433339583727,0.1544513846769585
-0.26640624414025904,0.1594044082341868
-0.2659691543221454,0.1655017724064912
-0.2655320645040318,0.1716311368411429
-0.26509497468591814,0.1769514488990218
-0.2646578848678045,0.18109808473286065
-0.26422079504969087,0.18416673092356453
-0.26378370523157724,0.1865092090686704
-0.2633466154134636,0.1884525577618343
-0.26290952559534997,0.19007519420717198
-0.26247243577723633,0.19113558321506546
-0.2620353459591227,0.19117305911550767
-0.26159825614100907,0.18972525794201914
-0.26116116632289543,0.18656442707016274
-0.2607240765047818,0.1818580253323537
-0.26028698668666816,0.17619775285875258
-0.25984989686855453,0.1704930134952469
-0.2594128070504409,0.16576816821368093
-0.25897571723232726,0.16292616969376977
-0.25853862741421363,0.16254366646515228
-0.2581015375961,0.1647496507005705
-0.25766444777798636,0.16921656127855605
-0.2572273579598727,0.17526324543285296
-0.2567902681417591,0.1820379568192708
-0.25635317832364546,0.18872475387981186
-0.2559160885055318,0.1947086962089836
-0.2554789986874182,0.19965109990751503
-0.25504190886930456,0.20346275995921861
-0.2546048190511909,0.2062056066720289
-0.2541677292330773,0.2079810347918898
-0.25373063941496365,0.2088610044153724
-0.25329354959685,0.20888637228449186
-0.2528564597787364,0.20811327746427638
-0.25241936996062275,0.2066583783963232
-0.2519822801425091,0.20469605014338715
-0.2515451903243955,0.20239517087539236
-0.25110810050628185,0.19982962234533114
-0.2506710106881682,0.19692582407530587
-0.2502339208700546,0.19350153885531202
-0.24979683105194095,0.18940356910770223
-0.24935974123382731,0.18469145686014404
-0.24892265141571368,0.1797741229597964
-0.24848556159760005,0.1754121557829114
-0.2480484717794864,0.17255209829613974
-0.24761138196137278,0.1720365004928382
-0.24717429214325914,0.17429671111944064
-0.2467372023251455,0.1791523658249893
-0.24630011250703188,0.18580299751112878
-0.24586302268891824,0.19302111686310955
-0.2454259328708046,0.1994779049220848
-0.24498884305269097,0.2040868202177565
-0.24455175323457734,0.20625377590675636
-0.2441146634164637,0.20596784388614897
-0.24367757359835007,0.2037288031437255
-0.24324048378023644,0.20035924590430937
-0.2428033939621228,0.19677212476913156
-0.24236630414400917,0.1937589571823027
-0.24192921432589554,0.1918414088586423
-0.2414921245077819,0.1912043882237377
-0.24105503468966827,0.19171073427173607
-0.24061794487155463,0.1929860470957739
-0.240180855053441,0.19455258623197952
-0.23974376523532737,0.19598083241393988
-0.23930667541721373,0.19701936123538147
-0.2388695855991001,0.19766498463367427
-0.23843249578098646,0.19815043208434718
-0.23799540596287283,0.198853574495295
-0.2375583161447592,0.2001600433316331
-0.23712122632664556,0.20232728184989912
-0.23668413650853193,0.20539479865223378
-0.2362470466904183,0.20916466733190428
-0.23580995687230466,0.21324878588871515
-0.23537286705419103,0.2171581435928418
-0.2349357772360774,0.2204025057182944
-0.23449868741796376,0.22257597154797312
-0.23406159759985012,0.2234172567032357
-0.2336245077817365,0.22284438211469573
-0.23318741796362286,0.22096694668566846
-0.23275032814550922,0.2180766986848873
-0.2323132383273956,0.21461398399180906
-0.23187614850928195,0.2111086289050597
-0.23143905869116832,0.2080998791307596
-0.23100196887305469,0.2060480500566064
-0.23056487905494105,0.20525583325952618
-0.23012778923682742,0.20581659018581813
-0.22969069941871378,0.2076005279511146
-0.22925360960060015,0.21028019238712486
-0.22881651978248652,0.21338784019925403
-0.22837942996437288,0.2163915934775102
-0.22794234014625925,0.21877575318956674
-0.22750525032814561,0.22011272712157223
-0.22706816051003198,0.22011832852000462
-0.22663107069191835,0.21868690727786105
-0.2261939808738047,0.21590599576055997
-0.22575689105569108,0.21205058696226484
-0.22531980123757744,0.2075550536782371
-0.2248827114194638,0.20295839746627115
-0.22444562160135018,0.1988196958072119
-0.22400853178323654,0.19560819890061715
-0.2235714419651229,0.19358597355281176
-0.22313435214700927,0.19271504323550734
-0.22269726232889564,0.19262718111589802
-0.222260172510782,0.19268542284743298
-0.22182308269266837,0.19214039672947186
-0.22138599287455474,0.1903487228122078
-0.2209489030564411,0.18698907534972034
-0.22051181323832747,0.1821994869867034
-0.22007472342021384,0.17657650741125283
-0.2196376336021002,0.17102070662026894
-0.21920054378398657,0.16646919308486757
-0.21876345396587293,0.16360241961510996
-0.2183263641477593,0.1626292548768335
-0.21788927432964567,0.16323142444113298
-0.21745218451153203,0.16469211628062205
-0.2170150946934184,0.16616444930108187
-0.21657800487530476,0.16698099867085414
-0.21614091505719113,0.16688847717489147
-0.2157038252390775,0.16612018545955978
-0.21526673542096386,0.16528230739504438
-0.21482964560285023,0.16510291285220594
-0.2143925557847366,0.16614474985524788
-0.21395546596662296,0.16859334112285687
-0.21351837614850933,0.172197261071051
-0.2130812863303957,0.17637364797901234
-0.21264419651228206,0.18042667432413279
-0.21220710669416842,0.18378681842977465
-0.2117700168760548,0.18617893596277585
-0.21133292705794116,0.18766401483236442
-0.21089583723982752,0.18855470529640977
-0.2104587474217139,0.1892539223755562
-0.21002165760360025,0.19008964626932787
-0.20958456778548662,0.1912106666218024
-0.20914747796737299,0.19257455167546597
-0.20871038814925935,0.1940170945517885
-0.20827329833114572,0.19535999705115062
-0.20783620851303208,0.19650281744543593
-0.20739911869491845,0.19745835560831407
-0.20696202887680482,0.1983199145676283
-0.20652493905869118,0.1991806490397397
-0.20608784924057755,0.20004597542901156
-0.2056507594224639,0.20078181980874873
-0.20521366960435028,0.2011248044624061
-0.20477657978623665,0.20075349742185591
-0.204339489968123,0.1993945042564055
-0.20390240015000938,0.1969238116361117
-0.20346531033189574,0.1934268439652331
-0.2030282205137821,0.18919735383895492
-0.20259113069566848,0.18467749162874397
-0.20215404087755484,0.18036008009768748
-0.2017169510594412,0.17668313104441022
-0.20127986124132757,0.17394482253581148
-0.20084277142321394,0.17225760754724515
-0.2004056816051003,0.17154772314149072
-0.19996859178698667,0.17159519880985635
-0.19953150196887304,0.17210154552740847
-0.1990944121507594,0.1727679150146359
-0.19865732233264577,0.1733653252522604
-0.19822023251453214,0.17378053502536775
-0.1977831426964185,0.17402661671104705
-0.19734605287830487,0.17421608529743146
-0.19690896306019123,0.17450517951950523
-0.1964718732420776,0.17502765101397716
-0.19603478342396397,0.1758415103156586
-0.19559769360585033,0.17690957873987898
-0.1951606037877367,0.17812365995825347
-0.19472351396962306,0.17936528876078534
-0.19428642415150943,0.18057916701684343
-0.1938493343333958,0.18182588144050316
-0.19341224451528216,0.18328409788504957
-0.19297515469716853,0.1851901508290175
-0.1925380648790549,0.18772929494770801
-0.19210097506094126,0.19091709522392808
-0.19166388524282763,0.1945198674503072
-0.191226795424714,0.1980530539642857
-0.19078970560660036,0.20086838685112016
-0.19035261578848672,0.20230609776322245
-0.1899155259703731,0.2018626310596594
-0.18947843615225946,0.19931890276214115
-0.18904134633414582,0.19479092139096496
-0.1886042565160322,0.18869470118756423
-0.18816716669791855,0.18164635238789692
-0.18773007687980492,0.1743338201111624
-0.18729298706169129,0.16739523109635307
-0.18685589724357765,0.16132575852747988
-0.18641880742546402,0.15642048249556936
-0.18598171760735038,0.15275274988679274
-0.18554462778923675,0.15018702028113623
-0.18510753797112312,0.14842686369123342
-0.18467044815300948,0.14709603747352787
-0.18423335833489585,0.14584100053304325
-0.1837962685167822,0.14443090517628604
-0.18335917869866858,0.14282415091670897
-0.18292208888055494,0.14117570162538334
-0.1824849990624413,0.13977718334858832
-0.18204790924432768,0.13894590059976222
-0.18161081942621404,0.13889914567383854
-0.1811737296081004,0.13965773397223435
-0.18073663978998677,0.14101423704902774
-0.18029954997187314,0.1425800140735696
-0.1798624601537595,0.14389851750932028
-0.17942537033564587,0.14458947312529677
-0.17898828051753224,0.1444768916665329
-0.1785511906994186,0.14365753966853378
-0.17811410088130497,0.14248507413343497
-0.17767701106319134,0.14147323008030105
-0.1772399212450777,0.1411498220332366
-0.17680283142696407,0.14191102235093483
-0.17636574160885043,0.1439245169754174
-0.1759286517907368,0.14711011374088226
-0.17549156197262317,0.1511954021810234
-0.17505447215450953,0.15581604361795723
-0.1746173823363959,0.16061792803607505
-0.17418029251828226,0.16532632893784535
-0.17374320270016863,0.16976905344358548
-0.173306112882055,0.17386312227832135
-0.17286902306394136,0.17758563209346898
-0.17243193324582773,0.18094573222145677
-0.1719948434277141,0.1839629274410123
-0.1715577536096009,0.1866486889260637
-0.17112066379148727,0.18899073147561982
-0.17068357397337364,0.19094911380216217
-0.17024648415526,0.19247901615036334
-0.16980939433714637,0.19358589821224284
-0.16937230451903273,0.1943947998027722
-0.1689352147009191,0.19519084990844443
-0.16849812488280547,0.19638318359941423
-0.16806103506469183,0.19837219842425696
-0.1676239452465782,0.20135339311558773
-0.16718685542846456,0.20514272961625063
-0.16674976561035093,0.2091248446039462
-0.1663126757922373,0.2123871455237414
-0.16587558597412366,0.21402010291828052
-0.16543849615601003,0.21347563105205455
-0.1650014063378964,0.2108295292868869
-0.16456431651978276,0.20682098207318536
-0.16412722670166913,0.20263522680690435
-0.1636901368835555,0.19951114974763742
-0.16325304706544186,0.19833546107933156
-0.16281595724732822,0.19938780545436205
-0.1623788674292146,0.20232545469446833
-0.16194177761110096,0.20638230238440805
-0.16150468779298732,0.21066431435844082
-0.1610675979748737,0.21439843301528408
-0.16063050815676005,0.21704178244769534
-0.16019341833864642,0.2182492859887877
-0.1597563285205328,0.2177763628461233
-0.15931923870241915,0.21541615727084826
-0.15888214888430552,0.21102977175984153
-0.15844505906619188,0.20465299943725215
-0.15800796924807825,0.19660224256289932
-0.15757087942996462,0.18749290022554407
-0.15713378961185098,0.178130196885032
-0.15669669979373735,0.16930588851074638
-0.15625960997562371,0.1615899993118273
-0.15582252015751008,0.15521207261325978
-0.15538543033939645,0.15007955577547638
-0.1549483405212828,0.14591069583879102
-0.15451125070316918,0.14240666882313813
-0.15407416088505554,0.1393808106193021
-0.1536370710669419,0.13680111953462
-0.15319998124882828,0.13475827344631414
-0.15276289143071464,0.13340940191177023
-0.152325801612601,0.1329461005077238
-0.15188871179448737,0.13359902302102397
-0.15145162197637374,0.13564862280347315
-0.1510145321582601,0.1393937682226389
-0.15057744234014647,0.14505157789051507
-0.15014035252203284,0.15261082317746272
-0.1497032627039192,0.1617063065264561
-0.14926617288580557,0.17159187408322477
-0.14882908306769194,0.18125432867061123
-0.1483919932495783,0.18964597848628104
-0.14795490343146467,0.19595431907743063
-0.14751781361335103,0.19980559744032575
-0.1470807237952374,0.2013262061577318
-0.14664363397712377,0.20104690872466136
-0.14620654415901013,0.19969793502299146
-0.1457694543408965,0.19797805945257543
-0.14533236452278286,0.19637581902445025
-0.14489527470466923,0.19508594452750533
-0.1444581848865556,0.19402177429324927
-0.14402109506844196,0.19289576901924552
-0.14358400525032833,0.19133289923159863
-0.1431469154322147,0.18898908637134754
-0.14270982561410106,0.18565649438213994
-0.14227273579598743,0.18134116295604572
-0.1418356459778738,0.17629761674670982
-0.14139855615976016,0.17100737053790144
-0.14096146634164652,0.16609964717048645
-0.1405243765235329,0.1622311632833006
-0.14008728670541926,0.15995810351446
-0.13965019688730562,0.15963724037007196
-0.139213107069192,0.16138130427261818
-0.13877601725107835,0.1650724719779779
-0.13833892743296472,0.17041876090011532
-0.13790183761485109,0.1770299625134438
-0.13746474779673745,0.18449294641036512
-0.13702765797862382,0.19243381691446457
-0.13659056816051018,0.20055889440941632
-0.13615347834239655,0.20866628678336735
-0.13571638852428292,0.21662072366684243
-0.13527929870616928,0.22429385283654352
-0.13484220888805565,0.2314912139600994
-0.13440511906994201,0.23790579797043662
-0.13396802925182838,0.2431405974559995
-0.13353093943371475,0.24681824986089854
-0.1330938496156011,0.2487498918944861
-0.13265675979748748,0.24908989119272776
-0.13221966997937384,0.24838688385191934
-0.1317825801612602,0.24747226432711059
-0.13134549034314658,0.24719813080273587
-0.13090840052503294,0.2481159442226477
-0.1304713107069193,0.250232995317248
-0.13003422088880567,0.2529669744575456
-0.12959713107069204,0.2553406316255086
-0.1291600412525784,0.25635231094523003
-0.12872295143446477,0.2553745418478965
-0.12828586161635114,0.25241376804628424
-0.1278487717982375,0.24812118637369632
-0.12741168198012387,0.24355214590813246
-0.12697459216201024,0.23977961669139583
-0.1265375023438966,0.2375258761495069
-0.12610041252578297,0.236960044759797
-0.12566332270766933,0.2377277699802991
-0.1252262328895557,0.23917355864949758
-0.12478914307144207,0.2406360341598101
-0.12435205325332843,0.24167730701645593
-0.1239149634352148,0.24215453231825998
-0.12347787361710116,0.2421278229001774
-0.12304078379898753,0.24167992345155567
-0.1226036939808739,0.24076009538851526
-0.12216660416276026,0.23914185130421337
-0.12172951434464663,0.23651628458340854
-0.121292424526533,0.23266658022699296
-0.12085533470841936,0.22762460733687612
-0.12041824489030573,0.2217197639274424
-0.11998115507219209,0.2154875767407394
-0.11954406525407846,0.20948017446498696
-0.11910697543596482,0.20407321310523496
-0.11866988561785119,0.19936658692778295
-0.11823279579973756,0.19522787821853682
-0.11779570598162392,0.19145323634602457
-0.11735861616351029,0.18795885577977173
-0.11692152634539665,0.1848993231503851
-0.11648443652728302,0.18264558962948726
-0.11604734670916939,0.1816266584732662
-0.11561025689105575,0.18210930700596692
-0.11517316707294212,0.1840244075923855
-0.11473607725482848,0.1869301978557747
-0.11429898743671485,0.19014154659794505
-0.11386189761860122,0.19297939897940078
-0.11342480780048758,0.1950406737677746
-0.11298771798237395,0.19637891361764068
-0.11255062816426031,0.19752176374540656
-0.11211353834614668,0.19931471696238812
-0.11167644852803305,0.20264369850794473
-0.11123935870991941,0.20812785333395234
-0.11080226889180578,0.2158775556460975
-0.11036517907369214,0.22538569631226402
-0.10992808925557851,0.23557728887583368
-0.10949099943746488,0.24499956940091877
-0.10905390961935124,0.25210313662268075
-0.10861681980123761,0.25554819388106204
-0.10817972998312397,0.2544676724861584
-0.10774264016501034,0.2486290153434825
-0.1073055503468967,0.2384578500305696
-0.10686846052878307,0.22491869484889798
-0.10643137071066944,0.20928576798723592
-0.1059942808925558,0.1928708351892205
-0.10555719107444217,0.1767910519803116
-0.10512010125632854,0.16184680063044715
-0.1046830114382149,0.14853693427661957
-0.10424592162010127,0.13718071791793798
-0.10380883180198763,0.12806758571039642
-0.103371741983874,0.12154329024440773
-0.10293465216576037,0.11797566736246559
-0.10249756234764673,0.11761300190973185
-0.1020604725295331,0.12041914123007655
-0.10162338271141946,0.12600158754325444
-0.10118629289330583,0.13371627287893337
-0.1007492030751922,0.14294227742418603
-0.10031211325707856,0.1534124175889257
-0.09987502343896493,0.16541974876382545
-0.0994379336208513,0.17974156098755617
-0.09900084380273766,0.1972372555140767
-0.09856375398462403,0.21824044120885336
-0.09812666416651039,0.24200059813385866
-0.09768957434839676,0.26646047043118776
-0.09725248453028312,0.2885497203387581
-0.09681539471216949,0.30496633311348337
-0.09637830489405586,0.31319365088760576
-0.09594121507594222,0.31236800947883875
-0.09550412525782859,0.30364021332909663
-0.09506703543971495,0.2898617447950747
-0.09462994562160132,0.2746963064655708
-0.09419285580348769,0.2614902675096921
-0.09375576598537405,0.25232752786070306
-0.09331867616726042,0.2476053747525667
-0.09288158634914678,0.24624152907409674
-0.09244449653103315,0.24636367298095213
-0.09200740671291952,0.24615640864290608
-0.09157031689480588,0.244517521770973
-0.09113322707669225,0.2413013266557124
-0.09069613725857861,0.2371300430700383
-0.09025904744046498,0.23293526631039255
-0.08982195762235134,0.22947358896495745
-0.08938486780423771,0.2270226409033749
-0.08894777798612408,0.22534438346487054
-0.08851068816801044,0.22387121365480792
-0.08807359834989681,0.22198932886982073
-0.08763650853178317,0.21928768007438815
-0.08719941871366954,0.21569213147823876
-0.0867623288955559,0.21147162161273916
-0.08632523907744227,0.20714883260600764
-0.08588814925932864,0.20335906386464703
-0.085451059441215,0.20069026914997054
-0.08501396962310137,0.1995274085317358
-0.08457687980498774,0.1999287145132429
-0.0841397899868741,0.20157382155400144
-0.08370270016876047,0.20382395535453085
-0.08326561035064683,0.20590616732073005
-0.0828285205325332,0.20718011534632355
-0.08239143071441957,0.20739252475487352
-0.08195434089630593,0.20680527347554564
-0.0815172510781923,0.20611901898100546
-0.08108016126007866,0.20619729615143395
-0.08064307144196503,0.20768942376953078
-0.0802059816238514,0.21070727478422632
-0.07976889180573776,0.21469903121814302
-0.07933180198762413,0.2185839354998275
-0.0788947121695105,0.22110108480571394
-0.07845762235139686,0.2212339033328405
-0.07802053253328323,0.21854166972918798
-0.07758344271516959,0.21327220387968132
-0.07714635289705596,0.20622356603545514
-0.07670926307894232,0.1984242662195616
-0.07627217326082869,0.19076803359363587
-0.07583508344271506,0.1837464533308471
-0.07539799362460142,0.1773731262755597
-0.07496090380648779,0.1713108668271642
-0.07452381398837415,0.16513287534585808
-0.07408672417026052,0.15859986521518948
-0.07364963435214689,0.15183411691136153
-0.07321254453403325,0.14531696797571256
-0.07277545471591962,0.13971057330654343
-0.07233836489780598,0.13557953134687992
-0.07190127507969235,0.13313340400660592
-0.07146418526157872,0.1321070375015023
-0.07102709544346508,0.13184056720404422
-0.07059000562535145,0.13153569588032746
-0.07015291580723781,0.13058542226730396
-0.06971582598912418,0.12883738105696252
-0.06927873617101099,0.12667558775814672
-0.06884164635289736,0.12488265788027283
-0.06840455653478372,0.12433980308299407
-0.06796746671667009,0.12569092986512645
-0.06753037689855645,0.12910833068549193
-0.06709328708044282,0.1342476237132585
-0.06665619726232919,0.14039512324920136
-0.06621910744421555,0.14673292669967833
-0.06578201762610192,0.15260989207491749
-0.06534492780798828,0.15772091227173415
-0.06490783798987465,0.16214702056988858
-0.06447074817176102,0.16626552819724894
-0.06403365835364738,0.17057742418928346
-0.06359656853553375,0.17551026982521586
-0.06315947871742011,0.18124722186643188
-0.06272238889930648,0.18762098600513197
-0.062285299081192846,0.19410280653570938
-0.06184820926307921,0.19990617502680783
-0.06141111944496558,0.20420192458137268
-0.060974029626851944,0.20640177131139978
-0.06053693980873831,0.20642335307319132
-0.060099849990624676,0.20482713217802315
-0.05966276017251104,0.2027385694543519
-0.05922567035439741,0.20154233921484951
-0.058788580536283774,0.20243437613242604
-0.05835149071817014,0.20599607736972692
-0.057914400900056506,0.21196834089798564
-0.05747731108194287,0.2193341185938595
-0.05704022126382924,0.22669082135303845
-0.056603131445715604,0.23276532044463139
-0.05616604162760197,0.23685720465490928
-0.055728951809488336,0.23902611200477267
-0.0552918619913747,0.23995488753021424
-0.05485477217326107,0.24056735029346393
-0.054417682355147434,0.24158662148923432
-0.0539805925370338,0.2432360294729882
-0.053543502718920166,0.2452041628193151
-0.05310641290080653,0.24686150736345766
-0.0526693230826929,0.24759675484521146
-0.052232233264579264,0.2470949521607996
-0.05179514344646563,0.24542627442988105
-0.051358053628351996,0.24292438519876303
-0.05092096381023836,0.2399466700835349
-0.05048387399212473,0.2366656599383188
-0.050046784174011094,0.23301413552740186
-0.04960969435589746,0.22881328523725017
-0.049172604537783826,0.2240057892283513
-0.04873551471967019,0.21885179587545153
-0.04829842490155656,0.21395902861422683
-0.047861335083442924,0.21010133848033627
-0.04742424526532929,0.20788984138345676
-0.046987155447215656,0.20744193239153239
-0.04655006562910202,0.20820648571157435
-0.04611297581098839,0.2090433668634694
-0.045675885992874754,0.20855132897497577
-0.04523879617476112,0.20553739608350832
-0.044801706356647486,0.19946428320282336
-0.04436461653853385,0.19071858371245543
-0.04392752672042022,0.180602746737919
-0.043490436902306584,0.1710415581379748
-0.04305334708419295,0.16407851411958307
-0.042616257266079316,0.16129643294430815
-0.04217916744796568,0.16331879120932974
-0.04174207762985205,0.16953180660540348
-0.041304987811738414,0.17811613220412167
-0.04086789799362478,0.18639992673985037
-0.040430808175511146,0.1914574349390932
-0.03999371835739751,0.190801856720156
-0.03955662853928388,0.18298393304796282
-0.039119538721170244,0.16792691361357345
-0.03868244890305661,0.146904797380527
-0.038245359084942976,0.122181331158477
-0.03780826926682934,0.0964328258746683
-0.03737117944871571,0.07213831820879281
-0.036934089630602074,0.05111353037710044
-0.03649699981248844,0.034296537621118776
-0.036059909994374806,0.021794754682422618
-0.03562282017626117,0.013116716786993405
-0.03518573035814754,0.007470388873833577
-0.034748640540033904,0.004021030390947365
-0.03431155072192027,0.0020499483422400447
-0.033874460903806636,0.0010113869848771832
-0.033437371085693,0.0005220625593293317
-0.03300028126757937,0.00032569749241182535
-0.032563191449465734,0.00026018301297580255
-0.0321261016313521,0.00023427311236866178
-0.031689011813238466,0.00020845283341262437
-0.03125192199512483,0.00017501744068056094
-0.030814832177011198,0.00013932124507209462
-0.030377742358897564,0.00010810417430373598
-0.02994065254078393,8.715394006419807e-05
-0.029503562722670296,8.300858240567301e-05
-0.02906647290455666,0.00010025081993839944
-0.028629383086443028,0.00013225292365354852
-0.028192293268329394,0.00015516728741697702
-0.02775520345021576,0.0001413869505736424
-0.027318113632102126,9.978154375662761e-05
-0.02688102381398849,0.00012686072428707876
-0.026443933995874858,0.0004305101877575404
-0.026006844177761224,0.0012866856802896314
-0.02556975435964759,0.002920562559027517
-0.025132664541533956,0.005356569021336155
-0.02469557472342032,0.00832524401806835
-0.024258484905306688,0.0113138592255981
-0.023821395087193054,0.013787468740381415
-0.02338430526907942,0.01550901692386813
-0.022947215450965786,0.01680378129334221
-0.02251012563285215,0.01860069693380636
-0.022073035814738518,0.022165170997660376
-0.021635945996624883,0.028586001011345803
-0.02119885617851125,0.03821989419866081
-0.020761766360397615,0.05035108657033223
-0.02032467654228398,0.0632505103658104
-0.019887586724170347,0.07464566095430047
-0.019450496906056713,0.08242264564152577
-0.01901340708794308,0.08527291996015905
-0.018576317269829445,0.08302563852046033
-0.01813922745171581,0.07655676651264043
-0.017702137633602177,0.06735895991884416
-0.017265047815488543,0.056993474603875216
-0.01682795799737491,0.04666360041252488
-0.016390868179261275,0.037051872396228244
-0.01595377836114764,0.028413904523813243
-0.015516688543034007,0.020803305965149562
-0.015079598724920373,0.014270486153391363
-0.01464250890680674,0.008934474526681144
-0.014205419088693105,0.004924705755245813
-0.013768329270579471,0.0022676499885876276
-0.013331239452465837,0.0008115386511005506
-0.012894149634352203,0.00024221105331373162
-0.01245705981623857,0.0001786114408636772
-0.012019969998124935,0.0002901449401948919
-0.011582880180011301,0.00037468337376255574
-0.011145790361897667,0.00037099432279971017
-0.010708700543784033,0.0003259482973122967
-0.0102716107256704,0.00036432391628788736
-0.009834520907556765,0.0007006334085137018
-0.009397431089443131,0.0016934604144986409
-0.008960341271329497,0.0038966284993060965
-0.008523251453215863,0.008036746273807804
-0.00808616163510223,0.014862713711142122
-0.007649071816988595,0.024869325599513124
-0.007211981998874961,0.03797195922960371
-0.006774892180761327,0.05326604892203192
-0.006337802362647693,0.0690088867878953
-0.005900712544534059,0.08289759162777331
-0.005463622726420425,0.09260325412478117
-0.005026532908306791,0.09640402949507745
-0.004589443090193157,0.09369589042996633
-0.004152353272079523,0.08518663652499889
-0.003715263453965889,0.0726927438134771
-0.003278173635852255,0.058611831824630777
-0.002841083817738621,0.04526602375619473
-0.002403993999624987,0.03434744948360361
-0.001966904181511353,0.026634623584021775
-0.001529814363397719,0.02202482683230113
-0.001092724545284085,0.019807131811777474
-0.000655634727170451,0.019037313419401566
-0.000218544909056817,0.018884707729683592
0.000218544909056817,0.01887556133974303
0.000655634727170451,0.019012476694740012
0.001092724545284085,0.019774057020832368
0.001529814363397719,0.021994785592818783
0.001966904181511353,0.026621105063292905
0.002403993999624987,0.03436416028315596
0.002841083817738621,0.04532472902197715
0.003278173635852255,0.05872033387334985
0.003715263453965889,0.07285332524655952
0.004152353272079523,0.08539527570709483
0.004589443090193157,0.09394246674423586
0.005026532908306791,0.0966735696476112
0.005463622726420425,0.09287805445264442
0.005900712544534059,0.08315984012780198
0.006337802362647693,0.06924327041311865
0.006774892180761327,0.05346181912765708
0.007211981998874961,0.03812405395895378
0.007649071816988595,0.024978373494753014
0.00808616163510223,0.01493400854929203
0.008523251453215863,0.008078504691076458
0.008960341271329497,0.003917980769490031
0.009397431089443131,0.0017026501019145432
0.009834520907556765,0.0007038172655498678
0.0102716107256704,0.0003651829119297964
0.010708700543784033,0.0003260754278665219
0.011145790361897667,0.0003707737333938018
0.011582880180011301,0.0003742057426672315
0.012019969998124935,0.000289704553876751
0.01245705981623857,0.000178536600327114
0.012894149634352203,0.00024212567614905386
0.013331239452465837,0.0008094736408686931
0.013768329270579471,0.002259527498239633
0.014205419088693105,0.004904511975415535
0.01464250890680674,0.00889500658901251
0.015079598724920373,0.01420416594601993
0.015516688543034007,0.020702487537651075
0.01595377836114764,0.02827048343026082
0.016390868179261275,0.036856660415750635
0.01682795799737491,0.046406439231336416
0.017265047815488543,0.056664999844935
0.017702137633602177,0.06695415068473992
0.01813922745171581,0.07607923357059897
0.018576317269829445,0.08249067120598803
0.01901340708794308,0.08470727812340383
0.019450496906056713,0.08186018319776155
0.019887586724170347,0.07411970462132403
0.02032467654228398,0.06278560386195381
0.020761766360397615,0.049957325428730374
0.02119885617851125,0.03789218731414301
0.021635945996624883,0.02830854264713279
0.022073035814738518,0.02191916348730947
0.02251012563285215,0.01837202961006675
0.022947215450965786,0.01658758511857492
0.02338430526907942,0.015309619806854418
0.023821395087193054,0.013614423027634309
0.024258484905306688,0.011176332439803477
0.02469557472342032,0.008227439973075724
0.025132664541533956,0.005295953872255977
0.02556975435964759,0.0028891158116051046
0.026006844177761224,0.0012740273663136748
0.026443933995874858,0.0004271900622404755
0.02688102381398849,0.000126439860394346
0.027318113632102126,9.922326568164472e-05
0.02775520345021576,0.00014014566513643805
0.028192293268329394,0.00015380542077516284
0.028629383086443028,0.00013133767246264016
0.02906647290455666,9.988125006723844e-05
0.029503562722670296,8.289944792260724e-05
0.02994065254078393,8.696787948985546e-05
0.030377742358897564,0.00010772181452050025
0.030814832177011198,0.00013888412176565006
0.03125192199512483,0.00017475505758322374
0.031689011813238466,0.00020843442724489828
0.0321261016313521,0.00023427453189495937
0.032563191449465734,0.0002598163910426466
0.033000281267578924,0.0003248109510705771
0.03343737108569256,0.0005212071938060687
0.03387446090380619,0.0010119615269376734
0.034311550721919826,0.00205361058190784
0.03474864054003346,0.004028219012144039
0.035185730358147094,0.007478301799408025
0.03562282017626073,0.013117628430602695
0.03605990999437436,0.0217757988532786
0.036496999812487996,0.03424177807786403
0.03693408963060163,0.05100828589454513
0.037371179448715264,0.0719746251029473
0.0378082692668289,0.09621413087925652
0.03824535908494253,0.12192446950590315
0.038682448903056166,0.14663815241542558
0.0391195387211698,0.1676850645973297
0.039556628539283434,0.18280045615462193
0.03999371835739707,0.19070262550247338
0.0404308081755107,0.19145646189088633
0.040867897993624336,0.1864986629235857
0.04130498781173797,0.1783057472704432
0.041742077629851604,0.16979695238422507
0.04217916744796524,0.16364112235983747
0.04261625726607887,0.16165671133264356
0.043053347084192506,0.16445707589540273
0.04349043690230614,0.17141775159847963
0.043927526720419774,0.18095428468531696
0.04436461653853341,0.19102155490107012
0.04480170635664704,0.19969409215829007
0.045238796174760676,0.2056705027492676
0.04567588599287431,0.20856754372570005
0.046112975810987944,0.20892855165954888
0.04655006562910158,0.20795554929961138
0.04698715544721521,0.20706175132482038
0.047424245265328846,0.20740122032608535
0.04786133508344248,0.20953869879087464
0.048298424901556114,0.21336667444388271
0.04873551471966975,0.21827662636205655
0.04917260453778338,0.22348796687123199
0.049609694355897016,0.22837787037746934
0.05004678417401065,0.23266710713910194
0.050483873992124284,0.23639648807655209
0.05092096381023792,0.23973693743195135
0.05135805362835155,0.24275899784206717
0.051795143446465186,0.24530207597412987
0.05223223326457882,0.2470221831234877
0.052669323082692454,0.2475918124404231
0.05310641290080609,0.24693363041938513
0.05354350271891972,0.24534201743892853
0.053980592537033356,0.24340095858582103
0.05441768235514699,0.24171696215426033
0.054854772173260624,0.2405936604427227
0.05529186199137426,0.23982120524931297
0.05572895180948789,0.23870963626634964
0.056166041627601526,0.23637921676826715
0.05660313144571516,0.2321894406774931
0.057040221263828794,0.22610924240033317
0.05747731108194243,0.21884631178063646
0.05791440090005606,0.21165850918022677
0.058351490718169696,0.20591508816067478
0.05878858053628333,0.20258983215957604
0.059225670354396964,0.20189802186867986
0.0596627601725106,0.20322258771436433
0.06009984999062423,0.20534692523165465
0.060536939808737866,0.20688489646920802
0.0609740296268515,0.20672956233203127
0.061411119444965134,0.2043556193002404
0.06184820926307877,0.19988963999530432
0.0622852990811924,0.19396246756753116
0.06272238889930604,0.1874329076692241
0.06315947871741967,0.18109575781594348
0.0635965685355333,0.17546414846488018
0.06403365835364694,0.1706704336281515
0.06447074817176057,0.1664877846662744
0.0649078379898742,0.1624494186672458
0.06534492780798784,0.15803099806501497
0.06578201762610147,0.15285372840439387
0.06621910744421511,0.14685588548477924
0.06665619726232874,0.14037543251929246
0.06709328708044238,0.13409940729767306
0.06753037689855601,0.12887458779565628
0.06796746671666964,0.12543002431095068
0.06840455653478328,0.12411054468650895
0.06884164635289691,0.12473262394420467
0.06927873617101055,0.12663533746600003
0.06971582598912418,0.12892056842203445
0.07015291580723781,0.13079258874685323
0.07059000562535145,0.13185857099735512
0.07102709544346508,0.1322643278945302
0.07146418526157872,0.13260979827036967
0.07190127507969235,0.1336843070460538
0.07233836489780598,0.1361381000866754
0.07277545471591962,0.14022976441402252
0.07321254453403325,0.14575063779382216
0.07364963435214689,0.15214723535592764
0.07408672417026052,0.1587780004128432
0.07452381398837415,0.16518723777200586
0.07496090380648779,0.17127674608268534
0.07539799362460142,0.17730213692498947
0.07583508344271506,0.18369533129966192
0.07627217326082869,0.1907876549355811
0.07670926307894232,0.19855175373031358
0.07714635289705596,0.2064784286788304
0.07758344271516959,0.21365560578414478
0.07802053253328323,0.2190371744323021
0.07845762235139686,0.22180864431005282
0.0788947121695105,0.2217076551234607
0.07933180198762413,0.21916430154914557
0.07976889180573776,0.21519163957004944
0.0802059816238514,0.21105718119056682
0.08064307144196503,0.20785945948585602
0.08108016126007866,0.206177058161642
0.0815172510781923,0.20592858211343845
0.08195434089630593,0.20649200771807055
0.08239143071441957,0.20702160034475986
0.0828285205325332,0.20682124401937904
0.08326561035064683,0.20562012781761516
0.08370270016876047,0.2036522661038152
0.0841397899868741,0.20153381891369823
0.08457687980498774,0.20001476146981148
0.08501396962310137,0.19971743998545297
0.085451059441215,0.20095565676133426
0.08588814925932864,0.20367502441094396
0.08632523907744227,0.20750245849739443
0.0867623288955559,0.21186521213977638
0.08719941871366954,0.21614084071670286
0.08763650853178317,0.2198122846053572
0.08807359834989681,0.22260657992546254
0.08851068816801044,0.22458510814370286
0.08894777798612408,0.2261413388639232
0.08938486780423771,0.2278720690886157
0.08982195762235134,0.2303333447567892
0.09025904744046498,0.23375977357931305
0.09069613725857861,0.23787828138469116
0.09113322707669225,0.2419424697521359
0.09157031689480588,0.24503341719105493
0.09200740671291952,0.24654147785033811
0.09244449653103315,0.24662348797902028
0.09288158634914678,0.24639106600376764
0.09331867616726042,0.24766712780940145
0.09375576598537405,0.25232899428266237
0.09419285580348769,0.2614603598947111
0.09462994562160132,0.274661054158439
0.09506703543971495,0.2898406518431358
0.09550412525782859,0.30364501866083193
0.09594121507594222,0.3124048086222505
0.09637830489405586,0.31326758199680566
0.09681539471216949,0.30508623915305844
0.09725248453028312,0.28872956153169055
0.09768957434839676,0.26671547393221634
0.09812666416651039,0.24233885709976896
0.09856375398462403,0.21865357229175794
0.09900084380273766,0.1976951202652474
0.0994379336208513,0.18019491614926048
0.09987502343896493,0.16581130528255866
0.10031211325707856,0.15369274496118232
0.1007492030751922,0.1430843657467153
0.10118629289330583,0.1337227860830143
0.10162338271141946,0.12590186827947344
0.1020604725295331,0.12025735917863692
0.10249756234764673,0.11743234119977908
0.10293465216576037,0.11780453296183004
0.103371741983874,0.1213879412195439
0.10380883180198763,0.12791249597727103
0.10424592162010127,0.1369950348109486
0.1046830114382149,0.1482839351202944
0.10512010125632854,0.16149345178417676
0.10555719107444217,0.17631589181063675
0.1059942808925558,0.19226938040094033
0.10643137071066944,0.2085729098155041
0.10686846052878307,0.22412734683672597
0.1073055503468967,0.23763318594304642
0.10774264016501034,0.24781858854515515
0.10817972998312397,0.2537094196906704
0.10861681980123761,0.2548599336607925
0.10905390961935124,0.2514775832343042
0.10949099943746488,0.24440749499462458
0.10992808925557851,0.23497862869039834
0.11036517907369214,0.22474528516119324
0.11080226889180578,0.21518022086574323
0.11123935870991941,0.20738767012679737
0.11167644852803305,0.20190428647813677
0.11211353834614668,0.19864059377016924
0.11255062816426031,0.19698367466090483
0.11298771798237395,0.19603767575835604
0.11342480780048758,0.19493401987171333
0.11386189761860122,0.19311487960081417
0.11429898743671485,0.19049647471917816
0.11473607725482848,0.18745766492413726
0.11517316707294212,0.18466309834027222
0.11561025689105575,0.1827943914461847
0.11604734670916939,0.18229935964398983
0.11648443652728302,0.1832598601134265
0.11692152634539665,0.18542508788564746
0.11735861616351029,0.18838217593124446
0.11779570598162392,0.19177427709724912
0.11823279579973756,0.1954576251362024
0.11866988561785119,0.1995229445026246
0.11910697543596482,0.20417669788949053
0.11954406525407846,0.20954920483765874
0.11998115507219209,0.21553357124159578
0.12041824489030573,0.22174284222547896
0.12085533470841936,0.2276113066702388
0.121292424526533,0.23259116608920327
0.12172951434464663,0.23634656381937272
0.12216660416276026,0.23884887773789684
0.1226036939808739,0.2403292786483067
0.12304078379898753,0.24111966927730583
0.12347787361710116,0.24147181326079953
0.1239149634352148,0.24145550320614725
0.12435205325332843,0.24099331442116415
0.12478914307144207,0.24001354158302188
0.1252262328895557,0.2386336967616702
0.12566332270766933,0.23726161643163005
0.12610041252578297,0.23653556630163722
0.1265375023438966,0.23710436580462058
0.12697459216201024,0.23933508835364062
0.12741168198012387,0.2430853253082658
0.1278487717982375,0.2476615944044345
0.12828586161635114,0.25200840706278654
0.12872295143446477,0.2550677644588539
0.1291600412525784,0.2561657748109407
0.12959713107069204,0.25526264948533334
0.13003422088880567,0.25295662841183025
0.1304713107069193,0.2502377439499301
0.13090840052503294,0.24809514020506093
0.13134549034314658,0.24714188184530447
0.1317825801612602,0.24740691211365046
0.13221966997937384,0.24836427594218016
0.13265675979748748,0.24916487226046166
0.1330938496156011,0.24895568327386663
0.13353093943371475,0.24715022178486362
0.13396802925182838,0.2435550675258647
0.13440511906994201,0.2383338150948409
0.13484220888805565,0.23186094820394762
0.13527929870616928,0.22455205209940562
0.13571638852428247,0.21674493886932114
0.1361534783423961,0.2086643215292005
0.13659056816050974,0.20045775888727355
0.13702765797862337,0.19226461688507454
0.137464747796737,0.18427888984529425
0.13790183761485064,0.17678203956519928
0.13833892743296428,0.17013925715330966
0.1387760172510779,0.16476260544971844
0.13921310706919154,0.16104775608275954
0.13965019688730518,0.1592936888412018
0.1400872867054188,0.15962112750024113
0.14052437652353245,0.16191322086786422
0.14096146634164608,0.16580350220180626
0.14139855615975971,0.17072551882800732
0.14183564597787335,0.17601745778312178
0.14227273579598698,0.1810533962184501
0.14270982561410062,0.18536224668311618
0.14314691543221425,0.18870168377913488
0.14358400525032788,0.19107283823784635
0.14402109506844152,0.19268099609811898
0.14445818488655515,0.1938580137635487
0.14489527470466879,0.19496210799599384
0.14533236452278242,0.19626724276413418
0.14576945434089605,0.1978565374109442
0.1462065441590097,0.19954413405412916
0.14664363397712332,0.20085949316577736
0.14708072379523696,0.20112351768338613
0.1475178136133506,0.19961926754717138
0.14795490343146422,0.1958179423537918
0.14839199324957786,0.189584067278991
0.1488290830676915,0.1812762265764428
0.14926617288580513,0.1716925413023957
0.14970326270391876,0.16187244440553086
0.1501403525220324,0.15282847849728848
0.15057744234014603,0.14531124782168786
0.15101453215825966,0.13969095204854706
0.1514516219763733,0.13598050019781002
0.15188871179448693,0.13395992826222017
0.15232580161260056,0.13332471916052643
0.1527628914307142,0.13378921546337505
0.15319998124882783,0.13512071413177845
0.15363707106694147,0.13712943662639823
0.1540741608850551,0.13966257240872562
0.15451125070316873,0.14263402138000697
0.15494834052128237,0.1460791110470825
0.155385430339396,0.15018678402585156
0.15582252015750964,0.1552587705963769
0.15625960997562327,0.16158219978518829
0.1566966997937369,0.1692579181985612
0.15713378961185054,0.17806578411746637
0.15757087942996417,0.18744261916402158
0.1580079692480778,0.19659701310021
0.15844505906619144,0.20471538618434307
0.15888214888430507,0.21116632910474764
0.1593192387024187,0.2156142690189795
0.15975632852053234,0.21800767904241583
0.16019341833864598,0.21847937533042766
0.1606305081567596,0.21724293039882533
0.16106759797487324,0.21456075469599484
0.16150468779298688,0.21080041381159337
0.1619417776111005,0.20652285017070834
0.16237886742921415,0.2025066619101958
0.16281595724732778,0.1996354685588324
0.16325304706544141,0.19865237667928212
0.16369013688355505,0.19987403008482588
0.16412722670166868,0.20300367455933072
0.16456431651978232,0.20715585948958437
0.16500140633789595,0.2111134042365562
0.16543849615600958,0.21372614190468475
0.16587558597412322,0.21428921474028526
0.16631267579223685,0.2127447655300437
0.1667497656103505,0.20963189124709602
0.16718685542846412,0.20582361042284178
0.16762394524657775,0.20217872994099184
0.1680610350646914,0.1992590762188394
0.16849812488280502,0.19721368680569243
0.16893521470091866,0.19584293007542233
0.1693723045190323,0.19477528992846693
0.16980939433714592,0.1936552277609064
0.17024648415525956,0.1922606122261187
0.1706835739733732,0.19052190656771387
0.17112066379148683,0.1884684169632219
0.17155775360960046,0.18615270822808958
0.1719948434277141,0.1835968041595605
0.17243193324582773,0.1807768132072792
0.17286902306394136,0.17763736372388106
0.173306112882055,0.17411783944081405
0.17374320270016863,0.170178700516795
0.17418029251828226,0.16582706785854767
0.1746173823363959,0.16114439865710414
0.17505447215450953,0.15631202372461336
0.17549156197262317,0.15161938400284988
0.1759286517907368,0.1474362424517251
0.17636574160885043,0.1441407188868584
0.17680283142696407,0.14201648686017465
0.1772399212450777,0.14115326124208585
0.17767701106319134,0.14139201851931493
0.17811410088130497,0.14234425394863276
0.1785511906994186,0.1434874130913164
0.17898828051753224,0.14430865165412654
0.17942537033564587,0.14444959048458508
0.1798624601537595,0.14380363253252307
0.18029954997187314,0.14253423983585997
0.18073663978998677,0.14100995098441596
0.1811737296081004,0.13967955833128393
0.18161081942621404,0.1389296139937397
0.18204790924432768,0.13897083839528532
0.1824849990624413,0.13978920863520528
0.18292208888055494,0.1411751457418133
0.18335917869866858,0.14281761251794944
0.1837962685167822,0.14442822915986525
0.18423335833489585,0.14585166881047656
0.18467044815300948,0.1471259309119378
0.18510753797112312,0.14847625566440942
0.18554462778923675,0.15025047940455522
0.18598171760735038,0.152821225404334
0.18641880742546402,0.15648515250964806
0.18685589724357765,0.161382414713671
0.18729298706169129,0.16744745882213796
0.18773007687980492,0.17439341308779804
0.18816716669791855,0.1817303764698932
0.1886042565160322,0.18882004105285874
0.18904134633414582,0.1949683384284712
0.18947843615225946,0.19954897863838877
0.1899155259703731,0.20213525452421746
0.19035261578848672,0.202603701642784
0.19078970560660036,0.2011716474027403
0.191226795424714,0.1983468916976778
0.19166388524282763,0.19479763783902962
0.19210097506094126,0.1911816662440445
0.1925380648790549,0.18799082256827665
0.19297515469716853,0.18546133639009174
0.19341224451528216,0.18357431379809458
0.1938493343333958,0.1821357814359781
0.19428642415150943,0.18089733078538112
0.19472351396962306,0.1796680994062007
0.1951606037877367,0.17837891758666286
0.19559769360585033,0.17708332524701326
0.19603478342396397,0.17590640771319105
0.1964718732420776,0.17497046396572724
0.19690896306019123,0.17433091940932366
0.19734605287830487,0.17394735005095158
0.1977831426964185,0.1736983120649915
0.19822023251453214,0.17343181143674105
0.19865732233264577,0.17303148416487274
0.1990944121507594,0.17247484191184553
0.19953150196887304,0.17186406828353845
0.19996859178698667,0.1714192313450318
0.2004056816051003,0.17143480618588525
0.20084277142321394,0.1722099072963319
0.20127986124132757,0.1739687972950617
0.2017169510594412,0.17679065226074733
0.20215404087755484,0.18056651110083424
0.20259113069566848,0.18499696924594491
0.2030282205137821,0.1896363079396666
0.20346531033189574,0.19397759131693496
0.20390240015000938,0.19756060727412664
0.204339489968123,0.20007428002744204
0.20477657978623665,0.2014223314088612
0.20521366960435028,0.20172908376259271
0.2056507594224639,0.20128082757768606
0.20608784924057755,0.20042135084543558
0.20652493905869118,0.19943872057763085
0.20696202887680482,0.19848538833933696
0.20739911869491845,0.1975613477873514
0.20783620851303208,0.19656419035837933
0.20827329833114572,0.1953809295742708
0.20871038814925935,0.19397720298684634
0.20914747796737299,0.19243932492420643
0.20958456778548662,0.19094508736244245
0.21002165760360025,0.18967240063611276
0.2104587474217139,0.18868661213950522
0.21089583723982752,0.18786283140509966
0.21133292705794116,0.18689000022469796
0.2117700168760548,0.18537049139699224
0.21220710669416842,0.18298530913092598
0.21264419651228206,0.17965950458847707
0.2130812863303957,0.17565264066202385
0.21351837614850933,0.17152263064132295
0.21395546596662296,0.1679610860401744
0.2143925557847366,0.16555455702579794
0.21482964560285023,0.16456387536673028
0.21526673542096386,0.16481454454036107
0.2157038252390775,0.16575151686655248
0.21614091505719113,0.16664653255103773
0.21657800487530476,0.16688251055523845
0.2170150946934184,0.16620478489357132
0.21745218451153203,0.16483887006759218
0.21788927432964567,0.16342549213486143
0.2183263641477593,0.1627948801191199
0.21876345396587293,0.16366455951633965
0.21920054378398657,0.16637328180653244
0.2196376336021002,0.1707480249844471
0.22007472342021384,0.17614909998424402
0.22051181323832747,0.18167206875391423
0.2209489030564411,0.18643044571993309
0.22138599287455474,0.18981969037812166
0.22182308269266837,0.19167694874292668
0.222260172510782,0.19229379324604437
0.22269726232889564,0.19229229322759056
0.22313435214700927,0.1924178103803363
0.2235714419651229,0.19332095036704158
0.22400853178323654,0.19539305343406216
0.22444562160135018,0.19869199834102091
0.2248827114194638,0.20296138395149063
0.22531980123757744,0.2077193268229416
0.22575689105569108,0.21238058645428678
0.2261939808738047,0.21637763809783878
0.22663107069191835,0.21925734675664527
0.22706816051003198,0.22074307152444694
0.22750525032814561,0.22076213169175912
0.22794234014625925,0.21944368652202967
0.22837942996437288,0.21709309894015263
0.22881651978248652,0.21414787403257535
0.22925360960060015,0.21111923870328722
0.22969069941871378,0.20852355792343416
0.23012778923682742,0.20680946201473716
0.23056487905494105,0.20628937970525296
0.23100196887305469,0.20708682863928815
0.23143905869116832,0.2091113091541337
0.23187614850928195,0.21206917999865332
0.2323132383273956,0.2155112354121919
0.23275032814550922,0.21890806862451676
0.23318741796362286,0.2217367467832197
0.2336245077817365,0.22356052695638604
0.23406159759985012,0.22408812779119947
0.23449868741796376,0.22320742098211696
0.2349357772360774,0.22099516016679482
0.23537286705419103,0.217705750002158
0.23580995687230466,0.21373865978129997
0.2362470466904183,0.20958084779302721
0.23668413650853193,0.20572333337912224
0.23712122632664556,0.20256179185116938
0.2375583161447592,0.20030516632344691
0.2379954059628724,0.1989245267173678
0.23843249578098602,0.19816855545834294
0.23886958559909965,0.19765097345781016
0.2393066754172133,0.1969869650413474
0.23974376523532692,0.19593366231807097
0.24018085505344056,0.19448532248825054
0.2406179448715542,0.19288952277919022
0.24105503468966782,0.19157888519097188
0.24149212450778146,0.1910404803395542
0.2419292143258951,0.19166136718243557
0.24236630414400873,0.19359069895285774
0.24280339396212236,0.19665106641250873
0.243240483780236,0.20032122420527523
0.24367757359834963,0.20380232966635384
0.24411466341646326,0.20616782525367908
0.2445517532345769,0.20657853231210208
0.24498884305269053,0.2045193876887831
0.24542593287080416,0.19999130577946064
0.2458630226889178,0.1935858665731449
0.24630011250703143,0.18639415075590818
0.24673720232514507,0.17975345052086192
0.2471742921432587,0.1748991597315262
0.24761138196137233,0.1726352625497542
0.24804847177948597,0.17314006936120457
0.2484855615975996,0.1759768358394236
0.24892265141571324,0.18029894317239312
0.24935974123382687,0.18516179425003165
0.2497968310519405,0.1898147508757086
0.25023392087005414,0.1938645717552396
0.2506710106881678,0.19726714674479262
0.2511081005062814,0.20018378800025216
0.25154519032439504,0.2027928374989186
0.2519822801425087,0.20515225340369767
0.2524193699606223,0.20716640016745597
0.25285645977873594,0.20864719689842334
0.2532935495968496,0.20941157103186844
0.2537306394149632,0.2093482751744765
0.25416772923307684,0.20841822123483958
0.2546048190511905,0.20660168451947572
0.2550419088693041,0.20384248687629491
0.25547899868741775,0.20004234868009987
0.2559160885055314,0.19512759910586117
0.256353178323645,0.1891646071941609
0.25679026814175865,0.1824662560417518
0.2572273579598723,0.17562803799251997
0.2576644477779859,0.16945987372273913
0.25810153759609955,0.16482337996197147
0.2585386274142132,0.16242277901185723
0.2589757172323268,0.16261532717836286
0.25941280705044045,0.16530034345159522
0.2598498968685541,0.16992130120853818
0.2602869866866677,0.175583500580839
0.26072407650478135,0.1812590616675278
0.261161166322895,0.18602650411794844
0.2615982561410086,0.18927826827551011
0.26203534595912226,0.1908318083066134
0.2624724357772359,0.19090354986566274
0.2629095255953495,0.1899491805533009
0.26334661541346316,0.18842643733717362
0.2637837052315768,0.18657580631286103
0.2642207950496904,0.1843177854504233
0.26465788486780406,0.18132291511242626
0.2650949746859177,0.17723521236653825
0.26553206450403133,0.17195356001150494
0.26596915432214496,0.16583705358678139
0.2664062441402586,0.15972274688802907
0.26684333395837223,0.15472224854958663
0.26728042377648586,0.1518633069287945
0.2677175135945995,0.1517172651228659
0.26815460341271313,0.15416691281020514
0.26859169323082677,0.1584143012611277
0.2690287830489404,0.16322931569664303
0.26946587286705403,0.16734184098853516
0.26990296268516767,0.16982605370166023
0.2703400525032813,0.1703362027145399
0.27077714232139494,0.1691209975670591
0.27121423213950857,0.16683628988411633
0.2716513219576222,0.16425282490635967
0.27208841177573584,0.16198670788424788
0.2725255015938495,0.16035564168504268
0.2729625914119631,0.15939835542003244
0.27339968123007674,0.15901854764503134
0.2738367710481904,0.15916153666079386
0.274273860866304,0.1599240079672091
0.27471095068441764,0.1615368467436493
0.2751480405025313,0.16422889103719251
0.2755851303206449,0.1680433085570526
0.27602222013875855,0.1727072512817672
0.2764593099568722,0.17763446710780872
0.2768963997749858,0.18207850041499357
0.27733348959309945,0.18538040871435632
0.2777705794112131,0.18720569505808032
0.2782076692293267,0.18766526429860567
0.27864475904744035,0.18726531300340993
0.279081848865554,0.18670690076594323
0.2795189386836676,0.18662067020649983
0.27995602850178125,0.1873453101736991
0.2803931183198949,0.1888312146213907
0.2808302081380085,0.19069003161178896
0.28126729795612215,0.19234841587702628
0.2817043877742358,0.19323004770183355
0.2821414775923494,0.1928961647483764
0.28257856741046306,0.19111164722340312
0.2830156572285767,0.18784679276427566
0.2834527470466903,0.18325028032432472
0.28388983686480396,0.1776257813332616
0.2843269266829176,0.17142027730546802
0.2847640165010312,0.1652052232346839
0.28520110631914486,0.15962099814447758
0.2856381961372585,0.15526854084207461
0.2860752859553721,0.1525629463922813
0.28651237577348576,0.15159503481666606
0.2869494655915994,0.15206052078890267
0.28738655540971303,0.15330273280934784
0.28782364522782666,0.1544770718768746
0.2882607350459403,0.15479808737474718
0.28869782486405393,0.15379262262149676
0.28913491468216757,0.15147122946230393
0.2895720045002812,0.14835155383721296
0.29000909431839483,0.14531572069959434
0.29044618413650847,0.1433421899402901
0.2908832739546221,0.1431993982438448
0.29132036377273574,0.14520506489559035
0.29175745359084937,0.14913329199998374
0.292194543408963,0.15429828309273175
0.29263163322707664,0.15977859443960868
0.29306872304519027,0.16469505742077098
0.2935058128633039,0.1684397002182472
0.29394290268141754,0.17077870594684927
0.2943799924995312,0.17180844147014862
0.2948170823176448,0.1718053644847923
0.29525417213575844,0.17105121143030963
0.2956912619538721,0.16971711754019986
0.2961283517719857,0.1678546227078263
0.29656544159009934,0.1654854167382866
0.297002531408213,0.16273150477197795
0.2974396212263266,0.1599061685590085
0.29787671104444025,0.15750301680278192
0.2983138008625539,0.15606766358486546
0.2987508906806675,0.1559930938066398
0.29918798049878115,0.15732083645586806
0.2996250703168948,0.15963767948967905
0.3000621601350084,0.16212761767086523
0.30049924995312205,0.1637818638073246
0.3009363397712357,0.1637075190074038
0.3013734295893493,0.1614318642082481
0.30181051940746295,0.1570919497272155
0.3022476092255766,0.15143315515554923
0.3026846990436902,0.14560546864792498
0.30312178886180385,0.14081990257606466
0.3035588786799175,0.13798237149958864
0.3039959684980311,0.1374361791410169
0.30443305831614476,0.1389086853618081
0.3048701481342584,0.1416830323150755
0.305307237952372,0.1449286216587517
0.30574432777048566,0.14805827222147452
0.3061814175885993,0.15096387272945022
0.3066185074067129,0.154026315282119
0.30705559722482656,0.15788613185271977
0.3074926870429402,0.1630644436417374
0.3079297768610538,0.16959693322833072
0.30836686667916746,0.1768525465597434
0.3088039564972811,0.18364359535692448
0.30924104631539473,0.18861592468785676
0.30967813613350836,0.19078309971850313
0.310115225951622,0.18999097758450642
0.31055231576973563,0.18710684410480963
0.31098940558784927,0.1838245323620409
0.3114264954059629,0.1821283148786397
0.31186358522407653,0.183601874605146
0.31230067504219017,0.18884174643451793
0.3127377648603038,0.19720259886373684
0.31317485467841744,0.20697502673348728
0.31361194449653107,0.21592762253500072
0.3140490343146447,0.22200558162679346
0.31448612413275834,0.2239263640308102
0.31492321395087197,0.2214678906678307
0.3153603037689856,0.2153782765130745
0.31579739358709924,0.20698752016396135
0.3162344834052129,0.19770645080770644
0.3166715732233265,0.18861715946276694
0.31710866304144014,0.1802929317603435
0.3175457528595538,0.17287123702290105
0.3179828426776674,0.16629387658118702
0.31841993249578104,0.16056907730987355
0.3188570223138947,0.1559201651778402
0.3192941121320083,0.15275274450407292
0.31973120195012195,0.15146307544729457
0.3201682917682356,0.15218456022949983
0.3206053815863492,0.15459725642961428
0.32104247140446285,0.15789839054133945
0.3214795612225765,0.1609637900305894
0.3219166510406901,0.16265051041710563
0.32235374085880375,0.16213247568625916
0.3227908306769174,0.15914652340943275
0.323227920495031,0.15405999232036818
0.32366501031314465,0.14773753979598916
0.3241021001312583,0.14125681489386444
0.3245391899493719,0.13557267763282124
0.32497627976748555,0.13124178418639862
0.3254133695855992,0.12829346054687543
0.3258504594037128,0.12628181619445253
0.32628754922182646,0.12449631684067984
0.3267246390399401,0.12225991289463092
0.3271617288580537,0.11921645880304756
0.32759881867616736,0.11550896391724076
0.328035908494281,0.11177968947813731
0.3284729983123946,0.10897901235699582
0.32891008813050826,0.10803951314840554
0.3293471779486219,0.10953133190814121
0.32978426776673553,0.1134363582002077
0.33022135758484916,0.11914346043052694
0.3306584474029628,0.1256797271722399
0.33109553722107643,0.13208722399838235
0.33153262703919006,0.1377814574179852
0.3319697168573037,0.1427283444337978
0.33240680667541733,0.14735855537199377
0.33284389649353097,0.15226552165953366
0.3332809863116446,0.15784177741198385
0.33371807612975823,0.1640389648856615
0.33415516594787187,0.17037074312212314
0.3345922557659855,0.17614872139757262
0.33502934558409914,0.18081884015244606
0.33546643540221277,0.18421594832674656
0.3359035252203264,0.18660361547137388
0.33634061503844004,0.18848514531837304
0.3367777048565537,0.19029318333071638
0.3372147946746673,0.192123268085659
0.33765188449278094,0.1936435678916056
0.3380889743108946,0.19421324953441657
0.3385260641290082,0.19313481557920326
0.33896315394712184,0.1899096163570777
0.3394002437652355,0.18438494410747389
0.3398373335833491,0.1767553993970815
0.3402744234014623,0.16746180367573976
0.34071151321957593,0.15707160951894064
0.34114860303768957,0.1462083852346993
0.3415856928558032,0.13554315280425125
0.34202278267391684,0.12580648998951874
0.34245987249203047,0.11776172901708852
0.3428969623101441,0.11210557676052595
0.34333405212825774,0.10931405088122649
0.3437711419463714,0.10949532287151716
0.344208231764485,0.11231997389641948
0.34464532158259864,0.11706820320686653
0.3450824114007123,0.12278076538638925
0.3455195012188259,0.1284552537189901
0.34595659103693954,0.13321538613960396
0.3463936808550532,0.13640351165004236
0.3468307706731668,0.13759112705596668
0.34726786049128044,0.13654349851496173
0.3477049503093941,0.1331904743171997
0.3481420401275077,0.12763883329913664
0.34857912994562135,0.12022255721145483
0.349016219763735,0.11154883883028452
0.3494533095818486,0.10248230913780967
0.34989039939996225,0.09402909902216716
0.3503274892180759,0.08712915115120687
0.3507645790361895,0.08241729881985937
0.35120166885430315,0.0800435435990687
0.3516387586724168,0.07963195191341263
0.3520758484905304,0.08040625156899571
0.35251293830864405,0.08144006068354208
0.3529500281267577,0.08193396802213833
0.3533871179448713,0.08140912342538256
0.35382420776298495,0.07974640013207761
0.3542612975810986,0.07707430963514379
0.3546983873992122,0.07358163617502786
0.35513547721732586,0.06936519666860488
0.3555725670354395,0.06440069568542049
0.3560096568535531,0.05865584355674717
0.35644674667166676,0.05228469750308777
0.3568838364897804,0.04579214783606333
0.357320926307894,0.040064062868719504
0.35775801612600766,0.036219267519849045
0.3581951059441213,0.03532416035767127
0.35863219576223493,0.03807763404135622
0.35906928558034856,0.0445911698059008
0.3595063753984622,0.054349966637384596
0.35994346521657583,0.06636617234256517
0.36038055503468946,0.07946015029432126
0.3608176448528031,0.09256248619568978
0.36125473467091673,0.10493266868082285
0.36169182448903037,0.11623290896040453
0.362128914307144,0.12645525866455815
0.36256600412525763,0.13575208460508567
0.36300309394337127,0.14424688841726954
0.3634401837614849,0.15189954948992113
0.36387727357959854,0.15847307254833914
0.36431436339771217,0.16360936778418184
0.3647514532158258,0.16698223681550592
0.36518854303393944,0.16846782937244728
0.3656256328520531,0.16826457728698982
0.3660627226701667,0.166909534158618
0.36649981248828034,0.16517308173758155
0.366936902306394,0.16385860192478377
0.3673739921245076,0.16357209405945808
0.36781108194262124,0.16454308973539056
0.3682481717607349,0.1665639289115472
0.3686852615788485,0.16907296000390795
0.36912235139696215,0.17135395881400986
0.3695594412150758,0.17278053636425492
0.3699965310331894,0.17301871895782048
0.37043362085130305,0.17211970704666874
0.3708707106694167,0.17047956153744304
0.3713078004875303,0.16869349561725477
0.37174489030564395,0.16736769313863742
0.3721819801237576,0.1669573027692685
0.3726190699418712,0.16767600765174814
0.37305615975998485,0.16948448686141493
0.3734932495780985,0.17213232015163535
0.3739303393962121,0.17521596079201168
0.37436742921432575,0.17822712541505586
0.3748045190324394,0.18059044686891604
0.375241608850553,0.18170881620100823
0.37567869866866666,0.1810359556424326
0.3761157884867803,0.17817753815796641
0.3765528783048939,0.17299704402264693
0.37698996812300756,0.16568824407819352
0.3774270579411212,0.15678380067904116
0.3778641477592348,0.14709539765684063
0.37830123757734846,0.13760849874067582
0.3787383273954621,0.12936578360747011
0.3791754172135757,0.12336042951616351
0.37961250703168936,0.12043437468254514
0.380049596849803,0.1211599104305758
0.38048668666791663,0.1256938787090036
0.38092377648603026,0.1336318355829674
0.3813608663041439,0.14393160489242343
0.38179795612225753,0.1549882258240458
0.38223504594037117,0.16490362176806683
0.3826721357584848,0.17191216710072302
0.38310922557659843,0.17483600535270521
0.38354631539471207,0.1734013411660256
0.3839834052128257,0.16828129852224458
0.38442049503093934,0.16083516989211577
0.38485758484905297,0.15264113901110568
0.3852946746671666,0.14500671410014898
0.38573176448528024,0.13864329507529402
0.38616885430339387,0.13360761243692057
0.3866059441215075,0.12948755559908795
0.38704303393962114,0.1257082279708475
0.3874801237577348,0.121805403914144
0.3879172135758484,0.11756481276124174
0.38835430339396204,0.11301919173232136
0.3887913932120757,0.10837253284587325
0.3892284830301893,0.10393863697897464
0.38966557284830294,0.1001351715936359
0.3901026626664166,0.09750170790823695
0.3905397524845302,0.09666402012198524
0.39097684230264385,0.0981831547574861
0.3914139321207575,0.10230166075770522
0.3918510219388711,0.10868713183890041
0.39228811175698475,0.1163177262803545
0.3927252015750984,0.12361969447333196
0.393162291393212,0.12886151027603254
0.39359938121132565,0.13068332328134366
0.3940364710294393,0.1285599174220963
0.3944735608475529,0.12300546089714452
0.39491065066566655,0.11542872185149486
0.3953477404837802,0.1076917306673156
0.3957848303018938,0.10154487084346639
0.39622192012000745,0.0981521301271221
0.3966590099381211,0.09786704939654708
0.3970960997562347,0.10030337883391026
0.39753318957434836,0.10462236964339212
0.397970279392462,0.10988573365554166
0.3984073692105756,0.11532548711570721
0.39884445902868926,0.12044738105195228
0.3992815488468029,0.1249744910290792
0.3997186386649165,0.12870780763043013
0.40015572848303016,0.13140335084955118
0.4005928183011438,0.13273848238217456
0.40102990811925743,0.13238402758475834
0.40146699793737106,0.13014302199651612
0.4019040877554847,0.12608555596618243
0.40234117757359833,0.12061212350370454
0.40277826739171196,0.11440937262099013
0.4032153572098256,0.1083061508448423
0.40365244702793923,0.1030757636671078
0.40408953684605287,0.09924867065685605
0.4045266266641665,0.09699368160831612
0.40496371648228013,0.09609991012813594
0.40540080630039377,0.09605784681329642
0.4058378961185074,0.09620903149401232
0.40627498593662104,0.09591908942593934
0.40671207575473467,0.09473017253230744
0.4071491655728483,0.0924610619739356
0.40758625539096194,0.08923848601220931
0.40802334520907557,0.08545611607176364
0.4084604350271892,0.08166799800538983
0.40889752484530284,0.07843432273742963
0.4093346146634165,0.07615167133928512
0.4097717044815301,0.07491367136588922
0.41020879429964374,0.07445207855579669
0.4106458841177574,0.07419314838501583
0.411082973935871,0.07342812871524647
0.41152006375398464,0.0715507587666719
0.4119571535720983,0.06827945774370221
0.4123942433902119,0.0637774518172787
0.41283133320832555,0.058617724464198696
0.4132684230264392,0.05359974786446759
0.4137055128445528,0.04948519239394305
0.41414260266266645,0.046752431601900755
0.4145796924807801,0.04545992837529138
0.4150167822988937,0.045262321241213065
0.41545387211700735,0.04556275002899828
0.415890961935121,0.0457373605300705
0.4163280517532346,0.04535037802461177
0.41676514157134825,0.04429194642620154
0.4172022313894619,0.04280420956121965
0.4176393212075755,0.04139790671006706
0.41807641102568915,0.04069067339228977
0.4185135008438028,0.041215410837581186
0.4189505906619164,0.043253147951958934
0.41938768048003006,0.04674008277912324
0.4198247702981437,0.05128127240453458
0.4202618601162573,0.056273185139473804
0.42069894993437096,0.06109958840561859
0.4211360397524846,0.06533332605671208
0.4215731295705982,0.0688666874617116
0.42201021938871186,0.07191504275535199
0.4224473092068255,0.07488744588793055
0.42288439902493913,0.07817419990179071
0.42332148884305276,0.081938878503743
0.4237585786611664,0.08600229466431165
0.42419566847928003,0.08986753962052264
0.42463275829739366,0.09287636759628151
0.4250698481155073,0.09443506438988503
0.42550693793362093,0.09422480256107997
0.42594402775173457,0.09232404519637173
0.4263811175698482,0.08920850034178003
0.42681820738796183,0.08563784951378528
0.42725529720607547,0.08247039237854602
0.4276923870241891,0.08045918569481525
0.42812947684230274,0.08007900249118453
0.42856656666041637,0.08142030093238707
0.42900365647853,0.08417060960025333
0.42944074629664364,0.08768705057544317
0.4298778361147573,0.09114540077821245
0.4303149259328709,0.0937322269398808
0.43075201575098454,0.09483248791329292
0.4311891055690982,0.09416300165815904
0.4316261953872118,0.09181672904837752
0.43206328520532544,0.08821090895579972
0.4325003750234391,0.08396319633933017
0.4329374648415527,0.0797410778427877
0.43337455465966634,0.07613236996689719
0.43381164447778,0.07356895635697039
0.4342487342958936,0.07231086114371879
0.43468582411400725,0.07247514830804261
0.4351229139321209,0.07408260891449422
0.4355600037502345,0.07709661070772432
0.43599709356834815,0.08143882529809546
0.4364341833864618,0.08697973757451889
0.4368712732045754,0.09351328986267297
0.43730836302268905,0.10073259891931126
0.4377454528408027,0.10822634386349236
0.4381825426589163,0.11551160903302468
0.43861963247702995,0.12210718356441264
0.4390567222951436,0.1276328142233146
0.4394938121132572,0.13190105974314242
0.43993090193137085,0.13495974009579959
0.4403679917494845,0.1370538421063833
0.4408050815675981,0.1385070715777523
0.44124217138571176,0.13956357146533202
0.4416792612038254,0.1402590800727733
0.442116351021939,0.14038874118672354
0.4425534408400522,0.1396003547958874
0.44299053065816585,0.13758172054182533
0.4434276204762795,0.134258871634731
0.4438647102943931,0.12990849469623825
0.44430180011250675,0.1251249100417678
0.4447388899306204,0.12065419478375712
0.445175979748734,0.11717773790495108
0.44561306956684765,0.11515453453515687
0.4460501593849613,0.11479675155113203
0.4464872492030749,0.11617231556944106
0.44692433902118855,0.11934657381342839
0.4473614288393022,0.12444292034236014
0.4477985186574158,0.1315455488647648
0.44823560847552946,0.14046887161790772
0.4486726982936431,0.15052232497232093
0.4491097881117567,0.160441605108153
0.44954687792987036,0.1686014098797548
0.449983967747984,0.1734874894180208
0.4504210575660976,0.17425421397499424
0.45085814738421126,0.17111200949090097
0.4512952372023249,0.16533188685612607
0.45173232702043853,0.15881396352235003
0.45216941683855216,0.15337124833878638
0.4526065066566658,0.1500272459119165
0.45304359647477943,0.14863764223090595
0.45348068629289306,0.14801012636292946
0.4539177761110067,0.14647476627486467
0.45435486592912033,0.14265643065002032
0.45479195574723397,0.1361159043969054
0.4552290455653476,0.1275940220795354
0.45566613538346123,0.11877470948347958
0.45610322520157487,0.11168794303689174
0.4565403150196885,0.10800861666867237
0.45697740483780214,0.10852103549093825
0.45741449465591577,0.11292218102883633
0.4578515844740294,0.11998866166121853
0.45828867429214304,0.12800259152976232
0.4587257641102567,0.13526695305490857
0.4591628539283703,0.14054810578607171
0.45959994374648394,0.14333749912049903
0.4600370335645976,0.14389263111276124
0.4604741233827112,0.1430755785730779
0.46091121320082484,0.1420490141160564
0.4613483030189385,0.14191644541253878
0.4617853928370521,0.14340530927897935
0.46222248265516575,0.14668223865117175
0.4626595724732794,0.15135301323263478
0.463096662291393,0.15663960718791486
0.46353375210950665,0.1616628993106833
0.4639708419276203,0.1657201484871457
0.4644079317457339,0.16845254929956055
0.46484502156384755,0.16985035471775164
0.4652821113819612,0.17011763502950786
0.4657192012000748,0.16947976560264352
0.46615629101818845,0.1680350680304707
0.4665933808363021,0.1657209201168563
0.4670304706544157,0.16240244818533217
0.46746756047252935,0.15803094856904318
0.467904650290643,0.15278809460784654
0.4683417401087566,0.14714195325167362
0.46877882992687026,0.14178268576148795
0.4692159197449839,0.13745776219716913
0.4696530095630975,0.1347664468036747
0.47009009938121116,0.13398809866318692
0.4705271891993248,0.1350069748439523
0.4709642790174384,0.13736468812973815
0.47140136883555206,0.14043081878921918
0.4718384586536657,0.14364331892639906
0.4722755484717793,0.14674344777848475
0.47271263828989296,0.14992371154444104
0.4731497281080066,0.15382662376304707
0.47358681792612023,0.1593749790836967
0.47402390774423386,0.16746962036619437
0.4744609975623475,0.17864016561930257
0.47489808738046113,0.1927589251015107
0.47533517719857477,0.20891683014866494
0.4757722670166884,0.22551437154931833
0.47620935683480203,0.24055529515688992
0.47664644665291567,0.25206844708422294
0.4770835364710293,0.25854446514660195
0.47752062628914294,0.2592705540889971
0.47795771610725657,0.2544775169013669
0.4783948059253702,0.24526704028713844
0.47883189574348384,0.23334682358218078
0.47926898556159747,0.22064950284713797
0.4797060753797111,0.2089361287875751
0.48014316519782474,0.19948113453647848
0.4805802550159384,0.1929061541521199
0.481017344834052,0.18918453034595564
0.48145443465216564,0.1877908920409294
0.4818915244702793,0.18793484756219123
0.4823286142883929,0.1888041606978301
0.48276570410650654,0.1897525211893831
0.4832027939246202,0.19039391477031337
0.4836398837427338,0.1905984101071654
0.48407697356084745,0.19041175654078565
0.4845140633789611,0.1899368370606124
0.4849511531970747,0.18921800894922294
0.48538824301518835,0.1881630504816034
0.485825332833302,0.18652576057986997
0.4862624226514156,0.18395727833552838
0.48669951246952925,0.180116379035868
0.4871366022876429,0.17480989595262955
0.4875736921057565,0.16811899567814478
0.48801078192387015,0.16046316609296984
0.4884478717419838,0.15256796836025194
0.4888849615600974,0.14533436574788733
0.48932205137821105,0.13964634560910502
0.4897591411963247,0.1361821758369291
0.4901962310144383,0.13529704309377036
0.49063332083255196,0.1370162095913596
0.4910704106506656,0.14112933075929945
0.4915075004687792,0.14733124202045356
0.49194459028689286,0.15533565803048757
0.4923816801050065,0.16490634404145163
0.4928187699231201,0.1757964613593881
0.49325585974123376,0.1876367828251871
0.4936929495593474,0.19984115512661513
0.49413003937746103,0.2115893918477346
0.49456712919557466,0.22190996918118208
0.4950042190136883,0.2298390237474691
0.49544130883180193,0.2346018198955093
0.49587839864991556,0.23576016913283307
0.4963154884680292,0.23328951678015689
0.49675257828614283,0.22757669467491998
0.49718966810425647,0.21934878060747517
0.4976267579223701,0.20955084702957574
0.49806384774048373,0.19919242512977411
0.49850093755859737,0.18918849523513306
0.498938027376711,0.18023189253007563
0.49937511719482464,0.1727397371841688
0.49981220701293827,0.16690218944494103
0.5002492968310519,0.16282227142255376
0.5006863866491655,0.16068444220531472
0.5011234764672792,0.16085630662037653
0.5015605662853928,0.16384022829362857
0.5019976561035064,0.17005600613509095
0.5024347459216201,0.17952695128372628
0.5028718357397337,0.1916124167199902
0.5033089255578473,0.20493634205124361
0.5037460153759605,0.21759056680929106
0.5041831051940742,0.22757253503001684
0.5046201950121878,0.23330778704680635
0.5050572848303014,0.23406455889901973
0.5054943746484151,0.23011351030775473
0.5059314644665287,0.22259594622510728
0.5063685542846423,0.21318156145516207
0.506805644102756,0.20366360182350096
0.5072427339208696,0.19562848117961001
0.5076798237389832,0.19026547503686558
0.5081169135570969,0.18829824686247207
0.5085540033752105,0.1899725686638769
0.5089910931933241,0.19504489716993736
0.5094281830114378,0.20276795931938216
0.5098652728295514,0.21192117239094216
0.510302362647665,0.22094706272637993
0.5107394524657787,0.2282175506865444
0.5111765422838923,0.23238638648856688
0.5116136321020059,0.23272565966759892
0.5120507219201196,0.22932979128090056
0.5124878117382332,0.22310977999286943
0.5129249015563468,0.21557482040701723
0.5133619913744605,0.2084721288378905
0.5137990811925741,0.20339672547264126
0.5142361710106877,0.20147825769288516
0.5146732608288014,0.20321173063391737
0.515110350646915,0.208446808228109
0.5155474404650287,0.21650855333708688
0.5159845302831423,0.2264014077691153
0.5164216201012559,0.23704467998748366
0.5168587099193696,0.2474921679463916
0.5172957997374832,0.25709411754622324
0.5177328895555968,0.2655676765600677
0.5181699793737105,0.27295864592488095
0.5186070691918241,0.2795062168212966
0.5190441590099377,0.28545754523807043
0.5194812488280514,0.29090488414177224
0.519918338646165,0.2957172655735981
0.5203554284642786,0.29960389272113214
0.5207925182823923,0.30228754192160634
0.5212296081005059,0.3037092247567958
0.5216666979186195,0.304159836305447
0.5221037877367332,0.3042579787661139
0.5225408775548468,0.30475950300670757
0.5229779673729604,0.30626453290647326
0.5234150571910741,0.30894320550333015
0.5238521470091877,0.31240336201111923
0.5242892368273013,0.3157684714442687
0.524726326645415,0.31794649659593593
0.5251634164635286,0.31799054968063484
0.5256005062816422,0.315416238959641
0.5260375960997559,0.3103629458946851
0.5264746859178695,0.30355334917890453
0.5269117757359831,0.2960841846215304
0.5273488655540968,0.28913639124961843
0.5277859553722104,0.28370452442848937
0.528223045190324,0.28041664152671814
0.5286601350084377,0.27946792379737245
0.5290972248265513,0.2806498071961504
0.5295343146446649,0.28343768274650244
0.5299714044627786,0.28710452124794406
0.5304084942808922,0.29084257704514294
0.5308455840990058,0.2938856303909218
0.5312826739171195,0.2956227149709097
0.5317197637352331,0.2956851976706954
0.5321568535533467,0.29398397661780024
0.5325939433714604,0.2906821433612486
0.533031033189574,0.28611081136793276
0.5334681230076876,0.2806612008894805
0.5339052128258013,0.2746990961189049
0.5343423026439149,0.2685381714719249
0.5347793924620285,0.26247842491964785
0.5352164822801422,0.2568793567583314
0.5356535720982558,0.2522138240399296
0.5360906619163694,0.24905138717136335
0.5365277517344831,0.24795009752121663
0.5369648415525967,0.2492801907789483
0.5374019313707104,0.25304213707696693
0.537839021188824,0.25875742332928314
0.5382761110069376,0.26549551079296535
0.5387132008250513,0.27205878453757815
0.5391502906431649,0.2772924648995688
0.5395873804612785,0.2804361713285488
0.5400244702793922,0.28140529490315147
0.5404615600975058,0.2808960015845674
0.5408986499156194,0.280251433618291
0.5413357397337331,0.28110028080519944
0.5417728295518467,0.2848608586478275
0.5422099193699603,0.2922636689658377
0.542647009188074,0.3030546824710662
0.5430840990061876,0.3159883355940876
0.5435211888243012,0.3291183086891631
0.5439582786424149,0.34028527329138314
0.5443953684605285,0.34763218544376684
0.5448324582786421,0.3499817459834939
0.5452695480967558,0.34698486073401763
0.5457066379148694,0.33905462463053865
0.546143727732983,0.3271821558152164
0.5465808175510967,0.31274725186022906
0.5470179073692103,0.29738543171864684
0.5474549971873239,0.28289132112477583
0.5478920870054376,0.2710828023223698
0.5483291768235512,0.2635609562696396
0.5487662666416648,0.26137551438049894
0.5492033564597785,0.2646993616969305
0.5496404462778921,0.2726667488321898
0.5500775360960057,0.283497210943603
0.5505146259141194,0.2949171241317063
0.550951715732233,0.30475624325559547
0.5513888055503466,0.3115083008483236
0.5518258953684603,0.3146518176120797
0.5522629851865739,0.31462898834013225
0.5527000750046875,0.3125264559343126
0.5531371648228012,0.3096193571380674
0.5535742546409148,0.3069734655217366
0.5540113444590284,0.3052394547359979
0.5544484342771421,0.30465704075662214
0.5548855240952557,0.30517989961662345
0.5553226139133693,0.3065902897090941
0.555759703731483,0.30851257765338047
0.5561967935495966,0.31032910051505
0.5566338833677102,0.3110927686946958
0.5570709731858239,0.3095635862867892
0.5575080630039375,0.3044476564079486
0.5579451528220511,0.2948086643954412
0.5583822426401648,0.28050920579587
0.5588193324582784,0.26248492882182156
0.559256422276392,0.2426945209164298
0.5596935120945057,0.22371273717287
0.5601306019126193,0.2080873307919886
0.560567691730733,0.19769026569114492
0.5610047815488466,0.1933029172675198
0.5614418713669602,0.1945753609996566
0.5618789611850739,0.20033673986754577
0.5623160510031875,0.2090856256664748
0.5627531408213011,0.21942847473351182
0.5631902306394148,0.2302890149179476
0.5636273204575284,0.2408505307750703
0.564064410275642,0.2503417869313923
0.5645015000937557,0.2578569246560923
0.5649385899118693,0.2623693080141291
0.5653756797299829,0.2629779003340691
0.5658127695480966,0.2592800897910118
0.5662498593662102,0.2516762858763819
0.5666869491843238,0.24142701210083173
0.5671240390024375,0.2303942539459824
0.5675611288205511,0.22054707925619138
0.5679982186386647,0.21342141743094115
0.5684353084567784,0.2097427730116566
0.568872398274892,0.2093444334410728
0.5693094880930056,0.21138486494817224
0.5697465779111193,0.21474977299963036
0.5701836677292329,0.21846746669973444
0.5706207575473465,0.2219863136004955
0.5710578473654602,0.2252391404181401
0.5714949371835738,0.22851040113984647
0.5719320270016874,0.23218956157417187
0.5723691168198011,0.23651878272005014
0.5728062066379147,0.2414262121739843
0.5732432964560283,0.24649316063586527
0.573680386274142,0.25105260485767134
0.5741174760922556,0.25437319415382775
0.5745545659103692,0.2558581259017572
0.5749916557284829,0.2551885218848113
0.5754287455465965,0.25236710600300905
0.5758658353647101,0.2476620002977981
0.5763029251828238,0.24149472935513958
0.5767400150009374,0.23433951785194934
0.577177104819051,0.22668835994179923
0.5776141946371647,0.2190915054237428
0.5780512844552783,0.2122288009778228
0.578488374273392,0.20693551575814234
0.5789254640915056,0.20411921563487107
0.5793625539096192,0.20455972021573898
0.5797996437277328,0.2086539764591868
0.5802367335458465,0.21621239830260228
0.5806738233639601,0.22640522514554104
0.5811109131820738,0.23789804624053557
0.5815480030001874,0.2491352463701939
0.581985092818301,0.25867085563282755
0.5824221826364147,0.26543740639554286
0.5828592724545283,0.26888490765615997
0.5832963622726419,0.2689862606115935
0.5837334520907556,0.2661551348054602
0.5841705419088692,0.2611335432803991
0.5846076317269828,0.2548815612051101
0.5850447215450965,0.24846557908446815
0.5854818113632101,0.24292338074513414
0.5859189011813237,0.2390983102632717
0.5863559909994374,0.23747101690577277
0.586793080817551,0.23804888404526284
0.5872301706356646,0.24037409874356253
0.5876672604537783,0.24367317479621464
0.5881043502718919,0.24710952085141497
0.5885414400900055,0.25004809031974484
0.5889785299081192,0.2522270448544151
0.5894156197262328,0.2537665559267219
0.5898527095443464,0.255014603992694
0.5902897993624601,0.25630080278437417
0.5907268891805737,0.2577076109631631
0.5911639789986873,0.25895626142800476
0.591601068816801,0.25945049641277357
0.5920381586349146,0.2584536874487998
0.5924752484530282,0.2553276552652917
0.5929123382711419,0.24975399384712285
0.5933494280892555,0.24188623166268655
0.5937865179073691,0.23241925807865088
0.5942236077254828,0.2225837356674927
0.5946606975435964,0.21406641743995677
0.59509778736171,0.20883571789038347
0.5955348771798237,0.20884485337444206
0.5959719669979373,0.2156161173435465
0.5964090568160509,0.22977689910315413
0.5968461466341646,0.25068729213366614
0.5972832364522782,0.27632270675338627
0.5977203262703918,0.3035208377817838
0.5981574160885055,0.32857935254271803
0.5985945059066191,0.3480501312129443
0.5990315957247327,0.35948689912675524
0.5994686855428464,0.361913785310814
0.59990577536096,0.3558908231681815
0.6003428651790736,0.3432058940399222
0.6007799549971873,0.32634654174589894
0.6012170448153009,0.30794500874653696
0.6016541346334146,0.2903406266631094
0.6020912244515282,0.2753084537350271
0.6025283142696418,0.26392344484506425
0.6029654040877555,0.2565068370980855
0.6034024939058691,0.2526336435386271
0.6038395837239827,0.25122748978909465
0.6042766735420964,0.2507842541574897
0.60471376336021,0.24972750014739775
0.6051508531783236,0.24682547679279726
0.6055879429964373,0.24153861065276955
0.6060250328145509,0.23416246776284103
0.6064621226326645,0.22569718663896096
0.6068992124507782,0.2174827790527752
0.6073363022688918,0.2107375813655881
0.6077733920870054,0.20617595714125933
0.6082104819051191,0.2038428033620829
0.6086475717232327,0.2032065333961537
0.6090846615413463,0.2034449011946818
0.60952175135946,0.20378689267014632
0.6099588411775736,0.20376612085884077
0.6103959309956872,0.20329382889251582
0.6108330208138009,0.2025449021143086
0.6112701106319145,0.2017302692440645
0.6117072004500281,0.20087199345894846
0.6121442902681418,0.1996889439525791
0.6125813800862554,0.19764775015200903
0.613018469904369,0.19415912435517854
0.6134555597224827,0.18883454215497872
0.6138926495405963,0.18168972207478845
0.6143297393587099,0.17320192650213842
0.6147668291768236,0.1641900867793515
0.6152039189949372,0.15556397158783578
0.6156410088130508,0.14804667735429647
0.6160780986311645,0.14198624857801476
0.6165151884492781,0.13733047083471106
0.6169522782673917,0.13376243548159167
0.6173893680855054,0.13091969727084538
0.617826457903619,0.1285834354411704
0.6182635477217326,0.12674433419952336
0.6187006375398463,0.12551882079131985
0.6191377273579599,0.1249687855003835
0.6195748171760735,0.12492928893608003
0.6200119069941872,0.12494595599949454
0.6204489968123008,0.12436887377097532
0.6208860866304144,0.12257166770789114
0.6213231764485281,0.11920282093237368
0.6217602662666417,0.11436085950698897
0.6221973560847553,0.10862041761610232
0.622634445902869,0.10290149438039885
0.6230715357209826,0.09823599022541497
0.6235086255390963,0.09551649161533596
0.6239457153572099,0.09530414794334274
0.6243828051753235,0.09773751149146771
0.6248198949934372,0.10254453561946113
0.6252569848115508,0.10913361531593123
0.6256940746296644,0.11673166147183864
0.626131164447778,0.12454059665145224
0.6265682542658917,0.13188750468214566
0.6270053440840053,0.13834269277519848
0.627442433902119,0.14377798834182415
0.6278795237202326,0.14834353936421765
0.6283166135383462,0.1523608261504846
0.6287537033564599,0.15615878904086491
0.6291907931745735,0.1599063150863689
0.6296278829926871,0.16350314688881748
0.6300649728108008,0.1665746934583574
0.6305020626289144,0.16857844636149544
0.630939152447028,0.1689857722146541
0.6313762422651417,0.16747165250289028
0.6318133320832553,0.1640403863543521
0.6322504219013689,0.15903998180790704
0.6326875117194826,0.15306209699442117
0.6331246015375962,0.14676975447848026
0.6335616913557098,0.14072255644788975
0.6339987811738235,0.13526678870558378
0.6344358709919371,0.1305262155405306
0.6348729608100507,0.12648231601232773
0.6353100506281644,0.12309191517889437
0.635747140446278,0.12037560093775297
0.6361842302643916,0.11843007658522432
0.6366213200825053,0.11736249580638902
0.6370584099006189,0.11719158828573316
0.6374954997187325,0.11778302558049213
0.6379325895368462,0.11887054833436488
0.6383696793549598,0.12016616909080724
0.6388067691730734,0.12150749330121759
0.6392438589911871,0.12295911256076877
0.6396809488093007,0.12479806936029063
0.6401180386274143,0.12736725945987912
0.640555128445528,0.1308493647363479
0.6409922182636416,0.13506218539787143
0.6414293080817552,0.13937811713064205
0.6418663978998689,0.14282311600666622
0.6423034877179825,0.14433528571196813
0.6427405775360961,0.1430946781639892
0.6431776673542098,0.1388042119944137
0.6436147571723234,0.13181888006680811
0.644051846990437,0.12307684831527461
0.6444889368085507,0.11385673593905966
0.6449260266266643,0.10544271409861307
0.645363116444778,0.0988041154232562
0.6458002062628916,0.09438422529347056
0.6462372960810052,0.09205212343916093
0.6466743858991189,0.09121791046031716
0.6471114757172325,0.09106289258016312
0.6475485655353461,0.09080622517531463
0.6479856553534598,0.08992537391400005
0.6484227451715734,0.08826887304782675
0.648859834989687,0.08603821289159948
0.6492969248078007,0.0836583401329215
0.6497340146259143,0.08158948087669773
0.6501711044440279,0.08014688009252315
0.6506081942621416,0.07938675719609614
0.6510452840802552,0.07909103182066715
0.6514823738983688,0.07885000944369155
0.6519194637164825,0.07821213806980379
0.6523565535345961,0.07685149447539023
0.6527936433527097,0.07470073777310605
0.6532307331708234,0.07200932790060632
0.653667822988937,0.06930978973902187
0.6541049128070506,0.06730223461551077
0.6545420026251643,0.06669146772314083
0.6549790924432779,0.06802441788787399
0.6554161822613915,0.07157366866832258
0.6558532720795052,0.07729592786039301
0.6562903618976188,0.0848684712919748
0.6567274517157324,0.09378181347801422
0.6571645415338461,0.10345248510325779
0.6576016313519597,0.11332038187752712
0.6580387211700733,0.12290844294538683
0.658475810988187,0.13184103711185724
0.6589129008063006,0.13983304441907002
0.6593499906244142,0.14666896125601772
0.6597870804425279,0.15218979667440177
0.6602241702606415,0.15629774852762407
0.6606612600787551,0.15897817638321143
0.6610983498968688,0.16032815112676285
0.6615354397149824,0.16057353543136113
0.661972529533096,0.16005540193610243
0.6624096193512097,0.15917477612362138
0.6628467091693233,0.15830239304713362
0.663283798987437,0.15768166927607877
0.6637208888055506,0.15736709326064433
0.6641579786236642,0.15723512258738545
0.6645950684417778,0.15707676115108238
0.6650321582598915,0.15674009018501664
0.6654692480780051,0.15625814887828235
0.6659063378961187,0.15589402675950229
0.6663434277142324,0.15606868122854634
0.666780517532346,0.15719448191731158
0.6672176073504597,0.1594891128540564
0.6676546971685733,0.16286033729080196
0.6680917869866869,0.16692044499090866
0.6685288768048006,0.17112498034927495
0.6689659666229142,0.1749681321698242
0.6694030564410278,0.17814123910815607
0.6698401462591415,0.18058494619474305
0.6702772360772551,0.18242467950191874
0.6707143258953687,0.18383896491122867
0.6711514157134824,0.18493784835390484
0.671588505531596,0.18571206228755358
0.6720255953497096,0.18606673251629216
0.6724626851678233,0.1859061439500403
0.6728997749859369,0.18521467746608264
0.6733368648040505,0.18409111313626275
0.6737739546221642,0.18272605113393597
0.6742110444402778,0.18134264472469205
0.6746481342583914,0.1801325151806398
0.6750852240765051,0.1792102286117829
0.6755223138946187,0.1785927353747507
0.6759594037127323,0.17819879916237014
0.676396493530846,0.17786358181507939
0.6768335833489596,0.17736991560398335
0.6772706731670732,0.176499878946408
0.6777077629851869,0.17510202543505465
0.6781448528033005,0.17315507377054565
0.6785819426214141,0.17079967598872317
0.6790190324395278,0.1683163237832743
0.6794561222576414,0.16604989111910923
0.679893212075755,0.16430838557600427
0.6803303018938687,0.16327871192704912
0.6807673917119823,0.16299480415230144
0.6812044815300959,0.16336587782987713
0.6816415713482096,0.16424004107525997
0.6820786611663232,0.16546019817213603
0.6825157509844368,0.16687643281898884
0.6829528408025505,0.168308257783888
0.6833899306206641,0.16948447169289574
0.6838270204387777,0.1700076195187205
0.6842641102568914,0.1693823452528012
0.684701200075005,0.16711568635177873
0.6851382898931186,0.16285928073897474
0.6855753797112323,0.15653885396337683
0.6860124695293459,0.1484177640736207
0.6864495593474595,0.13906709225417854
0.6868866491655732,0.12925080572257272
0.6873237389836868,0.11976342213782035
0.6877608288018005,0.11126826509881449
0.6881979186199141,0.10417696373748385
0.6886350084380277,0.09859412578971671
0.6890720982561414,0.09433498999637721
0.689509188074255,0.09101240314655556
0.6899462778923686,0.08817961233049862
0.6903833677104823,0.08550194477559293
0.6908204575285959,0.08291342204944609
0.6912575473467095,0.08070225814629348
0.6916946371648232,0.0794752209580403
0.6921317269829368,0.07998328272718473
0.6925688168010504,0.08284428720960266
0.6930059066191641,0.08825163959057647
0.6934429964372777,0.09578370556299012
0.6938800862553913,0.1044073074413958
0.694317176073505,0.11270197381536887
0.6947542658916186,0.11924446680458703
0.6951913557097322,0.12302384206611669
0.6956284455278459,0.1237389640379166
0.6960655353459595,0.12187381595245458
0.6965026251640731,0.11853313915073738
0.6969397149821868,0.11511297276615606
0.6973768048003004,0.11293618350801668
0.697813894618414,0.11297839589037287
0.6982509844365268,0.11575048650137842
0.6986880742546404,0.12132216393281384
0.699125164072754,0.12940973561757316
0.6995622538908677,0.1394412666553076
0.6999993437089813,0.1505573021890802
0.700436433527095,0.16157779170677716
0.7008735233452086,0.17102128158859506
0.7013106131633222,0.17726300504203193
0.7017477029814359,0.17885535167002484
0.7021847927995495,0.17493568366118675
0.7026218826176631,0.16556609354529053
0.7030589724357768,0.1518383582934772
0.7034960622538904,0.1356537164278213
0.703933152072004,0.11922302675215092
0.7043702418901177,0.10446382203606255
0.7048073317082313,0.09252803119791332
0.7052444215263449,0.08364243777255918
0.7056815113444586,0.07730341317856164
0.7061186011625722,0.07270619379182618
0.7065556909806858,0.06918836116466139
0.7069927807987995,0.06647835710522827
0.7074298706169131,0.06465540599160338
0.7078669604350267,0.06388467630078828
0.7083040502531404,0.06410727087598973
0.708741140071254,0.06487929478973799
0.7091782298893676,0.06546408047587207
0.7096153197074813,0.06513876078894376
0.7100524095255949,0.06355843359205574
0.7104894993437085,0.06098864546112771
0.7109265891618222,0.05828219746054578
0.7113636789799358,0.05660058132497258
0.7118007687980494,0.05699820328736609
0.7122378586161631,0.06004280300693914
0.7126749484342767,0.06561851187702053
0.7131120382523903,0.07297073899623678
0.713549128070504,0.08095133293384883
0.7139862178886176,0.08835369728842023
0.7144233077067312,0.09421403980072526
0.7148603975248449,0.09799172669845546
0.7152974873429585,0.09960370875483619
0.7157345771610721,0.0993450668518948
0.7161716669791858,0.09775812614838443
0.7166087567972994,0.09550957387783501
0.717045846615413,0.09330651890404562
0.7174829364335267,0.09184591080572561
0.7179200262516403,0.091766674051997
0.7183571160697539,0.09357376426318849
0.7187942058878676,0.09752904967102083
0.7192312957059812,0.10354187418599489
0.7196683855240948,0.11111931251210101
0.7201054753422085,0.11943155690283824
0.7205425651603221,0.1275058705638231
0.7209796549784357,0.1344993147779881
0.7214167447965494,0.13994860030945622
0.721853834614663,0.14388708699994626
0.7222909244327766,0.14676644372343356
0.7227280142508903,0.14920602626729113
0.7231651040690039,0.15167550341836394
0.7236021938871176,0.1542523743865071
0.7240392837052312,0.15656446495946574
0.7244763735233448,0.15794181312635577
0.7249134633414585,0.15770463764321266
0.7253505531595721,0.1554527505729771
0.7257876429776857,0.15122614283719327
0.7262247327957994,0.14547217372090548
0.726661822613913,0.13884747349193746
0.7270989124320266,0.1319567899715436
0.7275360022501403,0.12515285460538314
0.7279730920682539,0.1184842189616097
0.7284101818863675,0.11180315238736656
0.7288472717044812,0.10497011689451577
0.7292843615225948,0.09804976741794028
0.7297214513407084,0.09140284911602695
0.7301585411588221,0.08563152038050026
0.7305956309769357,0.08140549538019586
0.7310327207950493,0.07924933012644644
0.731469810613163,0.07938301915548214
0.7319069004312766,0.0816759214273108
0.7323439902493902,0.08571753985538584
0.7327810800675039,0.09095928421670885
0.7332181698856175,0.0968643882530121
0.7336552597037311,0.10302277005062717
0.7340923495218448,0.10922428385586837
0.7345294393399584,0.11550739027158474
0.734966529158072,0.12219152389523592
0.7354036189761857,0.12986765903428713
0.7358407087942993,0.1392943302041433
0.7362777986124129,0.15116027592506284
0.7367148884305266,0.16574015940881362
0.7371519782486402,0.18255787027593895
0.7375890680667538,0.20022678440970418
0.7380261578848675,0.21660840846430207
0.7384632477029811,0.22931244359235095
0.7389003375210947,0.23640039977399455
0.7393374273392084,0.23703406883513584
0.739774517157322,0.23180093014393427
0.7402116069754356,0.2225676139689037
0.7406486967935493,0.21190773068886828
0.7410857866116629,0.20232678088570014
0.7415228764297765,0.19557869893798693
0.7419599662478902,0.19230611965947378
0.7423970560660038,0.19208017538335936
0.7428341458841174,0.1937500236125013
0.7432712357022311,0.19591645791567136
0.7437083255203447,0.1973493410990102
0.7441454153384583,0.19724842134633194
0.744582505156572,0.19534062942995264
0.7450195949746856,0.19186073014228522
0.7454566847927993,0.18746095471802132
0.7458937746109129,0.18306450269363692
0.7463308644290265,0.1796593914292442
0.7467679542471402,0.17804814289599985
0.7472050440652538,0.1786147564442937
0.7476421338833674,0.18120470237643274
0.748079223701481,0.18519757096400766
0.7485163135195947,0.18977646191310146
0.7489534033377083,0.19429533827788376
0.749390493155822,0.19857364070472353
0.7498275829739356,0.20295706017009676
0.7502646727920492,0.2080846700323436
0.7507017626101629,0.21445343481761941
0.7511388524282765,0.22199455246100608
0.7515759422463901,0.2299001100041364
0.7520130320645038,0.23683692057177835
0.7524501218826174,0.24149639006407012
0.752887211700731,0.2432450485435517
0.7533243015188447,0.24255750584578564
0.7537613913369583,0.24098530603754478
0.7541984811550719,0.24061832119124285
0.7546355709731856,0.24323681420247859
0.7550726607912992,0.2495133101397879
0.7555097506094128,0.2586201403014044
0.7559468404275265,0.2684271681267859
0.7563839302456401,0.2762151765748803
0.7568210200637537,0.2796080138066265
0.7572581098818674,0.2773453096447835
0.757695199699981,0.2696091646867968
0.7581322895180946,0.25782848796639496
0.7585693793362083,0.24410586870790488
0.7590064691543219,0.2305412400041166
0.7594435589724355,0.21871760332979412
0.7598806487905492,0.2094931380396117
0.7603177386086628,0.2030868384797983
0.7607548284267764,0.19933022177851586
0.7611919182448901,0.1979273245005824
0.7616290080630037,0.1986108212738789
0.7620660978811173,0.2011618704118541
0.762503187699231,0.20533040873747135
0.7629402775173446,0.21072657761551056
0.7633773673354582,0.21675287178939964
0.7638144571535719,0.2226236441712872
0.7642515469716855,0.2274858497205057
0.7646886367897991,0.23061817001254242
0.7651257266079128,0.23164968638081068
0.7655628164260264,0.23071494148530225
0.76599990624414,0.22846569649579657
0.7664369960622537,0.22590139724282882
0.7668740858803673,0.22405208278749164
0.767311175698481,0.22361942347398048
0.7677482655165946,0.2247154317809857
0.7681853553347082,0.22680993483667253
0.7686224451528219,0.22891452995525727
0.7690595349709355,0.2299308140685949
0.7694966247890491,0.22902333561074287
0.7699337146071628,0.2258752470929907
0.7703708044252764,0.22074466871233664
0.77080789424339,0.2143283415838167
0.7712449840615037,0.20751179856850094
0.7716820738796173,0.20111204958874576
0.7721191636977309,0.19569757283930667
0.7725562535158446,0.1915223312197286
0.7729933433339582,0.18856314166979046
0.7734304331520718,0.18662091896026617
0.7738675229701855,0.1854388599487146
0.7743046127882991,0.18479779451696637
0.7747417026064127,0.18456367163042517
0.7751787924245264,0.18468141298307333
0.77561588224264,0.18513106927349435
0.7760529720607536,0.1858800616690373
0.7764900618788673,0.18686867231181242
0.7769271516969809,0.18804727335831864
0.7773642415150945,0.18944788261448187
0.7778013313332082,0.1912390946912464
0.7782384211513218,0.19370693985732698
0.7786755109694354,0.19713735130627133
0.7791126007875491,0.2016364161241897
0.7795496906056627,0.20697803114895066
0.7799867804237763,0.2125777101832798
0.78042387024189,0.2176408623607302
0.7808609600600036,0.22144450623554648
0.7812980498781172,0.2236313200054467
0.7817351396962309,0.2243726705203922
0.7821722295143445,0.22431145351631585
0.7826093193324581,0.22430124980133231
0.7830464091505718,0.2250593497921222
0.7834834989686854,0.22689239779809123
0.783920588786799,0.22961273046342007
0.7843576786049127,0.2326648711805941
0.7847947684230263,0.23538042093579828
0.78523185824114,0.2372296667179494
0.7856689480592536,0.23796128164244415
0.7861060378773672,0.23759658844123907
0.7865431276954808,0.23632392294376783
0.7869802175135945,0.2343770016229427
0.7874173073317081,0.23196380267448133
0.7878543971498218,0.22925987815695906
0.7882914869679354,0.22643188599268912
0.788728576786049,0.22364499385771516
0.7891656666041627,0.2210351314144968
0.7896027564222763,0.21866906371616787
0.7900398462403899,0.21653756897411372
0.7904769360585036,0.21461021020530424
0.7909140258766172,0.2129336759604175
0.7913511156947308,0.21171172286407502
0.7917882055128445,0.21129693773844255
0.7922252953309581,0.2120645629419425
0.7926623851490717,0.21420701103739423
0.7930994749671854,0.21754446732972368
0.793536564785299,0.22145593686029227
0.7939736546034126,0.22498643697785847
0.7944107444215263,0.22710331188285235
0.7948478342396399,0.22700167794042672
0.7952849240577535,0.22433482014384673
0.7957220138758672,0.21928212011255122
0.7961591036939808,0.2124439334543237
0.7965961935120944,0.20462852354122646
0.7970332833302081,0.19663257614954338
0.7974703731483217,0.18909933348971736
0.7979074629664353,0.18248199293395034
0.798344552784549,0.17707888334029456
0.7987816426026626,0.17307444376673511
0.7992187324207762,0.17053100038259564
0.7996558222388899,0.16932074951186804
0.8000929120570035,0.1690377988442622
0.8005300018751171,0.16895763594057067
0.8009670916932308,0.1681006527180077
0.8014041815113444,0.16541254094836624
0.801841271329458,0.16001925947678725
0.8022783611475717,0.15147458265082442
0.8027154509656853,0.139912684819031
0.8031525407837989,0.12604936978027267
0.8035896306019126,0.11102968631167276
0.8040267204200262,0.09617376163462903
0.8044638102381398,0.08270484392849767
0.8049009000562535,0.07154212666525496
0.8053379898743671,0.06320871907893134
0.8057750796924807,0.05785733492455084
0.8062121695105944,0.055373543231278674
0.806649259328708,0.05549595453870234
0.8070863491468216,0.057901075899009564
0.8075234389649353,0.06223118427827266
0.8079605287830489,0.06807997698855135
0.8083976186011625,0.07497441337814757
0.8088347084192762,0.08239045506987733
0.8092717982373898,0.08981662600773796
0.8097088880555035,0.09684623886379354
0.8101459778736171,0.10325596303443528
0.8105830676917307,0.10902918469445222
0.8110201575098444,0.11430792180604099
0.811457247327958,0.11929308538991576
0.8118943371460716,0.12413901290008655
0.8123314269641853,0.12888925587557956
0.8127685167822989,0.13347628110829998
0.8132056066004125,0.13777306710336726
0.8136426964185262,0.141660494895871
0.8140797862366398,0.1450743130427983
0.8145168760547534,0.1480164414582465
0.8149539658728671,0.1505407586362364
0.8153910556909807,0.15273487957607249
0.8158281455090943,0.15471020055395304
0.816265235327208,0.1565929172192953
0.8167023251453216,0.15849810290664063
0.8171394149634352,0.16048008521352947
0.8175765047815489,0.1624798670336846
0.8180135945996625,0.1643122158629858
0.8184506844177761,0.16572819553106882
0.8188877742358898,0.16654815804495698
0.8193248640540034,0.1668065873416252
0.819761953872117,0.16682048283121956
0.8201990436902307,0.16711545838415579
0.8206361335083443,0.16821586261218419
0.8210732233264579,0.17038968321549
0.8215103131445716,0.1734833922479054
0.8219474029626852,0.17695145873609058
0.8223844927807988,0.1800879293952345
0.8228215825989125,0.18235388723867138
0.8232586724170261,0.18363077007357595
0.8236957622351397,0.18425762051196684
0.8241328520532534,0.18482128728049468
0.824569941871367,0.18580427086487913
0.8250070316894806,0.1872796671360951
0.8254441215075943,0.18882640635119247
0.8258812113257079,0.18972553836645872
0.8263183011438215,0.18934799755800338
0.8267553909619352,0.1875364028284619
0.8271924807800488,0.18477665072908617
0.8276295705981624,0.18205480723105552
0.8280666604162761,0.18045085193026705
0.8285037502343897,0.18065412126708855
0.8289408400525033,0.18262904035773447
0.829377929870617,0.18559279081021282
0.8298150196887306,0.1883225672853641
0.8302521095068442,0.1896589959812564
0.8306891993249579,0.1889851410644457
0.8311262891430715,0.18647546756502045
0.8315633789611852,0.1830151752678523
0.8320004687792988,0.17983528395562018
0.8324375585974124,0.17802609194075675
0.832874648415526,0.17813161508288639
0.8333117382336397,0.17997912862339852
0.8337488280517533,0.18278980889265725
0.834185917869867,0.18550070513529296
0.8346230076879806,0.1871542458991289
0.8350600975060942,0.18720433310626264
0.8354971873242079,0.18564091547219946
0.8359342771423215,0.18291680384205722
0.8363713669604351,0.1797339451791175
0.8368084567785488,0.17678476625072187
0.8372455465966624,0.17454060335226604
0.837682636414776,0.17314458290050144
0.8381197262328897,0.17242031589433285
0.8385568160510033,0.17196882546369946
0.8389939058691169,0.17130517518935276
0.8394309956872306,0.16998567619708851
0.8398680855053442,0.167692201842447
0.8403051753234578,0.16426408768827297
0.8407422651415715,0.15969076782790087
0.8411793549596851,0.15409079938179454
0.8416164447777987,0.14770014423467198
0.8420535345959124,0.14087622911287898
0.842490624414026,0.13410355216859463
0.8429277142321396,0.12797433613639783
0.8433648040502533,0.1231233759660226
0.8438018938683669,0.12011911001141407
0.8442389836864805,0.11934100075174339
0.8446760735045942,0.12088929686915821
0.8451131633227078,0.12456538053456605
0.8455502531408214,0.12993125344466952
0.8459873429589351,0.13642122751695235
0.8464244327770487,0.14345808864800655
0.8468615225951623,0.15053192786496886
0.847298612413276,0.15722784791304428
0.8477357022313896,0.16322020719897976
0.8481727920495032,0.16826553211713777
0.8486098818676169,0.1722152995591337
0.8490469716857305,0.17504290006731132
0.8494840615038441,0.17685707142556398
0.8499211513219578,0.17787454413451126
0.8503582411400714,0.17834914196942023
0.850795330958185,0.1784867976183768
0.8512324207762987,0.17839237408084616
0.8516695105944123,0.17808050791705737
0.852106600412526,0.17754457755784525
0.8525436902306396,0.17683859967240384
0.8529807800487532,0.1761127204664468
0.8534178698668669,0.17556615579528986
0.8538549596849805,0.17533109708428452
0.8542920495030941,0.1753489246154059
0.8547291393212078,0.17531686281218511
0.8551662291393214,0.1747563408861569
0.855603318957435,0.17319548645168656
0.8560404087755487,0.17039715393194704
0.8564774985936623,0.16653230094857283
0.8569145884117759,0.16221318762034564
0.8573516782298896,0.15835571058358064
0.8577887680480032,0.15591028343725902
0.8582258578661168,0.15555521275790335
0.8586629476842305,0.15746316504896146
0.8591000375023441,0.1612250928800611
0.8595371273204577,0.16595934361735573
0.8599742171385714,0.17056933008885955
0.860411306956685,0.17406411960648813
0.8608483967747986,0.17583782715377386
0.8612854865929123,0.17581961374598773
0.8617225764110259,0.17444963305775665
0.8621596662291395,0.17249347106113927
0.8625967560472532,0.17076129877362026
0.8630338458653668,0.16983142649804067
0.8634709356834804,0.16987879415954762
0.8639080255015941,0.17067320176917056
0.8643451153197077,0.17174802997482355
0.8647822051378213,0.17266904432972136
0.865219294955935,0.17328375673998017
0.8656563847740486,0.1738304340406593
0.8660934745921622,0.1748406257517003
0.8665305644102759,0.17686234093265832
0.8669676542283895,0.1801222510484808
0.8674047440465031,0.18428839032680402
0.8678418338646168,0.18846209360255342
0.8682789236827304,0.19142819331256328
0.868716013500844,0.1920710698354155
0.8691531033189577,0.18978167711807292
0.8695901931370713,0.1846809912279577
0.8700272829551849,0.17757015274738383
0.8704643727732986,0.16964371329528666
0.8709014625914122,0.16210471953123212
0.8713385524095258,0.1558478838509223
0.8717756422276395,0.15132107405322034
0.8722127320457531,0.1485727135414689
0.8726498218638667,0.14740281366132502
0.8730869116819804,0.14750497065083254
0.873524001500094,0.14852412264468415
0.8739610913182077,0.1500289609011415
0.8743981811363213,0.15146008787872464
0.8748352709544349,0.15212989354678846
0.8752723607725486,0.15131473522747746
0.8757094505906622,0.1484214757120527
0.8761465404087758,0.1431657077046201
0.8765836302268895,0.13569145542621727
0.8770207200450031,0.12658997947295253
0.8774578098631167,0.11681713621481794
0.8778948996812304,0.10754025959956984
0.878331989499344,0.09995477391211167
0.8787690793174576,0.0951023674780523
0.8792061691355713,0.0937104004321827
0.8796432589536849,0.09606732489043317
0.8800803487717985,0.10195202015420121
0.8805174385899122,0.11063799850384848
0.8809545284080258,0.12098729385035753
0.8813916182261394,0.13163091046396994
0.8818287080442531,0.1412088368556898
0.8822657978623667,0.14862288692314407
0.8827028876804803,0.15324786251801983
0.883139977498594,0.1550526063333968
0.8835770673167076,0.15459927963017134
0.8840141571348212,0.1529122618129785
0.8844512469529349,0.15123456730261445
0.8848883367710485,0.1507176187499593
0.8853254265891621,0.15211531585904078
0.8857625164072758,0.15556686752964793
0.8861996062253894,0.16054378808951944
0.886636696043503,0.16599807707617556
0.8870737858616167,0.17068590796037988
0.8875108756797303,0.17357366443747194
0.8879479654978439,0.17418943115868507
0.8883850553159576,0.17278784704286537
0.8888221451340712,0.17025639761654854
0.8892592349521848,0.16778818407320845
0.8896963247702985,0.1664409031487484
0.8901334145884121,0.16675141730294782
0.8905705044065257,0.16855448692797875
0.8910075942246394,0.17106938318477896
0.891444684042753,0.17320650024013015
0.8918817738608666,0.173958730660745
0.8923188636789803,0.17271864792907068
0.8927559534970939,0.16941024433117674
0.8931930433152075,0.16441575839186692
0.8936301331333212,0.1583667245741999
0.8940672229514348,0.15191212308588523
0.8945043127695484,0.14556074784399203
0.8949414025876621,0.1396373333986068
0.8953784924057757,0.13432954754348927
0.8958155822238894,0.12976909798079003
0.896252672042003,0.1260963692246712
0.8966897618601166,0.12349021964237736
0.8971268516782303,0.12217573422900554
0.8975639414963439,0.12243162703452677
0.8980010313144575,0.12460333430955595
0.8984381211325712,0.12910360908139254
0.8988752109506848,0.13637111516723563
0.8993123007687984,0.14677072997813215
0.8997493905869121,0.1604510000877504
0.9001864804050257,0.1772052998138267
0.9006235702231393,0.19639421387129619
0.901060660041253,0.21696987558127448
0.9014977498593666,0.23760669749325908
0.9019348396774802,0.25690538115253675
0.9023719294955939,0.2736154793028208
0.9028090193137066,0.2868232633437093
0.9032461091318202,0.29607128627871676
0.9036831989499339,0.3014015527803583
0.9041202887680475,0.30333353707149324
0.9045573785861611,0.3027952325773116
0.9049944684042748,0.30102113191206453
0.9054315582223884,0.2994218389685904
0.905868648040502,0.29942363917977205
0.9063057378586157,0.30227849825795067
0.9067428276767293,0.3088569781745121
0.907179917494843,0.3194545662928761
0.9076170073129566,0.3336576603535209
0.9080540971310702,0.35031928007722624
0.9084911869491838,0.36767988733318485
0.9089282767672975,0.38363602928035495
0.9093653665854111,0.3961177430413611
0.9098024564035248,0.40349897213327574
0.9102395462216384,0.4049471275386031
0.910676636039752,0.4006253390597445
0.9111137258578657,0.3916919507712869
0.9115508156759793,0.38008755771024977
0.9119879054940929,0.36814889289767777
0.9124249953122066,0.35813060722574547
0.9128620851303202,0.35174187010289343
0.9132991749484338,0.34980782623705087
0.9137362647665475,0.3521417873896032
0.9141733545846611,0.35766372070818975
0.9146104444027747,0.3647343681099203
0.9150475342208884,0.37161160472610805
0.915484624039002,0.376898912243107
0.9159217138571156,0.3798603604165102
0.9163588036752293,0.3805216303857706
0.9167958934933429,0.379544979176987
0.9172329833114565,0.3779318167436501
0.9176700731295702,0.376648265692827
0.9181071629476838,0.3762786894912242
0.9185442527657974,0.3767952407529234
0.9189813425839111,0.3774993717803235
0.9194184324020247,0.3771526044848023
0.9198555222201383,0.37427203721004637
0.920292612038252,0.36752383480058526
0.9207297018563656,0.3561138086436917
0.9211667916744792,0.34006282832582074
0.9216038814925929,0.32027891885123383
0.9220409713107065,0.29839674689803475
0.9224780611288201,0.2764295051415567
0.9229151509469338,0.2563375345934795
0.9233522407650474,0.2396374345362018
0.923789330583161,0.22715013764976516
0.9242264204012747,0.21893380578423485
0.9246635102193883,0.21439418060304757
0.9251006000375019,0.21252950768891649
0.9255376898556156,0.21224979955101567
0.9259747796737292,0.21269975227014135
0.9264118694918428,0.2135040875697057
0.9268489593099565,0.2148521431093831
0.9272860491280701,0.21736488609911145
0.9277231389461837,0.2217537956562065
0.9281602287642974,0.22837213179482843
0.928597318582411,0.23683220828279788
0.9290344084005246,0.24586916751943438
0.9294714982186383,0.25355143043111245
0.9299085880367519,0.2577970479698219
0.9303456778548655,0.2570189031664711
0.9307827676729792,0.25065876832297435
0.9312198574910928,0.23941263653084596
0.9316569473092065,0.225074408590432
0.9320940371273201,0.21006879758551422
0.9325311269454337,0.19684212653230118
0.9329682167635474,0.18729975506410942
0.933405306581661,0.18243293024136206
0.9338423963997746,0.1822032120695046
0.9342794862178883,0.18568277186814194
0.9347165760360019,0.19139575517315208
0.9351536658541155,0.19776497273028154
0.9355907556722292,0.20353750758198125
0.9360278454903428,0.20805613200894799
0.9364649353084564,0.21128254733293242
0.9369020251265701,0.21356955493072302
0.9373391149446837,0.21529346686095344
0.9377762047627973,0.21653698161128335
0.938213294580911,0.21700142634954717
0.9386503843990246,0.21621441058995275
0.9390874742171382,0.21393471917466456
0.9395245640352519,0.21053037741385028
0.9399616538533655,0.20709547932937622
0.9403987436714791,0.20519174105173477
0.9408358334895928,0.20629120821003966
0.9412729233077064,0.21115413538426706
0.94171001312582,0.21941602195006468
0.9421471029439337,0.22956294022233023
0.9425841927620473,0.23930192310508613
0.9430212825801609,0.24617663314013322
0.9434583723982746,0.24821006088258352
0.9438954622163882,0.24438842952260026
0.9443325520345018,0.23489047772109253
0.9447696418526155,0.2210525233933103
0.9452067316707291,0.20510621225218575
0.9456438214888427,0.18973980108856164
0.9460809113069564,0.17754774068669013
0.94651800112507,0.1704686128879667
0.9469550909431836,0.16935355022835127
0.9473921807612973,0.17381297008376637
0.9478292705794109,0.18242239493523063
0.9482663603975245,0.19323529509110324
0.9487034502156382,0.20441113698914345
0.9491405400337518,0.21470080716584786
0.9495776298518654,0.22359041449807196
0.9500147196699791,0.23107113152054468
0.9504518094880927,0.2371940643496449
0.9508888993062063,0.24168047176159071
0.95132598912432,0.24382402844182355
0.9517630789424336,0.2427580585019338
0.9522001687605472,0.23795497052512543
0.9526372585786609,0.22968962881097096
0.9530743483967745,0.2192060421741799
0.9535114382148882,0.20847169187055842
0.9539485280330018,0.19960718510369155
0.9543856178511154,0.19423450325800926
0.954822707669229,0.19301905276460635
0.9552597974873427,0.19558073842554877
0.9556968873054563,0.20077529381932582
0.95613397712357,0.2071880192777933
0.9565710669416836,0.2136108011278631
0.9570081567597972,0.219313313781452
0.9574452465779109,0.22403948011593042
0.9578823363960245,0.227796052214604
0.9583194262141381,0.23058743085501776
0.9587565160322518,0.23225478533311142
0.9591936058503654,0.2325049163283805
0.959630695668479,0.2311060321960838
0.9600677854865927,0.22813744566194455
0.9605048753047063,0.22414982173435477
0.9609419651228199,0.2201336706280846
0.9613790549409336,0.21728417306031217
0.9618161447590472,0.21664595754161456
0.9622532345771608,0.21877740405693522
0.9626903243952745,0.22356635608118422
0.9631274142133881,0.2302647697939029
0.9635645040315017,0.23772145781092277
0.9640015938496154,0.24472013436024012
0.964438683667729,0.25030248254410237
0.9648757734858426,0.2539770578185428
0.9653128633039563,0.2557670979793974
0.9657499531220699,0.2561076873752653
0.9661870429401835,0.25564472521082854
0.9666241327582972,0.255006770125774
0.9670612225764108,0.25461819021061644
0.9674983123945244,0.25460351937571984
0.9679354022126381,0.25480288523585465
0.9683724920307517,0.25488171432394124
0.9688095818488653,0.25448411417665834
0.969246671666979,0.2533626875006833
0.9696837614850926,0.2514301991197527
0.9701208513032062,0.24871995059583132
0.9705579411213199,0.24529343028668943
0.9709950309394335,0.24116628021208583
0.9714321207575471,0.23631378825289623
0.9718692105756608,0.23076563491883015
0.9723063003937744,0.22473490330839366
0.972743390211888,0.2186897765911857
0.9731804800300017,0.21329613583280693
0.9736175698481153,0.20922984167095504
0.974054659666229,0.20693920850777414
0.9744917494843426,0.20648002087158465
0.9749288393024562,0.20751721165231204
0.9753659291205699,0.20950074343603403
0.9758030189386835,0.2119271076643123
0.9762401087567971,0.21454914097923145
0.9766771985749108,0.21742546836640528
0.9771142883930244,0.22079067822808554
0.977551378211138,0.22482570661337337
0.9779884680292517,0.22945803281885427
0.9784255578473653,0.23429659233240815
0.9788626476654789,0.23872549410034383
0.9792997374835926,0.24209434705025287
0.9797368273017062,0.24390150689240234
0.9801739171198198,0.2438892402622995
0.9806110069379335,0.24203556671452506
0.9810480967560471,0.23849086582772988
0.9814851865741607,0.2335285559735283
0.9819222763922744,0.2275490150614434
0.982359366210388,0.22111935231034135
0.9827964560285016,0.21498956153915327
0.9832335458466153,0.2100275165016116
0.9836706356647289,0.20706069151685444
0.9841077254828425,0.2066722563507714
0.9845448153009562,0.20903508865738468
0.9849819051190698,0.21385648236157112
0.9854189949371834,0.22045531668695756
0.9858560847552971,0.22793273480548776
0.9862931745734107,0.23536183152831433
0.9867302643915243,0.2419291730382302
0.987167354209638,0.24700200918513465
0.9876044440277516,0.2501412326808879
0.9880415338458652,0.25110256633708944
0.9884786236639789,0.24985589857512375
0.9889157134820925,0.2466174828255994
0.9893528033002061,0.24185846126767063
0.9897898931183198,0.23624892713183662
0.9902269829364334,0.23052439996523047
0.990664072754547,0.2253053472450925
0.9911011625726607,0.22093408534545836
0.9915382523907743,0.21739655338459632
0.991975342208888,0.21436588648294094
0.9924124320270016,0.21135529389493501
0.9928495218451152,0.2079231299930572
0.9932866116632288,0.20385293230998705
0.9937237014813425,0.1992426003163465
0.9941607912994561,0.19447307904987116
0.9945978811175697,0.1900726170994059
0.9950349709356834,0.1865311186333854
0.995472060753797,0.18413738993862747
0.9959091505719107,0.18290391957774205
0.9963462403900243,0.18261087735788656
0.9967833302081379,0.18295329430659746
0.9972204200262516,0.18372991298710611
0.9976575098443652,0.18498817850605362
0.9980945996624788,0.18705065149509986
0.9985316894805925,0.1903934906888516
0.9989687792987061,0.1954110610628103
0.9994058691168197,0.20215516466574074
0.9998429589349334,0.21015765832159983
1.000280048753047,0.21842045009730363
1.0007171385711606,0.22559622961836384
1.0011542283892743,0.23031161949512322
1.001591318207388,0.23153045481325596
1.0020284080255015,0.2288386903236004
1.0024654978436152,0.22255835723312453
1.0029025876617288,0.2136551131298455
1.0033396774798424,0.20347181698777303
1.003776767297956,0.1933765847514209
1.0042138571160697,0.18443945513340268
1.0046509469341833,0.17723779044003904
1.005088036752297,0.17184039650220997
1.0055251265704106,0.16795150724884186
1.0059622163885242,0.16513537361313144
1.0063993062066379,0.16301670293931
1.0068363960247515,0.16137433405879967
1.0072734858428651,0.1601055967367949
1.0077105756609788,0.15910713862324186
1.0081476654790924,0.1581594534568425
1.008584755297206,0.1568954864413369
1.0090218451153197,0.15488335459288272
1.0094589349334333,0.15178797959444315
1.009896024751547,0.14753202737136642
1.0103331145696606,0.14237535086753883
1.0107702043877742,0.13687143439896918
1.0112072942058878,0.13171527645394784
1.0116443840240015,0.1275406190868554
1.012081473842115,0.124737882234858
1.0125185636602287,0.12334866358397714
1.0129556534783424,0.12306241709089318
1.013392743296456,0.12331119590628946
1.0138298331145696,0.12343647635984555
1.0142669229326833,0.12288726144974906
1.014704012750797,0.12139858013715026
1.0151411025689105,0.11909661175754047
1.0155781923870242,0.1164879693232997
1.0160152822051378,0.11432087170285894
1.0164523720232514,0.11334987540989815
1.016889461841365,0.11407718087976318
1.0173265516594787,0.1165619518989489
1.0177636414775924,0.12037190899103763
1.018200731295706,0.12470209070599257
1.0186378211138196,0.12862332587818878
1.0190749109319333,0.13137367912472636
1.0195120007500469,0.13259051109553227
1.0199490905681605,0.13240487644414056
1.0203861803862742,0.13137334703272363
1.0208232702043878,0.13028317503856057
1.0212603600225014,0.12991078025887484
1.021697449840615,0.13082357850002319
1.0221345396587287,0.13328763168796606
1.0225716294768423,0.13729086028191506
1.023008719294956,0.14263790944103683
1.0234458091130696,0.14904446018078854
1.0238828989311832,0.1561711746568472
1.0243199887492969,0.16358533510699616
1.0247570785674105,0.1706957756744072
1.0251941683855241,0.17673955376270428
1.0256312582036378,0.1808832646830476
1.0260683480217514,0.18244070440754703
1.026505437839865,0.18113270824170963
1.0269425276579787,0.1772683380830741
1.0273796174760923,0.17174097641226999
1.027816707294206,0.16580788947488265
1.0282537971123196,0.1607223027567111
1.0286908869304332,0.15736104676164822
1.0291279767485468,0.15599822853493234
1.0295650665666605,0.1563104914368226
1.030002156384774,0.1575945438870094
1.0304392462028877,0.15908543347861742
1.0308763360210014,0.1602292309701407
1.031313425839115,0.16080021413475354
1.0317505156572286,0.16083790021967934
1.0321876054753423,0.1604684500051749
1.032624695293456,0.15972462370709128
1.0330617851115695,0.1584676843432775
1.0334988749296832,0.1564530227407222
1.0339359647477968,0.15350178379535545
1.0343730545659104,0.14968265472352443
1.034810144384024,0.14539860162314433
1.0352472342021377,0.14131669964096258
1.0356843240202513,0.13815498190513698
1.036121413838365,0.13641304739483465
1.0365585036564786,0.1361680648229297
1.0369955934745922,0.137036062503289
1.0374326832927059,0.13832708373880104
1.0378697731108195,0.13933331331031798
1.0383068629289331,0.13962409600043885
1.0387439527470468,0.13921424475793795
1.0391810425651604,0.13852884577641228
1.039618132383274,0.13818341576811324
1.0400552222013877,0.13868616541164833
1.0404923120195013,0.14020484704692943
1.040929401837615,0.14250557527127067
1.0413664916557286,0.1450830758526493
1.0418035814738422,0.1474068093825791
1.0422406712919559,0.14915454356626093
1.0426777611100695,0.15032024612428557
1.0431148509281831,0.15115563287505812
1.0435519407462968,0.15199312386814617
1.0439890305644104,0.15305447314745896
1.044426120382524,0.15434603675226763
1.0448632102006377,0.15568499024920984
1.0453003000187513,0.15682603571372397
1.045737389836865,0.15760769799271787
1.0461744796549786,0.1580365280037141
1.0466115694730922,0.15827168073129536
1.0470486592912058,0.15853187528932294
1.0474857491093195,0.15898642106988967
1.047922838927433,0.15969164000589192
1.0483599287455467,0.16059871589323663
1.0487970185636604,0.16161354651596296
1.049234108381774,0.16266145999485876
1.0496711981998876,0.1637139238223833
1.0501082880180013,0.1647642823651556
1.050545377836115,0.16577424483547856
1.0509824676542285,0.16663096895920174
1.0514195574723422,0.16714702215565794
1.0518566472904558,0.16710922909154288
1.0522937371085694,0.16635434841793448
1.052730826926683,0.16483536882558966
1.0531679167447967,0.16264775225147715
1.0536050065629103,0.160004565286126
1.054042096381024,0.15717148531102426
1.0544791861991376,0.15438706251114034
1.0549162760172512,0.15179654767729248
1.0553533658353649,0.1494211807387355
1.0557904556534785,0.1471734646184978
1.0562275454715921,0.14491589454576254
1.0566646352897058,0.14254745826880152
1.0571017251078194,0.14009074838234528
1.057538814925933,0.13774647144540622
1.0579759047440467,0.13588641430366288
1.0584129945621603,0.13497319985601694
1.058850084380274,0.1354221979875051
1.0592871741983876,0.13744791462544387
1.0597242640165012,0.14095130147032206
1.0601613538346149,0.14549655069521866
1.0605984436527285,0.1503961794679002
1.0610355334708421,0.15488226475854394
1.0614726232889558,0.15830663092181693
1.0619097131070694,0.16029930739084933
1.062346802925183,0.16082952874325865
1.0627838927432967,0.16015153920138675
1.0632209825614103,0.15866293311980947
1.063658072379524,0.15673714855245663
1.0640951621976376,0.1545996334843598
1.0645322520157512,0.15229561075210232
1.0649693418338648,0.14975535226123218
1.0654064316519785,0.14691852653855303
1.065843521470092,0.1438520812203619
1.0662806112882057,0.14079879562561154
1.0667177011063194,0.13812566637367296
1.067154790924433,0.1361888436057551
1.0675918807425466,0.1351733696023166
1.0680289705606603,0.1349819002281397
1.068466060378774,0.135228630546321
1.0689031501968875,0.13535020339433526
1.0693402400150012,0.1347944588686714
1.0697773298331148,0.1332136992477431
1.0702144196512284,0.1305869699737825
1.070651509469342,0.12722578441969098
1.0710885992874557,0.12366509459436827
1.0715256891055693,0.12048451568886161
1.071962778923683,0.11812610151513481
1.0723998687417966,0.11676848367604861
1.0728369585599102,0.11629013497382333
1.0732740483780239,0.11632153049434688
1.0737111381961375,0.11636060069769749
1.0741482280142511,0.11591435116392557
1.0745853178323648,0.11463013430862781
1.0750224076504784,0.11238724031989286
1.075459497468592,0.10932907664977401
1.0758965872867057,0.10582781010138169
1.0763336771048193,0.1023883146943461
1.076770766922933,0.09951565431599192
1.0772078567410466,0.09758456503164877
1.0776449465591602,0.0967523603707694
1.0780820363772738,0.09694320916835508
1.0785191261953875,0.09790472488225864
1.0789562160135011,0.09930865672229386
1.0793933058316147,0.10085068656794896
1.0798303956497284,0.10230915240009873
1.080267485467842,0.10354688832632054
1.0807045752859556,0.10447138405349099
1.0811416651040693,0.10498936702398778
1.081578754922183,0.10499158408421554
1.0820158447402966,0.10438279417931741
1.0824529345584102,0.10314282584825073
1.0828900243765238,0.10138333031050238
1.0833271141946375,0.09936312088190256
1.083764204012751,0.09744352914229834
1.0842012938308647,0.09599420431315477
1.0846383836489784,0.09528443071159633
1.085075473467092,0.09540327267086811
1.0855125632852056,0.09624008161318245
1.0859496531033193,0.09753117987660732
1.086386742921433,0.09895115252749125
1.0868238327395465,0.10021057609048231
1.0872609225576602,0.10112305471760095
1.0876980123757738,0.10162150873822905
1.0881351021938874,0.10172782463976981
1.088572192012001,0.10149951742630893
1.0890092818301147,0.1009832826790733
1.0894463716482283,0.10019669262206635
1.089883461466342,0.09914178798073935
1.0903205512844556,0.0978377690622599
1.0907576411025692,0.09635252736544596
1.0911947309206829,0.09481656040658441
1.0916318207387965,0.09341362908951113
1.0920689105569101,0.09235308088188775
1.0925060003750238,0.09183367000285504
1.0929430901931374,0.09200748157865361
1.093380180011251,0.09294896759050905
1.0938172698293647,0.09463245183669543
1.0942543596474783,0.09692291886288777
1.094691449465592,0.09958656367998302
1.0951285392837056,0.10232511501809805
1.0955656291018192,0.10482973395826718
1.0960027189199328,0.10683974648910764
1.0964398087380465,0.10818547232618396
1.09687689855616,0.10879862471200238
1.0973139883742737,0.10868805461457576
1.0977510781923874,0.107896067670383
1.098188168010501,0.10646106516418008
1.0986252578286146,0.10440883025692474
1.0990623476467283,0.10177822944390512
1.099499437464842,0.09866620687487701
1.0999365272829555,0.09526356966560892
1.1003736171010692,0.09185520153275174
1.1008107069191828,0.08877542026234227
1.1012477967372964,0.08633232554023838
1.10168488655541,0.08473197718187156
1.1021219763735237,0.08403524915107519
1.1025590661916373,0.08416618461172619
1.102996156009751,0.08496749194634316
1.1034332458278646,0.08627738603750026
1.1038703356459783,0.08799195361727394
1.1043074254640919,0.09008295694222786
1.1047445152822055,0.09256020530833385
1.1051816051003192,0.09539270588063993
1.1056186949184328,0.0984237214797737
1.1060557847365464,0.10132265371169566
1.10649287455466,0.10360674946273267
1.1069299643727737,0.10474007594002278
1.1073670541908864,0.10428496160352904
1.107804144009,0.10205519842679511
1.1082412338271137,0.09821257496807136
1.1086783236452273,0.0932636842930706
1.109115413463341,0.08794750631838077
1.1095525032814546,0.083043137062968
1.1099895930995682,0.07915642178445684
1.1104266829176819,0.07655403659777936
1.1108637727357955,0.075101709177565
1.1113008625539091,0.07433443965795473
1.1117379523720228,0.07364824284063444
1.1121750421901364,0.07256277155457695
1.11261213200825,0.07097090126691645
1.1130492218263637,0.0692767207480132
1.1134863116444773,0.0683407606132699
1.113923401462591,0.06920799139900959
1.1143604912807046,0.07268065376012092
1.1147975810988182,0.07888314739179737
1.1152346709169318,0.08700598472082403
1.1156717607350455,0.09537593045822006
1.1161088505531591,0.10188015809891779
1.1165459403712727,0.10461829020421667
1.1169830301893864,0.10254064041664827
1.1174201200075,0.09581774499250019
1.1178572098256137,0.0857915574344459
1.1182942996437273,0.07453619368985044
1.118731389461841,0.06421849904822562
1.1191684792799546,0.05651522235300405
1.1196055690980682,0.05228612461651862
1.1200426589161818,0.051561011444436866
1.1204797487342955,0.053756345690729165
1.120916838552409,0.057968642629266175
1.1213539283705227,0.06322015194561824
1.1217910181886364,0.06861893010151406
1.12222810800675,0.07347078970469054
1.1226651978248636,0.07739293186384391
1.1231022876429773,0.0804283027867874
1.123539377461091,0.08309475038126055
1.1239764672792045,0.08628465465875869
1.1244135570973182,0.0909864925314932
1.1248506469154318,0.09790243542123676
1.1252877367335454,0.10711972102946975
1.125724826551659,0.11799755464892754
1.1261619163697727,0.12934188071078834
1.1265990061878863,0.13980224050690732
1.127036096006,0.14831519324960768
1.1274731858241136,0.15439980838427766
1.1279102756422272,0.15819228690647155
1.1283473654603409,0.16024083177522977
1.1287844552784545,0.16119270411502035
1.1292215450965681,0.16153498808476094
1.1296586349146818,0.16149146073331774
1.1300957247327954,0.16107399479188494
1.130532814550909,0.16020363418927444
1.1309699043690227,0.15880046590271985
1.1314069941871363,0.1567938286458947
1.13184408400525,0.15408350546604585
1.1322811738233636,0.15053199843148574
1.1327182636414772,0.14605263910163255
1.1331553534595908,0.14078590184642806
1.1335924432777045,0.13527278565628167
1.134029533095818,0.13049595317645718
1.1344666229139317,0.1276992104485124
1.1349037127320454,0.1280018202188377
1.135340802550159,0.1319432256414418
1.1357778923682726,0.13915975281672519
1.1362149821863863,0.14836431444680445
1.1366520720045,0.1576781255915816
1.1370891618226135,0.1652043683844709
1.1375262516407272,0.16961564378825617
1.1379633414588408,0.17051180099534632
1.1384004312769544,0.16840469136520117
1.138837521095068,0.16435564623306162
1.1392746109131817,0.15944763936330747
1.1397117007312954,0.1543402200007286
1.140148790549409,0.14910005111823368
1.1405858803675226,0.14335407778824408
1.1410229701856363,0.13665240622247107
1.1414600600037499,0.12883500477221382
1.1418971498218635,0.12021336701600911
1.1423342396399772,0.11148918575099122
1.1427713294580908,0.1034732954041078
1.1432084192762044,0.09676521231343603
1.143645509094318,0.09156115388100292
1.1440825989124317,0.08768108366305237
1.1445196887305453,0.08478995967120716
1.144956778548659,0.08269487946773595
1.1453938683667726,0.08156941748636756
1.1458309581848862,0.08199477752343375
1.1462680480029999,0.08478886227221831
1.1467051378211135,0.09068069328534549
1.1471422276392271,0.09994691899412453
1.1475793174573408,0.11214363507061158
1.1480164072754544,0.126039825555666
1.148453497093568,0.1397977033895482
1.1488905869116817,0.1513658988732916
1.1493276767297953,0.15897576143611758
1.149764766547909,0.16158517084145094
1.1502018563660226,0.15912064683033825
1.1506389461841362,0.15243331832265367
1.1510760360022498,0.1429880086560479
1.1515131258203635,0.1324055614460089
1.151950215638477,0.12203062595947357
1.1523873054565907,0.1126748415339081
1.1528243952747044,0.10459952250820412
1.153261485092818,0.09769582406865991
1.1536985749109316,0.09174629967450076
1.1541356647290453,0.08664185422698988
1.154572754547159,0.08247729835762188
1.1550098443652725,0.07952086401573062
1.1554469341833862,0.07810561447565233
1.1558840240014998,0.07850142320052507
1.1563211138196134,0.08080407286185186
1.156758203637727,0.08485192771471144
1.1571952934558407,0.09017499137676367
1.1576323832739543,0.09599670447912245
1.158069473092068,0.10132273499036408
1.1585065629101816,0.10513642675517451
1.1589436527282952,0.10667105733475556
1.1593807425464089,0.1056690458259377
1.1598178323645225,0.10251008101432216
1.1602549221826362,0.09812489204741362
1.1606920120007498,0.09370333563154479
1.1611291018188634,0.09030918811174081
1.161566191636977,0.08856882774140075
1.1620032814550907,0.08856888883142414
1.1624403712732043,0.08999070107401104
1.162877461091318,0.09238542326803842
1.1633145509094316,0.0954251864898269
1.1637516407275452,0.09899341252322151
1.1641887305456589,0.10308502496478245
1.1646258203637725,0.10760844358555943
1.1650629101818861,0.11224098712723744
1.1654999999999998,0.11645093973272096
1.1659370898181134,0.11968865495095826
1.166374179636227,0.12163754802371303
1.1668112694543407,0.12237539139225094
1.1672483592724543,0.12235175144567752
1.167685449090568,0.12220051869253587
1.1681225389086816,0.12250224290758259
1.1685596287267952,0.12362828316298209
1.1689967185449088,0.12573128934847203
1.1694338083630225,0.12884521511426347
1.169870898181136,0.13299378522638985
1.1703079879992497,0.13821945743269518
1.1707450778173634,0.14451836317491037
1.171182167635477,0.15174186787245877
1.1716192574535906,0.1595480637253409
1.1720563472717043,0.16744735794223659
1.172493437089818,0.17492436396361838
1.1729305269079315,0.18158518719553146
1.1733676167260452,0.18729390616889643
1.1738047065441588,0.19229472839572384
1.1742417963622724,0.19731698052338473
1.174678886180386,0.2036100768552504
1.1751159759984997,0.21279660548142143
1.1755530658166133,0.22644142644188198
1.175990155634727,0.2453604806765954
1.1764272454528406,0.26889365148703176
1.1768643352709542,0.29451526640052006
1.1773014250890679,0.31811888002829086
1.1777385149071815,0.3350496663288469
1.1781756047252951,0.34157660049605415
1.1786126945434088,0.3362097155557103
1.1790497843615224,0.3202639766396219
1.179486874179636,0.2973881555256999
1.1799239639977497,0.27226039536950675
1.1803610538158633,0.24903944294520322
1.180798143633977,0.23023886061961202
1.1812352334520906,0.21642819202658056
1.1816723232702042,0.20672469772275992
1.1821094130883179,0.1996769908632452
1.1825465029064315,0.19404444666036813
1.1829835927245451,0.1891560247535878
1.1834206825426588,0.1848387563447298
1.1838577723607724,0.18113884584079706
1.184294862178886,0.17809684990450467
1.1847319519969997,0.17570517993969473
1.1851690418151133,0.1739975914165138
1.185606131633227,0.1731259533157989
1.1860432214513406,0.17331586558155448
1.1864803112694542,0.17470718548140377
1.1869174010875678,0.17718153280722482
1.1873544909056815,0.18029090919599913
1.187791580723795,0.18333530285939
1.1882286705419087,0.18555117472717592
1.1886657603600224,0.1863260196826772
1.189102850178136,0.18536388585200653
1.1895399399962496,0.18276603078293036
1.1899770298143633,0.17902146102050914
1.190414119632477,0.17490895611826884
1.1908512094505905,0.17131181837672033
1.1912882992687042,0.1689647974914876
1.1917253890868178,0.16819431507755334
1.1921624789049314,0.1687517932776291
1.192599568723045,0.16983666100005582
1.1930366585411587,0.17034211530355306
1.1934737483592723,0.16925529770443745
1.193910838177386,0.16605773912040248
1.1943479279954996,0.16095335727987367
1.1947850178136132,0.15481638026070424
1.1952221076317269,0.1488707385127817
1.1956591974498405,0.14422776786583683
1.1960962872679541,0.1414670131422126
1.1965333770860678,0.14042328300135118
1.1969704669041814,0.14025745669500508
1.197407556722295,0.13977909494882862
1.1978446465404087,0.1378991282713913
1.1982817363585223,0.1340504362404066
1.198718826176636,0.12843181321452357
1.1991559159947496,0.12199609178702307
1.1995930058128632,0.11619185187988332
1.2000300956309768,0.11254985039254527
1.2004671854490905,0.11225268170698229
1.2009042752672041,0.11582425286359366
1.2013413650853177,0.1230280067523951
1.2017784549034314,0.13299005962988733
1.202215544721545,0.1444933505934212
1.2026526345396586,0.15634358836467607
1.2030897243577723,0.16769544858204358
1.203526814175886,0.17824398739648833
1.2039639039939996,0.1882232601604017
1.2044009938121132,0.1982056864523067
1.2048380836302268,0.20875668069535883
1.2052751734483405,0.22005758360260516
1.205712263266454,0.2316429436338511
1.2061493530845677,0.24237936286778283
1.2065864429026814,0.25073182683746464
1.207023532720795,0.25524200979128536
1.2074606225389086,0.2550356691637247
1.2078977123570223,0.25014350672208285
1.208334802175136,0.24149118725233815
1.2087718919932495,0.23056288727041643
1.2092089818113632,0.2188941856451383
1.2096460716294768,0.2076225702398124
1.2100831614475904,0.1972779996161065
1.210520251265704,0.1878605660881107
1.2109573410838177,0.17910728476573226
1.2113944309019313,0.17077675858372113
1.211831520720045,0.16281164062342415
1.2122686105381586,0.15534116030612144
1.2127057003562722,0.14858649616432792
1.2131427901743859,0.14276827446387236
1.2135798799924995,0.1380761714783009
1.2140169698106131,0.13468661699263387
1.2144540596287268,0.13276619853404178
1.2148911494468404,0.13241090877431758
1.215328239264954,0.13353231231039742
1.2157653290830677,0.1357629042071023
1.2162024189011813,0.13846687097651464
1.216639508719295,0.14089525822170357
1.2170765985374086,0.1424436209730414
1.2175136883555222,0.1429041715330701
1.2179507781736358,0.14259155439210988
1.2183878679917495,0.14226849499248348
1.218824957809863,0.1428802736859897
1.2192620476279767,0.14518668261615736
1.2196991374460904,0.14942422632736238
1.220136227264204,0.15512507407959844
1.2205733170823176,0.16116705946468482
1.2210104069004313,0.1660497086400407
1.221447496718545,0.16831210965263158
1.2218845865366585,0.1669580431134938
1.2223216763547722,0.1617526946633086
1.2227587661728858,0.15330547520233237
1.2231958559909994,0.1429337265583382
1.223632945809113,0.1323753734232844
1.2240700356272267,0.12345131752618842
1.2245071254453403,0.11776067089037158
1.224944215263454,0.11644444474805553
1.2253813050815676,0.12001359696531452
1.2258183948996813,0.1282332977543546
1.2262554847177949,0.14008425684792816
1.2266925745359085,0.15385174638976035
1.2271296643540222,0.16738562910426028
1.2275667541721358,0.17851700709306187
1.2280038439902494,0.18553476210371783
1.228440933808363,0.1875691869559895
1.2288780236264767,0.1847425819753974
1.2293151134445903,0.17803175384616451
1.229752203262704,0.16890415631019895
1.2301892930808176,0.15887687994623936
1.2306263828989312,0.14916159525890219
1.2310634727170449,0.14049728746809023
1.2315005625351585,0.13317539770379902
1.2319376523532721,0.1271823808112473
1.2323747421713858,0.12235856202544813
1.2328118319894994,0.11850049631605618
1.233248921807613,0.11538900573212464
1.2336860116257267,0.1127717193257421
1.2341231014438403,0.11034597967482354
1.234560191261954,0.1077755235429669
1.2349972810800676,0.10474733902327718
1.2354343708981812,0.10105068919258516
1.2358714607162948,0.09664863486546224
1.2363085505344085,0.09171489593144701
1.236745640352522,0.08662136795808495
1.2371827301706357,0.08187782615345078
1.2376198199887494,0.07803902261414974
1.238056909806863,0.0756006910459648
1.2384939996249766,0.07490372666379
1.2389310894430903,0.07605895737983381
1.239368179261204,0.07890059218681414
1.2398052690793175,0.08297906339738119
1.2402423588974312,0.08760969887684049
1.2406794487155448,0.09199099114247265
1.2411165385336584,0.09538519231444804
1.241553628351772,0.09731782610443548
1.2419907181698857,0.09772186114748642
1.2424278079879993,0.09695362915815463
1.242864897806113,0.09565405750960856
1.2433019876242266,0.09450396849451029
1.2437390774423402,0.09398408360564263
1.2441761672604539,0.09425624283604835
1.2446132570785675,0.09521947857031228
1.2450503468966811,0.09669441935675625
1.2454874367147948,0.0986121595610288
1.2459245265329084,0.10108031304039673
1.246361616351022,0.1042763600846487
1.2467987061691357,0.10823155673762556
1.2472357959872493,0.11264736052723215
1.247672885805363,0.11687944700698971
1.2481099756234766,0.12013276626967727
1.2485470654415902,0.12178724148341466
1.2489841552597039,0.12168962897144497
1.2494212450778175,0.12025145052694255
1.2498583348959311,0.11828451412009315
1.2502954247140448,0.11663654061909413
1.2507325145321584,0.11579341767271899
1.251169604350272,0.11564076679549783
1.2516066941683857,0.11551292863729486
1.2520437839864993,0.11453008452833698
1.252480873804613,0.11208918372721166
1.2529179636227266,0.10829151167259646
1.2533550534408402,0.10409987533641596
1.2537921432589538,0.1011245206380168
1.2542292330770675,0.10109819360490888
1.254666322895181,0.1052452947704144
1.2551034127132947,0.11380626153875618
1.2555405025314084,0.12591275128026944
1.255977592349522,0.13984988442264623
1.2564146821676356,0.15356882091542107
1.2568517719857493,0.165216573636045
1.257288861803863,0.1734784438161034
1.2577259516219765,0.17765804444739738
1.2581630414400902,0.17756860998253493
1.2586001312582038,0.17338805644381905
1.2590372210763174,0.16559875862677237
1.259474310894431,0.1550237357522937
1.2599114007125447,0.14286506935734836
1.2603484905306583,0.13062230770002398
1.260785580348772,0.11983690875656457
1.2612226701668856,0.1117262757992896
1.2616597599849992,0.10685889221640318
1.2620968498031129,0.10502318166139772
1.2625339396212265,0.10535675046984183
1.2629710294393401,0.1066823910735708
1.2634081192574538,0.1079111321423517
1.2638452090755674,0.10836196901010157
1.264282298893681,0.10790629583181234
1.2647193887117947,0.10693018524256184
1.2651564785299083,0.10617246033982759
1.265593568348022,0.10651657866040275
1.2660306581661356,0.10879550460126555
1.2664677479842492,0.11363491928569754
1.2669048378023628,0.12133453128308645
1.2673419276204765,0.13178041686473838
1.2677790174385901,0.14439054037260363
1.2682161072567038,0.15811125981951632
1.2686531970748174,0.17149388292192325
1.269090286892931,0.1828775651509479
1.2695273767110447,0.19068135021609578
1.2699644665291583,0.1937645635398412
1.270401556347272,0.191764306336785
1.2708386461653856,0.18528721764169395
1.2712757359834992,0.17584775322642862
1.2717128258016128,0.16551862666606582
1.2721499156197265,0.15637173741413973
1.27258700543784,0.14989172672239057
1.2730240952559537,0.14658347730571883
1.2734611850740674,0.14593746970776358
1.273898274892181,0.14677746117330623
1.2743353647102946,0.14785260581193338
1.2747724545284083,0.14842683250443153
1.275209544346522,0.14861574000831546
1.2756466341646355,0.14932873593038581
1.2760837239827492,0.15184295271111964
1.2765208138008628,0.1571900731560087
1.2769579036189764,0.1656120345037213
1.27739499343709,0.17630980858905268
1.2778320832552037,0.18759049866059666
1.2782691730733173,0.19736383903978091
1.278706262891431,0.20380972468185884
1.2791433527095446,0.20597855303619808
1.2795804425276582,0.20411283029490548
1.2800175323457719,0.19957865359830768
1.2804546221638855,0.19443288980414009
1.2808917119819991,0.1907781242921114
1.2813288018001128,0.19012817788011532
1.2817658916182264,0.19299640608477825
1.28220298143634,0.19883096554449256
1.2826400712544537,0.2062898987915707
1.2830771610725673,0.21372638314869402
1.283514250890681,0.21968939756394573
1.2839513407087946,0.2232612044001859
1.2843884305269082,0.2241391574560551
1.2848255203450218,0.22248496429668485
1.2852626101631355,0.2186588911842742
1.2856996999812491,0.21299081671145134
1.2861367897993627,0.20570343016323836
1.2865738796174764,0.1970146981258329
1.28701096943559,0.18734780277613014
1.2874480592537036,0.17751251491608475
1.2878851490718173,0.1687240674717196
1.288322238889931,0.16239764585962685
1.2887593287080445,0.15976937638313413
1.2891964185261582,0.16149505329855746
1.2896335083442718,0.16741144583320916
1.2900705981623855,0.17658500768311944
1.290507687980499,0.1876399363755697
1.2909447777986127,0.19921693607193713
1.2913818676167264,0.2103443660384618
1.29181895743484,0.22055148741334932
1.2922560472529536,0.22970069710245913
1.2926931370710673,0.2376808071604211
1.293130226889181,0.24418632556846637
1.2935673167072945,0.24875071969715487
1.2940044065254082,0.2510314255214932
1.2944414963435218,0.2511628583444616
1.2948785861616354,0.24991892622492218
1.295315675979749,0.2485172720574083
1.2957527657978627,0.24810999986838872
1.2961898556159763,0.24921423507533885
1.29662694543409,0.2514077053473514
1.2970640352522036,0.2534938075344701
1.2975011250703172,0.25408780272522863
1.2979382148884309,0.2523349307270815
1.2983753047065445,0.24838421985489503
1.2988123945246581,0.24336238053771622
1.2992494843427718,0.23885377662007054
1.2996865741608854,0.2361486081950798
1.300123663978999,0.23563291292823418
1.3005607537971127,0.2366080475836265
1.3009978436152263,0.23760203038422004
1.30143493343334,0.236998342795575
1.3018720232514536,0.23368020054454644
1.3023091130695672,0.22741906851888033
1.3027462028876808,0.2188866208106442
1.3031832927057945,0.20934732054114474
1.303620382523908,0.20020641347985396
1.3040574723420217,0.19260588787082517
1.3044945621601354,0.1871962965568243
1.304931651978249,0.18411574310803172
1.3053687417963626,0.18312746727821957
1.3058058316144763,0.18382827746255467
1.30624292143259,0.1858394678781465
1.3066800112507035,0.18891535832054326
1.3071171010688172,0.19293965149393297
1.3075541908869308,0.197820165437596
1.3079912807050444,0.2033327951905831
1.308428370523158,0.20899455229187838
1.3088654603412717,0.21404689823048986
1.3093025501593853,0.21759301645078732
1.309739639977499,0.2188624430660814
1.3101767297956126,0.21750197885333875
1.3106138196137262,0.21375340005868118
1.3110509094318399,0.20840678376911173
1.3114879992499535,0.202512623845894
1.3119250890680663,0.19695740049897467
1.31236217888618,0.19209366137504796
1.3127992687042935,0.18761351157588568
1.3132363585224072,0.18275149145634378
1.3136734483405208,0.17674156836662552
1.3141105381586344,0.1693137584262727
1.314547627976748,0.16097616265823986
1.3149847177948617,0.1529185434271453
1.3154218076129753,0.14655628120274825
1.315858897431089,0.14291820313630585
1.3162959872492026,0.14217159226512402
1.3167330770673162,0.14352201568652975
1.3171701668854299,0.14554883356881576
1.3176072567035435,0.14682720187077342
1.3180443465216571,0.14654926207992894
1.3184814363397708,0.14485861298115316
1.3189185261578844,0.14274933081137672
1.319355615975998,0.14158343954754277
1.3197927057941117,0.14245056560967695
1.3202297956122253,0.14565414030512255
1.320666885430339,0.15054002932947166
1.3211039752484526,0.1557262578560412
1.3215410650665662,0.15962227595915784
1.3219781548846798,0.16101621624651366
1.3224152447027935,0.15949834796931142
1.3228523345209071,0.15557217183141564
1.3232894243390207,0.15043805922230363
1.3237265141571344,0.1455598772982445
1.324163603975248,0.14219421690868767
1.3246006937933616,0.14105354600966832
1.3250377836114753,0.1422005280365343
1.325474873429589,0.1451679611155416
1.3259119632477026,0.14921298142136824
1.3263490530658162,0.1535798832159287
1.3267861428839298,0.1576720028440546
1.3272232327020435,0.1610998904212933
1.327660322520157,0.16364276496818267
1.3280974123382707,0.16519670775425505
1.3285345021563844,0.16576983822415572
1.328971591974498,0.16553350486684493
1.3294086817926116,0.164882088517766
1.3298457716107253,0.16442789901009247
1.330282861428839,0.16488024242515403
1.3307199512469525,0.166819644992829
1.3311570410650662,0.17044667596983626
1.3315941308831798,0.17542089846918502
1.3320312207012934,0.18088505807038432
1.332468310519407,0.1856970302772397
1.3329054003375207,0.18879932507591043
1.3333424901556343,0.18958767396198847
1.333779579973748,0.1881313331887376
1.3342166697918616,0.1851553188960422
1.3346537596099752,0.18179340196041302
1.3350908494280889,0.17921421862794892
1.3355279392462025,0.17826756794446957
1.3359650290643161,0.17927505001018207
1.3364021188824298,0.1820144415696249
1.3368392087005434,0.1858619076964724
1.337276298518657,0.1900037099450518
1.3377133883367707,0.1936305636380578
1.3381504781548843,0.1960711941553637
1.338587567972998,0.19687158170245075
1.3390246577911116,0.19584846395451647
1.3394617476092252,0.19312949337533727
1.3398988374273388,0.1891578830468288
1.3403359272454525,0.18462133753172452
1.340773017063566,0.18028699814454743
1.3412101068816797,0.1767787511103587
1.3416471966997934,0.1743848970797905
1.342084286517907,0.1729924492989377
1.3425213763360206,0.1721933214727475
1.3429584661541343,0.17152041095675244
1.343395555972248,0.17069837999597026
1.3438326457903615,0.16978112254788622
1.3442697356084752,0.169107254242068
1.3447068254265888,0.16910429221274245
1.3451439152447024,0.17005400165312795
1.345581005062816,0.17194800819712758
1.3460180948809297,0.17450562244890788
1.3464551846990434,0.17733027911351415
1.346892274517157,0.18010422893641195
1.3473293643352706,0.18270718715885562
1.3477664541533843,0.18519860962509543
1.3482035439714979,0.18768976576379684
1.3486406337896115,0.190197735698694
1.3490777236077252,0.19258033086492593
1.3495148134258388,0.1945968344428887
1.3499519032439524,0.19605868216737535
1.350388993062066,0.19697564404274984
1.3508260828801797,0.19760112204189323
1.3512631726982933,0.19833541825549914
1.351700262516407,0.19952600681732435
1.3521373523345206,0.20126358707402095
1.3525744421526342,0.20327957656876924
1.3530115319707479,0.20500249796165743
1.3534486217888615,0.2057546860707333
1.3538857116069751,0.20500672604822226
1.3543228014250888,0.20258525696630889
1.3547598912432024,0.19875628316410573
1.355196981061316,0.19416293650462138
1.3556340708794297,0.18965432025336876
1.3560711606975433,0.18607597847392984
1.356508250515657,0.18409318885044804
1.3569453403337706,0.1840920628342077
1.3573824301518842,0.1861659914096836
1.3578195199699978,0.19016277416477037
1.3582566097881115,0.19575222054241195
1.358693699606225,0.2024789449506315
1.3591307894243387,0.20978645542511493
1.3595678792424524,0.21702575213427783
1.360004969060566,0.22348045241731812
1.3604420588786796,0.2284394319125267
1.3608791486967933,0.23132473432850792
1.361316238514907,0.23184697377711272
1.3617533283330205,0.23013122581172413
1.3621904181511342,0.22675109032686538
1.3626275079692478,0.22263360873016033
1.3630645977873614,0.21884399564274143
1.363501687605475,0.21630686698014748
1.3639387774235887,0.21554946700508035
1.3643758672417023,0.21655077981646412
1.364812957059816,0.21874905772545689
1.3652500468779296,0.2212097824888008
1.3656871366960432,0.22290236439877303
1.3661242265141569,0.22299468051760932
1.3665613163322705,0.2210657825548137
1.3669984061503841,0.21716717688893333
1.3674354959684978,0.2117254714229196
1.3678725857866114,0.20534904709073593
1.368309675604725,0.19864315673288463
1.3687467654228387,0.19212426693458698
1.3691838552409523,0.18625720826968517
1.369620945059066,0.1815543292395065
1.3700580348771796,0.17862788455554263
1.3704951246952932,0.1781115010191885
1.3709322145134069,0.18045432334376163
1.3713693043315205,0.18568774402502666
1.3718063941496341,0.19330320511135743
1.3722434839677478,0.2023286623392557
1.3726805737858614,0.21157948136900787
1.373117663603975,0.2199597462815613
1.3735547534220887,0.22666994215352737
1.3739918432402023,0.23125024696098687
1.374428933058316,0.23350266332576006
1.3748660228764296,0.23340755541340047
1.3753031126945432,0.23112845099650148
1.3757402025126568,0.2271005658405522
1.3761772923307705,0.22209955340836166
1.376614382148884,0.21716712594937862
1.3770514719669977,0.21335268928481696
1.3774885617851114,0.21136188781158036
1.377925651603225,0.21129051370897997
1.3783627414213386,0.21259858148214714
1.3787998312394523,0.21435318444548854
1.379236921057566,0.21562001262444713
1.3796740108756795,0.21580817660475235
1.3801111006937932,0.21481697073917708
1.3805481905119068,0.21296158431992543
1.3809852803300204,0.21077876450252792
1.381422370148134,0.2088534860178621
1.3818594599662477,0.2077474238040203
1.3822965497843613,0.20800368804485198
1.382733639602475,0.2101325089801398
1.3831707294205886,0.2145005823484782
1.3836078192387022,0.22113755448718117
1.3840449090568159,0.22956822497375637
1.3844819988749295,0.23880595938784893
1.3849190886930431,0.24757506962351644
1.3853561785111568,0.2547045630610136
1.3857932683292704,0.259528465365042
1.386230358147384,0.26210507068104427
1.3866674479654977,0.26314546092336266
1.3871045377836113,0.2636791028719273
1.387541627601725,0.2646079486877354
1.3879787174198386,0.26634699289046065
1.3884158072379522,0.2686988910430912
1.3888528970560658,0.270994148157182
1.3892899868741795,0.27240858797246575
1.3897270766922931,0.27230469826968884
1.3901641665104068,0.27045772816966523
1.3906012563285204,0.2671022926783518
1.391038346146634,0.2628229469422113
1.3914754359647477,0.2583657296442412
1.3919125257828613,0.25444789240528365
1.392349615600975,0.25160659304160793
1.3927867054190886,0.25009092794699017
1.3932237952372022,0.24979357229501006
1.3936608850553158,0.25023741758064383
1.3940979748734295,0.25065076383931334
1.394535064691543,0.25015082119755994
1.3949721545096567,0.24800387067032068
1.3954092443277704,0.24387088448400424
1.395846334145884,0.23792585538718738
1.3962834239639976,0.23077870228638178
1.3967205137821113,0.22323030243672812
1.397157603600225,0.2159800531521004
1.3975946934183385,0.20943716763472908
1.3980317832364522,0.20373112424614884
1.3984688730545658,0.1989029409784686
1.3989059628726794,0.19515267724527005
1.399343052690793,0.19298181009771115
1.3997801425089067,0.19312324485575713
1.4002172323270203,0.19626645473378274
1.400654322145134,0.20269876559805264
1.4010914119632476,0.21203837577245213
1.4015285017813612,0.22320556280575451
1.4019655915994749,0.23468154847220654
1.4024026814175885,0.24498334838670943
1.4028397712357021,0.2531872045348603
1.4032768610538158,0.25929945543288657
1.4037139508719294,0.26431528946387767
1.404151040690043,0.26991079230258536
1.4045881305081567,0.2778483641300867
1.4050252203262703,0.2892930550574301
1.405462310144384,0.30429122432826317
1.4058993999624976,0.3216243233467875
1.4063364897806112,0.339123146125946
1.4067735795987248,0.35435249605354757
1.4072106694168385,0.3654203441916311
1.4076477592349521,0.371597814726608
1.4080848490530657,0.37349536815757095
1.4085219388711794,0.3727124292536615
1.408959028689293,0.3710952429023978
1.4093961185074066,0.36990656968441626
1.4098332083255203,0.36925311514308723
1.410270298143634,0.36801101672890424
1.4107073879617475,0.3642845740267272
1.4111444777798612,0.3562223607864616
1.4115815675979748,0.34288748648913636
1.4120186574160885,0.3248754144464411
1.412455747234202,0.3044717140505505
1.4128928370523157,0.2852855323627468
1.4133299268704294,0.2714308693873293
1.413767016688543,0.2664372597442991
1.4142041065066566,0.27215636433678253
1.4146411963247703,0.28798308993458094
1.415078286142884,0.3106918586771563
1.4155153759609975,0.3350550696542617
1.4159524657791112,0.35515929538459995
1.4163895555972248,0.36604427096230513
1.4168266454153384,0.3651019309410653
1.417263735233452,0.3527132963533263
1.4177008250515657,0.3318887292945832
1.4181379148696793,0.3070895021312876
1.418575004687793,0.282739934662949
1.4190120945059066,0.26202061717439346
1.4194491843240202,0.246335882202194
1.4198862741421339,0.2354990459541077
1.4203233639602475,0.22837369169279526
1.4207604537783611,0.22359190740043752
1.4211975435964748,0.22005442045650206
1.4216346334145884,0.2171036757843805
1.422071723232702,0.21442406622372803
1.4225088130508157,0.21179800057849044
1.4229459028689293,0.20884752451004115
1.423382992687043,0.2048697228354802
1.4238200825051566,0.19885511219580473
1.4242571723232702,0.18974055731364012
1.4246942621413838,0.1768608749957714
1.4251313519594975,0.16043897968671678
1.425568441777611,0.14186479414065845
1.4260055315957247,0.12354293241011573
1.4264426214138384,0.10826293480415987
1.426879711231952,0.09828943413513946
1.4273168010500656,0.09454488469869478
1.4277538908681793,0.09625110004782433
1.428190980686293,0.1011985648512466
1.4286280705044065,0.10652938216347828
1.4290651603225202,0.10970339066438003
1.4295022501406338,0.10927200645296363
1.4299393399587474,0.10520986018784004
1.430376429776861,0.09875990748580708
1.4308135195949747,0.09192260109364395
1.4312506094130883,0.08680034763852842
1.431687699231202,0.08499914988108896
1.4321247890493156,0.08723271763504659
1.4325618788674293,0.09320643243305886
1.4329989686855429,0.10178804697346479
1.4334360585036565,0.1113952533189483
1.4338731483217702,0.12045924040554494
1.4343102381398838,0.1277932570512968
1.4347473279579974,0.1327394635476374
1.435184417776111,0.1350809430872731
1.4356215075942247,0.13483200248193175
1.4360585974123383,0.13207997454272605
1.436495687230452,0.12699980821938875
1.4369327770485656,0.12002552609010213
1.4373698668666792,0.11202941331708037
1.4378069566847929,0.10432465929882552
1.4382440465029065,0.098402498061539
1.4386811363210201,0.09548450480775304
1.4391182261391338,0.09610428010470948
1.4395553159572474,0.09993948541829331
1.439992405775361,0.10598580739055655
1.4404294955934747,0.11297821213658248
1.4408665854115883,0.11983695214830489
1.441303675229702,0.1259215853779801
1.4417407650478156,0.13100456026852908
1.4421778548659292,0.13504105278888592
1.4426149446840428,0.13791314171787059
1.4430520345021565,0.13931270685708969
1.44348912432027,0.13882252919039545
1.4439262141383837,0.1361331279289138
1.4443633039564974,0.13126506887811568
1.444800393774611,0.12467859752145027
1.4452374835927246,0.1172194537821997
1.4456745734108383,0.10992393043946479
1.446111663228952,0.1037526759381588
1.4465487530470655,0.09933523230561056
1.4469858428651792,0.09679853104457405
1.4474229326832928,0.09573336500612607
1.4478600225014064,0.09532190568934872
1.44829711231952,0.09460184913162036
1.4487342021376337,0.09278709082727302
1.4491712919557473,0.0895277552948018
1.449608381773861,0.08500390716755334
1.4500454715919746,0.0798147763998897
1.4504825614100882,0.07471975481552466
1.4509196512282019,0.07035615374461932
1.4513567410463155,0.06705965939518198
1.4517938308644291,0.06484578996790583
1.4522309206825428,0.06351813986727305
1.4526680105006564,0.0628109270091141
1.45310510031877,0.0624827162095725
1.4535421901368837,0.062339826531378054
1.4539792799549973,0.062230555893202553
1.454416369773111,0.062066991914966736
1.4548534595912246,0.061891254364072834
1.4552905494093382,0.061943838695761935
1.4557276392274519,0.06266514832978783
1.4561647290455655,0.06459324560440861
1.4566018188636791,0.06819005625713201
1.4570389086817928,0.07368212276539832
1.4574759984999064,0.08099766964388996
1.45791308831802,0.08982055234142307
1.4583501781361337,0.09970941698589596
1.4587872679542473,0.11020222405954987
1.459224357772361,0.12086267491165413
1.4596614475904746,0.13129381188662656
1.4600985374085882,0.14118383607030824
1.4605356272267018,0.15041859650088435
1.4609727170448155,0.15920982150415863
1.461409806862929,0.16811524182503215
1.4618468966810427,0.17783786460315415
1.4622839864991564,0.1888058736966344
1.46272107631727,0.20069460913541584
1.4631581661353836,0.21215399422566955
1.4635952559534973,0.22096530813827014
1.464032345771611,0.22466717501094366
1.4644694355897245,0.22144991163158015
1.4649065254078382,0.21095120202762924
1.4653436152259518,0.19459210600356366
1.4657807050440654,0.1752766706229884
1.466217794862179,0.15655162741877146
1.4666548846802927,0.1415512596190683
1.4670919744984063,0.13213121830874613
1.46752906431652,0.12849794796678743
1.4679661541346336,0.1294249866639373
1.4684032439527472,0.13291650805603614
1.4688403337708609,0.1370269433842284
1.4692774235889745,0.14052170398453584
1.4697145134070881,0.14315987228357013
1.4701516032252018,0.14554528132944924
1.4705886930433154,0.14866059018608865
1.471025782861429,0.1533090192276125
1.4714628726795427,0.15970344017717863
1.4718999624976563,0.16736063972063114
1.47233705231577,0.17531538987951628
1.4727741421338836,0.1825268634149004
1.4732112319519972,0.18827327759907897
1.4736483217701108,0.19235489100060715
1.4740854115882245,0.19503654869799059
1.4745225014063381,0.19679943857707963
1.4749595912244517,0.19806321011404043
1.4753966810425654,0.19903603097852848
1.475833770860679,0.19975752550722517
1.4762708606787927,0.20027475127339214
1.4767079504969063,0.200808989891001
1.47714504031502,0.20177967229238788
1.4775821301331336,0.20364543348654682
1.4780192199512472,0.20664460803947834
1.4784563097693608,0.21059420145022498
1.4788933995874745,0.2148886097727372
1.479330489405588,0.21873245873291267
1.4797675792237017,0.2215041626558424
1.4802046690418154,0.2230581004789701
1.480641758859929,0.22379030818168072
1.4810788486780426,0.22441408421550602
1.4815159384961563,0.22555486867851202
1.48195302831427,0.22738509593001946
1.4823901181323835,0.2295090875681889
1.4828272079504972,0.23117257000511443
1.4832642977686108,0.23168384009317505
1.4837013875867244,0.23080432058050993
1.484138477404838,0.22887750578988825
1.4845755672229517,0.22661722987748548
1.4850126570410653,0.22468092355459066
1.485449746859179,0.22328585724758127
1.4858868366772926,0.22210205293451457
1.4863239264954062,0.22048702596969738
1.4867610163135199,0.21791866355094872
1.4871981061316335,0.21436332608577005
1.4876351959497471,0.2103592647599754
1.4880722857678608,0.20676980827578742
1.4885093755859744,0.20435428292157232
1.488946465404088,0.20339853939219593
1.4893835552222017,0.20359212876160315
1.4898206450403153,0.20418278516659089
1.490257734858429,0.2042864820410088
1.4906948246765426,0.2031737874287586
1.4911319144946562,0.20041014897901424
1.4915690043127698,0.1958437525432011
1.4920060941308835,0.18952570150000825
1.492443183948997,0.18166002519269062
1.4928802737671107,0.1726230289698964
1.4933173635852244,0.16301606274221575
1.493754453403338,0.15367812728415572
1.4941915432214516,0.14560442044491842
1.4946286330395653,0.13977176909728456
1.495065722857679,0.13692196743940896
1.4955028126757925,0.1373726631353571
1.4959399024939062,0.1409129554965781
1.4963769923120198,0.14681472594410813
1.4968140821301334,0.15396529291598512
1.497251171948247,0.16110304492751595
1.4976882617663607,0.16710960541504166
1.4981253515844744,0.17128301989120956
1.498562441402588,0.17350421562912857
1.4989995312207016,0.17423349636120822
1.4994366210388153,0.1743359186370808
1.4998737108569289,0.1748058349900678
1.5003108006750425,0.17649882364577424
1.5007478904931562,0.17995740627468487
1.5011849803112698,0.18534953687488745
1.5016220701293834,0.19247471693822188
1.502059159947497,0.20078024218679505
1.5024962497656107,0.20937810576297775
1.5029333395837243,0.21711863538881518
1.503370429401838,0.22279544514256955
1.5038075192199516,0.22549313337568264
1.5042446090380652,0.2249739653560003
1.5046816988561789,0.22191324004042254
1.5051187886742925,0.2178113661517043
1.5055558784924061,0.21454648860905437
1.5059929683105198,0.21371623567931636
1.5064300581286334,0.21604133724386157
1.506867147946747,0.2210890766142622
1.5073042377648607,0.22742621264553625
1.5077413275829743,0.23311453773888938
1.508178417401088,0.23632599790865688
1.5086155072192016,0.23584106816280134
1.5090525970373152,0.23128842959599677
1.5094896868554288,0.22311429769533306
1.5099267766735425,0.21236281078002492
1.510363866491656,0.20037475901802496
1.5108009563097697,0.18848948533659834
1.5112380461278834,0.1778021586458199
1.511675135945997,0.16900844082344654
1.5121122257641106,0.16235638694986204
1.5125493155822243,0.15770560259363534
1.512986405400338,0.15466291846144672
1.5134234952184515,0.15273840484937223
1.5138605850365652,0.15146623036245543
1.5142976748546788,0.15046522210629268
1.5147347646727924,0.14945354356857893
1.515171854490906,0.14825179944700698
1.5156089443090197,0.14679626594640013
1.5160460341271333,0.1451533315555673
1.516483123945246,0.14350712664128787
1.5169202137633597,0.14210368271380905
1.5173573035814734,0.14116855845941584
1.517794393399587,0.140841979428272
1.5182314832177006,0.14117131657741827
1.5186685730358143,0.14216541962157178
1.519105662853928,0.14387441638037549
1.5195427526720415,0.14644207526142722
1.5199798424901552,0.15009622919611934
1.5204169323082688,0.1550799286689301
1.5208540221263824,0.16155398533885132
1.521291111944496,0.1695042187665122
1.5217282017626097,0.17867156539519322
1.5221652915807233,0.18851191125066208
1.522602381398837,0.1981986816664854
1.5230394712169506,0.20669573926734253
1.5234765610350642,0.21292592881356304
1.5239136508531779,0.21602446183654986
1.5243507406712915,0.21560779855503037
1.5247878304894051,0.21194651597068503
1.5252249203075188,0.20594454621405298
1.5256620101256324,0.19890503374836302
1.526099099943746,0.19216769209342485
1.5265361897618597,0.1867711272089231
1.5269732795799733,0.18327922790173634
1.527410369398087,0.18181719039623506
1.5278474592162006,0.1822462959360877
1.5282845490343142,0.18434070527757912
1.5287216388524278,0.1878556034668331
1.5291587286705415,0.19247385645401302
1.5295958184886551,0.19771867298767337
1.5300329083067687,0.20295122026953763
1.5304699981248824,0.2075108971812612
1.530907087942996,0.21094353979780406
1.5313441777611096,0.21317885127362093
1.5317812675792233,0.21452625357320185
1.532218357397337,0.21546084788868766
1.5326554472154506,0.21630590387246815
1.5330925370335642,0.21699732088873555
1.5335296268516778,0.21708261618999997
1.5339667166697915,0.21597553256976293
1.534403806487905,0.2133338743619839
1.5348408963060187,0.20934598711588465
1.5352779861241324,0.2047530576043535
1.535715075942246,0.2005792513597486
1.5361521657603596,0.19770668907366026
1.5365892555784733,0.19652111356944052
1.537026345396587,0.1968140807740067
1.5374634352147005,0.19798097941081177
1.5379005250328142,0.1993862512498877
1.5383376148509278,0.20067630581240192
1.5387747046690414,0.201860570686697
1.539211794487155,0.20312828073672554
1.5396488843052687,0.20453471021315758
1.5400859741233823,0.20577456005341913
1.540523063941496,0.2062094037946936
1.5409601537596096,0.2051593091272352
1.5413972435777232,0.20230038493566613
1.5418343333958369,0.1979330932327282
1.5422714232139505,0.19294904101510343
1.5427085130320641,0.18849018875273077
1.5431456028501778,0.18546542157210202
1.5435826926682914,0.18416570993455297
1.544019782486405,0.1841606558118816
1.5444568723045187,0.18450700145811694
1.5448939621226323,0.18414560972651992
1.545331051940746,0.18229112504349881
1.5457681417588596,0.1786545425519315
1.5462052315769732,0.17344489003628022
1.5466423213950868,0.16720245980602197
1.5470794112132005,0.16056905280844022
1.547516501031314,0.1540912646968981
1.5479535908494277,0.14810893781669776
1.5483906806675414,0.14273776525113377
1.548827770485655,0.1379290916039935
1.5492648603037686,0.133575851357253
1.5497019501218823,0.1296213616260751
1.550139039939996,0.12612008628380922
1.5505761297581095,0.1232113674963546
1.5510132195762232,0.12100738994448423
1.5514503093943368,0.11945103970114156
1.5518873992124504,0.1182331836762688
1.552324489030564,0.11684166938586163
1.5527615788486777,0.11474679216401125
1.5531986686667913,0.1116478850509529
1.553635758484905,0.10766399136142525
1.5540728483030186,0.10337564345200423
1.5545099381211323,0.09969780583182705
1.5549470279392459,0.09763798050521423
1.5553841177573595,0.09802565770282881
1.5558212075754732,0.10128341946556611
1.5562582973935868,0.10727608542874818
1.5566953872117004,0.11525818220019156
1.557132477029814,0.1239489786516317
1.5575695668479277,0.13176931687620147
1.5580066566660413,0.1372377064762183
1.558443746484155,0.13943888730962378
1.5588808363022686,0.1383908443917248
1.5593179261203822,0.13511678499563448
1.5597550159384959,0.13132100193302285
1.5601921057566095,0.1287469767908977
1.5606291955747231,0.12847137115585697
1.5610662853928368,0.13045278235977922
1.5615033752109504,0.13355671970410193
1.561940465029064,0.13605777619569412
1.5623775548471777,0.13639014965456134
1.5628146446652913,0.13380137349207757
1.563251734483405,0.12862196925309483
1.5636888243015186,0.12206031353111071
1.5641259141196322,0.11565903485637395
1.5645630039377458,0.11068943731148094
1.5650000937558595,0.10775231797146964
1.565437183573973,0.10671956743902346
1.5658742733920867,0.10697583484811059
1.5663113632102004,0.10779616294950087
1.566748453028314,0.1086732676142985
1.5671855428464276,0.10947391339190723
1.5676226326645413,0.11040235857368133
1.568059722482655,0.11182424634322141
1.5684968123007685,0.1140329643261656
1.5689339021188822,0.11703474805402016
1.5693709919369958,0.12041430106839943
1.5698080817551094,0.12333102225589608
1.570245171573223,0.12467611202124158
1.5706822613913367,0.12337600675100782
1.5711193512094503,0.11876075029182798
1.571556441027564,0.11085983590819455
1.5719935308456776,0.10048686179832844
1.5724306206637912,0.08904837789263452
1.5728677104819049,0.07813449396256804
1.5733048003000185,0.06905451390824743
1.5737418901181321,0.06250781871803725
1.5741789799362458,0.05851094708104954
1.5746160697543594,0.05657665780144803
1.575053159572473,0.0560312644488135
1.5754902493905867,0.05631847658905171
1.5759273392087003,0.05717809031685768
1.576364429026814,0.05866693848611446
1.5768015188449276,0.06105604956866297
1.5772386086630412,0.0646643347909623
1.5776756984811549,0.06968318926834854
1.5781127882992685,0.07603381774437004
1.5785498781173821,0.08329533245127754
1.5789869679354958,0.09073890049218071
1.5794240577536094,0.09748219707435161
1.579861147571723,0.10273260037442937
1.5802982373898367,0.10603639536624168
1.5807353272079503,0.10742950371887942
1.581172417026064,0.10741619862816157
1.5816095068441776,0.10677671071619066
1.5820465966622912,0.10628341967156103
1.5824836864804048,0.10644424171975167
1.5829207762985185,0.10737058889038335
1.583357866116632,0.1088016812939555
1.5837949559347457,0.1102465731973271
1.5842320457528594,0.11116684000742472
1.584669135570973,0.11112910576171249
1.5851062253890866,0.10989274738906606
1.5855433152072003,0.10743640792882496
1.585980405025314,0.1039460418976494
1.5864174948434275,0.09978351217406235
1.5868545846615412,0.09544014191318954
1.5872916744796548,0.09147000911403054
1.5877287642977684,0.08840167747919393
1.588165854115882,0.08664124849897861
1.5886029439339957,0.08639293076661618
1.5890400337521093,0.08762483505714205
1.589477123570223,0.0900938558449553
1.5899142133883366,0.09342030611897921
1.5903513032064502,0.0971825602793079
1.5907883930245639,0.10099554657011181
1.5912254828426775,0.10454817275323883
1.5916625726607911,0.10759740219048479
1.5920996624789048,0.1099381564298894
1.5925367522970184,0.11137726738969445
1.592973842115132,0.11173317091791841
1.5934109319332457,0.11086700435628892
1.5938480217513593,0.1087353500367786
1.594285111569473,0.10544668932199004
1.5947222013875866,0.10130221336106869
1.5951592912057002,0.0968025708261084
1.5955963810238138,0.09260396020782193
1.5960334708419275,0.08941459730396388
1.5964705606600411,0.0878425032397202
1.5969076504781547,0.08823582545492427
1.5973447402962684,0.09058138643038656
1.597781830114382,0.09452242509655606
1.5982189199324957,0.09951005768627093
1.5986560097506093,0.10502996751543263
1.599093099568723,0.1107882612187386
1.5995301893868366,0.11674353706016227
1.5999672792049502,0.12295039203925859
1.6004043690230638,0.12929676350092761
1.6008414588411775,0.1353012751187193
1.601278548659291,0.1401234377530873
1.6017156384774047,0.14282207045855747
1.6021527282955184,0.14274040741989888
1.602589818113632,0.13980179524207406
1.6030269079317456,0.13453920046579845
1.6034639977498593,0.12784137674716609
1.603901087567973,0.12057929957771736
1.6043381773860865,0.11335477971221718
1.6047752672042002,0.10652668502993091
1.6052123570223138,0.10046829177283075
1.6056494468404274,0.09582793338395958
1.606086536658541,0.0935372592511395
1.6065236264766547,0.09447166456375712
1.6069607162947683,0.09891928810070741
1.607397806112882,0.10618871065157257
1.6078348959309956,0.11465193942847633
1.6082719857491092,0.12228210161025287
1.6087090755672229,0.12744611298959624
1.6091461653853365,0.12954167138826114
1.6095832552034501,0.1291390217244969
1.6100203450215638,0.1275622556303103
1.6104574348396774,0.1261556670798248
1.610894524657791,0.12564117382585502
1.6113316144759047,0.12589451272572955
1.6117687042940183,0.12621093081072843
1.612205794112132,0.12585772172660697
1.6126428839302456,0.12457882138998301
1.6130799737483592,0.12278448750273292
1.6135170635664728,0.12136313715472748
1.6139541533845865,0.12126019178136994
1.6143912432027,0.12306624749194137
1.6148283330208137,0.1268109870819218
1.6152654228389274,0.13202188747156912
1.615702512657041,0.1379687771878543
1.6161396024751546,0.14394768229493274
1.6165766922932683,0.14947714141794477
1.617013782111382,0.15435444255652822
1.6174508719294955,0.15859600547317174
1.6178879617476092,0.16232694530829977
1.6183250515657228,0.16568110910624584
1.6187621413838365,0.16874161213073766
1.61919923120195,0.17151929644725308
1.6196363210200637,0.17395129520140115
1.6200734108381774,0.17590699869997836
1.620510500656291,0.17720361070949978
1.6209475904744046,0.1776431702249785
1.6213846802925183,0.1770780904734431
1.6218217701106319,0.17549475471545853
1.6222588599287455,0.173085667656474
1.6226959497468592,0.17027320748480637
1.6231330395649728,0.16765908553377679
1.6235701293830864,0.16589999921692464
1.6240072192012,0.16554046221780433
1.6244443090193137,0.16685526320201172
1.6248813988374273,0.1697571911331699
1.625318488655541,0.17380811160272747
1.6257555784736546,0.1783375685757605
1.6261926682917682,0.1826329795855473
1.6266297581098819,0.18613359718320988
1.6270668479279955,0.18855204077807494
1.6275039377461091,0.18987206401623397
1.6279410275642228,0.1902254295765521
1.6283781173823364,0.1897129690841399
1.62881520720045,0.188272430491256
1.6292522970185637,0.18568125153999107
1.6296893868366773,0.18171338690398517
1.630126476654791,0.17637674533385203
1.6305635664729046,0.17009456172141318
1.6310006562910182,0.16370518836784262
1.6314377461091318,0.1582459145027535
1.6318748359272455,0.15461196748541206
1.632311925745359,0.15326617923209535
1.6327490155634727,0.1541579575511742
1.6331861053815864,0.15689100987257412
1.6336231951997,0.16102490314852114
1.6340602850178136,0.16630506997221914
1.6344973748359273,0.17265628156666243
1.634934464654041,0.17993081670266714
1.6353715544721545,0.18757884953101508
1.6358086442902682,0.19448686055649828
1.6362457341083818,0.19914935060139635
1.6366828239264954,0.2001425403567239
1.637119913744609,0.19667915132689448
1.6375570035627227,0.18896336513712703
1.6379940933808363,0.17817294190842234
1.63843118319895,0.166098628484198
1.6388682730170636,0.15463710563294403
1.6393053628351772,0.14536378908134936
1.6397424526532909,0.13930695977473365
1.6401795424714045,0.1368982185792856
1.6406166322895182,0.1379962022548153
1.6410537221076318,0.1419139702021289
1.6414908119257454,0.14747399439332926
1.641927901743859,0.15317046464390666
1.6423649915619727,0.15747636597012987
1.6428020813800863,0.1592208708971259
1.6432391711982,0.15787526671198943
1.6436762610163136,0.15360496813523583
1.6441133508344272,0.1470712470734969
1.6445504406525409,0.13911284581158917
1.6449875304706545,0.13049739954897424
1.6454246202887681,0.12186113994342196
1.6458617101068818,0.11380662905434309
1.6462987999249954,0.10701384304103621
1.646735889743109,0.1022237453736414
1.6471729795612227,0.10006850611427663
1.6476100693793363,0.10085744956776684
1.64804715919745,0.10447765174202832
1.6484842490155636,0.11049366595081136
1.6489213388336772,0.11838733067619127
1.6493584286517908,0.12777344523750775
1.6497955184699045,0.13844018178042589
1.650232608288018,0.15018858892679413
1.6506696981061317,0.16259623563410508
1.6511067879242454,0.17489914482134736
1.651543877742359,0.18612150860261378
1.6519809675604726,0.1954224092879984
1.6524180573785863,0.20247600933717766
1.6528551471967,0.20765691308949039
1.6532922370148135,0.21189868882687948
1.6537293268329272,0.21627547398626548
1.6541664166510408,0.22151511834941182
1.6546035064691544,0.2276924188631398
1.655040596287268,0.23424978005282535
1.6554776861053817,0.24031221597659908
1.6559147759234953,0.24511137721908388
1.656351865741609,0.2482950353852281
1.6567889555597226,0.249986924078701
1.6572260453778362,0.2506130333468439
1.6576631351959499,0.25062885750867375
1.6581002250140635,0.25030336582196067
1.6585373148321771,0.24964432649476334
1.6589744046502908,0.24844876750794714
1.6594114944684044,0.24640322336859213
1.659848584286518,0.24317078553430865
1.6602856741046317,0.2384582599577132
1.6607227639227453,0.23209933666015353
1.661159853740859,0.2241781095423392
1.6615969435589726,0.21515910914268296
1.6620340333770862,0.20593410579273358
1.6624711231951999,0.19769540573407257
1.6629082130133135,0.19161795871055626
1.6633453028314271,0.1884456094727263
1.6637823926495408,0.18816463786491444
1.6642194824676544,0.18994968951312505
1.664656572285768,0.19246379612681047
1.6650936621038817,0.19442306523665173
1.6655307519219953,0.19518030593461774
1.665967841740109,0.1950304111619682
1.6664049315582226,0.19504278073280235
1.6668420213763362,0.19645354508531215
1.6672791111944498,0.19989540592928629
1.6677162010125635,0.20486691013849176
1.668153290830677,0.20975497640724988
1.6685903806487907,0.21244757947411602
1.6690274704669044,0.21124998369510958
1.669464560285018,0.20563634431117542
1.6699016501031316,0.19644807135719916
1.6703387399212453,0.18545636371943508
1.670775829739359,0.17455966414055157
1.6712129195574725,0.16507172281027585
1.6716500093755862,0.15746019350020957
1.6720870991936998,0.15158764151756374
1.6725241890118134,0.14719274629484028
1.672961278829927,0.14423513697013554
1.6733983686480407,0.14287821672101786
1.6738354584661543,0.14318212956004167
1.674272548284268,0.14480592284081725
1.6747096381023816,0.14701079735532732
1.6751467279204952,0.14902171172084522
1.6755838177386089,0.1505138330978521
1.6760209075567225,0.1518578546261389
1.6764579973748361,0.15388937233628205
1.6768950871929498,0.1572826307361769
1.6773321770110634,0.16189638583763083
1.677769266829177,0.16652036243649862
1.6782063566472907,0.16923396884229938
1.6786434464654043,0.16822645624487015
1.679080536283518,0.16264642033288237
1.6795176261016316,0.15302218330947956
1.6799547159197452,0.14103504668247993
1.6803918057378588,0.12878397201666789
1.6808288955559725,0.11794098831679523
1.6812659853740861,0.10922031459557244
1.6817030751921997,0.1023780176091337
1.6821401650103134,0.09665975543496368
1.682577254828427,0.09139512696784861
1.6830143446465406,0.08640597399286486
1.6834514344646543,0.08204390722425979
1.683888524282768,0.07889595798011352
1.6843256141008816,0.07736828729126617
1.6847627039189952,0.07739441634070644
1.6851997937371088,0.07841622656091841
1.6856368835552225,0.07962246153305384
1.686073973373336,0.08029491508727282
1.6865110631914497,0.08007484143678115
1.6869481530095634,0.07903047570371248
1.687385242827677,0.07753127657953217
1.6878223326457906,0.07603840553165879
1.6882594224639043,0.07494484723294838
1.688696512282018,0.0745358628104417
1.6891336021001315,0.07503974214170521
1.6895706919182452,0.07667144398599131
1.6900077817363588,0.07958410689859287
1.6904448715544724,0.0837255736548176
1.690881961372586,0.08868938452574547
1.6913190511906997,0.09368419234499366
1.6917561410088133,0.09769322487435174
1.692193230826927,0.09978657636968266
1.6926303206450406,0.0994528791442907
1.6930674104631542,0.0967947942367866
1.6935045002812679,0.09249861770399685
1.6939415900993815,0.0876011383963614
1.6943786799174951,0.08316940327119157
1.6948157697356088,0.08003103006300008
1.6952528595537224,0.0786405428217285
1.695689949371836,0.07908201029263241
1.6961270391899497,0.08114615115566291
1.6965641290080633,0.08441505172175623
1.697001218826177,0.08833104634839205
1.6974383086442906,0.09227539832253494
1.6978753984624042,0.09569236019375556
1.6983124882805178,0.09825212885498012
1.6987495780986315,0.09998348688551054
1.699186667916745,0.10127877997325252
1.6996237577348587,0.10271820760367835
1.7000608475529724,0.10476407552442575
1.700497937371086,0.10747517936018754
1.7009350271891996,0.11041238250186158
1.7013721170073133,0.11281714668431102
1.701809206825427,0.1139867943899988
1.7022462966435405,0.1136396698523733
1.7026833864616542,0.11205114537151062
1.7031204762797678,0.1098706989125436
1.7035575660978814,0.107732672230345
1.703994655915995,0.10592357692472823
1.7044317457341087,0.10435992121351204
1.7048688355522224,0.10294493466655398
1.705305925370336,0.10210542046245784
1.7057430151884496,0.1031252098871617
1.7061801050065633,0.10792910171464905
1.7066171948246769,0.11825305250243198
1.7070542846427905,0.13453100481445904
1.7074913744609042,0.1551044567154529
1.7079284642790178,0.1763157418448316
1.7083655540971314,0.19364465757975877
1.708802643915245,0.20347633669130613
1.7092397337333587,0.204671040791528
1.7096768235514723,0.1991188072334713
1.710113913369586,0.19094334287987597
1.7105510031876996,0.18472170777743657
1.7109880930058132,0.18360559803668508
1.7114251828239269,0.18825592548374712
1.7118622726420405,0.19702011940221315
1.7122993624601541,0.20708794179440357
1.7127364522782678,0.21587610149286332
1.7131735420963814,0.2218877001691662
1.713610631914495,0.2247287824376402
1.7140477217326087,0.22453000451313204
1.7144848115507223,0.22135186094759016
1.714921901368836,0.21506385649970614
1.7153589911869496,0.2057792386390275
1.7157960810050632,0.19448820871818148
1.7162331708231768,0.1833491150137285
1.7166702606412905,0.17527600963068748
1.717107350459404,0.1728843900022479
1.7175444402775177,0.17727010394803108
1.7179815300956314,0.18725980781026053
1.718418619913745,0.19958840394252758
1.7188557097318586,0.21001907351461208
1.7192927995499723,0.21494958015463103
1.719729889368086,0.21278936653769426
1.7201669791861995,0.2044853867761674
1.7206040690043132,0.19297917234919648
1.721041158822426,0.1818866270014178
1.7214782486405396,0.17404159832386723
1.7219153384586532,0.1705591265863501
1.7223524282767668,0.170765983411486
1.7227895180948805,0.17290040992370412
1.723226607912994,0.17514291628767845
1.7236636977311077,0.1764621382832369
1.7241007875492214,0.17693713558002597
1.724537877367335,0.1775123188654794
1.7249749671854486,0.17938935104622086
1.7254120570035623,0.18336654090405122
1.725849146821676,0.1893996386072463
1.7262862366397895,0.1965336641716878
1.7267233264579032,0.20320294978960476
1.7271604162760168,0.2077596190052906
1.7275975060941304,0.20900684113039114
1.728034595912244,0.20651878414989838
1.7284716857303577,0.20063679511357896
1.7289087755484713,0.19219865203706396
1.729345865366585,0.18219107018657846
1.7297829551846986,0.1715257733895386
1.7302200450028122,0.16101394835017852
1.7306571348209259,0.15144164919299366
1.7310942246390395,0.14356276806120943
1.7315313144571531,0.13790098897263614
1.7319684042752668,0.13443737983737988
1.7324054940933804,0.1324113548287679
1.732842583911494,0.13045050018100798
1.7332796737296077,0.12705912968277663
1.7337167635477213,0.12125888864907332
1.734153853365835,0.11305290599600061
1.7345909431839486,0.10346448270014
1.7350280330020622,0.09412927509637693
1.7354651228201758,0.08664861355095703
1.7359022126382895,0.08200702412385694
1.736339302456403,0.08028584402418289
1.7367763922745167,0.08073880300545375
1.7372134820926304,0.08214322207680204
1.737650571910744,0.08326951605541395
1.7380876617288576,0.08331931110671269
1.7385247515469713,0.08222523851182592
1.738961841365085,0.08074802018453726
1.7393989311831985,0.08034492229397279
1.7398360210013122,0.08283074554789524
1.7402731108194258,0.08990912452067688
1.7407102006375395,0.10269688703658879
1.741147290455653,0.12137101933019344
1.7415843802737667,0.14502860550677313
1.7420214700918804,0.17178345590793498
1.742458559909994,0.19905928743004583
1.7428956497281076,0.22399971386599335
1.7433327395462213,0.24390422978722884
1.743769829364335,0.256610593080864
1.7442069191824485,0.26077001869583405
1.7446440090005622,0.2559945994989393
1.7450810988186758,0.2428843298978558
1.7455181886367894,0.22295052090624654
1.745955278454903,0.1984409837401083
1.7463923682730167,0.17205854234739967
1.7468294580911303,0.1465771081944483
1.747266547909244,0.12440971260828375
1.7477036377273576,0.10724209714318915
1.7481407275454712,0.09585833254419794
1.7485778173635849,0.09021514263281896
1.7490149071816985,0.08969505310091337
1.7494519969998121,0.09336973213975888
1.7498890868179258,0.10011758271638557
1.7503261766360394,0.10857307538197129
1.750763266454153,0.11705085027099363
1.7512003562722667,0.12365503891583297
1.7516374460903803,0.1266820103646953
1.752074535908494,0.12520562902268723
1.7525116257266076,0.11954847649294432
1.7529487155447212,0.11133261084495895
1.7533858053628348,0.10299721186685618
1.7538228951809485,0.09695602250591774
1.754259984999062,0.09476857994552913
1.7546970748171757,0.09669444833832364
1.7551341646352894,0.1017986664606441
1.755571254453403,0.10850367301765992
1.7560083442715166,0.11528941885990295
1.7564454340896303,0.12121684953856708
1.756882523907744,0.12607827921930043
1.7573196137258575,0.13017702444181642
1.7577567035439712,0.13390849935066787
1.7581937933620848,0.13738690465580972
1.7586308831801984,0.14031555179174068
1.759067972998312,0.14216172124209128
1.7595050628164257,0.14253229005418805
1.7599421526345393,0.14153425323582544
1.760379242452653,0.1399072295822142
1.7608163322707666,0.1388394570064012
1.7612534220888802,0.13955887016074464
1.7616905119069939,0.14291853975017862
1.7621276017251075,0.14918805455463527
1.7625646915432212,0.1581224212614232
1.7630017813613348,0.16920216704440014
1.7634388711794484,0.18184574306224713
1.763875960997562,0.19545104597538757
1.7643130508156757,0.2092815206604528
1.7647501406337893,0.22235242775884714
1.765187230451903,0.2334877539980929
1.7656243202700166,0.24159630902409515
1.7660614100881302,0.24604799500177318
1.7664984999062439,0.2469415501161025
1.7669355897243575,0.24510595165076174
1.7673726795424711,0.2418276693130707
1.7678097693605848,0.2384372241422648
1.7682468591786984,0.23593208667323365
1.768683948996812,0.23475217810745377
1.7691210388149257,0.23472771281867155
1.7695581286330393,0.23516438379486196
1.769995218451153,0.2350381949677165
1.7704323082692666,0.23329492141599942
1.7708693980873802,0.22922668779528385
1.7713064879054938,0.22282264693462864
1.7717435777236075,0.21492532678228507
1.772180667541721,0.20705235099429942
1.7726177573598347,0.20088956672296132
1.7730548471779484,0.19765327641374303
1.773491936996062,0.19762706317100007
1.7739290268141756,0.2001120195372461
1.7743661166322893,0.20381142681645015
1.774803206450403,0.20743305334424003
1.7752402962685165,0.21018484943420862
1.7756773860866302,0.21192807134910158
1.7761144759047438,0.21297157369388034
1.7765515657228574,0.2136969705100246
1.776988655540971,0.21427208449453503
1.7774257453590847,0.21461497209196626
1.7778628351771983,0.21459170444568856
1.778299924995312,0.2142856358210076
1.7787370148134256,0.21414227027242044
1.7791741046315392,0.21487358374441748
1.7796111944496529,0.21714157883383048
1.7800482842677665,0.22116199472177972
1.7804853740858801,0.22642522337424273
1.7809224639039938,0.23170234641246204
1.7813595537221074,0.23539596901057705
1.781796643540221,0.2361407131261856
1.7822337333583347,0.2334173938518301
1.7826708231764483,0.22789259948259408
1.783107912994562,0.22128190427259156
1.7835450028126756,0.21574297999015765
1.7839820926307892,0.21303889175262244
1.7844191824489029,0.2138423087963838
1.7848562722670165,0.21749425370788641
1.7852933620851301,0.22230885055861105
1.7857304519032438,0.2262512272760318
1.7861675417213574,0.22765760076301617
1.786604631539471,0.2256943275127144
1.7870417213575847,0.22043017497548734
1.7874788111756983,0.21260265663747252
1.787915900993812,0.20327449491880545
1.7883529908119256,0.19355545337251454
1.7887900806300392,0.18445500622821556
1.7892271704481528,0.17682421526674144
1.7896642602662665,0.1713081261474855
1.79010135008438,0.16826685198665764
1.7905384399024937,0.1676869949882358
1.7909755297206074,0.16914169480279534
1.791412619538721,0.17184622937202496
1.7918497093568346,0.17481355594904763
1.7922867991749483,0.17707221877831272
1.792723888993062,0.17788789864552873
1.7931609788111755,0.1769301557446278
1.7935980686292892,0.17433951496282388
1.7940351584474028,0.17067326066810257
1.7944722482655164,0.16674205592438304
1.79490933808363,0.16338826289851152
1.7953464279017437,0.16128214341068375
1.7957835177198573,0.16080278118095245
1.796220607537971,0.16202380612030445
1.7966576973560846,0.1647665874851642
1.7970947871741982,0.16865714775070736
1.7975318769923119,0.17315065226886986
1.7979689668104255,0.1775487414980154
1.7984060566285391,0.1810763990773653
1.7988431464466528,0.1830611184070916
1.7992802362647664,0.1831731617860575
1.79971732608288,0.18160256202863953
1.8001544159009937,0.1790399138022785
1.8005915057191073,0.17642028490255632
1.801028595537221,0.17453263573876746
1.8014656853553346,0.1736940438023861
1.8019027751734482,0.17366485266845996
1.8023398649915618,0.17384410518581997
1.8027769548096755,0.17362089813417753
1.8032140446277891,0.17267360859412503
1.8036511344459027,0.17105761720126567
1.8040882242640164,0.16906587671093926
1.80452531408213,0.1669875958527534
1.8049624039002437,0.16493912156109905
1.8053994937183573,0.16287496436609414
1.805836583536471,0.16075774874508478
1.8062736733545846,0.15875944105323395
1.8067107631726982,0.1573454711929605
1.8071478529908118,0.15716427040617956
1.8075849428089255,0.15878073539498422
1.808022032627039,0.16238647965476669
1.8084591224451527,0.16764219576096878
1.8088962122632664,0.17374675366149986
1.80933330208138,0.17971403878140205
1.8097703918994936,0.18472911916071988
1.8102074817176073,0.18840816055385587
1.810644571535721,0.1908314509348378
1.8110816613538345,0.1923380953407272
1.8115187511719482,0.19320239360035305
1.8119558409900618,0.19338044023576337
1.8123929308081754,0.19247735344613529
1.812830020626289,0.1899590175152047
1.8132671104444027,0.18549065309516397
1.8137042002625163,0.17921221000234208
1.81414129008063,0.17179910246088012
1.8145783798987436,0.1642787745517519
1.8150154697168572,0.15770242080985045
1.8154525595349709,0.15283277511776658
1.8158896493530845,0.14997791625605555
1.8163267391711981,0.14901043830152377
1.8167638289893118,0.14952194691797277
1.8172009188074254,0.15101990064775878
1.817638008625539,0.15308315556678315
1.8180750984436527,0.1554299563304728
1.8185121882617663,0.1578910281662533
1.81894927807988,0.1603112295558371
1.8193863678979936,0.16242899406671393
1.8198234577161072,0.1638014087035453
1.8202605475342208,0.16383836758700746
1.8206976373523345,0.16196573293915648
1.821134727170448,0.15786294084608601
1.8215718169885617,0.1516561722775264
1.8220089068066754,0.14394558639610272
1.822445996624789,0.13562426606518976
1.8228830864429026,0.1275695661398422
1.8233201762610163,0.12037505204865398
1.82375726607913,0.11427625525903498
1.8241943558972435,0.10930469023858658
1.8246314457153572,0.10555511472950133
1.8250685355334708,0.10337159381290158
1.8255056253515844,0.10330587673193802
1.825942715169698,0.105848372454449
1.8263798049878117,0.11108175077362244
1.8268168948059254,0.1184630240344774
1.827253984624039,0.12686934684363696
1.8276910744421526,0.13489554316633529
1.8281281642602663,0.14126097722420433
1.8285652540783799,0.14514311473732705
1.8290023438964935,0.1463152396292518
1.8294394337146072,0.14507695273344384
1.8298765235327208,0.14205904268765215
1.8303136133508344,0.138013924582956
1.830750703168948,0.13366849758786517
1.8311877929870617,0.12965261306122833
1.8316248828051753,0.1264668529086284
1.832061972623289,0.12444493855238124
1.8324990624414026,0.12369675288305482
1.8329361522595162,0.12406051481249873
1.8333732420776299,0.12511255813817046
1.8338103318957435,0.12626172203409824
1.8342474217138571,0.12690495085255918
1.8346845115319708,0.1265791455301927
1.8351216013500844,0.12504728696150122
1.835558691168198,0.12230641729072268
1.8359957809863117,0.11856164275680317
1.8364328708044253,0.11422153996049082
1.836869960622539,0.1099184462532848
1.8373070504406526,0.10648399193124138
1.8377441402587662,0.10479071949782333
1.8381812300768798,0.10544757853778877
1.8386183198949935,0.10847137251030324
1.839055409713107,0.11314209191221543
1.8394924995312207,0.11819509749610423
1.8399295893493344,0.12231305549562253
1.840366679167448,0.12467432544188832
1.8408037689855616,0.12524566955117278
1.8412408588036753,0.1246453973455547
1.841677948621789,0.12366999585076713
1.8421150384399025,0.12279339309047153
1.8425521282580162,0.12196083952407659
1.8429892180761298,0.12079658807680194
1.8434263078942434,0.11906443915383971
1.843863397712357,0.11705240852740685
1.8443004875304707,0.11560488438003254
1.8447375773485843,0.11575439083509724
1.845174667166698,0.11815611608200109
1.8456117569848116,0.12264652688351219
1.8460488468029252,0.12817395459817862
1.8464859366210389,0.13314381819518542
1.8469230264391525,0.13600898236688547
1.8473601162572661,0.13582630521491784
1.8477972060753798,0.13253465272131962
1.8482342958934934,0.12685425331825392
1.848671385711607,0.1198844539269568
1.8491084755297207,0.11260453999850992
1.8495455653478343,0.10550710643121318
1.849982655165948,0.09851110832550303
1.8504197449840616,0.09115805807768798
1.8508568348021752,0.08296484589605276
1.8512939246202889,0.07375508164612747
1.8517310144384025,0.06383464133418314
1.8521681042565161,0.053975898342188744
1.8526051940746298,0.04526064586815508
1.8530422838927434,0.038857425368952696
1.853479373710857,0.0357822104760343
1.8539164635289707,0.03666119329932588
1.8543535533470843,0.04152376807702166
1.854790643165198,0.04969664956830017
1.8552277329833116,0.05989223729911951
1.8556648228014252,0.07053188880160656
1.8561019126195388,0.08022095739739758
1.8565390024376525,0.08817234736356135
1.856976092255766,0.09435765232194615
1.8574131820738797,0.09929260527690661
1.8578502718919934,0.10357566874093703
1.858287361710107,0.1074586896430935
1.8587244515282206,0.1107176088542535
1.8591615413463343,0.11289979164075316
1.859598631164448,0.11377186853969404
1.8600357209825615,0.11364983242588836
1.8604728108006752,0.11336444934841014
1.8609099006187888,0.11385611853664565
1.8613469904369024,0.11564084121593099
1.861784080255016,0.11847541027860987
1.8622211700731297,0.12142275023705963
1.8626582598912433,0.1232734237097731
1.863095349709357,0.12308495801569445
1.8635324395274706,0.12057275706416024
1.8639695293455842,0.11621232729446072
1.8644066191636979,0.11107860670194795
1.8648437089818115,0.10654011766446857
1.8652807987999251,0.10391516861542482
1.8657178886180388,0.10414503732606754
1.8661549784361524,0.10752103673264247
1.866592068254266,0.11353297944699756
1.8670291580723797,0.12092913148759174
1.8674662478904933,0.12802829335186502
1.867903337708607,0.1332054287347309
1.8683404275267206,0.1353627635223581
1.8687775173448342,0.1341899749354025
1.8692146071629478,0.130130182478529
1.8696516969810615,0.12412730476636034
1.8700887867991751,0.11732238398588966
1.8705258766172888,0.11083422081157497
1.8709629664354024,0.10564577524023985
1.871400056253516,0.10252499189983917
1.8718371460716297,0.1019112813060772
1.8722742358897433,0.10378300684306367
1.872711325707857,0.1076029487741813
1.8731484155259706,0.11243869578872309
1.8735855053440842,0.11726425566132613
1.8740225951621978,0.12133186661372532
1.8744596849803115,0.12444147707554519
1.874896774798425,0.1269698272272486
1.8753338646165387,0.129629737095034
1.8757709544346524,0.13305505560802286
1.876208044252766,0.13739203957445975
1.8766451340708796,0.14209066260937567
1.8770822238889933,0.14601994509376656
1.877519313707107,0.1478943989859482
1.8779564035252205,0.14684128061204876
1.8783934933433342,0.14283863040332637
1.8788305831614478,0.1367864887325134
1.8792676729795614,0.1301506277919998
1.879704762797675,0.12435516751902795
1.8801418526157887,0.12025119083030311
1.8805789424339023,0.1179427501053506
1.881016032252016,0.1170265501443649
1.8814531220701296,0.11704480889213996
1.8818902118882432,0.1178390407432454
1.8823273017063569,0.11959782602607683
1.8827643915244705,0.1226246548335549
1.8832014813425841,0.12703338878886591
1.8836385711606978,0.13258340079810355
1.8840756609788114,0.13871880911771453
1.884512750796925,0.14471928085928212
1.8849498406150387,0.1498344552102408
1.8853869304331523,0.1533663515191912
1.885824020251266,0.15476957596736834
1.8862611100693796,0.1538361484902499
1.8866981998874932,0.15091063922412842
1.8871352897056068,0.14695887151802392
1.8875723795237205,0.14332854679242488
1.8880094693418341,0.1412222372137036
1.8884465591599477,0.1411316472738772
1.8888836489780614,0.14257514898466206
1.889320738796175,0.1443419118674746
1.8897578286142886,0.1451477274458251
1.8901949184324023,0.14434424741929264
1.890632008250516,0.14227285120987374
1.8910690980686296,0.1400544186602599
1.8915061878867432,0.13893253122631086
1.8919432777048568,0.13954087787830954
1.8923803675229705,0.14149981823581645
1.892817457341084,0.14355263341998695
1.8932545471591977,0.14415082746798127
1.8936916369773114,0.1421640200093308
1.894128726795425,0.13734901798676888
1.8945658166135386,0.13037443231514953
1.8950029064316523,0.12245549563747245
1.895439996249766,0.11485144826551863
1.8958770860678795,0.10850262311183621
1.8963141758859932,0.10393852129241175
1.8967512657041068,0.10138596068192529
1.8971883555222204,0.10089406299921642
1.897625445340334,0.10234292896141699
1.8980625351584477,0.1053597445757123
1.8984996249765613,0.10928919067516116
1.898936714794675,0.1133419399817337
1.8993738046127886,0.11688716805001258
1.8998108944309022,0.11969554267445835
1.9002479842490159,0.12192733334174699
1.9006850740671295,0.12383316036160184
1.9011221638852431,0.12537269106575305
1.9015592537033568,0.12606609896124016
1.9019963435214704,0.12526089000378812
1.902433433339584,0.12269191578524943
1.9028705231576977,0.11895180606297986
1.9033076129758113,0.11548152223371685
1.903744702793925,0.11397473235568169
1.9041817926120386,0.11548922250171163
1.9046188824301522,0.119797813983429
1.9050559722482658,0.12540988928166888
1.9054930620663795,0.13030179069799347
1.905930151884493,0.13296158956536233
1.9063672417026067,0.13316315470779452
1.9068043315207204,0.13205474433930928
1.907241421338834,0.13155635517575648
1.9076785111569476,0.13343727587178514
1.9081156009750613,0.1385631161651067
1.908552690793175,0.14662470196563876
1.9089897806112885,0.15634958138700125
1.9094268704294022,0.16597076468941072
1.9098639602475158,0.17370481582859015
1.9103010500656294,0.17812141830016118
1.910738139883743,0.17841795116709694
1.9111752297018567,0.1746315134851219
1.9116123195199703,0.16773967982284252
1.912049409338084,0.15953242864840664
1.9124864991561976,0.15218334910855874
1.9129235889743113,0.14760517180269375
1.9133606787924249,0.14683328031983658
1.9137977686105385,0.14971468918500067
1.9142348584286522,0.15504788556786867
1.9146719482467658,0.1610973346358455
1.9151090380648794,0.16623129383472404
1.915546127882993,0.16940183536054812
1.9159832177011067,0.17030302277797707
1.9164203075192203,0.16922311930624387
1.916857397337334,0.16674402698008425
1.9172944871554476,0.1634722012203747
1.9177315769735612,0.15991367280175756
1.9181686667916749,0.15648727532138731
1.9186057566097885,0.15357703880345122
1.9190428464279021,0.1515099933546918
1.9194799362460158,0.15041745713860252
1.9199170260641294,0.15005182599665146
1.920354115882243,0.14970903200853658
1.9207912057003567,0.1483833905813791
1.9212282955184703,0.1451525265060074
1.921665385336584,0.13962929596750642
1.9221024751546976,0.13223587093751007
1.9225395649728112,0.1241222613830388
1.9229766547909248,0.11673862579626215
1.9234137446090385,0.11126253794426696
1.923850834427152,0.10815702296108798
1.9242879242452657,0.10705114150225967
1.9247250140633794,0.10695680952622867
1.925162103881493,0.1066797955662879
1.9255991936996066,0.10523096967428318
1.9260362835177194,0.10209487281568366
1.926473373335833,0.09730590334938041
1.9269104631539467,0.0913587706343584
1.9273475529720603,0.08502069617544275
1.927784642790174,0.07912812898137879
1.9282217326082876,0.07444388385026002
1.9286588224264012,0.0716087332383816
1.9290959122445148,0.07114538243356967
1.9295330020626285,0.07340776001101317
1.929970091880742,0.07838619874141316
1.9304071816988557,0.08540834987194561
1.9308442715169694,0.09294554787571094
1.931281361335083,0.09879851875070764
1.9317184511531966,0.10078477885525779
1.9321555409713103,0.09772446113399627
1.932592630789424,0.09022601239162739
1.9330297206075375,0.08074667263803371
1.9334668104256512,0.07273186891236673
1.9339039002437648,0.06916137803004506
1.9343409900618784,0.07122203027227757
1.934778079879992,0.07781388162340622
1.9352151696981057,0.08615774123297704
1.9356522595162193,0.09316548565821513
1.936089349334333,0.09683191447688942
1.9365264391524466,0.09694515991403849
1.9369635289705602,0.09484416448418441
1.9374006187886739,0.09249000174386458
1.9378377086067875,0.09143812293400193
1.9382747984249011,0.09224578680444298
1.9387118882430148,0.09451255666966453
1.9391489780611284,0.09737452874166319
1.939586067879242,0.10007579154016324
1.9400231576973557,0.10229271871682453
1.9404602475154693,0.10409770982499504
1.940897337333583,0.1056631898291549
1.9413344271516966,0.10691359100182829
1.9417715169698102,0.10731675489980706
1.9422086067879238,0.10591783446654908
1.9426456966060375,0.10161642722546167
1.943082786424151,0.09359994872827208
1.9435198762422647,0.08178029345403473
1.9439569660603784,0.06705027508972769
1.944394055878492,0.05121007337245059
1.9448311456966056,0.03653039313897526
1.9452682355147193,0.02508935789311246
1.945705325332833,0.018160246897609655
1.9461424151509465,0.015939803032982282
1.9465795049690602,0.017752141817527267
1.9470165947871738,0.022605974985169815
1.9474536846052874,0.029771230223828833
1.947890774423401,0.0390186938515082
1.9483278642415147,0.0503697355343235
1.9487649540596284,0.06352130260496205
1.949202043877742,0.07734469992423663
1.9496391336958556,0.08984641553399882
1.9500762235139693,0.09871819228458283
1.9505133133320829,0.10224709252954377
1.9509504031501965,0.10012224220647108
1.9513874929683102,0.09370259115352246
1.9518245827864238,0.08557787864445685
1.9522616726045374,0.078607290483205
1.952698762422651,0.07487031560125072
1.9531358522407647,0.0749956641457733
1.9535729420588783,0.07814350159170975
1.954010031876992,0.08259801439189297
1.9544471216951056,0.08663102068100952
1.9548842115132192,0.0891748235457807
1.9553213013313329,0.08997923917008381
1.9557583911494465,0.0892718299188449
1.9561954809675601,0.0872877492188666
1.9566325707856738,0.084130817947781
1.9570696606037874,0.08015380273251438
1.957506750421901,0.07656459542024698
1.9579438402400147,0.07564946195462634
1.9583809300581283,0.08016332337953327
1.958818019876242,0.09202756081704573
1.9592551096943556,0.11107456001869119
1.9596921995124692,0.13468852710908982
1.9601292893305828,0.1586655909033385
1.9605663791486965,0.1788185296361311
1.96100346896681,0.19239148772375642
1.9614405587849237,0.19857558812955364
1.9618776486030374,0.19811437717341068
1.962314738421151,0.19256949911211435
1.9627518282392646,0.18383375807575236
1.9631889180573783,0.17400795613084083
1.963626007875492,0.16530208927305354
1.9640630976936055,0.1596210724983456
1.9645001875117192,0.15791577128884524
1.9649372773298328,0.15976475287940348
1.9653743671479464,0.16358186138763028
1.96581145696606,0.16735696913950898
1.9662485467841737,0.16939394075032257
1.9666856366022873,0.16854591589824638
1.967122726420401,0.16394192696852303
1.9675598162385146,0.15468498033999564
1.9679969060566282,0.1400144971789447
1.9684339958747419,0.11994675660349434
1.9688710856928555,0.09588380824747977
1.9693081755109691,0.07060657093454831
1.9697452653290828,0.04751957040086794
1.9701823551471964,0.029593105186115236
1.97061944496531,0.018653057369806575
1.9710565347834237,0.015349168392710074
1.9714936246015373,0.019598691198969675
1.971930714419651,0.031013608152844627
1.9723678042377646,0.048972815784180605
1.9728048940558782,0.07239308156891996
1.9732419838739919,0.09951432380015321
1.9736790736921055,0.12795648389028977
1.9741161635102191,0.1550519090943374
1.9745532533283328,0.17827634803227183
1.9749903431464464,0.19562898347012816
1.97542743296456,0.2059459635898802
1.9758645227826737,0.20917728763804555
1.9763016126007873,0.20654786857460145
1.976738702418901,0.20039838781829428
1.9771757922370146,0.1935593033492527
1.9776128820551282,0.18839529982916942
1.9780499718732418,0.18597469067404124
1.9784870616913555,0.18587992276233808
1.978924151509469,0.18684613197057903
1.9793612413275827,0.1878641886770345
1.9797983311456964,0.18900303330461407
1.98023542096381,0.19132548663049256
1.9806725107819236,0.1958887503884983
1.9811096006000373,0.20253869886915896
1.981546690418151,0.2094795462104979
1.9819837802362645,0.21413907390649922
1.9824208700543782,0.21489924517134742
1.9828579598724918,0.21249673184463022
1.9832950496906054,0.20995005506039263
1.983732139508719,0.21081553031550668
1.9841692293268327,0.21679274352639485
1.9846063191449463,0.2262852126601253
1.98504340896306,0.23497281374997334
1.9854804987811736,0.23810801659102018
1.9859175885992872,0.23307387534088603
1.9863546784174009,0.2206010266166413
1.9867917682355145,0.2040179674751468
1.9872288580536281,0.18724550813455737
1.9876659478717418,0.1729515788245926
1.9881030376898554,0.1619129029490262
1.988540127507969,0.15359671062314262
1.9889772173260827,0.14714721144682794
1.9894143071441963,0.1419290928737752
1.98985139696231,0.13741754721365138
1.9902884867804236,0.1328829040214975
1.9907255765985372,0.127433636335161
1.9911626664166509,0.1205369523317461
1.9915997562347645,0.11260308439576845
1.9920368460528781,0.10509035664026996
1.9924739358709918,0.09994957353881866
1.9929110256891054,0.09873426643265293
1.993348115507219,0.10192965700818109
1.9937852053253327,0.108853761603691
1.9942222951434463,0.11807269103174388
1.99465938496156,0.1279858841749582
1.9950964747796736,0.13724555362371266
1.9955335645977872,0.14488841119887888
1.9959706544159008,0.15026660913119613
1.9964077442340145,0.15293533639014747
1.996844834052128,0.15260390074606073
1.9972819238702417,0.1491776417318774
1.9977190136883554,0.14286718530023051
1.998156103506469,0.13431255824716512
1.9985931933245826,0.12464367942485959
1.9990302831426963,0.11539325102616059
1.99946737296081,0.10822823172333096
1.9999044627789235,0.10456622151074565
2.000341552597037,0.10522665322921634
2.000778642415151,0.11025941747348164
2.0012157322332644,0.11899014713863607
2.001652822051378,0.13020299798916748
2.0020899118694917,0.14234742352044163
2.0025270016876053,0.15372801363756852
2.002964091505719,0.16273431659175036
2.0034011813238326,0.16817568143654357
2.0038382711419462,0.16966747872811155
2.00427536096006,0.1678608115491443
2.0047124507781735,0.1642738545766594
2.005149540596287,0.160656535158092
2.0055866304144008,0.1581262237111933
2.0060237202325144,0.15654291298584883
2.006460810050628,0.15455198968202136
2.0068978998687417,0.15038159549833785
2.0073349896868553,0.1430235436851135
2.007772079504969,0.13314232450427396
2.0082091693230826,0.12314987697227094
2.008646259141196,0.11632610069628048
2.00908334895931,0.11540230953971113
2.0095204387774235,0.12133541929087514
2.009957528595537,0.1328995460835292
2.0103946184136507,0.14727355157607155
2.0108317082317644,0.16127460467334828
2.011268798049878,0.17257848926737146
2.0117058878679916,0.1803328062010326
2.0121429776861053,0.1849444387178536
2.012580067504219,0.18727878368579523
2.0130171573223326,0.18779383865890414
2.013454247140446,0.18611090984700937
2.01389133695856,0.18123561130607194
2.0143284267766735,0.17226687013193587
2.014765516594787,0.15917762511445238
2.0152026064129007,0.14324290182961472
2.0156396962310144,0.12690580626588424
2.016076786049128,0.11316613239123263
2.0165138758672416,0.10478220357606986
2.0169509656853553,0.10360482506159038
2.017388055503469,0.11024100087107236
2.0178251453215825,0.12407614229356086
2.018262235139696,0.14355847963901486
2.01869932495781,0.16659767525101346
2.0191364147759234,0.19093287890822022
2.019573504594037,0.21436617397347077
2.0200105944121507,0.23483840474320022
2.0204476842302643,0.2504359922866274
2.020884774048378,0.25949824963534635
2.0213218638664916,0.26095491867534115
2.0217589536846052,0.25483429894532966
2.022196043502719,0.24264896518176918
2.0226331333208325,0.22728710625387968
2.023070223138946,0.21224592274411913
2.0235073129570598,0.20045744610120317
2.0239444027751734,0.19329278460799545
2.024381492593287,0.1903058015650874
2.0248185824114007,0.18985375021623963
2.0252556722295143,0.19018494964193464
2.025692762047628,0.19030757808310877
2.0261298518657416,0.19015511575677274
2.026566941683855,0.19008825486134326
2.027004031501969,0.19022354014478157
2.0274411213200825,0.19013138147321487
2.027878211138196,0.18909737441201072
2.0283153009563097,0.18669043270761113
2.0287523907744234,0.18317406756585974
2.029189480592537,0.17945471920218642
2.0296265704106506,0.17661722955355227
2.0300636602287643,0.17536656996238104
2.030500750046878,0.17570548494811625
2.0309378398649915,0.17697732865992602
2.031374929683105,0.1781751293096161
2.031812019501219,0.1783142902645513
2.0322491093193324,0.17670975714668286
2.032686199137446,0.1731080385939329
2.0331232889555597,0.1677093946227785
2.0335603787736733,0.16113925019303088
2.033997468591787,0.15440428920552332
2.0344345584099006,0.1488256902442548
2.0348716482280143,0.1459030815997177
2.035308738046128,0.14705316304685964
2.0357458278642415,0.15321260818413743
2.036182917682355,0.16439631835706137
2.036620007500469,0.17940748562261594
2.0370570973185824,0.19591701029668224
2.037494187136696,0.21100741832668676
2.0379312769548097,0.2220456526969397
2.0383683667729233,0.22753999939952949
2.038805456591037,0.22759363024486595
2.0392425464091506,0.22374356904607476
2.0396796362272642,0.21828047736085424
2.040116726045378,0.21340104462314372
2.0405538158634915,0.21059595739216666
2.040990905681605,0.21049545885538107
2.0414279954997188,0.2131010181328046
2.0418650853178324,0.21811532820361132
2.042302175135946,0.2250817668885266
2.0427392649540597,0.23325377365295727
2.0431763547721733,0.24138402130907693
2.043613444590287,0.24775064792753404
2.0440505344084006,0.25060798439812104
2.044487624226514,0.24892906425628336
2.044924714044628,0.2430209271528517
2.0453618038627415,0.23457408224869486
2.045798893680855,0.22601487542055193
2.0462359834989687,0.21947760191028684
2.0466730733170824,0.21598172617670616
2.047110163135196,0.21527257274662176
2.0475472529533096,0.21633382105297122
2.0479843427714233,0.21813532042120296
2.048421432589537,0.22007673772372843
2.0488585224076505,0.22189802398789918
2.049295612225764,0.2232904826847179
2.049732702043878,0.22367296209964177
2.0501697918619914,0.2224099939080494
2.050606881680105,0.219313653290147
2.0510439714982187,0.21497170700262047
2.0514810613163323,0.21054699827913279
2.051918151134446,0.20711676841290358
2.0523552409525596,0.20501042307428072
2.0527923307706732,0.20363502641702946
2.053229420588787,0.20192587115221192
2.0536665104069005,0.19910937295447753
2.054103600225014,0.19526147080501888
2.054540690043128,0.19131398218908344
2.0549777798612414,0.18854168423513815
2.055414869679355,0.18786802152531198
2.0558519594974687,0.18937999539043507
2.0562890493155823,0.1922742155053106
2.056726139133696,0.1952217958415646
2.0571632289518096,0.19696929464896037
2.057600318769923,0.1969203172970193
2.058037408588037,0.1954497682567706
2.0584744984061505,0.19378698859611806
2.058911588224264,0.19347445034119853
2.0593486780423778,0.19562486016383981
2.0597857678604914,0.20034418172804588
2.060222857678605,0.20663838614572388
2.0606599474967187,0.21286789475979812
2.0610970373148323,0.21750295012230597
2.061534127132946,0.21977414697734973
2.0619712169510596,0.21990962851359577
2.062408306769173,0.21891725968614648
2.062845396587287,0.21810361340997195
2.0632824864054005,0.21857547877391847
2.063719576223514,0.2208666579754553
2.0641566660416277,0.22471780796213375
2.0645937558597414,0.22902181182329637
2.065030845677855,0.23200211153639397
2.0654679354959686,0.23168920624129766
2.0659050253140823,0.2266246762492521
2.066342115132196,0.21652842653757326
2.0667792049503095,0.2025871609632758
2.067216294768423,0.1871685256693844
2.067653384586537,0.17306322236447494
2.0680904744046504,0.16260237075386944
2.068527564222764,0.15702504248693683
2.0689646540408777,0.1562901605310878
2.0694017438589913,0.15929393754466184
2.069838833677105,0.1643209913838813
2.0702759234952186,0.16955048286204127
2.0707130133133322,0.17347859677873534
2.071150103131446,0.17514253319246692
2.0715871929495595,0.17406989774482667
2.072024282767673,0.16999681192807173
2.0724613725857868,0.16257254481278258
2.0728984624039004,0.15134749549800217
2.073335552222014,0.1361815432208529
2.0737726420401277,0.11785728642203909
2.0742097318582413,0.09840330432285674
2.074646821676355,0.08071091162956633
2.0750839114944686,0.0674908387843629
2.075521001312582,0.060146646029023164
2.075958091130696,0.058303020468287045
2.0763951809488095,0.06033462384273512
2.076832270766923,0.06455311453906742
2.0772693605850368,0.0702474464868849
2.0777064504031504,0.07789929504560007
2.078143540221264,0.08851271266063929
2.0785806300393777,0.10262073126496248
2.0790177198574913,0.11969011416572707
2.079454809675605,0.1382593578187719
2.0798918994937186,0.1565683489081518
2.080328989311832,0.1731401906934787
2.080766079129946,0.1869498553919864
2.0812031689480595,0.19724636356604078
2.081640258766173,0.20338430586406847
2.0820773485842867,0.20493645015476591
2.0825144384024004,0.20202041459687978
2.082951528220514,0.19550918200405687
2.0833886180386276,0.18684425849467307
2.0838257078567413,0.17747930483903104
2.084262797674855,0.1682808428416298
2.0846998874929685,0.15926054265252532
2.085136977311082,0.14979272657272705
2.085574067129196,0.13916901399042164
2.0860111569473094,0.1271728263708963
2.086448246765423,0.11439394733864569
2.0868853365835367,0.10216735114012676
2.0873224264016503,0.09218704304915733
2.087759516219764,0.08595199983470148
2.0881966060378776,0.08425208818038712
2.0886336958559912,0.08690403416846015
2.089070785674105,0.09287412440165936
2.0895078754922185,0.10075760270546119
2.089944965310332,0.10938378598642655
2.0903820551284458,0.11821258293594854
2.0908191449465594,0.12728733094274353
2.091256234764673,0.13677952317963799
2.0916933245827867,0.1464305018460006
2.0921304144009003,0.15527184817114434
2.092567504219014,0.16183070823622317
2.0930045940371276,0.16472067994062178
2.093441683855241,0.16329046918522763
2.093878773673355,0.15798751484867055
2.0943158634914685,0.15027093558633883
2.094752953309582,0.14214124019067179
2.0951900431276957,0.13550807023360326
2.0956271329458094,0.1316420570853096
2.096064222763923,0.13088554996702603
2.0965013125820366,0.13268678032644027
2.0969384024001503,0.13591091115527043
2.097375492218264,0.1392912254753052
2.0978125820363775,0.1418419898347141
2.098249671854491,0.14309011589903772
2.098686761672605,0.14309092664853007
2.0991238514907185,0.14231349011821953
2.099560941308832,0.14152697750085302
2.0999980311269457,0.14175014499020552
2.1004351209450594,0.14419362443229597
2.100872210763173,0.1500477977504249
2.1013093005812866,0.16003943358926978
2.1017463903994003,0.17387690226489935
2.102183480217514,0.1898893680576823
2.1026205700356275,0.20517916442442113
2.103057659853741,0.2163888269137833
2.103494749671855,0.22083810075410612
2.1039318394899684,0.21752494369524708
2.104368929308082,0.20749369783199126
2.1048060191261957,0.1933794408790657
2.1052431089443093,0.17837319230610468
2.105680198762423,0.16515302911964652
2.1061172885805366,0.15529779189996323
2.1065543783986502,0.149357279832476
2.106991468216764,0.14732271600311392
2.1074285580348775,0.14901923116070823
2.107865647852991,0.15408490140476072
2.1083027376711048,0.1616022353795206
2.1087398274892184,0.16980083537279347
2.109176917307332,0.17626826884054658
2.1096140071254457,0.17874998926283084
2.1100510969435593,0.176143434423406
2.110488186761673,0.16906393144922016
2.1109252765797866,0.1595768910841759
2.1113623663979,0.15021415155632442
2.111799456216014,0.14284765829633733
2.1122365460341275,0.13805596421058997
2.112673635852241,0.13526007901425532
2.1131107256703547,0.13340374906111122
2.1135478154884684,0.13166737638294154
2.113984905306582,0.12979910496932967
2.1144219951246956,0.12799279606704653
2.1148590849428093,0.12655424230386308
2.115296174760923,0.12566512640684505
2.1157332645790365,0.1253866340475817
2.11617035439715,0.1258167786272922
2.116607444215264,0.127206694483764
2.1170445340333774,0.12990414637948153
2.117481623851491,0.1341462449125144
2.1179187136696047,0.13984219443725407
2.1183558034877183,0.14649544565903222
2.118792893305832,0.15332292780404397
2.1192299831239456,0.15950680677061396
2.1196670729420592,0.16444009322563585
2.120104162760173,0.16784447861887777
2.1205412525782865,0.1697312643807933
2.1209783423964,0.17027753323629677
2.121415432214514,0.1697252028161131
2.1218525220326274,0.16835544418743967
2.122289611850741,0.16649664424729874
2.1227267016688547,0.16448014967133767
2.1231637914869683,0.1625111134974677
2.123600881305082,0.160525416729207
2.1240379711231956,0.15815507231356238
2.1244750609413092,0.15486307482466438
2.124912150759423,0.15018159269055792
2.1253492405775365,0.14391107973950934
2.12578633039565,0.1361846655237278
2.1262234202137638,0.1274244073704336
2.1266605100318774,0.11828915738296727
2.127097599849991,0.10966244255480796
2.1275346896681047,0.1026092654000992
2.1279717794862183,0.09818173013463423
2.128408869304332,0.09705560805827698
2.1288459591224456,0.0991630617453553
2.129283048940559,0.10358106847049293
2.129720138758673,0.1088264537575699
2.1301572285767865,0.11345230111383883
2.130594318394899,0.1166263720294525
2.131031408213013,0.11836798911160763
2.1314684980311265,0.1193338503279872
2.13190558784924,0.12032075113040004
2.1323426776673537,0.1218027601685523
2.1327797674854674,0.12375692917660694
2.133216857303581,0.1258232322688281
2.1336539471216946,0.12764232674377424
2.1340910369398083,0.12913849601290286
2.134528126757922,0.13058400639762566
2.1349652165760356,0.13242683709944517
2.135402306394149,0.13499380481042855
2.135839396212263,0.13823610779523102
2.1362764860303765,0.14165622651689486
2.13671357584849,0.14447089402635618
2.1371506656666037,0.14596100589215522
2.1375877554847174,0.14586853829694293
2.138024845302831,0.14465262795662406
2.1384619351209446,0.143440796925067
2.1388990249390583,0.1436223768761246
2.139336114757172,0.14620617393903523
2.1397732045752855,0.1512260687846643
2.140210294393399,0.15752026089647955
2.140647384211513,0.1630653249217662
2.1410844740296264,0.16575794697490553
2.14152156384774,0.16426450773441822
2.1419586536658537,0.15848891249265482
2.1423957434839673,0.14941964199767913
2.142832833302081,0.13849359249430132
2.1432699231201946,0.12690761593384653
2.1437070129383082,0.11530844867548036
2.144144102756422,0.10399130650563067
2.1445811925745355,0.09335309692237219
2.145018282392649,0.08416202457160224
2.1454553722107628,0.07735810413503262
2.1458924620288764,0.07347327928684733
2.14632955184699,0.07207774513161862
2.1467666416651037,0.07169192732357807
2.1472037314832173,0.0703345278106741
2.147640821301331,0.0664941762444032
2.1480779111194446,0.06005568341586219
2.148515000937558,0.05271137225877994
2.148952090755672,0.047611344537060195
2.1493891805737855,0.04832633345568572
2.149826270391899,0.057484321177624406
2.1502633602100127,0.0756073821322594
2.1507004500281264,0.10065640689913936
2.15113753984624,0.12855738389583932
2.1515746296643536,0.15457956694082564
2.1520117194824673,0.1750234508382817
2.152448809300581,0.1884801694705997
2.1528858991186945,0.19609297087857883
2.153322988936808,0.20072982122305863
2.153760078754922,0.20550733010280206
2.1541971685730354,0.21239114511265375
2.154634258391149,0.22149246707464174
2.1550713482092627,0.23127847997401915
2.1555084380273764,0.23946422326809838
2.15594552784549,0.24408607219932602
2.1563826176636036,0.24426408427125135
2.1568197074817173,0.24038458073393212
2.157256797299831,0.2337382724475597
2.1576938871179445,0.22589077174582559
2.158130976936058,0.2181408623782493
2.158568066754172,0.21130955517409702
2.1590051565722854,0.20586623065617143
2.159442246390399,0.20218145923325634
2.1598793362085127,0.20064268310999064
2.1603164260266263,0.20151586757954096
2.16075351584474,0.204671294180226
2.1611906056628536,0.20942916465402545
2.1616276954809672,0.21470821454573388
2.162064785299081,0.21943350288547928
2.1625018751171945,0.22295672193456176
2.162938964935308,0.22521909335061494
2.1633760547534218,0.2265542244795483
2.1638131445715354,0.22725784666256557
2.164250234389649,0.22718824730642595
2.1646873242077627,0.2256367461718878
2.1651244140258763,0.22156265050539675
2.16556150384399,0.21411226258642796
2.1659985936621036,0.20320906246249676
2.166435683480217,0.1899481157250055
2.166872773298331,0.1765703448342101
2.1673098631164445,0.16593765557408183
2.167746952934558,0.16064589061476658
2.1681840427526717,0.1621087197114561
2.1686211325707854,0.17000586787621996
2.169058222388899,0.18235192227765146
2.1694953122070126,0.1961624250203727
2.1699324020251263,0.20842444384472386
2.17036949184324,0.21697045771545073
2.1708065816613535,0.22095326838953663
2.171243671479467,0.22084054955210736
2.171680761297581,0.21804522086721698
2.1721178511156944,0.21438502173061671
2.172554940933808,0.21153093209856863
2.1729920307519217,0.21054224829460774
2.1734291205700353,0.21156462596528763
2.173866210388149,0.21377863285016965
2.1743033002062626,0.21566434436417056
2.1747403900243762,0.21554573696106133
2.17517747984249,0.2122330173034614
2.1756145696606035,0.20549478954365294
2.176051659478717,0.1961494443378802
2.176488749296831,0.18575020554049662
2.1769258391149444,0.17603511372186006
2.177362928933058,0.16839610846024114
2.1778000187511717,0.16355596987781465
2.1782371085692853,0.16150560145495
2.178674198387399,0.1616559303347924
2.1791112882055126,0.163136496106657
2.179548378023626,0.16517185933044454
2.17998546784174,0.16742257160497295
2.1804225576598535,0.17011341584694756
2.180859647477967,0.1737981236666022
2.1812967372960808,0.17880168349300168
2.1817338271141944,0.18465359771243364
2.182170916932308,0.18995284630956727
2.1826080067504217,0.19290846067748046
2.1830450965685353,0.1923429055436179
2.183482186386649,0.18854570422826636
2.1839192762047626,0.183360112270907
2.184356366022876,0.1793420930427037
2.18479345584099,0.17844881942000684
2.1852305456591035,0.1810424347212962
2.185667635477217,0.1857885139587845
2.1861047252953307,0.1904456722609383
2.1865418151134444,0.19301224833688083
2.186978904931558,0.19257217447177796
2.1874159947496716,0.1894827350971706
2.1878530845677853,0.18498630922767237
2.188290174385899,0.18058700822993717
2.1887272642040125,0.17750816284150317
2.189164354022126,0.1763733085209582
2.18960144384024,0.17712208378566044
2.1900385336583534,0.17914330502272033
2.190475623476467,0.18159753643517518
2.1909127132945807,0.1838271811956705
2.1913498031126943,0.18565348377422672
2.191786892930808,0.187366979477714
2.1922239827489216,0.1893959217226493
2.1926610725670352,0.19187951456716784
2.193098162385149,0.19447049783637035
2.1935352522032625,0.1965280957876096
2.193972342021376,0.19754650061280735
2.1944094318394898,0.19746003851175245
2.1948465216576034,0.19656451901429978
2.195283611475717,0.19512842939043318
2.1957207012938307,0.193052876865059
2.1961577911119443,0.1899156533249912
2.196594880930058,0.18540471844528297
2.1970319707481716,0.1797874429061325
2.197469060566285,0.17399211508008136
2.197906150384399,0.16917366545866105
2.1983432402025125,0.16605481792106125
2.198780330020626,0.16452299836398412
2.1992174198387398,0.16376389472138148
2.1996545096568534,0.16279788330306696
2.200091599474967,0.16100401934105063
2.2005286892930807,0.15828570168219622
2.2009657791111943,0.15486064258631987
2.201402868929308,0.1509454063923035
2.2018399587474216,0.14661961529791614
2.202277048565535,0.14192672707361928
2.202714138383649,0.1370334817265695
2.2031512282017625,0.13223958333368638
2.203588318019876,0.12780432243936385
2.2040254078379897,0.12375322559970539
2.2044624976561034,0.11986121066792688
2.204899587474217,0.1158578837370259
2.2053366772923306,0.11170688048204422
2.2057737671104443,0.10773954260271446
2.206210856928558,0.104525306577795
2.2066479467466715,0.10255144863390754
2.207085036564785,0.10192407699099407
2.207522126382899,0.10229958510609845
2.2079592162010124,0.10311539415860682
2.208396306019126,0.10399402756350816
2.2088333958372397,0.10506039032520673
2.2092704856553533,0.10693011801121413
2.209707575473467,0.11031173257409631
2.2101446652915806,0.11542545409441327
2.2105817551096942,0.12161020743378424
2.211018844927808,0.12742774472110874
2.2114559347459215,0.1312809849595943
2.211893024564035,0.13221790456546856
2.2123301143821488,0.13043636608932427
2.2127672042002624,0.12717077068958468
2.213204294018376,0.12403169660265086
2.2136413838364897,0.12221473261621553
2.2140784736546033,0.12204959198583344
2.214515563472717,0.12309505085329345
2.2149526532908306,0.12460864588867918
2.215389743108944,0.12601506525317568
2.215826832927058,0.12709492274840056
2.2162639227451715,0.12789809689433482
2.216701012563285,0.1285973714086351
2.2171381023813987,0.12946980528057428
2.2175751921995124,0.1309844219063779
2.218012282017626,0.13380726825282194
2.2184493718357396,0.13858107232867006
2.2188864616538533,0.14555706896308448
2.219323551471967,0.15433795145626492
2.2197606412900805,0.16395012043704274
2.220197731108194,0.17322292542761814
2.220634820926308,0.18122155072170812
2.2210719107444215,0.18745958589130937
2.221509000562535,0.19181609935438226
2.2219460903806487,0.19431612180205157
2.2223831801987624,0.19500092994296797
2.222820270016876,0.193975900868072
2.2232573598349896,0.19152346599438097
2.2236944496531033,0.18809361538822741
2.224131539471217,0.18409985542617677
2.2245686292893305,0.17965314008710798
2.225005719107444,0.17448372568823337
2.225442808925558,0.16821731288758363
2.2258798987436714,0.16091828582985596
2.226316988561785,0.1535525881939536
2.2267540783798987,0.14795825382031763
2.2271911681980123,0.14615101254717872
2.227628258016126,0.1492412297453087
2.2280653478342396,0.15660635833599273
2.2285024376523532,0.16593678622497013
2.228939527470467,0.1742741148526414
2.2293766172885805,0.17948051964203698
2.229813707106694,0.18121695200213145
2.2302507969248078,0.18079108928737747
2.2306878867429214,0.18000647338930612
2.231124976561035,0.1798382415341359
2.2315620663791487,0.17984495851599674
2.2319991561972623,0.17864152999579558
2.232436246015376,0.1749759834891286
2.2328733358334896,0.16858050447315417
2.233310425651603,0.16024938441463235
2.233747515469717,0.1512434661564494
2.2341846052878305,0.1425900342641723
2.234621695105944,0.13480673197629311
2.2350587849240577,0.12814285691753458
2.2354958747421714,0.12300625384983642
2.235932964560285,0.12015713426395307
2.2363700543783986,0.12050657822909991
2.2368071441965123,0.1246919158844477
2.237244234014626,0.13273629302234385
2.2376813238327395,0.14396969997393597
2.238118413650853,0.1571570646594044
2.238555503468967,0.17066710903994084
2.2389925932870804,0.18260398168998446
2.239429683105194,0.19099119403116704
2.2398667729233077,0.19414395783450233
2.2403038627414213,0.19120851401232403
2.240740952559535,0.18261275747562686
2.2411780423776486,0.17009492211070132
2.2416151321957622,0.15617670982236462
2.242052222013876,0.14329904365897297
2.2424893118319895,0.13306445037709586
2.242926401650103,0.1259437390618733
2.243363491468217,0.12148177231415058
2.2438005812863304,0.1187446134905904
2.244237671104444,0.11670275001765415
2.2446747609225577,0.11442440391077154
2.2451118507406713,0.11115716645016192
2.245548940558785,0.10642842377688301
2.2459860303768986,0.10019467302639969
2.2464231201950122,0.09295225454910051
2.246860210013126,0.08570209143187595
2.2472972998312395,0.07973637673936267
2.247734389649353,0.07630691214890765
2.2481714794674668,0.07628371794636953
2.2486085692855804,0.0799143986669101
2.249045659103694,0.08676358117232498
2.2494827489218077,0.0958497912795905
2.2499198387399213,0.10591640182847974
2.250356928558035,0.11571974560479789
2.2507940183761486,0.12423756240347109
2.251231108194262,0.13077925788243147
2.251668198012376,0.13503790174709315
2.2521052878304895,0.13710543523071725
2.252542377648603,0.1374148590467955
2.2529794674667167,0.13657033105431535
2.2534165572848304,0.13510989546852478
2.253853647102944,0.13333080265495123
2.2542907369210576,0.13128313935114838
2.2547278267391713,0.12890667112315152
2.255164916557285,0.12617972559996796
2.2556020063753985,0.12318204120545832
2.256039096193512,0.12010185301592234
2.256476186011626,0.1172786639064076
2.2569132758297394,0.11527799135212816
2.257350365647853,0.11485059396502076
2.2577874554659667,0.11663677869914599
2.2582245452840803,0.12069635936533062
2.258661635102194,0.12619370200842325
2.2590987249203076,0.13157897538393862
2.2595358147384212,0.13530216017535296
2.259972904556535,0.1366868353278358
2.2604099943746485,0.1364059138995975
2.260847084192762,0.13620762134235784
2.261284174010876,0.13800593734137453
2.2617212638289894,0.1428578136481697
2.262158353647103,0.15042982302886293
2.2625954434652167,0.15925771640371408
2.2630325332833303,0.16760733936847247
2.263469623101444,0.17436307217192473
2.2639067129195576,0.1793589567327498
2.264343802737671,0.18296610501947752
2.264780892555785,0.18530764848372336
2.2652179823738985,0.18578006253119023
2.265655072192012,0.18334672226596724
2.2660921620101258,0.17745773521629254
2.2665292518282394,0.16890935581143865
2.266966341646353,0.15993741838030814
2.2674034314644667,0.15337834696093972
2.2678405212825803,0.1513989140924292
2.268277611100694,0.15456550748059358
2.2687147009188076,0.1617273118734567
2.269151790736921,0.1706304332860141
2.269588880555035,0.17881879799377393
2.2700259703731485,0.18440328749891524
2.270463060191262,0.18651263033184087
2.2709001500093757,0.18539805682215663
2.2713372398274894,0.18218317485063804
2.271774329645603,0.17829064958020352
2.2722114194637166,0.17475153486095432
2.2726485092818303,0.17177475600760625
2.273085599099944,0.16886674512931674
2.2735226889180575,0.16540054944973306
2.273959778736171,0.1611478182549337
2.274396868554285,0.1563030912009053
2.2748339583723984,0.15100715550077987
2.275271048190512,0.1449042258153835
2.2757081380086257,0.13731779989031304
2.2761452278267393,0.12808101043614556
2.276582317644853,0.11836808949545782
2.2770194074629666,0.11069538487402553
2.2774564972810802,0.1078279948568448
2.277893587099194,0.11120763048379396
2.2783306769173075,0.11996709798091927
2.278767766735421,0.13122168659656752
2.2792048565535348,0.14142846205336898
2.2796419463716484,0.14790743600025022
2.280079036189762,0.1496438912664315
2.2805161260078757,0.14713365515796778
2.2809532158259893,0.14170983848980429
2.281390305644103,0.134976916677301
2.2818273954622166,0.12863335894116723
2.28226448528033,0.12448321581458348
2.282701575098444,0.12425302588788724
2.2831386649165575,0.12905414583962835
2.283575754734671,0.13872657661863114
2.2840128445527847,0.15153694973175716
2.2844499343708984,0.16460444507892621
2.284887024189012,0.17504305649665874
2.2853241140071257,0.18133959867550278
2.2857612038252393,0.18420006215520426
2.286198293643353,0.1862294130818592
2.2866353834614666,0.1904195930600221
2.28707247327958,0.1982312097441383
2.287509563097694,0.2085049684726042
2.2879466529158075,0.21805849395924998
2.288383742733921,0.22370829881787405
2.2888208325520347,0.2243663350456615
2.2892579223701484,0.2216978286077221
2.289695012188262,0.21884100462994713
2.2901321020063756,0.21814690639269538
2.2905691918244893,0.21962641288041676
2.291006281642603,0.22118617409374539
2.2914433714607165,0.22031126214389427
2.29188046127883,0.2158024714952991
2.292317551096944,0.20831727444445328
2.2927546409150574,0.19955337106410723
2.293191730733171,0.1909508775739177
2.2936288205512847,0.1829563951209147
2.2940659103693983,0.17522706960338172
2.294503000187512,0.167367459206786
2.2949400900056256,0.15953082155657133
2.2953771798237392,0.1525242150731097
2.295814269641853,0.1475037289542529
2.2962513594599665,0.14554421054069847
2.29668844927808,0.14729345116265832
2.2971255390961938,0.1527859990899388
2.2975626289143074,0.16143142609642763
2.297999718732421,0.1721602977751227
2.2984368085505347,0.18364417033594474
2.2988738983686483,0.19446639312935296
2.299310988186762,0.20320968322295263
2.2997480780048756,0.20859137705280337
2.300185167822989,0.20980725081002458
2.300622257641103,0.2070180493648977
2.3010593474592165,0.2016083908280702
2.30149643727733,0.19582281303486293
2.3019335270954437,0.1917887928231386
2.3023706169135574,0.1904796293606868
2.302807706731671,0.19133700246595073
2.3032447965497846,0.19283201022065746
2.3036818863678983,0.1935244145864224
2.304118976186012,0.1928086054115772
2.3045560660041255,0.1908505511326231
2.304993155822239,0.18794182974256707
2.305430245640353,0.1839763498966163
2.3058673354584664,0.17857701664764988
2.30630442527658,0.17175345990009255
2.3067415150946937,0.16445610917543782
2.3071786049128074,0.15845515604314975
2.307615694730921,0.15553062951237526
2.3080527845490346,0.15651339106504966
2.3084898743671483,0.1608193163360551
2.308926964185262,0.16673905472394127
2.3093640540033755,0.1722345880006178
2.309801143821489,0.17574417859463143
2.310238233639603,0.17662911875830614
2.3106753234577164,0.1752157176728733
2.31111241327583,0.1726022067757048
2.3115495030939437,0.17037681974664026
2.3119865929120573,0.1702395780808572
2.312423682730171,0.17346251093001355
2.3128607725482846,0.1802758481421307
2.3132978623663982,0.18950235281540545
2.313734952184512,0.19880239800894817
2.3141720420026255,0.2055841970636803
2.314609131820739,0.20814806168057623
2.3150462216388528,0.20637808706554564
2.3154833114569664,0.20155315236643107
2.31592040127508,0.1954715466652768
2.3163574910931937,0.18956138469314057
2.3167945809113073,0.18456456876040844
2.317231670729421,0.18081857896364903
2.3176687605475346,0.17864599186824756
2.318105850365648,0.17836732463479052
2.318542940183762,0.17993359479837195
2.3189800300018755,0.1826244163105882
2.319417119819989,0.18522426244575868
2.3198542096381027,0.18662466550994344
2.3202912994562164,0.186380643737643
2.32072838927433,0.1847805987286672
2.3211654790924436,0.18241378008789777
2.3216025689105573,0.17962105849833257
2.322039658728671,0.1762535984980038
2.3224767485467845,0.17187492454283324
2.322913838364898,0.16622203072100247
2.323350928183012,0.15962131187589865
2.3237880180011254,0.15312929566532893
2.324225107819239,0.1483073552871243
2.3246621976373527,0.14667634792588485
2.3250992874554663,0.14904343679959867
2.32553637727358,0.15501808821119756
2.3259734670916936,0.163018026859215
2.3264105569098072,0.17083186888110383
2.326847646727921,0.1764666329954569
2.3272847365460345,0.17882121716198326
2.327721826364148,0.17785777283012064
2.328158916182262,0.1742943321531306
2.3285960060003754,0.16913059010658535
2.329033095818489,0.1633315255841302
2.3294701856366027,0.15776629236194076
2.3299072754547163,0.15325559734830266
2.33034436527283,0.15051703006104003
2.3307814550909436,0.14993428793918806
2.331218544909057,0.15127653946985425
2.331655634727171,0.15359654685247984
2.3320927245452845,0.15546576044975063
2.332529814363398,0.15550491366743432
2.3329669041815118,0.15296722429344942
2.3334039939996254,0.14806710608478374
2.333841083817739,0.14188053360782577
2.3342781736358527,0.13589527166485724
2.3347152634539663,0.1314799598227276
2.335152353272079,0.12952856439973123
2.3355894430901927,0.13034938409428826
2.3360265329083063,0.13368917083835954
2.33646362272642,0.13877773475223482
2.3369007125445336,0.1444228873039556
2.337337802362647,0.14928567727083988
2.337774892180761,0.1523629219053653
2.3382119819988745,0.1534617487656656
2.338649071816988,0.15331780295925876
2.3390861616351017,0.15317430878689242
2.3395232514532154,0.15402150665433348
2.339960341271329,0.15598440317027049
2.3403974310894426,0.15827535880030316
2.3408345209075563,0.15972752736244025
2.34127161072567,0.15951200917246774
2.3417087005437836,0.15754689446359843
2.342145790361897,0.15438918401695492
2.342582880180011,0.1508042365391327
2.3430199699981245,0.1473948249411754
2.343457059816238,0.1445218550520819
2.3438941496343517,0.14244390680065605
2.3443312394524654,0.14143707460272562
2.344768329270579,0.1417544005891899
2.3452054190886926,0.14350116433632784
2.3456425089068063,0.14659596206667463
2.34607959872492,0.15087344206695924
2.3465166885430335,0.15621109759056448
2.346953778361147,0.16253290906387077
2.347390868179261,0.16968581336141872
2.3478279579973744,0.17733006395612896
2.348265047815488,0.1849639806793558
2.3487021376336017,0.19204891324465986
2.3491392274517153,0.19810146897076794
2.349576317269829,0.20269496799790665
2.3500134070879426,0.2054596473227237
2.3504504969060562,0.20619069506591767
2.35088758672417,0.2050159608077265
2.3513246765422835,0.20242518818687635
2.351761766360397,0.1990327639829277
2.3521988561785108,0.19521268690490043
2.3526359459966244,0.1909359068517837
2.353073035814738,0.18601738959578787
2.3535101256328517,0.18061294154113458
2.3539472154509653,0.1755330411051171
2.354384305269079,0.17204141523932637
2.3548213950871926,0.17121624185289833
2.355258484905306,0.17331929117078748
2.35569557472342,0.17763067242836775
2.3561326645415335,0.1828664760814324
2.356569754359647,0.18789173296293962
2.3570068441777607,0.19227567360062178
2.3574439339958744,0.19638952202422963
2.357881023813988,0.20105839270036188
2.3583181136321016,0.20701894517902888
2.3587552034502153,0.21448062417302594
2.359192293268329,0.22297179057710848
2.3596293830864425,0.23148552550900295
2.360066472904556,0.23881880342596823
2.36050356272267,0.24395336061175563
2.3609406525407834,0.24633848103263148
2.361377742358897,0.24598207422183754
2.3618148321770107,0.24333203056884342
2.3622519219951243,0.23902761764738495
2.362689011813238,0.23367637529832538
2.3631261016313516,0.22779534499850856
2.3635631914494653,0.2219238590819972
2.364000281267579,0.21675691129149127
2.3644373710856925,0.2131153416113906
2.364874460903806,0.21172418602643447
2.36531155072192,0.21298225289018452
2.3657486405400334,0.2169469317248123
2.366185730358147,0.22354914764033595
2.3666228201762607,0.23279192505243393
2.3670599099943743,0.24467059110211634
2.367496999812488,0.2588459022051932
2.3679340896306016,0.274411664890565
2.3683711794487152,0.2900662321221065
2.368808269266829,0.3046109576895848
2.3692453590849425,0.317357264165478
2.369682448903056,0.3281183235735256
2.3701195387211698,0.3369124704606734
2.3705566285392834,0.3438093331600788
2.370993718357397,0.34913452248618526
2.3714308081755107,0.3537331457331624
2.3718678979936243,0.3587850442083972
2.372304987811738,0.3650775153942214
2.3727420776298516,0.37228438438325423
2.373179167447965,0.37895980167239074
2.373616257266079,0.38337960328696513
2.3740533470841925,0.38458468119646677
2.374490436902306,0.38278356734740154
2.3749275267204197,0.37886472495674195
2.3753646165385334,0.373564075191413
2.375801706356647,0.36706035268321985
2.3762387961747606,0.3592622340042257
2.3766758859928743,0.3503641947738272
2.377112975810988,0.34104867497910396
2.3775500656291015,0.33211643158597537
2.377987155447215,0.32386972332559566
2.378424245265329,0.31574739943948493
2.3788613350834424,0.3064512431263049
2.379298424901556,0.2944430901940106
2.3797355147196697,0.2785485116991859
2.3801726045377833,0.2584779854790572
2.380609694355897,0.23515835598783916
2.3810467841740106,0.2107341277786438
2.3814838739921242,0.18806434866923083
2.381920963810238,0.16970357023489793
2.3823580536283515,0.15672559979341086
2.382795143446465,0.14805796997489548
2.383232233264579,0.14089466734553174
2.3836693230826924,0.13215599586205148
2.384106412900806,0.12021549411108515
2.3845435027189197,0.10580134755692296
2.3849805925370333,0.09145027457266318
2.385417682355147,0.07988311030857782
2.3858547721732606,0.0724372371845723
2.386291861991374,0.06860076177769989
2.386728951809488,0.06680451747552646
2.3871660416276015,0.0656780655644278
2.387603131445715,0.06474570365173477
2.3880402212638288,0.06415984106293242
2.3884773110819424,0.06393259927318365
2.388914400900056,0.06347069371983712
2.3893514907181697,0.06181974854058591
2.3897885805362833,0.05833550032965858
2.390225670354397,0.05316195148951983
2.3906627601725106,0.04714498525119545
2.391099849990624,0.04133077843109563
2.391536939808738,0.036498644609658536
2.3919740296268515,0.03304531440969506
2.392411119444965,0.03116859020602312
2.3928482092630787,0.03105152434960667
2.3932852990811924,0.03281277051462809
2.393722388899306,0.03625970493926008
2.3941594787174196,0.04069676498208754
2.3945965685355333,0.04501949287874184
2.395033658353647,0.04809705456229736
2.3954707481717605,0.04921100136915759
2.395907837989874,0.048268250217929395
2.396344927807988,0.0456742726347767
2.3967820176261014,0.04199483907519854
2.397219107444215,0.037659636768898976
2.3976561972623287,0.032887091811401134
2.3980932870804423,0.02781888755562754
2.398530376898556,0.022704005167906157
2.3989674667166696,0.017965634502407617
2.3994045565347832,0.014096994458773982
2.399841646352897,0.011462254189258116
2.4002787361710105,0.01013611098938309
2.400715825989124,0.0098772700211614
2.4011529158072378,0.010238200235895497
2.4015900056253514,0.010733413953492591
2.402027095443465,0.010971796179697927
2.4024641852615787,0.010708224514908073
2.4029012750796923,0.009838632472800937
2.403338364897806,0.008390130562652384
2.4037754547159196,0.006524624294388667
2.404212544534033,0.004523500321378047
2.404649634352147,0.002714509523324225
2.4050867241702605,0.0013534292427934992
2.405523813988374,0.0005291060432057269
2.4059609038064877,0.0001573402863231669
2.4063979936246014,6.336233449195905e-05
2.406835083442715,8.659044556262832e-05
2.4072721732608287,0.0001364826107793076
2.4077092630789423,0.00018225263573001674
2.408146352897056,0.00021411273808934634
2.4085834427151696,0.00022084600407423882
2.409020532533283,0.00019455130712776381
2.409457622351397,0.00014216880694599226
2.4098947121695105,8.376572528836995e-05
2.410331801987624,3.868070967461083e-05
2.4107688918057377,1.4174410343321264e-05
2.4112059816238514,5.627459994058957e-06
2.411643071441965,4.403717048384597e-06
2.4120801612600786,4.538388601073929e-06
2.4125172510781923,4.161928696418416e-06
2.412954340896306,3.5725928986673885e-06
2.4133914307144195,3.24288284026924e-06
2.413828520532533,3.136890570610473e-06
2.414265610350647,3.002409212145948e-06
2.4147027001687604,2.820472349076886e-06
2.415139789986874,2.802772247426897e-06
2.4155768798049877,2.9766545580701004e-06
2.4160139696231013,3.0385742551999327e-06
2.416451059441215,2.8335803051457793e-06
2.4168881492593286,2.7362996796520923e-06
2.4173252390774422,3.133030712879493e-06
2.417762328895556,3.6685182442666754e-06
2.4181994187136695,3.647196705778193e-06
2.418636508531783,3.263160537649653e-06
2.4190735983498968,3.5874904453675275e-06
2.4195106881680104,4.844777000731751e-06
2.419947777986124,5.651002679412067e-06
2.4203848678042377,5.095775904630368e-06
2.4208219576223513,4.789368546521918e-06
2.421259047440465,6.833403940336505e-06
2.4216961372585786,9.889060530048743e-06
2.422133227076692,1.0293614054267945e-05
2.422570316894806,8.535936115708803e-06
2.4230074067129195,1.0799638025605452e-05
2.423444496531033,1.9578626301907137e-05
2.4238815863491467,2.6259317324646835e-05
2.4243186761672604,2.2949381508635064e-05
2.424755765985374,2.259386034773905e-05
2.4251928558034876,4.996398488721777e-05
2.4256299456216013,9.677840832558588e-05
2.426067035439715,0.00010934006273881435
2.4265041252578285,9.276220818644411e-05
2.426941215075942,0.00029530151568198787
2.427378304894056,0.0012721569882967534
2.4278153947121695,0.0036375785273331123
2.428252484530283,0.007586023881231517
2.4286895743483967,0.01257341199207487
2.4291266641665104,0.017531572362329804
2.429563753984624,0.021553268930393946
2.4300008438027376,0.024514954961634618
2.4304379336208513,0.027112879693707913
2.430875023438965,0.030335379091189746
2.4313121132570785,0.03493335604888364
2.431749203075192,0.041375132925231206
2.432186292893306,0.050120746374160516
2.4326233827114194,0.06155400005185722
2.433060472529533,0.07521896154354771
2.4334975623476467,0.08890974448687902
2.4339346521657603,0.0987004571045886
2.434371741983874,0.10045760058357521
2.4348088318019876,0.09210246654383826
2.4352459216201012,0.07505428607976151
2.435683011438215,0.05373344258540189
2.4361201012563285,0.03340963988300556
2.436557191074442,0.017844067100262786
2.4369942808925558,0.008163656396280835
2.4374313707106694,0.003360304470703923
2.437868460528783,0.0016863353905144768
2.4383055503468967,0.0018517481993690205
2.4387426401650103,0.003379840607722424
2.439179729983124,0.006200803029913158
2.4396168198012376,0.010015227314116321
2.440053909619351,0.013974520982261093
2.440490999437465,0.01693125625960046
2.4409280892555785,0.018108277782399314
2.441365179073692,0.017721129514273716
2.4418022688918057,0.017070368527687365
2.4422393587099194,0.01797836121144697
2.442676448528033,0.021950221229359208
2.4431135383461466,0.029646695081213623
2.4435506281642603,0.040935172427331155
2.443987717982374,0.05523239044438826
2.4444248078004875,0.07165590704525408
2.444861897618601,0.08889141407066936
2.445298987436715,0.10520861271121776
2.4457360772548284,0.11904359176116622
2.446173167072942,0.1299102731250436
2.4466102568910557,0.13880163271153143
2.4470473467091693,0.1474692914253072
2.447484436527283,0.15697034434890306
2.4479215263453966,0.16668539132019086
2.4483586161635102,0.174738091123831
2.448795705981624,0.17952875688823372
2.4492327957997375,0.18106311328269734
2.449669885617851,0.18091829210629035
2.450106975435965,0.18090450993168322
2.4505440652540784,0.181606860210056
2.450981155072192,0.18201044372710085
2.4514182448903057,0.18039920050274663
2.4518553347084193,0.17568163279617335
2.452292424526533,0.16813155777819344
2.4527295143446466,0.15920666608420356
2.4531666041627602,0.15084576993096024
2.453603693980874,0.14480371582332766
2.4540407837989875,0.1422419577333097
2.454477873617101,0.1434999972294919
2.4549149634352148,0.14803281449046604
2.4553520532533284,0.15466061619502786
2.455789143071442,0.16214168293586742
2.4562262328895557,0.16969421642049248
2.4566633227076693,0.17696647893806916
2.457100412525783,0.18342086011427952
2.4575375023438966,0.1877856947756769
2.45797459216201,0.18834821023082218
2.458411681980124,0.184101007809343
2.4588487717982375,0.17578082016943317
2.459285861616351,0.16571333689572437
2.4597229514344647,0.1563975179662733
2.4601600412525784,0.14900070677827776
2.460597131070692,0.14311369673515312
2.4610342208888056,0.13796118535881077
2.4614713107069193,0.13388016084012458
2.461908400525033,0.13264207240058004
2.4623454903431465,0.13632228212506167
2.46278258016126,0.14575880448105508
2.463219669979374,0.15989674026501147
2.4636567597974874,0.1763704617681452
2.464093849615601,0.19260049010714142
2.4645309394337147,0.20650444739296023
2.4649680292518283,0.21659834758255814
2.465405119069942,0.22191384914422912
2.4658422088880556,0.22213064052981907
2.4662792987061692,0.21783431497420497
2.466716388524283,0.21051736347017175
2.4671534783423965,0.20214206389879547
2.46759056816051,0.19448463010924164
2.468027657978624,0.18865307757941938
2.4684647477967374,0.18502038536397583
2.468901837614851,0.18353550957079642
2.4693389274329647,0.18415132965421965
2.4697760172510783,0.18701446140688066
2.470213107069192,0.19217534531307653
2.4706501968873056,0.19895069765168769
2.471087286705419,0.20550639803061954
2.471524376523533,0.2092760721931914
2.4719614663416465,0.20823697523215623
2.47239855615976,0.20222574877768218
2.4728356459778738,0.1932118115938229
2.4732727357959874,0.18416515675989617
2.473709825614101,0.1773076458846366
2.4741469154322147,0.17306065922757644
2.4745840052503283,0.17038396688345414
2.475021095068442,0.16801840383923677
2.4754581848865556,0.1654926353598869
2.475895274704669,0.16316367903580806
2.476332364522783,0.1615372331326211
2.4767694543408965,0.16070092591572993
2.47720654415901,0.16042278187190212
2.4776436339771237,0.1606966297472588
2.4780807237952374,0.16203906325744102
2.478517813613351,0.16509397991045943
2.4789549034314646,0.16981320842279893
2.4793919932495783,0.17497437285909673
2.479829083067692,0.17859565360617288
2.4802661728858055,0.17906098858094513
2.480703262703919,0.17612741183871874
2.481140352522033,0.1710310918927596
2.4815774423401464,0.1656272169781587
2.48201453215826,0.16127296638536265
2.4824516219763737,0.15831780998894177
2.4828887117944873,0.15648507108133475
2.483325801612601,0.15565388224586715
2.4837628914307146,0.15626840692977573
2.4841999812488282,0.15902001874665608
2.484637071066942,0.16414318573827633
2.4850741608850555,0.17100056922858847
2.485511250703169,0.17833317322179254
2.4859483405212828,0.18492179726958205
2.4863854303393964,0.19003663069904037
2.48682252015751,0.19329016871690444
2.4872596099756237,0.19413950277009812
2.4876966997937373,0.19169703470776897
2.488133789611851,0.1852519163487059
2.4885708794299646,0.17515851701463306
2.489007969248078,0.16323266140685175
2.489445059066192,0.15209692003989655
2.4898821488843055,0.1438420438915989
2.490319238702419,0.1390507534577616
2.4907563285205327,0.13695474068481867
2.4911934183386464,0.13648537605746228
2.49163050815676,0.1372111173238579
2.4920675979748736,0.13937511251412718
2.4925046877929873,0.1431907696807447
2.492941777611101,0.14823595074820625
2.4933788674292146,0.15355093418727012
2.493815957247328,0.15823079113882196
2.494253047065442,0.1618235691440845
2.4946901368835555,0.16417905133550922
2.495127226701669,0.16509690383956308
2.4955643165197827,0.16437260128217135
2.4960014063378964,0.16234601336283908
2.49643849615601,0.16036688366954865
2.4968755859741236,0.16047946098655824
2.4973126757922373,0.16427623257525317
2.497749765610351,0.17168041055013888
2.4981868554284645,0.18061628467331256
2.498623945246578,0.18791296320999537
2.499061035064692,0.1908861139308186
2.4994981248828054,0.18859033373524703
2.499935214700919,0.18203411870471717
2.5003723045190327,0.1733858522608412
2.5008093943371463,0.16479544993010273
2.50124648415526,0.15755191944357905
2.5016835739733736,0.15194051834766437
2.5021206637914872,0.14766544669924536
2.502557753609601,0.14438716677745572
2.5029948434277145,0.1419552059881682
2.503431933245828,0.14024723474380799
2.5038690230639418,0.13890054483633973
2.5043061128820554,0.13732941183232034
2.504743202700169,0.13514130546807673
2.5051802925182827,0.13262965125214052
2.5056173823363963,0.13085282897966632
2.50605447215451,0.13111300314998894
2.5064915619726236,0.13417126038070384
2.506928651790737,0.13978872670572925
2.507365741608851,0.14692553953190077
2.5078028314269645,0.1544015797294638
2.508239921245078,0.161494790690637
2.5086770110631917,0.1680749006696663
2.5091141008813054,0.17428619108225932
2.509551190699419,0.18013660213792676
2.5099882805175326,0.18536530446650246
2.5104253703356463,0.18966507573451596
2.51086246015376,0.19298232898441864
2.5112995499718735,0.19552012065055105
2.511736639789987,0.19736111983747673
2.512173729608101,0.19808629875976044
2.5126108194262144,0.19692577593270713
2.513047909244328,0.19356596787673247
2.5134849990624417,0.18904114218682405
2.5139220888805553,0.18583837531138347
2.514359178698669,0.1868437853875395
2.5147962685167826,0.19369433346935105
2.5152333583348963,0.20564716811459996
2.51567044815301,0.21975261626276626
2.5161075379711235,0.23222441093817522
2.516544627789237,0.24017698630778508
2.516981717607351,0.24280202103595075
2.5174188074254644,0.24148168583227173
2.517855897243578,0.23890953498743936
2.5182929870616917,0.23772716303287583
2.5187300768798053,0.23935004276233265
2.519167166697919,0.24348780288926128
2.5196042565160326,0.24843963513279074
2.5200413463341462,0.2518513974823485
2.52047843615226,0.2515460224835117
2.5209155259703735,0.24623815600040388
2.521352615788487,0.23606924421114298
2.5217897056066008,0.22276922642475822
2.5222267954247144,0.20915202446589207
2.522663885242828,0.1979679140631194
2.5231009750609417,0.19072176860003068
2.5235380648790553,0.1872642017465769
2.523975154697169,0.1863907507397097
2.5244122445152826,0.18683134056523087
2.524849334333396,0.1877766570357218
2.52528642415151,0.18871983380230847
2.5257235139696235,0.18915047733522142
2.526160603787737,0.1886551707196746
2.5265976936058507,0.18729887077151067
2.5270347834239644,0.18567398363163315
2.527471873242078,0.18434420223419176
2.5279089630601916,0.18318585793705713
2.5283460528783053,0.18139698204289384
2.528783142696419,0.17832978196178603
2.5292202325145325,0.17442939469441932
2.529657322332646,0.1713446573638108
2.53009441215076,0.17095131827635757
2.5305315019688734,0.17396821889529696
2.530968591786987,0.1792283834318358
2.5314056816051007,0.18420043034901065
2.5318427714232143,0.18644076999522533
2.532279861241328,0.18499094613533104
2.5327169510594416,0.18079445668698324
2.5331540408775552,0.17593683555251896
2.533591130695669,0.1723558425646734
2.5340282205137825,0.17096696324618804
2.534465310331896,0.17168356602114368
2.53490240015001,0.17402632037737434
2.5353394899681234,0.17763221985466873
2.535776579786237,0.18228471179165046
2.5362136696043507,0.187680089719401
2.5366507594224643,0.19336871647795448
2.537087849240578,0.1989843153098278
2.5375249390586916,0.20445216237042887
2.537962028876805,0.20986855400094304
2.538399118694919,0.2151545309066609
2.5388362085130325,0.21990100454593423
2.539273298331146,0.2236506166504771
2.539710388149259,0.2263767729895662
2.5401474779673725,0.22865413535082627
2.540584567785486,0.2312696654998058
2.5410216576035998,0.23455513004265244
2.5414587474217134,0.23800653991253948
2.541895837239827,0.24052189681857722
2.5423329270579407,0.24106684918767574
2.5427700168760543,0.23924878240457512
2.543207106694168,0.23540604361780623
2.5436441965122816,0.23023294343999018
2.544081286330395,0.22428351794724205
2.544518376148509,0.21771246137298567
2.5449554659666225,0.2104015175321373
2.545392555784736,0.20237438796067722
2.5458296456028497,0.19421891068391148
2.5462667354209634,0.1871516642388629
2.546703825239077,0.18248979037748045
2.5471409150571906,0.1807196049031748
2.5475780048753043,0.18084326588068517
2.548015094693418,0.18072352178948217
2.5484521845115315,0.17845201517870374
2.548889274329645,0.1738031196134254
2.549326364147759,0.16854110387761628
2.5497634539658725,0.1651744035489833
2.550200543783986,0.16505077815176342
2.5506376336020997,0.16726974170816677
2.5510747234202134,0.16922097846354203
2.551511813238327,0.16829049562163162
2.5519489030564406,0.16352086201335317
2.5523859928745543,0.1562364217651442
2.552823082692668,0.1494115995366909
2.5532601725107815,0.14620839197477867
2.553697262328895,0.1483989994885513
2.554134352147009,0.15541992663882565
2.5545714419651224,0.16458537526637004
2.555008531783236,0.17243031215766333
2.5554456216013497,0.17644887246513918
2.5558827114194633,0.1761844322989465
2.556319801237577,0.17307467288591086
2.5567568910556906,0.16933725038330213
2.5571939808738042,0.16674423207842584
2.557631070691918,0.16596461699691414
2.5580681605100315,0.1665737208222195
2.558505250328145,0.16744571102344777
2.5589423401462588,0.16727501493611613
2.5593794299643724,0.16512473662006455
2.559816519782486,0.16088133449977762
2.5602536096005997,0.15539073517386584
2.5606906994187133,0.15013166532661787
2.561127789236827,0.14656766974237162
2.5615648790549406,0.14552980834296808
2.562001968873054,0.14691158145321945
2.562439058691168,0.14973373805229578
2.5628761485092815,0.15251217322994923
2.563313238327395,0.15385737408955943
2.5637503281455087,0.15315154058558147
2.5641874179636224,0.15094666854566355
2.564624507781736,0.14868913474169657
2.5650615975998496,0.14776930781827763
2.5654986874179633,0.14850173178291223
2.565935777236077,0.14984993227865548
2.5663728670541905,0.15017273225616473
2.566809956872304,0.1483944039907503
2.567247046690418,0.14462427223824717
2.5676841365085314,0.1397712650363971
2.568121226326645,0.13462659916978398
2.5685583161447587,0.12933007726716403
2.5689954059628723,0.12369630128831241
2.569432495780986,0.11801894226975287
2.5698695855990996,0.11350729416910961
2.5703066754172132,0.11182233688201706
2.570743765235327,0.11394709088279778
2.5711808550534405,0.11920077645261777
2.571617944871554,0.12516886004110786
2.572055034689668,0.12872902642289785
2.5724921245077814,0.12762338543388368
2.572929214325895,0.12164774531050723
2.5733663041440087,0.1127605433635062
2.5738033939621223,0.10410109538880084
2.574240483780236,0.09855257163441969
2.5746775735983496,0.09763369036124951
2.5751146634164632,0.1011343108063502
2.575551753234577,0.10742701883302226
2.5759888430526905,0.11417129631424112
2.576425932870804,0.11916506576157206
2.5768630226889178,0.12112260767374386
2.5773001125070314,0.12008991944089165
2.577737202325145,0.11727529081582855
2.5781742921432587,0.11441297594512641
2.5786113819613723,0.1131123145881744
2.579048471779486,0.1145613474873988
2.5794855615975996,0.11949675051468585
2.579922651415713,0.12807291158435455
2.580359741233827,0.13954208870248302
2.5807968310519405,0.15214276128922471
2.581233920870054,0.16358799119940756
2.5816710106881677,0.17194234520419832
2.5821081005062814,0.17619880523767817
2.582545190324395,0.17618526597149484
2.5829822801425086,0.17222175513831406
2.5834193699606223,0.16520144866572423
2.583856459778736,0.15706122701167594
2.5842935495968495,0.15076838254282024
2.584730639414963,0.14913215559612322
2.585167729233077,0.15297163251842788
2.5856048190511904,0.16014581926825405
2.586041908869304,0.166503767349591
2.5864789986874177,0.16825577043007026
2.5869160885055313,0.16409448863745912
2.587353178323645,0.15567337210864104
2.5877902681417586,0.14637704925400383
2.5882273579598722,0.1394292589506896
2.588664447777986,0.13650905291600215
2.5891015375960995,0.13744489987196465
2.589538627414213,0.14088824903963826
2.589975717232327,0.14545207959299286
2.5904128070504404,0.15062532926182076
2.590849896868554,0.15689588511137284
2.5912869866866677,0.16503044523583435
2.5917240765047813,0.17511499425837213
2.592161166322895,0.18616434730635603
2.5925982561410086,0.19658157755096942
2.593035345959122,0.20497369036064425
2.593472435777236,0.2105978459980249
2.5939095255953495,0.21321335966762117
2.594346615413463,0.21274172453914297
2.5947837052315768,0.20924043760796526
2.5952207950496904,0.20329581197029745
2.595657884867804,0.19652624173150138
2.5960949746859177,0.19174485442781367
2.5965320645040313,0.19238321597161478
2.596969154322145,0.2010249040541819
2.5974062441402586,0.21752142200276045
2.597843333958372,0.23795443029833976
2.598280423776486,0.25577787965371046
2.5987175135945995,0.265135458523142
2.599154603412713,0.26435233140257297
2.5995916932308267,0.2568908527853929
2.6000287830489404,0.2487868109652865
2.600465872867054,0.24448894937111137
2.6009029626851676,0.24438327239020108
2.6013400525032813,0.24569400752696505
2.601777142321395,0.2454301282891398
2.6022142321395085,0.24250979460480165
2.602651321957622,0.23745901735155583
2.603088411775736,0.23062975991062212
2.6035255015938494,0.22113316515878556
2.603962591411963,0.2076377375304121
2.6043996812300767,0.19016592039097072
2.6048367710481903,0.17105969166329318
2.605273860866304,0.154107028499356
2.6057109506844176,0.14245537096056474
2.6061480405025312,0.13689400074183447
2.606585130320645,0.13569390281076685
2.6070222201387585,0.1359580273161914
2.607459309956872,0.13541290817860682
2.6078963997749858,0.1334754115711657
2.6083334895930994,0.13114911904610882
2.608770579411213,0.13013600118621077
2.6092076692293267,0.13185518807109056
2.6096447590474403,0.1368041830833974
2.610081848865554,0.14433212901254763
2.6105189386836676,0.15278356957110883
2.610956028501781,0.1600199333922527
2.611393118319895,0.16423284015879897
2.6118302081380085,0.1647075832075034
2.612267297956122,0.16209451713895212
2.6127043877742357,0.15802008226575523
2.6131414775923494,0.15431300422697247
2.613578567410463,0.15232402464928274
2.6140156572285767,0.15262780600079903
2.6144527470466903,0.1550542569258532
2.614889836864804,0.15883510976194642
2.6153269266829176,0.16276318302685297
2.615764016501031,0.1654681597346461
2.616201106319145,0.16595800145060863
2.6166381961372585,0.16433698483347955
2.617075285955372,0.16223491448676422
2.6175123757734857,0.1623551373307792
2.6179494655915994,0.16700463036886734
2.618386555409713,0.1763499394483658
2.6188236452278266,0.18771508073321222
2.6192607350459403,0.1967816658334898
2.619697824864054,0.20017788067785697
2.6201349146821675,0.19772194930512121
2.620572004500281,0.1926555473018126
2.621009094318395,0.1896479505519333
2.6214461841365084,0.19201423545148363
2.621883273954622,0.20008093236557664
2.6223203637727357,0.21159094631741035
2.6227574535908493,0.22343885582827294
2.623194543408963,0.23324295939316136
2.6236316332270766,0.23981564279289186
2.6240687230451902,0.24276965905658582
2.624505812863304,0.2421291183784166
2.6249429026814175,0.23843803145956668
2.625379992499531,0.23306532069073657
2.6258170823176448,0.2280941462893595
2.6262541721357584,0.22560573515083934
2.626691261953872,0.22677645709376457
2.6271283517719857,0.23137060964526837
2.6275654415900993,0.2378784482517297
2.628002531408213,0.24414460646525296
2.6284396212263266,0.24817859499682668
2.62887671104444,0.2488764088065317
2.629313800862554,0.24642131862862987
2.6297508906806675,0.24216589974897837
2.630187980498781,0.23795372186932598
2.6306250703168947,0.23513141791112588
2.6310621601350084,0.23375579246832087
2.631499249953122,0.23250507414786573
2.6319363397712356,0.22947346960436174
2.6323734295893493,0.22347820018030404
2.632810519407463,0.21505851816486238
2.6332476092255765,0.20639040330552696
2.63368469904369,0.2000117062472261
2.634121788861804,0.1971501183884223
2.6345588786799174,0.19684408477768703
2.634995968498031,0.19653739518364513
2.6354330583161447,0.19376503924910454
2.6358701481342584,0.18776402926146993
2.636307237952372,0.17992137874360484
2.6367443277704856,0.17280430078307832
2.6371814175885993,0.16848468036140757
2.637618507406713,0.16732366773080606
2.6380555972248265,0.168028996296653
2.63849268704294,0.16885954792867844
2.638929776861054,0.16899030758832273
2.6393668666791674,0.16895517418675782
2.639803956497281,0.16987572632296075
2.6402410463153947,0.17219983068232386
2.6406781361335083,0.17502564133901788
2.641115225951622,0.17651259656055315
2.6415523157697356,0.17497743085724757
2.6419894055878492,0.1698382781057496
2.642426495405963,0.16183495717334792
2.6428635852240765,0.1525262258256535
2.64330067504219,0.14347388825718935
2.6437377648603038,0.13561379437394713
2.6441748546784174,0.12915319475558096
2.644611944496531,0.12400528020827076
2.6450490343146447,0.12040126453080476
2.6454861241327583,0.11915754701291169
2.645923213950872,0.12131265141891126
2.6463603037689856,0.12734407109306162
2.646797393587099,0.13651319629772204
2.647234483405213,0.1467931001547924
2.6476715732233265,0.15545183562566625
2.64810866304144,0.160041410251873
2.6485457528595537,0.15942341715946093
2.6489828426776674,0.15441711253370913
2.649419932495781,0.14762130392130332
2.6498570223138946,0.14216737025263268
2.6502941121320083,0.13982147543035137
2.650731201950122,0.13963675888156002
2.6511682917682355,0.1384118765180683
2.651605381586349,0.13303896014127112
2.652042471404463,0.12313180243169541
2.6524795612225764,0.11171174299491535
2.65291665104069,0.10312096145530562
2.6533537408588037,0.09973902113327238
2.6537908306769173,0.10025871175628824
2.654227920495031,0.10096042284176696
2.6546650103131446,0.09876629341580555
2.6551021001312582,0.09339042477082474
2.655539189949372,0.08696254737530384
2.6559762797674855,0.08188914161938417
2.656413369585599,0.07905037222322264
2.656850459403713,0.07765062751687936
2.6572875492218264,0.07629596574442059
2.65772463903994,0.07402889792655813
2.6581617288580537,0.07065994721535163
2.6585988186761673,0.06671166626210238
2.659035908494281,0.06342205328301438
2.6594729983123946,0.06262328484984468
2.659910088130508,0.06601518069402267
2.660347177948622,0.07398879001421658
2.6607842677667355,0.08497982952911631
2.661221357584849,0.09615426329162242
2.6616584474029628,0.10499024978757279
2.6620955372210764,0.11036387620562889
2.66253262703919,0.1122759625461408
2.6629697168573037,0.11087764787582374
2.6634068066754173,0.1061950581381742
2.663843896493531,0.09897235281297125
2.6642809863116446,0.09147272926973152
2.664718076129758,0.08684014017466248
2.665155165947872,0.08714478530378658
2.6655922557659855,0.0918302217946204
2.666029345584099,0.09811611889051508
2.6664664354022127,0.10311936920325541
2.6669035252203264,0.10591616781965522
2.66734061503844,0.10795610056113873
2.6677777048565536,0.11175754030607296
2.6682147946746673,0.11909913402503632
2.668651884492781,0.1299836402628567
2.6690889743108945,0.14280399955603668
2.669526064129008,0.15530398861174735
2.669963153947122,0.16563835033111415
2.6704002437652354,0.17302707836388054
2.670837333583349,0.17783833432627036
2.6712744234014627,0.18118585759645287
2.6717115132195763,0.18423603768816424
2.67214860303769,0.18746976112841102
2.6725856928558036,0.19021919488158812
2.6730227826739172,0.19082822830601706
2.673459872492031,0.18756625855817685
2.6738969623101445,0.1799161010220982
2.674334052128258,0.16939999127565208
2.6747711419463718,0.15920462910867764
2.6752082317644854,0.15263457445750256
2.675645321582599,0.15133333145028452
2.6760824114007127,0.1544796752040252
2.6765195012188263,0.15948608386790447
2.67695659103694,0.16361896021956465
2.6773936808550536,0.16535873650161695
2.677830770673167,0.16470693759117536
2.678267860491281,0.16258931932996953
2.6787049503093945,0.1600783687942946
2.679142040127508,0.15792380552958715
2.6795791299456218,0.1563183352554943
2.6800162197637354,0.15471184752140402
2.680453309581849,0.151893835875295
2.6808903993999627,0.14675242153892226
2.6813274892180763,0.13952839044209311
2.68176457903619,0.13251669445962086
2.6822016688543036,0.1291685475318239
2.682638758672417,0.13181726073406444
2.683075848490531,0.1397256987663875
2.6835129383086445,0.14923589593018877
2.683950028126758,0.1561124321465663
2.6843871179448717,0.158198884309523
2.6848242077629854,0.15623754246047622
2.685261297581099,0.1524921143016628
2.6856983873992126,0.14883739614993305
2.6861354772173263,0.14612210064004208
2.68657256703544,0.14484927481930793
2.6870096568535535,0.14569746687428714
2.687446746671667,0.14890650277870598
2.687883836489781,0.15332687188848368
2.6883209263078944,0.15664374757656532
2.688758016126008,0.15696760827870213
2.6891951059441217,0.1542716744668156
2.6896321957622353,0.15021062726217993
2.690069285580349,0.1466309735235602
2.6905063753984626,0.14443946552495276
2.6909434652165762,0.14388204727287066
2.69138055503469,0.14554761008674272
2.6918176448528035,0.15060757129762573
2.692254734670917,0.1597501000647217
2.6926918244890308,0.1717928270185289
2.6931289143071444,0.18341962736661457
2.693566004125258,0.19052411746354894
2.6940030939433717,0.19029609348255502
2.6944401837614853,0.18265859961877276
2.694877273579599,0.17022540205742434
2.6953143633977126,0.15695428675867987
2.695751453215826,0.14633713237333817
2.69618854303394,0.14001907213130768
2.6966256328520535,0.1373958832333063
2.697062722670167,0.1362826060827064
2.6974998124882807,0.1342810958803126
2.6979369023063944,0.13010031877348685
2.698373992124508,0.12407474923251398
2.6988110819426216,0.11767220072894284
2.6992481717607353,0.11255106846878113
2.699685261578849,0.10998068413655046
2.7001223513969626,0.11084593032432564
2.700559441215076,0.11567917581651961
2.70099653103319,0.12422959569729843
2.7014336208513035,0.13502392014758052
2.701870710669417,0.14589225558240065
2.7023078004875307,0.15546888761591585
2.7027448903056444,0.16415351647619156
2.703181980123758,0.17310008723814607
2.7036190699418716,0.18198034787888415
2.7040561597599853,0.18807087270867212
2.704493249578099,0.1880130616218671
2.7049303393962125,0.18042506752153062
2.705367429214326,0.166384597468406
2.70580451903244,0.1474462355761587
2.7062416088505534,0.124065064798094
2.706678698668667,0.09674569101014145
2.7071157884867807,0.06843772705210716
2.7075528783048943,0.044644353112774184
2.707989968123008,0.030265285606271397
2.7084270579411216,0.026193411938051185
2.7088641477592352,0.0291243516741977
2.709301237577349,0.03457307888424833
2.7097383273954625,0.04006180286884086
2.710175417213576,0.04599546085214862
2.7106125070316898,0.05437358571983798
2.7110495968498034,0.06696198779171464
2.711486686667917,0.08407729922062658
2.7119237764860307,0.10425476927901199
2.7123608663041443,0.12475061381303032
2.712797956122258,0.14263998897602218
2.7132350459403716,0.15591753898303154
2.713672135758485,0.16399461518080943
2.714109225576599,0.16750394048766043
2.7145463153947125,0.1677446016648332
2.714983405212826,0.16603061641362643
2.7154204950309397,0.1630653624761977
2.7158575848490534,0.15860869488584445
2.716294674667167,0.15177014626944743
2.7167317644852806,0.1418896592833279
2.7171688543033943,0.12948779106931813
2.717605944121508,0.11664522960667692
2.7180430339396215,0.10638009474070423
2.718480123757735,0.10103822208928133
2.718917213575849,0.100532960086775
2.7193543033939624,0.10200607670333213
2.719791393212076,0.10184533560922489
2.7202284830301897,0.09872861374326329
2.7206655728483033,0.0947019650298372
2.721102662666417,0.09278941978760578
2.7215397524845306,0.09334203837397732
2.7219768423026443,0.09306940957006124
2.722413932120758,0.08803903725119476
2.7228510219388715,0.07765856622726816
2.723288111756985,0.06560814280519965
2.723725201575099,0.05690462870634681
2.7241622913932124,0.054000306796064095
2.724599381211326,0.055256516454975736
2.7250364710294397,0.05653937458514195
2.7254735608475533,0.05414180750542564
2.725910650665667,0.046814103266588844
2.7263477404837806,0.035941486835962856
2.7267848303018942,0.02436154523241668
2.727221920120008,0.015013090086526086
2.7276590099381215,0.01031344272164451
2.728096099756235,0.012175110245581197
2.7285331895743488,0.021781602384813487
2.7289702793924624,0.0385804915857799
2.729407369210576,0.05925693749645029
2.7298444590286897,0.0782465319292964
2.7302815488468033,0.09036638561707847
2.730718638664917,0.09401367317175124
2.7311557284830306,0.09228451584872228
2.731592818301144,0.09076482458085135
2.732029908119258,0.09359212372230044
2.7324669979373715,0.10094707840884534
2.732904087755485,0.10977894208912331
2.7333411775735987,0.11662992146674979
2.7337782673917124,0.11987342677576775
2.734215357209826,0.11989933731378398
2.7346524470279396,0.11807369604926743
2.7350895368460533,0.11604117420255743
2.735526626664167,0.11571391051570615
2.7359637164822805,0.11910441554912762
2.736400806300394,0.12756272698831403
2.736837896118508,0.14109311581561446
2.7372749859366214,0.15846911435376615
2.737712075754735,0.17779327130844363
2.7381491655728487,0.1966278941273052
2.7385862553909623,0.21171257989275155
2.739023345209076,0.21932492461491737
2.7394604350271896,0.21689987522147994
2.7398975248453032,0.20490442892674096
2.740334614663417,0.18714630895327158
2.7407717044815305,0.16887495684525514
2.741208794299644,0.15408886306466352
2.741645884117758,0.1441735728532813
2.7420829739358714,0.13857144195895432
2.742520063753985,0.13621743865176544
2.7429571535720987,0.13614498219546967
2.7433942433902123,0.13717733863435508
2.743831333208326,0.13794051223518186
2.7442684230264387,0.13784825426747932
2.7447055128445523,0.1380655242445263
2.745142602662666,0.14104908564140542
2.7455796924807796,0.1487325069494849
2.7460167822988932,0.16091213149357642
2.746453872117007,0.1751311664650391
2.7468909619351205,0.18792611065092085
2.747328051753234,0.19644236364837614
2.7477651415713478,0.19959062462964558
2.7482022313894614,0.19824955610282533
2.748639321207575,0.19428484706274382
2.7490764110256887,0.18894205400559844
2.7495135008438023,0.18210819271526965
2.749950590661916,0.17347037823939604
2.7503876804800296,0.16447694247743475
2.750824770298143,0.15858183150147728
2.751261860116257,0.15877463322747826
2.7516989499343705,0.16460778341446947
2.752136039752484,0.17204547433674713
2.7525731295705977,0.17677507492939884
2.7530102193887114,0.17788264819314267
2.753447309206825,0.17818066833306445
2.7538843990249386,0.1808321335953291
2.7543214888430523,0.18574195712971756
2.754758578661166,0.18942346612964336
2.7551956684792795,0.1884351323091887
2.755632758297393,0.18284647532967419
2.756069848115507,0.17633717951166314
2.7565069379336204,0.17313502128484862
2.756944027751734,0.17505335897389362
2.7573811175698477,0.18125841342229357
2.7578182073879614,0.19018241775503117
2.758255297206075,0.20093285077127815
2.7586923870241886,0.2126392785589192
2.7591294768423023,0.22282974643914602
2.759566566660416,0.22715876231004456
2.7600036564785295,0.22145500569382717
2.760440746296643,0.20462077173043092
2.760877836114757,0.17987560520608356
2.7613149259328704,0.15327467558335667
2.761752015750984,0.13091246144733473
2.7621891055690977,0.11711641038699769
2.7626261953872113,0.11434718643275137
2.763063285205325,0.1235359644075574
2.7635003750234386,0.1437179404234251
2.7639374648415522,0.17159841783465302
2.764374554659666,0.20231437289216658
2.7648116444777795,0.23113240118965583
2.765248734295893,0.2544944230680111
2.7656858241140068,0.2697844187791158
2.7661229139321204,0.27501260902670405
2.766560003750234,0.269520634642671
2.7669970935683477,0.25497554124754185
2.7674341833864613,0.2351562048021493
2.767871273204575,0.21444746347088625
2.7683083630226886,0.1963963113866402
2.768745452840802,0.18320647069196686
2.769182542658916,0.17571937234848875
2.7696196324770295,0.17330379263404663
2.770056722295143,0.1739681877188215
2.7704938121132567,0.17515791587899618
2.7709309019313704,0.17480587791243438
2.771367991749484,0.17179975424054114
2.7718050815675976,0.1658356561537843
2.7722421713857113,0.15737624091849312
2.772679261203825,0.14793353102058607
2.7731163510219385,0.1399584100235036
2.773553440840052,0.13579843744331876
2.773990530658166,0.13638548939031028
2.7744276204762794,0.14086150725825766
2.774864710294393,0.14740845337459468
2.7753018001125067,0.15432477044218854
2.7757388899306203,0.16042856576576153
2.776175979748734,0.16491021790012675
2.7766130695668476,0.1672412552633376
2.7770501593849612,0.16716947342816857
2.777487249203075,0.1644335629986225
2.7779243390211885,0.15848407118064486
2.778361428839302,0.14905725848095666
2.778798518657416,0.1374757234405401
2.7792356084755294,0.12702627533711658
2.779672698293643,0.12120435843946557
2.7801097881117567,0.12114888452622104
2.7805468779298703,0.12497806391817305
2.780983967747984,0.12968451028339614
2.7814210575660976,0.13318169004428865
2.781858147384211,0.134235816920125
2.782295237202325,0.1312904104950891
2.7827323270204385,0.12291953193492336
2.783169416838552,0.11012517286280285
2.7836065066566658,0.0973479738944233
2.7840435964747794,0.08985224212869805
2.784480686292893,0.08950784387388062
2.7849177761110067,0.09334089030387387
2.7853548659291203,0.09642118707187942
2.785791955747234,0.09607212171366633
2.7862290455653476,0.0933654556366151
2.786666135383461,0.09110857593515209
2.787103225201575,0.09096106557699486
2.7875403150196885,0.09245488034043836
2.787977404837802,0.0942105275767658
2.7884144946559157,0.0955695774376989
2.7888515844740294,0.0969706592299087
2.789288674292143,0.0989962149631437
2.7897257641102566,0.1013337217628055
2.7901628539283703,0.10279050871967464
2.790599943746484,0.10227093907631135
2.7910370335645975,0.09962428323456304
2.791474123382711,0.09556760542313618
2.791911213200825,0.09104067481136245
2.7923483030189384,0.0868772638670796
2.792785392837052,0.08394864089098715
2.7932224826551657,0.0830700097719741
2.7936595724732793,0.08431284214925715
2.794096662291393,0.08653570004941698
2.7945337521095066,0.08817108789453602
2.7949708419276202,0.08890285515024494
2.795407931745734,0.09043736747622906
2.7958450215638475,0.0951318558541899
2.796282111381961,0.10352769035709444
2.796719201200075,0.1132818392065031
2.7971562910181884,0.12072818319562292
2.797593380836302,0.12358030662260591
2.7980304706544157,0.12217336296677925
2.7984675604725293,0.11835994863948489
2.798904650290643,0.11361986775404788
2.7993417401087566,0.10833230521687066
2.79977882992687,0.10243030832889435
2.800215919744984,0.09621212406403504
2.8006530095630975,0.09043922947637872
2.801090099381211,0.08595464013676467
2.8015271891993248,0.08331602318798483
2.8019642790174384,0.08253189275025238
2.802401368835552,0.08300526098828244
2.8028384586536657,0.08406542961190612
2.8032755484717793,0.08595310670926151
2.803712638289893,0.09012417982722856
2.8041497281080066,0.09795938281340846
2.80458681792612,0.10877921884737975
2.805023907744234,0.1193220663847415
2.8054609975623475,0.12562691741690948
2.805898087380461,0.12574770906178073
2.8063351771985747,0.12086445850432412
2.8067722670166884,0.11407554312413438
2.807209356834802,0.10832869431500622
2.8076464466529156,0.10525817592485645
2.8080835364710293,0.10528277372899215
2.808520626289143,0.10807352010972134
2.8089577161072565,0.11261838532137294
2.80939480592537,0.117085972877966
2.809831895743484,0.11926871728207175
2.8102689855615974,0.11788991334393087
2.810706075379711,0.11392612359851272
2.8111431651978247,0.11053004103225415
2.8115802550159383,0.11103586621009867
2.812017344834052,0.11637045866127058
2.8124544346521656,0.12417453841665593
2.8128915244702792,0.13072144245760495
2.813328614288393,0.134136442930805
2.8137657041065065,0.13598130469712424
2.81420279392462,0.13963639997476143
2.8146398837427338,0.14694186988792948
2.8150769735608474,0.15625799277344563
2.815514063378961,0.1637280923123898
2.8159511531970747,0.16648748159118806
2.8163882430151883,0.16491535867679838
2.816825332833302,0.16218838904272664
2.8172624226514156,0.16186858930104928
2.817699512469529,0.16562755445599972
2.818136602287643,0.17264361924463278
2.8185736921057565,0.18067059314255446
2.81901078192387,0.18758226847968024
2.8194478717419837,0.19210909372379187
2.8198849615600974,0.19353566507138745
2.820322051378211,0.19135253516305167
2.8207591411963246,0.1857514793021486
2.8211962310144383,0.1783001118112369
2.821633320832552,0.17126808622402298
2.8220704106506656,0.1656388717272042
2.822507500468779,0.16004818299220877
2.822944590286893,0.15230922277403822
2.8233816801050065,0.1419777761631152
2.82381876992312,0.13091279412858964
2.8242558597412337,0.12139130196050547
2.8246929495593474,0.11449993971152064
2.825130039377461,0.11066951321722361
2.8255671291955746,0.11068334908462182
2.8260042190136883,0.11475565375580668
2.826441308831802,0.12065815718198732
2.8268783986499155,0.12425184240359145
2.827315488468029,0.12310825359429088
2.827752578286143,0.11943066772980035
2.8281896681042564,0.11843308934072054
2.82862675792237,0.12326126845634332
2.8290638477404837,0.13153414411843561
2.8295009375585973,0.13697287351051038
2.829938027376711,0.13446336232036055
2.8303751171948246,0.12392711557648621
2.8308122070129382,0.11006506233584255
2.831249296831052,0.09885065771260158
2.8316863866491655,0.09379668213689459
2.832123476467279,0.09437896403882287
2.8325605662853928,0.09709391030608351
2.8329976561035064,0.0981279557427741
2.83343474592162,0.09594329919075574
2.8338718357397337,0.0921467556371233
2.8343089255578473,0.0900409395125364
2.834746015375961,0.09204895714344
2.8351831051940746,0.09823082245958129
2.835620195012188,0.10693474450853653
2.836057284830302,0.1163004005984167
2.8364943746484155,0.12474121516927296
2.836931464466529,0.130483276871255
2.8373685542846427,0.1318483171728469
2.8378056441027564,0.12867155345205689
2.83824273392087,0.12294540492425839
2.8386798237389836,0.11728906721424096
2.8391169135570973,0.1128266788938075
2.839554003375211,0.1090619487330129
2.8399910931933245,0.10559414657078879
2.840428183011438,0.10301024044541827
2.840865272829552,0.101774044752552
2.8413023626476654,0.10106914233485485
2.841739452465779,0.09951615945226178
2.8421765422838927,0.09669493493438161
2.8426136321020063,0.09320383413542299
2.84305072192012,0.089316841588546
2.8434878117382336,0.08439395998773488
2.8439249015563473,0.07793041240279704
2.844361991374461,0.0706457540446919
2.8447990811925745,0.06401469967218966
2.845236171010688,0.05884552467072579
2.845673260828802,0.05467440978292709
2.8461103506469154,0.05057444543276335
2.846547440465029,0.04633283094096358
2.8469845302831427,0.04275630798483802
2.8474216201012563,0.04098263829796084
2.84785870991937,0.04171063712328248
2.8482957997374836,0.04514976695211925
2.8487328895555972,0.051398964164931636
2.849169979373711,0.06029291751590438
2.8496070691918245,0.07062949364921561
2.850044159009938,0.08006250649522931
2.8504812488280518,0.08653586026480994
2.8509183386461654,0.09000114025889905
2.851355428464279,0.09231623603849572
2.8517925182823927,0.09529025275712998
2.8522296081005063,0.09914127248719933
2.85266669791862,0.10293555962042486
2.8531037877367336,0.10599940360328093
2.853540877554847,0.10849109403493541
2.853977967372961,0.11090114906357955
2.8544150571910745,0.11344732658967326
2.854852147009188,0.11582297201588627
2.8552892368273017,0.11718374384627636
2.8557263266454154,0.11656250934172539
2.856163416463529,0.11375517121166144
2.8566005062816426,0.10973198959780958
2.8570375960997563,0.1057467478852142
2.85747468591787,0.10215702407093252
2.8579117757359835,0.09878460864792682
2.858348865554097,0.09652243789380636
2.858785955372211,0.09759139327660753
2.8592230451903244,0.10319190580042799
2.859660135008438,0.11106609769816508
2.8600972248265517,0.11646914933927081
2.8605343146446653,0.11628251360042416
2.860971404462779,0.1119424833799008
2.8614084942808926,0.10782468272733996
2.8618455840990062,0.10691066213802881
2.86228267391712,0.10870589512685211
2.8627197637352335,0.11147542448655814
2.863156853553347,0.11542747777397964
2.863593943371461,0.12241151303623621
2.8640310331895744,0.13244994683211922
2.864468123007688,0.14184937151205806
2.8649052128258017,0.1459416225271319
2.8653423026439153,0.14383232410087346
2.865779392462029,0.13993521979835047
2.8662164822801426,0.1403929050475349
2.866653572098256,0.14762503414539788
2.86709066191637,0.15797411656378663
2.8675277517344835,0.16467977514330717
2.867964841552597,0.16381213369847789
2.8684019313707108,0.15794723561004154
2.8688390211888244,0.1539572979665245
2.869276111006938,0.15664637042803545
2.8697132008250517,0.1641192720414361
2.8701502906431653,0.16905902154885538
2.870587380461279,0.16426315625635865
2.8710244702793926,0.14742185073493544
2.871461560097506,0.12220720996477209
2.87189864991562,0.09645409806895776
2.8723357397337335,0.07916382842782785
2.872772829551847,0.07702639490824682
2.8732099193699607,0.09121910370649688
2.8736470091880744,0.11637537994748129
2.874084099006188,0.14326120229766268
2.8745211888243016,0.16411621630800677
2.8749582786424153,0.17706040239483814
2.875395368460529,0.18603637911294887
2.8758324582786425,0.19601028408155363
2.876269548096756,0.20739100067136018
2.87670663791487,0.21487729185939794
2.8771437277329834,0.2120466318138745
2.877580817551097,0.19722378632236398
2.8780179073692107,0.17482834589438526
2.8784549971873243,0.15125402638299065
2.878892087005438,0.12984584588107412
2.8793291768235516,0.10983990187504519
2.8797662666416652,0.08992597179320665
2.880203356459779,0.07308919745123159
2.8806404462778925,0.0680365349213635
2.881077536096006,0.08406390180181982
2.8815146259141198,0.1212908006373716
2.8819517157322334,0.16459551685648435
2.882388805550347,0.18973743057606912
2.8828258953684607,0.17971673694953866
2.8832629851865743,0.13757012548937034
2.883700075004688,0.0833882031400357
2.8841371648228016,0.038741404003561616
2.884574254640915,0.013587573385379786
2.885011344459029,0.005735038235542846
2.8854484342771425,0.0087202326377412
2.885885524095256,0.017838754519513975
2.8863226139133698,0.030385232293989508
2.8867597037314834,0.043807493459816264
2.887196793549597,0.05541120439937796
2.8876338833677107,0.06301797250484985
2.8880709731858243,0.0651001762575529
2.888508063003938,0.06123233669340487
2.8889451528220516,0.05367451715006201
2.889382242640165,0.047888741753368845
2.889819332458279,0.04937874723013288
2.8902564222763925,0.0587789588022412
2.890693512094506,0.07065322966448546
2.8911306019126197,0.07806333207116103
2.8915676917307334,0.07826219912528583
2.892004781548847,0.07365544804979744
2.8924418713669606,0.06798732978548865
2.8928789611850743,0.06288819406419101
2.893316051003188,0.058474293112712086
2.8937531408213015,0.05638837032863445
2.894190230639415,0.060903324191147586
2.894627320457529,0.07591292005361691
2.8950644102756424,0.10029282738327285
2.895501500093756,0.12667044698348756
2.8959385899118697,0.14587146320878477
2.8963756797299833,0.15329456640498812
2.896812769548097,0.15116335628912037
2.8972498593662106,0.1453153097058598
2.8976869491843242,0.14078359300950058
2.898124039002438,0.13976694070311232
2.8985611288205515,0.14138822777685298
2.898998218638665,0.14214534767320147
2.8994353084567788,0.13810703707819807
2.8998723982748924,0.1283521693702444
2.900309488093006,0.11571594164735632
2.9007465779111197,0.10336225670216827
2.9011836677292333,0.09213948234891323
2.901620757547347,0.08316500859834294
2.9020578473654606,0.0817046319605699
2.902494937183574,0.09518331108669749
2.902932027001688,0.1261427754306085
2.9033691168198015,0.16832817707386807
2.903806206637915,0.20991567115431084
2.9042432964560287,0.23943858512855895
2.9046803862741424,0.24963392674188298
2.905117476092256,0.23966723693527792
2.9055545659103696,0.2164180288449893
2.9059916557284833,0.19185653106220846
2.906428745546597,0.17574720845553288
2.9068658353647105,0.16978168191758605
2.907302925182824,0.16907439629814497
2.907740015000938,0.16828353640318602
2.9081771048190515,0.16518900801160163
2.908614194637165,0.16027170881177466
2.9090512844552787,0.15616925072862362
2.9094883742733924,0.1576246839442456
2.909925464091506,0.16864982832788705
2.9103625539096196,0.18779637579314304
2.9107996437277333,0.20762628974705757
2.911236733545847,0.2203525113290163
2.9116738233639605,0.2235456084214789
2.912110913182074,0.22019119702041512
2.912548003000188,0.21489832530483394
2.9129850928183014,0.21104348318514976
2.913422182636415,0.20986441439593168
2.9138592724545287,0.21011657076180473
2.9142963622726423,0.20833986742877034
2.914733452090756,0.20000088616183048
2.9151705419088696,0.18061630798273295
2.9156076317269832,0.14759335161938833
2.916044721545097,0.10471744700626665
2.9164818113632105,0.06586833413331679
2.916918901181324,0.04939174567132144
2.9173559909994378,0.0625489079915429
2.9177930808175514,0.09092384727924271
2.918230170635665,0.10767379423326028
2.9186672604537787,0.09623915040765275
2.9191043502718923,0.06323640241373348
2.919541440090006,0.02896595474525948
2.9199785299081196,0.008103151611360762
2.920415619726233,0.0010559641416971685
2.920852709544347,0.00041391797481150916
2.9212897993624605,0.0005622611510922654
2.921726889180574,0.00034678756211982485
2.9221639789986877,0.00028785634686900944
2.9226010688168014,0.00046293735259807505
2.923038158634915,0.001046246493429697
2.9234752484530286,0.0037404806821015224
2.9239123382711423,0.01247137125323999
2.924349428089256,0.03231171739297161
2.9247865179073695,0.06582084022400589
2.925223607725483,0.1083214111276726
2.925660697543597,0.14673974860286237
2.9260977873617104,0.1653786130643138
2.926534877179824,0.1556706268832457
2.9269719669979377,0.12209664674770901
2.9274090568160513,0.07908562769691578
2.927846146634165,0.041627598744615066
2.9282832364522786,0.017402459306995695
2.9287203262703922,0.005681762739286512
2.929157416088506,0.0015980690868804771
2.9295945059066195,0.0006828998127612114
2.930031595724733,0.0005462651632221768
2.930468685542847,0.0005588918680382755
2.9309057753609604,0.0016451068127052737
2.931342865179074,0.006366617406769059
2.9317799549971877,0.01789853504853051
2.9322170448153013,0.037764046731121145
2.932654134633415,0.06442482788660127
2.9330912244515286,0.09445011111582303
2.9335283142696422,0.12514115672184725
2.933965404087756,0.1561045042641076
2.9344024939058695,0.18899109524301289
2.934839583723983,0.22618858395695057
2.9352766735420968,0.2684347272878751
2.9357137633602104,0.3112428361169126
2.936150853178324,0.3430701535310945
2.9365879429964377,0.34958680564583317
2.9370250328145513,0.32312590881277303
2.937462122632665,0.2693612662777488
2.9378992124507786,0.2044503686778898
2.938336302268892,0.1452375078110842
2.938773392087006,0.10134222866542032
2.9392104819051195,0.07420620763555784
2.939647571723233,0.06066340365023665
2.9400846615413467,0.05633079801449783
2.9405217513594604,0.057138818675805884
2.940958841177574,0.05989191025769799
2.9413959309956876,0.06259047814896727
2.9418330208138013,0.06442888921692744
2.942270110631915,0.06540988969683859
2.9427072004500285,0.06588631821836624
2.943144290268142,0.06637531916617681
2.943581380086256,0.06756816765233452
2.9440184699043694,0.07009186104240525
2.944455559722483,0.07413498065964226
2.9448926495405967,0.07989088226118232
2.9453297393587103,0.08871373382966165
2.945766829176824,0.10259533985027074
2.9462039189949376,0.12062859490171238
2.9466410088130512,0.13619956931855434
2.947078098631165,0.1402565181457841
2.9475151884492785,0.12921776018911976
2.947952278267392,0.1089801799266538
2.948389368085506,0.09001027927489032
2.9488264579036185,0.07894719702211739
2.949263547721732,0.07546488308941923
2.949700637539846,0.07571488307456041
2.9501377273579594,0.07668371647183449
2.950574817176073,0.07742587162189109
2.9510119069941867,0.07820284053521265
2.9514489968123003,0.07957992001739152
2.951886086630414,0.08168747680958767
2.9523231764485276,0.08363076110934844
2.9527602662666412,0.08385383579348689
2.953197356084755,0.08142027291165488
2.9536344459028685,0.07677250496408446
2.954071535720982,0.07114100581773608
2.9545086255390958,0.06551510055386735
2.9549457153572094,0.06033023348500753
2.955382805175323,0.055779750681052155
2.9558198949934367,0.052003193857302475
2.9562569848115503,0.04899386577016917
2.956694074629664,0.046675362140880174
2.9571311644477776,0.045332883260809066
2.957568254265891,0.04591025885025096
2.958005344084005,0.04952355800497205
2.9584424339021185,0.056269299560883466
2.958879523720232,0.06441852221893825
2.9593166135383457,0.07115806059239013
2.9597537033564594,0.07463270246750806
2.960190793174573,0.07542911805175094
2.9606278829926866,0.07586584116493156
2.9610649728108003,0.07769829661916551
2.961502062628914,0.08064572731829077
2.9619391524470275,0.08318904495048751
2.962376242265141,0.08442441233751877
2.962813332083255,0.08473612001111949
2.9632504219013684,0.08486450182833734
2.963687511719482,0.08496845228957592
2.9641246015375957,0.08486514558631665
2.9645616913557093,0.0847621472474079
2.964998781173823,0.08525867527499283
2.9654358709919366,0.08661638600473555
2.9658729608100503,0.08829018784157136
2.966310050628164,0.0892976440949541
2.9667471404462775,0.08904639447194329
2.967184230264391,0.087863755642828
2.967621320082505,0.08682482261015577
2.9680584099006184,0.08707406152732491
2.968495499718732,0.08915277508481824
2.9689325895368457,0.09270192511638423
2.9693696793549593,0.09665357056863304
2.969806769173073,0.09988834449148414
2.9702438589911866,0.10199204560598733
2.9706809488093002,0.10332920174780238
2.971118038627414,0.10418470667833697
2.9715551284455275,0.1040753606866407
2.971992218263641,0.10241671789729065
2.9724293080817548,0.09982267577828775
2.9728663978998684,0.09811290590140276
2.973303487717982,0.09871973199912343
2.9737405775360957,0.10135415253683164
2.9741776673542093,0.10436705323858404
2.974614757172323,0.10618295655113481
2.9750518469904366,0.10642931551197728
2.97548893680855,0.10611577752644936
2.975926026626664,0.10685509002201088
2.9763631164447775,0.10959675382962862
2.976800206262891,0.11395642415406017
2.9772372960810047,0.11883484388498744
2.9776743858991184,0.12352461824861924
2.978111475717232,0.12806049064278127
2.9785485655353456,0.13285924151916145
2.9789856553534593,0.13844640287586948
2.979422745171573,0.1452910777233998
2.9798598349896865,0.1533837186189125
2.9802969248078,0.16189786812737217
2.980734014625914,0.1693628512125299
2.9811711044440274,0.17403754505922464
2.981608194262141,0.17429137652669963
2.9820452840802547,0.1693967048834349
2.9824823738983683,0.1604301012053535
2.982919463716482,0.14999554410902588
2.9833565535345956,0.14055638635925502
2.9837936433527092,0.13305060758896836
2.984230733170823,0.12709468908755078
2.9846678229889365,0.12205438221153588
2.98510491280705,0.11766578985884266
2.985542002625164,0.11399391004091301
2.9859790924432774,0.11114603327499516
2.986416182261391,0.10891895029981792
2.9868532720795047,0.10662692611548934
2.9872903618976183,0.1035181268366457
2.987727451715732,0.09954379227019669
2.9881645415338456,0.09556611661064399
2.988601631351959,0.09264509702803214
2.989038721170073,0.0911827458332637
2.9894758109881865,0.09080855112091946
2.9899129008063,0.09092005911614061
2.9903499906244138,0.09116144124541749
2.9907870804425274,0.09148084797152212
2.991224170260641,0.09193703925683448
2.9916612600787547,0.09243914602256034
2.9920983498968683,0.092547184508328
2.992535439714982,0.09165483387732574
2.9929725295330956,0.08963083910274339
2.993409619351209,0.08722144082660714
2.993846709169323,0.08552484720815787
2.9942837989874365,0.08497606527643362
2.99472088880555,0.08489736549397477
2.9951579786236637,0.0840257180918096
2.9955950684417774,0.08163128840342185
2.996032158259891,0.07836518374935407
2.9964692480780046,0.07583415936420349
2.9969063378961183,0.07519014960478064
2.997343427714232,0.07681393235192333
2.9977805175323455,0.08173829694852817
2.998217607350459,0.09187199444873684
2.998654697168573,0.10711565797994806
2.9990917869866864,0.12293030822280934
2.9995288768048,0.13259981055620115
2.9999659666229137,0.13255074641968262
3.0004030564410273,0.12597935672253946
3.000840146259141,0.12252265026131019
3.0012772360772546,0.13328863307039193
3.0017143258953682,0.16186816848973604
3.002151415713482,0.19804419843346238
3.0025885055315955,0.22352552917820484
3.003025595349709,0.2274593653573985
3.0034626851678228,0.21581630983133146
3.0038997749859364,0.2041464614172493
3.00433686480405,0.20247747839201163
3.0047739546221637,0.20855457145410417
3.0052110444402773,0.2134956175317899
3.005648134258391,0.2106349365892806
3.0060852240765046,0.19891493409187833
3.006522313894618,0.18096608745858495
3.006959403712732,0.16043769715467654
3.0073964935308455,0.14085211286831892
3.007833583348959,0.12530901768956756
3.0082706731670728,0.1161416094180135
3.0087077629851864,0.11430134697048502
3.0091448528033,0.11859183667704294
3.0095819426214137,0.1255661209950326
3.0100190324395273,0.13093122007355532
3.010456122257641,0.1316834936986829
3.0108932120757546,0.12741960306278172
3.011330301893868,0.12065779629114672
3.011767391711982,0.11629378727830635
3.0122044815300955,0.11895669115396539
3.012641571348209,0.12876980999216964
3.0130786611663227,0.14015034293508738
3.0135157509844364,0.1466659688347338
3.01395284080255,0.14715622491505384
3.0143899306206636,0.14569128375197787
3.0148270204387773,0.1457084543464638
3.015264110256891,0.14618677090989535
3.0157012000750045,0.1442996491257664
3.016138289893118,0.13984993106183513
3.016575379711232,0.1350327223020061
3.0170124695293454,0.13069333483795315
3.017449559347459,0.12558962111780797
3.0178866491655727,0.12007956075868821
3.0183237389836863,0.11794445602726149
3.0187608288018,0.1220942159769395
3.0191979186199136,0.12933727221663413
3.0196350084380272,0.13204827699520602
3.020072098256141,0.12589857520799833
3.0205091880742545,0.114767286244403
3.020946277892368,0.1072458484344363
3.0213833677104818,0.10879312507160498
3.0218204575285954,0.11746964000784463
3.022257547346709,0.12632130559028631
3.0226946371648227,0.12927829925003465
3.0231317269829363,0.12579420306410158
3.02356881680105,0.1210950209669616
3.0240059066191636,0.12150021355789921
3.024442996437277,0.1281884235691852
3.024880086255391,0.13559219790610474
3.0253171760735045,0.13682792933113144
3.025754265891618,0.13040503510989707
3.0261913557097317,0.12085597372772246
3.0266284455278454,0.11379784768970945
3.027065535345959,0.11180157381765243
3.0275026251640726,0.11379749142723569
3.0279397149821863,0.11573141160829659
3.0283768048003,0.11188171518733551
3.0288138946184135,0.09880056661670275
3.029250984436527,0.07995441985434222
3.029688074254641,0.06479878211955366
3.0301251640727545,0.060732970750655806
3.030562253890868,0.06582597799745184
3.0309993437089817,0.07085070063855696
3.0314364335270954,0.06864510001005272
3.031873523345209,0.06054547664085042
3.0323106131633226,0.0538215846051676
3.0327477029814363,0.05411216954281511
3.03318479279955,0.06071852174310783
3.0336218826176635,0.06824711882922017
3.034058972435777,0.07179723819121152
3.034496062253891,0.07045584458523414
3.0349331520720044,0.06698565856970598
3.035370241890118,0.06596349757653644
3.0358073317082317,0.07195173216459474
3.0362444215263453,0.08629226250630835
3.036681511344459,0.10390179450932346
3.0371186011625726,0.11577995133483689
3.0375556909806862,0.11733992761237551
3.0379927807988,0.11290211998336909
3.0384298706169135,0.10990375846557619
3.038866960435027,0.11005863495284536
3.0393040502531408,0.10856283695770662
3.0397411400712544,0.10131411800458
3.040178229889368,0.09042833662450021
3.0406153197074817,0.0819360163827825
3.0410524095255953,0.07949216393730262
3.041489499343709,0.08137070420337791
3.0419265891618226,0.08267804993112708
3.042363678979936,0.07936714736354504
3.04280076879805,0.0711576351524704
3.0432378586161635,0.06239587423213148
3.043674948434277,0.05942326080711756
3.0441120382523907,0.06484498786690575
3.0445491280705044,0.07412996082217985
3.044986217888618,0.07940661622767661
3.0454233077067316,0.07704788075289415
3.0458603975248453,0.0708805382562384
3.046297487342959,0.06799219817442789
3.0467345771610725,0.07174829710273276
3.047171666979186,0.07875319725640359
3.0476087567973,0.08249786026804971
3.0480458466154134,0.07974348124851748
3.048482936433527,0.07282190296873135
3.0489200262516407,0.06648363795249768
3.0493571160697543,0.06443022016487665
3.049794205887868,0.06837642504059026
3.0502312957059816,0.07716581112383313
3.0506683855240952,0.08582635274202974
3.051105475342209,0.08821910660233775
3.0515425651603225,0.08211489094130453
3.051979654978436,0.07081032414714555
3.05241674479655,0.06043825929434742
3.0528538346146634,0.05684514806352934
3.053290924432777,0.06264795352854126
3.0537280142508907,0.07451213132584196
3.0541651040690043,0.08497610698209081
3.054602193887118,0.08910112999409091
3.0550392837052316,0.08792472891848746
3.0554763735233452,0.08532777748936485
3.055913463341459,0.08468162331557892
3.0563505531595725,0.08829925170361723
3.056787642977686,0.0964783666391742
3.0572247327957998,0.10742830415343108
3.0576618226139134,0.12002850075220829
3.058098912432027,0.1332637675979696
3.0585360022501407,0.14129718975371447
3.0589730920682543,0.13612441723605204
3.059410181886368,0.1191254673696364
3.0598472717044816,0.10316804194299178
3.060284361522595,0.09945475649960146
3.060721451340709,0.1083286764172259
3.0611585411588225,0.1238654842612527
3.061595630976936,0.1388653516682011
3.0620327207950497,0.14416059913217394
3.0624698106131634,0.13263612813769968
3.062906900431277,0.10805752134960435
3.0633439902493906,0.0852614723969304
3.0637810800675043,0.07919021986223394
3.064218169885618,0.09377920790409858
3.0646552597037315,0.11863294548794402
3.065092349521845,0.13519150866272284
3.065529439339959,0.12995112923519672
3.0659665291580724,0.10444815299583231
3.066403618976186,0.07165000848292977
3.0668407087942997,0.04343037977341817
3.0672777986124133,0.02409868594881476
3.067714888430527,0.015221177978080478
3.0681519782486406,0.021166588304122793
3.0685890680667542,0.04446720933098438
3.069026157884868,0.07644199822711428
3.0694632477029815,0.09889661791612828
3.069900337521095,0.09898684743520603
3.070337427339209,0.08037789852856916
3.0707745171573224,0.059286156186133955
3.071211606975436,0.05246262166795685
3.0716486967935497,0.06730226920441798
3.0720857866116633,0.09865902489132457
3.072522876429777,0.13566242771079837
3.0729599662478906,0.17235552289527498
3.073397056066004,0.20608304172966657
3.073834145884118,0.22640225708374304
3.0742712357022315,0.2198973793008087
3.074708325520345,0.1919434839601253
3.0751454153384588,0.169544034944961
3.0755825051565724,0.17250034440070863
3.076019594974686,0.1914481073829625
3.0764566847927997,0.202639203143169
3.0768937746109133,0.19671711653909094
3.077330864429027,0.18721518174769775
3.0777679542471406,0.19698030052028664
3.078205044065254,0.23803407430005982
3.078642133883368,0.29702056591740333
3.0790792237014815,0.3395605752398801
3.079516313519595,0.3371679807627245
3.0799534033377087,0.29257411607206535
3.0803904931558224,0.23657835826962167
3.080827582973936,0.20431947482600318
3.0812646727920496,0.2163266122623859
3.0817017626101633,0.2690881407692999
3.082138852428277,0.3315693000798684
3.0825759422463905,0.3605878236333817
3.083013032064504,0.3358345885889534
3.083450121882618,0.2783666246294499
3.0838872117007314,0.2282751962144909
3.084324301518845,0.21141654451279304
3.0847613913369587,0.23057457618348032
3.0851984811550723,0.2717786779742626
3.085635570973186,0.3087057700880246
3.0860726607912996,0.31510202619503064
3.0865097506094132,0.2858112564167302
3.086946840427527,0.24216268957032702
3.0873839302456405,0.21535144207242887
3.087821020063754,0.2259025724704286
3.0882581098818678,0.2684586166082689
3.0886951996999814,0.3092366167134458
3.089132289518095,0.31099213576533397
3.0895693793362087,0.2689036772526706
3.0900064691543223,0.21279857773439562
3.090443558972436,0.1741166732916757
3.0908806487905496,0.16266133340781955
3.091317738608663,0.1697853708603408
3.091754828426777,0.17743391273151768
3.0921919182448905,0.16809477734394845
3.092629008063004,0.14010692428078836
3.0930660978811177,0.1111419235806378
3.0935031876992314,0.10045839628025274
3.093940277517345,0.11219091621206896
3.0943773673354587,0.13614898274789486
3.0948144571535723,0.15681522832798248
3.095251546971686,0.1626279403764561
3.0956886367897996,0.15465360373774747
3.096125726607913,0.14508419120357743
3.096562816426027,0.14231008942033085
3.0969999062441405,0.14169111819050415
3.097436996062254,0.13575368776987348
3.0978740858803677,0.12679535906173917
3.0983111756984814,0.12124581190641515
3.098748265516595,0.11634795683176627
3.0991853553347086,0.1029801294532116
3.0996224451528223,0.08104297879994145
3.100059534970936,0.06227282773551514
3.1004966247890495,0.055836834610403695
3.100933714607163,0.05942504881737025
3.101370804425277,0.06802140225404142
3.1018078942433904,0.08391228850559737
3.102244984061504,0.11122964206009227
3.1026820738796177,0.1441227889665763
3.1031191636977313,0.1680406423427705
3.103556253515845,0.1740132934354157
3.1039933433339586,0.1668950726102448
3.1044304331520722,0.15764296962949562
3.104867522970186,0.15183777455069425
3.1053046127882995,0.14949060283420015
3.105741702606413,0.15248267309702593
3.1061787924245268,0.16462289139001382
3.1066158822426404,0.18260842559194262
3.107052972060754,0.1937589681659084
3.1074900618788677,0.18884769061865028
3.1079271516969813,0.17423332250713292
3.108364241515095,0.1646964671480946
3.1088013313332086,0.16511343137899395
3.109238421151322,0.16666094634087517
3.109675510969436,0.16271735699092507
3.1101126007875495,0.1597405167081169
3.110549690605663,0.16656788208945467
3.1109867804237767,0.18022318230102735
3.1114238702418904,0.1902232747965827
3.111860960060004,0.19209289962072676
3.1122980498781176,0.18988986998483628
3.1127351396962313,0.18937930423107474
3.113172229514345,0.1936834867451167
3.1136093193324585,0.20183560609615173
3.114046409150572,0.20765485865934433
3.114483498968686,0.20297219415327922
3.1149205887867994,0.18555901562968116
3.115357678604913,0.16372680654792268
3.1157947684230267,0.15271552460128643
3.1162318582411404,0.16632955384308104
3.116668948059254,0.20714235981771537
3.1171060378773676,0.2584228730695967
3.1175431276954813,0.2896753236996977
3.117980217513595,0.2813317140280069
3.1184173073317085,0.24389607835400665
3.118854397149822,0.2043477970013281
3.119291486967936,0.1779998231391023
3.1197285767860494,0.1634882341353409
3.120165666604163,0.15688258517321527
3.1206027564222767,0.15607895683854042
3.1210398462403903,0.15736711059858308
3.121476936058504,0.16083625728958767
3.1219140258766176,0.1739390928758602
3.1223511156947312,0.20109481615306976
3.122788205512845,0.2371709279116039
3.1232252953309585,0.2738322878831164
3.123662385149072,0.2990184446021992
3.1240994749671858,0.29272496351685257
3.1245365647852994,0.2453474510010387
3.124973654603413,0.1786828656969466
3.1254107444215267,0.12631637025241912
3.1258478342396403,0.09743607914654595
3.126284924057754,0.08015788690789005
3.1267220138758676,0.07001348402476969
3.127159103693981,0.07224372036201085
3.127596193512095,0.08416424691680821
3.1280332833302085,0.09546667661815236
3.128470373148322,0.10175597571139994
3.1289074629664357,0.10407755962073204
3.1293445527845494,0.09924562038626127
3.129781642602663,0.0823036681173001
3.1302187324207766,0.05654319047157134
3.1306558222388903,0.032041395246548435
3.131092912057004,0.01521392941799318
3.1315300018751175,0.005783095148743579
3.131967091693231,0.0014703016373611578
3.132404181511345,0.00024207368555590738
3.1328412713294584,0.00015474925631452576
3.133278361147572,0.00020141035023389515
3.1337154509656857,0.00013412924335230985
3.1341525407837993,0.00012789321729232854
3.134589630601913,0.000625583945556235
3.1350267204200266,0.00039668103191657894
3.1354638102381402,0.0019590915381175714
3.135900900056254,0.02164965011270052
3.1363379898743675,0.07191384607621576
3.136775079692481,0.12595511077537228
3.137212169510595,0.1344297638546587
3.1376492593287084,0.08868741493539645
3.138086349146822,0.034908855435090744
3.1385234389649357,0.02590277272100433
3.1389605287830493,0.08406252919692965
3.139397618601163,0.18645249072709388
3.1398347084192766,0.26074230973713647
3.14027179823739,0.2384440549042849
3.140708888055504,0.14017049683030774
3.1411459778736175,0.06431460568034889
3.141583067691731,0.07269979629350555
3.1420201575098448,0.1369801735651085
3.1424572473279584,0.20629890428607686
3.142894337146072,0.259614277834213
3.1433314269641857,0.27710790460697365
3.1437685167822993,0.23498820167390838
3.144205606600413,0.14924065634914116
3.1446426964185266,0.0744577839804879
3.14507978623664,0.06712033126939895
3.145516876054754,0.16873106085069392
3.1459539658728675,0.35967546434433173
3.146391055690981,0.5122524137526839
3.1468281455090947,0.48826323023715384
3.1472652353272084,0.31741481419420675
3.147702325145322,0.19163628889932266
3.1481394149634356,0.2392115626949564
3.1485765047815493,0.36966282651205723
3.149013594599663,0.39815918837499714
3.1494506844177765,0.27425434619696876
3.14988777423589,0.11538852944477537
3.150324864054004,0.05308036437932872
3.1507619538721174,0.11683913481374023
3.151199043690231,0.23150958424736504
3.1516361335083447,0.2806611757195228
3.1520732233264583,0.21227886705325397
3.152510313144572,0.09652920726368765
3.1529474029626856,0.043769190592571026
3.1533844927807984,0.0800412520532631
3.153821582598912,0.1349353551603627
3.1542586724170256,0.13474020691438332
3.1546957622351393,0.07975151945957368
3.155132852053253,0.024398287490631172
3.1555699418713665,0.001970294260975134
3.15600703168948,0.00036215830048711464
3.156444121507594,0.0006746638078053938
3.1568812113257074,6.272768441544036e-05
3.157318301143821,0.00011648442437775324
3.1577553909619347,0.00010895170878181049
3.1581924807800483,1.2130876447986461e-05
3.158629570598162,5.1408106520555105e-05
3.1590666604162756,2.607869607672184e-05
3.1595037502343892,1.0002821212489912e-05
3.159940840052503,2.4314146361077183e-05
3.1603779298706165,7.5664652637865745e-06
3.16081501968873,9.056598012218786e-06
3.1612521095068438,1.1388373757352035e-05
3.1616891993249574,3.2821154261198333e-06
3.162126289143071,7.158677209673552e-06
3.1625633789611847,5.159013193727194e-06
3.1630004687792983,2.5305199497274e-06
3.163437558597412,4.998337911117398e-06
3.1638746484155256,2.37338938081903e-06
3.164311738233639,2.4175219129666463e-06
3.164748828051753,3.132182135537846e-06
3.1651859178698665,1.3250352780156945e-06
3.16562300768798,2.1838192419228716e-06
3.1660600975060937,1.8020777180064698e-06
3.1664971873242074,1.0468911336132777e-06
3.166934277142321,1.7526215746390407e-06
3.1673713669604346,1.0185617417057467e-06
3.1678084567785483,1.004984257325215e-06
3.168245546596662,1.249077112660435e-06
3.1686826364147755,6.586185531237671e-07
3.169119726232889,9.476375561724365e-07
3.169556816051003,8.120025282039114e-07
3.1699939058691164,5.497926850663361e-07
3.17043099568723,8.053644379191599e-07
3.1708680855053437,5.20705116893642e-07
3.1713051753234573,5.345030957640135e-07
3.171742265141571,6.096902687686497e-07
3.1721793549596846,3.806491364167142e-07
3.1726164447777983,5.096315531791665e-07
3.173053534595912,4.258411190917387e-07
3.1734906244140255,3.429755111012234e-07
3.173927714232139,4.386671603643391e-07
3.174364804050253,3.039901796898971e-07
3.1748018938683664,3.3997807444343827e-07
3.17523898368648,3.386387125977417e-07
3.1756760735045937,2.5493832585178156e-07
3.1761131633227073,3.201177188143949e-07
3.176550253140821,2.5029875112188855e-07
3.1769873429589346,2.518372375353251e-07
3.1774244327770482,2.6867055570624144e-07
3.177861522595162,2.0515917107473065e-07
3.1782986124132755,2.5215014624762303e-07
3.178735702231389,2.0626085147396423e-07
3.1791727920495028,2.0428716708158945e-07
3.1796098818676164,2.2655574047027493e-07
3.18004697168573,1.672906166254004e-07
3.1804840615038437,2.1906902343439745e-07
3.1809211513219573,1.7795373028798054e-07
3.181358241140071,1.708244050066132e-07
3.1817953309581846,2.1338452080421684e-07
3.182232420776298,1.378615186267331e-07
3.182669510594412,2.025441974068179e-07
3.1831066004125255,1.7349467019698026e-07
3.183543690230639,1.401469188821942e-07
3.1839807800487527,2.2241377091409242e-07
3.1844178698668664,1.2391285909396875e-07
3.18485495968498,1.8848269085849846e-07
3.1852920495030936,1.9711432212243764e-07
3.1857291393212073,1.1264577031752661e-07
3.186166229139321,2.4368309274864696e-07
3.1866033189574345,1.3574718888152998e-07
3.187040408775548,1.6960321934430848e-07
3.187477498593662,2.490820359561053e-07
3.1879145884117754,9.647472283851133e-08
3.188351678229889,2.678666278119534e-07
3.1887887680480027,1.8429877383251173e-07
3.1892258578661163,1.4548916155448695e-07
3.18966294768423,3.28044344456074e-07
3.1901000375023436,1.0540912845697276e-07
3.1905371273204572,2.8845889360214644e-07
3.190974217138571,2.8223362702717465e-07
3.1914113069566845,1.221046071753938e-07
3.191848396774798,4.3408642354779234e-07
3.192285486592912,1.599945285177265e-07
3.1927225764110254,3.026486409801666e-07
3.193159666229139,4.486359790740478e-07
3.1935967560472527,1.1283477779860313e-07
3.1940338458653663,5.72213530866468e-07
3.19447093568348,2.9436398393463224e-07
3.1949080255015936,3.1180132512296395e-07
3.195345115319707,7.192962988782661e-07
3.195782205137821,1.4440765764287617e-07
3.1962192949559345,7.573045801772403e-07
3.196656384774048,5.755920134175023e-07
3.1970934745921618,3.2318794322124863e-07
3.1975305644102754,1.1704681467591007e-06
3.197967654228389,2.7705050799790703e-07
3.1984047440465027,1.023928543819035e-06
3.1988418338646163,1.15911509394395e-06
3.19927892368273,3.5743768010532654e-07
3.1997160135008436,1.983751990139268e-06
3.200153103318957,6.742494246494326e-07
3.200590193137071,1.4512093608339252e-06
3.2010272829551845,2.474930380054276e-06
3.201464372773298,4.806460440218322e-07
3.2019014625914117,3.66632582891079e-06
3.2023385524095254,1.8930427255416528e-06
3.202775642227639,2.240049707407596e-06
3.2032127320457526,6.035764594910869e-06
3.2036498218638663,9.740267288480728e-07
3.20408691168198,8.065107844385398e-06
3.2045240015000935,6.546323390362564e-06
3.204961091318207,4.033540242253126e-06
3.205398181136321,1.9684327109677415e-05
3.2058352709544344,3.695077131303842e-06
3.206272360772548,2.6121884189626985e-05
3.2067094505906617,3.589255971971033e-05
3.2071465404087753,1.0332214412908273e-05
3.207583630226889,0.0001299856843668374
3.2080207200450026,3.803291940574648e-05
3.2084578098631162,0.00025590698358588155
3.20889489968123,0.0007589910495655092
3.2093319894993435,0.00014850411147357274
3.209769079317457,0.013981720271876387
3.2102061691355708,0.06928698948550241
3.2106432589536844,0.1399674439107237
3.211080348771798,0.14928632733861372
3.2115174385899117,0.08562084577729252
3.2119545284080253,0.021929803758904666
3.212391618226139,0.000785549144746006
3.2128287080442526,0.001109996059247407
3.213265797862366,0.0005868170243467112
3.21370288768048,0.000935527952837659
3.2141399774985935,0.003163068740520055
3.214577067316707,0.0010042331583924897
3.2150141571348207,0.05799967625184079
3.2154512469529344,0.28461448000689255
3.215888336771048,0.5730256974013346
3.2163254265891617,0.6084505042114383
3.2167625164072753,0.3457891789324469
3.217199606225389,0.08753732163161579
3.2176366960435026,0.0035319453314992095
3.218073785861616,0.0034986626943423094
3.21851087567973,0.0033173861280720402
3.2189479654978435,0.0010308435748849587
3.219385055315957,0.03753405137480218
3.2198221451340707,0.156623489461367
3.2202592349521844,0.3288427113037354
3.220696324770298,0.5141734744026784
3.2211334145884116,0.6795166477842243
3.2215705044065253,0.676892257541599
3.222007594224639,0.42560663373890734
3.2224446840427525,0.13551632511459147
3.222881773860866,0.01190307949319719
3.22331886367898,0.002292807975691
3.2237559534970934,0.005168302164287631
3.224193043315207,0.0007766086115249951
3.2246301331333207,0.02800814650146366
3.2250672229514343,0.2067551393343353
3.225504312769548,0.5164476504341194
3.2259414025876616,0.643556529336139
3.2263784924057752,0.4256649478460916
3.226815582223889,0.13127578803122983
3.2272526720420025,0.009526973733440724
3.227689761860116,0.0020331605909596423
3.2281268516782298,0.0026532892099457076
3.2285639414963434,0.00035573171808563157
3.229001031314457,0.004408145017019331
3.2294381211325707,0.04197358920529743
3.2298752109506843,0.11956610209763238
3.230312300768798,0.1615078679772548
3.2307493905869116,0.11363086052176953
3.231186480405025,0.03712947232856256
3.231623570223139,0.0027766683821253834
3.2320606600412525,0.00044118446170016357
3.232497749859366,0.0005764588411516707
3.2329348396774797,8.509535226772175e-06
3.2333719294955934,0.00015683441224619626
3.233809019313707,2.341140148694531e-05
3.2342461091318206,3.861160317686547e-05
3.2346831989499343,2.9581582230952907e-05
3.235120288768048,6.589132445843101e-06
3.2355573785861615,2.2392784333615114e-05
3.235994468404275,1.8797557393471751e-06
3.236431558222389,1.2283440624629291e-05
3.2368686480405024,3.9829961538729815e-06
3.237305737858616,4.736444600417473e-06
3.2377428276767297,5.583861813122533e-06
3.2381799174948434,1.1827479571282867e-06
3.238617007312957,5.032644306744231e-06
3.2390540971310706,6.88719560433938e-07
3.2394911869491843,3.146418915168632e-06
3.239928276767298,1.4691571919701414e-06
3.2403653665854115,1.3063295027977741e-06
3.240802456403525,2.0643828636613543e-06
3.241239546221639,3.634069790802325e-07
3.2416766360397524,1.9029683195662004e-06
3.242113725857866,3.397458158626195e-07
3.2425508156759797,1.2037583062961987e-06
3.2429879054940933,7.284723842518737e-07
3.243424995312207,4.951790125235182e-07
3.2438620851303206,9.938446512323953e-07
3.2442991749484342,1.4985003563102758e-07
3.244736264766548,9.061076242840247e-07
3.2451733545846615,1.9466122353792756e-07
3.245610444402775,5.692503991429037e-07
3.2460475342208888,4.085256967122128e-07
3.2464846240390024,2.3249140301660875e-07
3.246921713857116,5.446627341808776e-07
3.2473588036752297,7.657106434360724e-08
3.2477958934933433,4.95278923935583e-07
3.248232983311457,1.1623074562564256e-07
3.2486700731295706,3.1452016262864296e-07
3.249107162947684,2.407657420232071e-07
3.249544252765798,1.3185763751612107e-07
3.2499813425839115,3.2178402236315203e-07
3.250418432402025,4.543869302143235e-08
3.2508555222201387,2.990934809846965e-07
3.2512926120382524,6.813520558808444e-08
3.251729701856366,1.980993031120085e-07
3.2521667916744796,1.4318570533484931e-07
3.2526038814925933,8.908598901635664e-08
3.253040971310707,1.9841087611896206e-07
3.2534780611288205,3.092509558307431e-08
3.253915150946934,1.9431342435750646e-07
3.254352240765048,3.792872990711901e-08
3.2547893305831614,1.3888330221823425e-07
3.255226420401275,8.283851948271322e-08
3.2556635102193887,7.003503353805988e-08
3.2561006000375023,1.2364653910500463e-07
3.256537689855616,2.5338806847960753e-08
3.2569747796737296,1.3174002998859474e-07
3.2574118694918432,2.0196019626480004e-08
3.257848959309957,1.048019542538568e-07
3.2582860491280705,4.452104883073943e-08
3.258723138946184,6.143804135987526e-08
3.259160228764298,7.461379159974646e-08
3.2595973185824114,2.5602788762827803e-08
3.260034408400525,8.945026194546313e-08
3.2604714982186387,1.2168680914288038e-08
3.2609085880367523,8.132252536288301e-08
3.261345677854866,2.1096343854037115e-08
3.2617827676729796,5.6683778697316104e-08
3.2622198574910932,4.095442937599505e-08
3.262656947309207,2.9401247142326055e-08
3.2630940371273205,5.744029576218462e-08
3.263531126945434,1.1925277750189404e-08
3.2639682167635478,6.122075234934306e-08
3.2644053065816614,9.383892634888768e-09
3.264842396399775,5.135707618474953e-08
3.2652794862178887,1.8743892289371016e-08
3.2657165760360023,3.380885799217817e-08
3.266153665854116,3.210340684815514e-08
3.2665907556722296,1.7032336709254738e-08
3.267027845490343,4.1465060467237793e-08
3.267464935308457,7.501809947780014e-09
3.2679020251265705,4.238612297696536e-08
3.268339114944684,7.228266033786716e-09
3.2687762047627977,3.514409551325135e-08
3.2692132945809114,1.3864633967334832e-08
3.269650384399025,2.3551122235664173e-08
3.2700874742171386,2.267424493400629e-08
3.2705245640352523,1.2545245976275284e-08
3.270961653853366,2.9032893008874296e-08
3.2713987436714795,5.896818350348338e-09
3.271835833489593,3.027945249492115e-08
3.272272923307707,4.946203681148592e-09
3.2727100131258204,2.6330928384785955e-08
3.273147102943934,8.611073725165235e-09
3.2735841927620477,1.9140717002642926e-08
3.2740212825801613,1.4327752031928169e-08
3.274458372398275,1.1513051882375035e-08
3.2748954622163886,1.9321693236624154e-08
3.2753325520345022,5.890013192394518e-09
3.275769641852616,2.1647243283972477e-08
3.2762067316707295,3.5638944060566677e-09
3.276643821488843,2.068061297056365e-08
3.277080911306957,4.484199134122802e-09
3.2775180011250704,1.703690396993455e-08
3.277955090943184,7.568797622901155e-09
3.2783921807612977,1.2092340997441838e-08
3.2788292705794113,1.127968184836467e-08
3.279266360397525,7.3764226253774405e-09
3.2797034502156386,1.4203684931153767e-08
3.280140540033752,4.06559295636385e-09
3.280577629851866,1.545102725826558e-08
3.2810147196699795,2.71019218290634e-09
3.281451809488093,1.479788854616892e-08
3.2818888993062068,3.2151276864397436e-09
3.2823259891243204,1.2599144215202505e-08
3.282763078942434,5.010433801441632e-09
3.2832001687605477,9.559906727611918e-09
3.2836372585786613,7.311028908467145e-09
3.284074348396775,6.469165724911945e-09
3.2845114382148886,9.368497441195166e-09
3.284948528033002,3.979068064876316e-09
3.285385617851116,1.0649099466738284e-08
3.2858227076692295,2.475622383451091e-09
3.286259797487343,1.091234072610969e-08
3.2866968873054567,2.0486178567311757e-09
3.2871339771235704,1.0198149960994524e-08
3.287571066941684,2.539815782590295e-09
3.2880081567597976,8.751817375802731e-09
3.2884452465779113,3.6355432133437176e-09
3.288882336396025,6.922358785759546e-09
3.2893194262141385,4.969340962963266e-09
3.289756516032252,5.065506286345222e-09
3.290193605850366,6.208499492278751e-09
3.2906306956684794,3.471217668548555e-09
3.291067785486593,7.110217732831899e-09
3.2915048753047067,2.324223503834248e-09
3.2919419651228203,7.544719586976575e-09
3.292379054940934,1.6959979878053729e-09
3.2928161447590476,7.490271327733343e-09
3.2932532345771612,1.560171844233633e-09
3.293690324395275,7.009765927070301e-09
3.2941274142133885,1.8214999387786899e-09
3.294564504031502,6.218741305932235e-09
3.2950015938496158,2.3485642788953e-09
3.2954386836677294,5.253559060804513e-09
3.295875773485843,3.0033503359077165e-09
3.2963128633039567,4.2452254560071445e-09
3.2967499531220703,3.663235752473462e-09
3.297187042940184,3.301712525714391e-09
3.2976241327582976,4.234328686167855e-09
3.298061222576411,2.498982895206508e-09
3.298498312394525,4.656417388199109e-09
3.2989354022126385,1.879370883811824e-09
3.299372492030752,4.9016275966276825e-09
3.2998095818488657,1.4553177134927638e-09
3.3002466716669794,4.96905986142674e-09
3.300683761485093,1.2160144493197283e-09
3.3011208513032066,4.877277339618144e-09
3.3015579411213203,1.135133700725331e-09
3.301995030939434,4.656704335352194e-09
3.3024321207575476,1.1781158425627947e-09
3.302869210575661,4.342804391648797e-09
3.303306300393775,1.3082031716736004e-09
3.3037433902118885,3.97087533269228e-09
3.304180480030002,1.4909582304417624e-09
3.3046175698481157,3.5724756896991946e-09
3.3050546596662294,1.6968646949181418e-09
3.305491749484343,3.1733352404313106e-09
3.3059288393024566,1.9027124663030924e-09
3.3063659291205703,2.7926940631961553e-09
3.306803018938684,2.091917059397053e-09
3.3072401087567975,2.4435433133655503e-09
3.307677198574911,2.2538651741034494e-09
3.308114288393025,2.1332521755265304e-09
3.3085513782111384,2.383027082244625e-09
3.308988468029252,1.86475913197986e-09
3.3094255578473657,2.4778534109957366e-09
3.3098626476654793,1.6376526550101776e-09
3.310299737483593,2.539590250167375e-09
3.3107368273017066,1.4492031621254362e-09
3.3111739171198202,2.571274868952732e-09
3.311611006937934,1.2953496607127586e-09
3.3120480967560475,2.5770108068884407e-09
3.312485186574161,1.171413861183845e-09
3.3129222763922748,2.561185132574279e-09
3.3133593662103884,1.0726069117101274e-09
3.313796456028502,2.5281710479468594e-09
3.3142335458466157,9.94507791488212e-10
3.3146706356647293,2.4819090240155565e-09
3.315107725482843,9.331332540661662e-10
3.3155448153009566,2.425726225578451e-09
3.31598190511907,8.851303284735488e-10
3.316418994937184,2.3623012062830815e-09
3.3168560847552975,8.479043166016627e-10
3.317293174573411,2.293723687668439e-09
3.3177302643915247,8.195145253135856e-10
3.3181673542096384,2.221327991211726e-09
3.318604444027752,7.985897670711965e-10
3.3190415338458656,2.1459433710575538e-09
3.3194786236639793,7.844113692290074e-10
3.319915713482093,2.067849308363419e-09
3.3203528033002065,7.766794587522817e-10
3.32078989311832,1.9869445056881215e-09
3.321226982936434,7.755591119050477e-10
3.3216640727545474,1.9027642136368965e-09
3.322101162572661,7.814203079849246e-10
3.3225382523907747,1.8145994556646447e-09
3.3229753422088883,7.948707637351097e-10
3.323412432027002,1.7216487330685076e-09
3.3238495218451156,8.165477200364651e-10
3.3242866116632293,1.6231232525671088e-09
3.324723701481343,8.470141427459508e-10
3.3251607912994565,1.5184496649260245e-09
3.32559788111757,8.866050398695168e-10
3.326034970935684,1.407390635588564e-09
3.3264720607537974,9.351306138931471e-10
3.326909150571911,1.29021801608153e-09
3.3273462403900247,9.918039736164588e-10
3.3277833302081383,1.1680407146873104e-09
3.328220420026252,1.0549892187987629e-09
3.3286575098443656,1.0428986807859559e-09
3.3290945996624792,1.1220092948685333e-09
3.329531689480593,9.179133189239037e-10
3.3299687792987065,1.189010844256666e-09
3.33040586911682,7.973913778438432e-10
3.3308429589349338,1.2510099875619569e-09
3.3312800487530474,6.868057484870228e-10
3.331717138571161,1.3020063572133977e-09
3.3321542283892747,5.92440917748863e-10
3.3325913182073883,1.3352915851558865e-09
3.333028408025502,5.209946781850369e-10
3.3334654978436156,1.34419380462986e-09
3.333902587661729,4.788637121862341e-10
3.334339677479843,1.3227973467704789e-09
3.3347767672979565,4.709648848494883e-10
3.33521385711607,1.2671135302188846e-09
3.3356509469341837,4.998385496844679e-10
3.3360880367522974,1.1763879353226942e-09
3.336525126570411,5.641674965493527e-10
3.3369622163885246,1.0540362104718682e-09
3.3373993062066383,6.579575069530013e-10
3.337836396024752,9.086294861378874e-10
3.3382734858428655,7.700433021643465e-10
3.338710575660979,7.538077018664278e-10
3.339147665479093,8.843934931000422e-10
3.3395847552972064,6.073471280203774e-10
3.34002184511532,9.817947488404514e-10
3.3404589349334337,4.890483843077086e-10
3.3408960247515473,1.0427111400149094e-09
3.341333114569661,4.1723001299549977e-10
3.3417702043877746,1.0510609229794145e-09
3.3422072942058882,4.044378645623314e-10
3.342644384024002,9.987434116889398e-10
3.3430814738421155,4.5327784451142843e-10
3.343518563660229,8.893082788185287e-10
3.343955653478343,5.533753805751299e-10
3.3443927432964564,7.399631454154044e-10
3.34482983311457,6.810833990415034e-10
3.3452669229326837,5.799979810776146e-10
3.3457040127507973,8.027898661692663e-10
3.346141102568911,4.453571745405678e-10
3.3465781923870246,8.823237211228759e-10
3.347015282205138,3.69517949753862e-10
3.347452372023252,8.915253134020235e-10
3.3478894618413655,3.727563935400911e-10
3.348326551659479,8.205607968927463e-10
3.3487636414775928,4.52645219284233e-10
3.3492007312957064,6.84707306967704e-10
3.34963782111382,5.810004578583628e-10
3.3500749109319337,5.236144341778773e-10
3.3505120007500473,7.095838873370339e-10
3.350949090568161,3.902410909048099e-10
3.3513861803862746,7.853475996193555e-10
3.351823270204388,3.3208757837020036e-10
3.352260360022502,7.717362735641438e-10
3.3526974498406155,3.7009886858245746e-10
3.353134539658729,6.669365343534058e-10
3.3535716294768427,4.850736797270205e-10
3.3540087192949564,5.103285643954708e-10
3.35444580911307,6.2080420722202e-10
3.3548828989311836,3.6933876013424076e-10
3.3553199887492973,7.063129695333188e-10
3.355757078567411,3.0918638530144723e-10
3.3561941683855245,6.912077127336638e-10
3.356631258203638,3.5757331540015247e-10
3.357068348021752,5.76009099950231e-10
3.3575054378398654,4.838484247002445e-10
3.357942527657978,4.187316556328238e-10
3.358379617476092,6.096802362966224e-10
3.3588167072942055,3.0700121556098734e-10
3.359253797112319,6.517565007011618e-10
3.3596908869304327,3.057491646147465e-10
3.3601279767485464,5.755624404195562e-10
3.36056506656666,4.110730346262644e-10
3.3610021563847736,4.2498829817846244e-10
3.3614392462028873,5.449068822506073e-10
3.361876336021001,2.996742684882292e-10
3.3623134258391145,6.038067514380081e-10
3.362750515657228,2.8657445293803495e-10
3.363187605475342,5.356640629256708e-10
3.3636246952934554,3.9030698948089107e-10
3.364061785111569,3.870286139179808e-10
3.3644988749296827,5.205715727766061e-10
3.3649359647477963,2.7417231170239917e-10
3.36537305456591,5.598724751740605e-10
3.3658101443840236,2.885383711634247e-10
3.3662472342021372,4.658710794563543e-10
3.366684324020251,4.107052045523244e-10
3.3671214138383645,3.179856036703642e-10
3.367558503656478,5.183945748610064e-10
3.3679955934745918,2.5171084582051415e-10
3.3684326832927054,4.981653658378933e-10
3.368869773110819,3.266008469883388e-10
3.3693068629289327,3.63220790440615e-10
3.3697439527470463,4.5704112079571004e-10
3.37018104256516,2.501962509872284e-10
3.3706181323832736,4.934206740062863e-10
3.371055222201387,2.7713712717502644e-10
3.371492312019501,3.870584951410109e-10
3.3719294018376145,4.051034168684946e-10
3.372366491655728,2.556577215638897e-10
3.3728035814738417,4.727389507644598e-10
3.3732406712919554,2.5202360328237094e-10
3.373677761110069,3.8826228269739036e-10
3.3741148509281826,3.7244693398314603e-10
3.3745519407462963,2.534506193086972e-10
3.37498903056441,4.501335325350659e-10
3.3754261203825235,2.4094825579492627e-10
3.375863210200637,3.7151658750060614e-10
3.376300300018751,3.592218350220229e-10
3.3767373898368644,2.403953960741484e-10
3.377174479654978,4.295144162489827e-10
3.3776115694730917,2.4039336102846675e-10
3.3780486592912053,3.395749196815655e-10
3.378485749109319,3.6208817243396396e-10
3.3789228389274326,2.2068059392112032e-10
3.3793599287455462,4.0600094108219553e-10
3.37979701856366,2.5343123524736184e-10
3.3802341083817735,2.9373063398648947e-10
3.380671198199887,3.739794500503448e-10
3.381108288018001,2.0559578121808904e-10
3.3815453778361144,3.6874394567989553e-10
3.381982467654228,2.842757011085121e-10
3.3824195574723417,2.3996372812917676e-10
3.3828566472904553,3.793421828766416e-10
3.383293737108569,2.1263762574619024e-10
3.3837308269266826,3.080658344817601e-10
3.3841679167447962,3.272439436549009e-10
3.38460500656291,1.9865521861686514e-10
3.3850420963810235,3.5359626457049966e-10
3.385479186199137,2.5524636545654886e-10
3.3859162760172508,2.3251999610185872e-10
3.3863533658353644,3.5296219731454554e-10
3.386790455653478,2.0319757205344122e-10
3.3872275454715917,2.813966907110241e-10
3.3876646352897053,3.159491946764618e-10
3.388101725107819,1.862491865159827e-10
3.3885388149259326,3.17430780528048e-10
3.388975904744046,2.656265226892862e-10
3.38941299456216,1.978937562415939e-10
3.3898500843802735,3.2958460972940934e-10
3.390287174198387,2.2123186235125896e-10
3.3907242640165007,2.2311358368417646e-10
3.3911613538346144,3.2073365595307195e-10
3.391598443652728,1.9150511975399408e-10
3.3920355334708416,2.4876919830447983e-10
3.3924726232889553,2.9977127997364887e-10
3.392909713107069,1.7639502905623613e-10
3.3933468029251825,2.676963611924505e-10
3.393783892743296,2.7526833380948785e-10
3.39422098256141,1.7145005121195857e-10
3.3946580723795234,2.78145145426644e-10
3.395095162197637,2.5287188348929476e-10
3.3955322520157507,1.714655784610554e-10
3.3959693418338643,2.814175890004016e-10
3.396406431651978,2.353317831836256e-10
3.3968435214700916,1.725367421444569e-10
3.3972806112882052,2.7975919469440454e-10
3.397717701106319,2.2325879450213823e-10
3.3981547909244325,1.722199936936407e-10
3.398591880742546,2.750477606125663e-10
3.39902897056066,2.16455903851172e-10
3.3994660603787734,1.6947930474471446e-10
3.399903150196887,2.68224618079983e-10
3.4003402400150007,2.1455808174566052e-10
3.4007773298331143,1.6443685726640067e-10
3.401214419651228,2.5927511952741526e-10
3.4016515094693416,2.171617453128472e-10
3.402088599287455,1.5813901729528229e-10
3.402525689105569,2.472939403401845e-10
3.4029627789236825,2.236644330978447e-10
3.403399868741796,1.52593304931522e-10
3.4038369585599098,2.308946984715258e-10
3.4042740483780234,2.3262126041364425e-10
3.404711138196137,1.5096146503200388e-10
3.4051482280142507,2.092606308076376e-10
3.4055853178323643,2.4089442359688827e-10
3.406022407650478,1.5681984551696094e-10
3.4064594974685916,1.8340835580950514e-10
3.406896587286705,2.4313593282615083e-10
3.407333677104819,1.7256296913017432e-10
3.4077707669229325,1.5821924922888584e-10
3.408207856741046,2.3310202311613795e-10
3.4086449465591597,1.9648024225749357e-10
3.4090820363772734,1.4269024913965356e-10
3.409519126195387,2.0717108910340577e-10
3.4099562160135006,2.1955101756086906e-10
3.4103933058316143,1.468262130156452e-10
3.410830395649728,1.7055290216876103e-10
3.4112674854678415,2.2632067324665727e-10
3.411704575285955,1.7288997961035344e-10
3.412141665104069,1.40939620079257e-10
3.4125787549221824,2.0456029510935404e-10
3.413015844740296,2.056556520435532e-10
3.4134529345584097,1.406404858458906e-10
3.4138900243765233,1.620511608383313e-10
3.414327114194637,2.1496255665140298e-10
3.4147642040127506,1.7356080587362558e-10
3.4152012938308642,1.3291703926075292e-10
3.415638383648978,1.8282421473604478e-10
3.4160754734670915,2.0623914868608684e-10
3.416512563285205,1.4951839962938692e-10
3.4169496531033188,1.3745360760209143e-10
3.4173867429214324,1.9275857368266333e-10
3.417823832739546,1.9229557459148456e-10
3.4182609225576597,1.365981547659619e-10
3.4186980123757733,1.4239015294014427e-10
3.419135102193887,1.937208694329726e-10
3.4195721920120006,1.8172243841922275e-10
3.420009281830114,1.3076834289052677e-10
3.420446371648228,1.4229244605319752e-10
3.4208834614663415,1.896179408664562e-10
3.421320551284455,1.773318023688549e-10
3.4217576411025687,1.292857257373379e-10
3.4221947309206824,1.3628637798268302e-10
3.422631820738796,1.816861625729077e-10
3.4230689105569096,1.785602280380716e-10
3.4235060003750233,1.3266307457013952e-10
3.423943090193137,1.2630255783809016e-10
3.4243801800112506,1.6777689195718777e-10
3.424817269829364,1.816647421323229e-10
3.425254359647478,1.4369554571163218e-10
3.4256914494655915,1.1841591018221708e-10
3.426128539283705,1.459072734218421e-10
3.4265656291018187,1.7799410710543781e-10
3.4270027189199324,1.6176002357020042e-10
3.427439808738046,1.2338635960345116e-10
3.4278768985561596,1.2182881015062802e-10
3.4283139883742733,1.567610588252892e-10
3.428751078192387,1.7350859825214053e-10
3.4291881680105005,1.4726670930474255e-10
3.429625257828614,1.1627142700074881e-10
3.430062347646728,1.2307951380823673e-10
3.4304994374648414,1.5566761264972673e-10
3.430936527282955,1.6812572460025155e-10
3.4313736171010687,1.4404427912817393e-10
3.4318107069191823,1.1505997401794498e-10
3.432247796737296,1.1685314052840457e-10
3.4326848865554096,1.4485399730433127e-10
3.4331219763735232,1.635089858156714e-10
3.433559066191637,1.5072971571567054e-10
3.4339961560097505,1.2183361858393028e-10
3.434433245827864,1.0878674805469377e-10
3.4348703356459778,1.2401386239862517e-10
3.4353074254640914,1.493771087588127e-10
3.435744515282205,1.5796031344294957e-10
3.4361816051003187,1.41687020013814e-10
3.4366186949184323,1.1682181322715661e-10
3.437055784736546,1.0622832541169592e-10
3.4374928745546596,1.179287798410982e-10
3.437929964372773,1.3989195096060567e-10
3.438367054190887,1.5266088749376654e-10
3.4388041440090005,1.4614438693425455e-10
3.439241233827114,1.262121123424022e-10
3.4396783236452277,1.0811489979074034e-10
3.4401154134633414,1.0415997642096439e-10
3.440552503281455,1.1561152548442575e-10
3.4409895930995686,1.3342950198607957e-10
3.4414266829176823,1.456273909713156e-10
3.441863772735796,1.4505844453472382e-10
3.4423008625539095,1.327301219787104e-10
3.442737952372023,1.160678784653624e-10
3.443175042190137,1.0367574295986345e-10
3.4436121320082504,1.008666541930288e-10
3.444049221826364,1.0780491386316331e-10
3.4444863116444777,1.2024194147933562e-10
3.4449234014625914,1.3242316065479473e-10
3.445360491280705,1.3955578227322253e-10
3.4457975810988186,1.3952975640338667e-10
3.4462346709169323,1.3302792209043414e-10
3.446671760735046,1.2265630085758142e-10
3.4471088505531595,1.116949215715284e-10
3.447545940371273,1.0291734383554287e-10
3.447983030189387,9.79629853251071e-11
3.4484201200075004,9.725249565611646e-11
3.448857209825614,1.0013350657922714e-10
3.4492942996437277,1.0540384144588196e-10
3.4497313894618413,1.1175247367146257e-10
3.450168479279955,1.1799038867586057e-10
3.4506055690980686,1.2330754347688394e-10
3.4510426589161822,1.2721032409714758e-10
3.451479748734296,1.2964723968551037e-10
3.4519168385524095,1.3069260763792104e-10
3.452353928370523,1.3068974218705008e-10
3.4527910181886368,1.2990926612085385e-10
3.4532281080067504,1.286442377342602e-10
3.453665197824864,1.2717899430672893e-10
3.4541022876429777,1.256928011855693e-10
3.4545393774610913,1.244008138870886e-10
3.454976467279205,1.2343820803241523e-10
3.4554135570973186,1.227370672123057e-10
3.455850646915432,1.2236954742613147e-10
3.456287736733546,1.2236364275618807e-10
3.4567248265516595,1.2263303020633167e-10
3.457161916369773,1.231149024953489e-10
3.4575990061878867,1.2356164712250802e-10
3.4580360960060004,1.2378221531982174e-10
3.458473185824114,1.2356069663310152e-10
3.4589102756422276,1.2246762322129384e-10
3.4593473654603413,1.2025566203161375e-10
3.459784455278455,1.1663694173032527e-10
3.4602215450965685,1.1159845411237111e-10
3.460658634914682,1.0544123750603226e-10
3.461095724732796,9.893093385497492e-11
3.4615328145509094,9.331500194716716e-11
3.461969904369023,9.006769850621601e-11
3.4624069941871367,9.058885675509582e-11
3.4628440840052503,9.550303174216657e-11
3.463281173823364,1.0375790752283715e-10
3.4637182636414776,1.1254777199515831e-10
3.4641553534595912,1.1787657215300967e-10
3.464592443277705,1.1626931292955363e-10
3.4650295330958185,1.0746432580568405e-10
3.465466622913932,9.577074310361977e-11
3.465903712732046,8.884909569184627e-11
3.4663408025501594,9.227592708383864e-11
3.466777892368273,1.044380211868326e-10
3.4672149821863867,1.149279141876215e-10
3.4676520720045003,1.1319427928114869e-10
3.468089161822614,9.947331657600245e-11
3.4685262516407276,8.853922787053361e-11
3.468963341458841,9.409820380785949e-11
3.469400431276955,1.0985351428645637e-10
3.4698375210950685,1.1347722008655684e-10
3.470274610913182,9.837977649458012e-11
3.4707117007312958,8.810537807724033e-11
3.4711487905494094,1.0099899864371758e-10
3.471585880367523,1.138392021742411e-10
3.4720229701856367,1.0074339730096061e-10
3.4724600600037503,8.817494465097426e-11
3.472897149821864,1.0410900543554635e-10
3.4733342396399776,1.1181153925603414e-10
3.473771329458091,9.19937902698846e-11
3.474208419276205,9.554749088094263e-11
3.4746455090943185,1.1297783842264823e-10
3.475082598912432,9.482735272056972e-11
3.4755196887305457,9.491850953652056e-11
3.4759567785486594,1.1276957529788623e-10
3.476393868366773,9.170156864744514e-11
3.4768309581848866,1.0226859175626999e-10
3.4772680480030003,1.0744238183438765e-10
3.477705137821114,9.030308895516012e-11
3.4781422276392275,1.1297075927009168e-10
3.478579317457341,9.146329598001785e-11
3.479016407275455,1.0912059709994623e-10
3.4794534970935684,9.649886719562421e-11
3.479890586911682,1.0577836323166877e-10
3.4803276767297957,9.889093850520389e-11
3.4807647665479093,1.0661353855925778e-10
3.481201856366023,9.697283556930675e-11
3.4816389461841366,1.1144094722109398e-10
3.4820760360022502,9.294501834478341e-11
3.482513125820364,1.1471796875064694e-10
3.4829502156384775,9.683705325166044e-11
3.483387305456591,1.0412621476862798e-10
3.4838243952747048,1.1417290880496461e-10
3.4842614850928184,9.584707054183671e-11
3.484698574910932,1.0537985192488101e-10
3.4851356647290457,1.175840766006108e-10
3.4855727545471593,1.0541662623329052e-10
3.486009844365273,9.744919424846307e-11
3.4864469341833866,1.0677037973955188e-10
3.4868840240015,1.1809080094901971e-10
3.487321113819614,1.2106466013834078e-10
3.4877582036377275,1.1781350139120962e-10
3.488195293455841,1.1397806496120667e-10
3.4886323832739548,1.1215003625268728e-10
3.4890694730920684,1.1321742943590624e-10
3.489506562910182,1.1683597341388553e-10
3.4899436527282957,1.232487387363856e-10
3.4903807425464093,1.2961374782900786e-10
3.490817832364523,1.2817188450819271e-10
3.4912549221826366,1.1612850185319202e-10
3.49169201200075,1.1800247019704378e-10
3.492129101818864,1.3803147147574594e-10
3.4925661916369775,1.212834327958388e-10
3.493003281455091,1.4001249361750506e-10
3.4934403712732047,1.2557662765448512e-10
3.4938774610913184,1.490166308546652e-10
3.494314550909432,1.4752457321930408e-10
3.4947516407275456,1.4147335653586895e-10
3.4951887305456593,1.4475352556101013e-10
3.495625820363773,1.5792492618390494e-10
3.4960629101818865,1.7791064464194558e-10
3.4965,1.613907106679834e-10
