energy,dos
-3.4965,-1.9032443695756195e-11
-3.4960629101818865,-1.7400115141531473e-11
-3.495625820363773,-1.6837411822298206e-11
-3.4951887305456593,-1.499207559985301e-11
-3.4947516407275456,-1.4271874364191467e-11
-3.494314550909432,-1.4343930956894756e-11
-3.4938774610913184,-1.2463490230467976e-11
-3.4934403712732047,-1.2689508954027398e-11
-3.493003281455091,-1.2479028659103737e-11
-3.4925661916369775,-1.1894841637990742e-11
-3.492129101818864,-1.0467318503687403e-11
-3.49169201200075,-9.873896591544474e-12
-3.4912549221826366,-1.0358731222375872e-11
-3.490817832364523,-9.04864350594357e-12
-3.4903807425464093,-8.845319070501485e-12
-3.4899436527282957,-9.293229525002192e-12
-3.489506562910182,-8.819128830734483e-12
-3.4890694730920684,-8.26103060544073e-12
-3.4886323832739548,-8.042647510174267e-12
-3.488195293455841,-7.92423581204675e-12
-3.4877582036377275,-7.651558202186782e-12
-3.487321113819614,-6.5157245633138615e-12
-3.4868840240015,-6.0381062171277284e-12
-3.4864469341833866,-6.900547824360299e-12
-3.486009844365273,-5.483169293750237e-12
-3.4855727545471593,-6.0625364022916975e-12
-3.4851356647290457,-5.0250813493945145e-12
-3.484698574910932,-5.873576732401752e-12
-3.4842614850928184,-4.275004250484138e-12
-3.4838243952747048,-4.92189531657755e-12
-3.483387305456591,-5.297964294799951e-12
-3.4829502156384775,-4.184996824263068e-12
-3.482513125820364,-3.5123120121813722e-12
-3.4820760360022502,-3.734054409973554e-12
-3.4816389461841366,-4.1625675800678076e-12
-3.481201856366023,-4.247859915134809e-12
-3.4807647665479093,-4.134640677892178e-12
-3.4803276767297957,-3.995344434648679e-12
-3.479890586911682,-3.800353895834234e-12
-3.4794534970935684,-3.652288736793976e-12
-3.479016407275455,-3.114937308033317e-12
-3.478579317457341,-2.4604858777106307e-12
-3.4781422276392275,-1.7719528563820704e-12
-3.477705137821114,-1.5591390816029341e-12
-3.4772680480030003,-2.135109648828216e-12
-3.4768309581848866,-2.6599350699208377e-12
-3.476393868366773,-1.9405078117342522e-12
-3.4759567785486594,-9.092655057858516e-13
-3.4755196887305457,-1.7024848976244076e-12
-3.475082598912432,-2.0193600556598222e-12
-3.4746455090943185,-4.785484541014325e-13
-3.474208419276205,-1.3659317965617059e-12
-3.473771329458091,-1.1999318697265976e-12
-3.4733342396399776,-1.6609252646057167e-13
-3.472897149821864,-1.4140196430622361e-12
-3.4724600600037503,3.2298843788182824e-13
-3.4720229701856367,-1.2104634099720573e-12
-3.471585880367523,5.196011898112007e-13
-3.4711487905494094,-8.99120818505059e-13
-3.4707117007312958,8.212114869114516e-13
-3.470274610913182,-6.600048382857277e-13
-3.4698375210950685,1.0068020532043792e-12
-3.469400431276955,3.346104000008322e-14
-3.468963341458841,4.414761542854488e-13
-3.4685262516407276,1.2696418078063676e-12
-3.468089161822614,-1.2821795309147186e-13
-3.4676520720045003,1.4476341756344344e-12
-3.4672149821863867,1.4421440006929979e-12
-3.466777892368273,3.356530481434003e-13
-3.4663408025501594,1.546380945835677e-12
-3.465903712732046,2.143280726368484e-12
-3.465466622913932,8.959565189894907e-13
-3.4650295330958185,9.931793256943198e-13
-3.464592443277705,2.4981671934235325e-12
-3.4641553534595912,2.6313703021979438e-12
-3.4637182636414776,1.452638419010745e-12
-3.463281173823364,1.1891916608531717e-12
-3.4628440840052503,2.1271657732506213e-12
-3.4624069941871367,3.190232502644115e-12
-3.461969904369023,3.3932475685666784e-12
-3.4615328145509094,2.663582959700959e-12
-3.461095724732796,1.953541347872903e-12
-3.460658634914682,1.7977426944180557e-12
-3.4602215450965685,2.285125528502818e-12
-3.459784455278455,3.120135359153502e-12
-3.4593473654603413,3.813455403807425e-12
-3.4589102756422276,4.247348106109094e-12
-3.458473185824114,4.471556552142502e-12
-3.4580360960060004,4.420155019005667e-12
-3.4575990061878867,4.353845328648934e-12
-3.457161916369773,4.205260334468457e-12
-3.4567248265516595,4.0559326108748906e-12
-3.456287736733546,4.02516665922003e-12
-3.455850646915432,4.035211738380212e-12
-3.4554135570973186,4.114034049129365e-12
-3.454976467279205,4.334662586128948e-12
-3.4545393774610913,4.543003176900049e-12
-3.4541022876429777,4.815748074078711e-12
-3.453665197824864,5.228194069959319e-12
-3.4532281080067504,5.577454504989225e-12
-3.4527910181886368,5.930067441203912e-12
-3.452353928370523,6.184699534185012e-12
-3.4519168385524095,6.1797064006833635e-12
-3.451479748734296,5.98492264024585e-12
-3.4510426589161822,5.510083669149841e-12
-3.4506055690980686,4.835997608456038e-12
-3.450168479279955,4.407986127842511e-12
-3.4497313894618413,4.3704888859068195e-12
-3.4492942996437277,5.0424177597706244e-12
-3.448857209825614,6.109869860914479e-12
-3.4484201200075004,7.117327161522113e-12
-3.447983030189387,7.299183622620505e-12
-3.447545940371273,6.431465291079805e-12
-3.4471088505531595,5.344805863935243e-12
-3.446671760735046,5.132535242048998e-12
-3.4462346709169323,6.28323020352027e-12
-3.4457975810988186,7.749270758762818e-12
-3.445360491280705,7.906318984454292e-12
-3.4449234014625914,6.547715124813967e-12
-3.444486311644478,5.5877727720766045e-12
-3.4440492218263645,6.704800175465051e-12
-3.443612132008251,8.485787420614411e-12
-3.4431750421901373,8.211503509175624e-12
-3.4427379523720236,6.402953803286026e-12
-3.44230086255391,6.4445905435393135e-12
-3.4418637727357964,8.6400123647252e-12
-3.4414266829176827,8.938141521777205e-12
-3.440989593099569,6.926164678754597e-12
-3.4405525032814555,7.015420416291609e-12
-3.440115413463342,9.396105606456056e-12
-3.439678323645228,8.94685046575756e-12
-3.4392412338271146,6.897841231073916e-12
-3.438804144009001,8.519579770615447e-12
-3.4383670541908873,1.017054580445297e-11
-3.4379299643727737,7.845071278504685e-12
-3.43749287455466,7.954082964061715e-12
-3.4370557847365464,1.0545721353740695e-11
-3.4366186949184327,8.704580207500533e-12
-3.436181605100319,7.906308501530121e-12
-3.4357445152822055,1.0893081543803489e-11
-3.435307425464092,9.230689042388449e-12
-3.434870335645978,8.329365287987278e-12
-3.4344332458278646,1.132748929919717e-11
-3.433996156009751,9.137147046369656e-12
-3.4335590661916373,9.081280053053671e-12
-3.4331219763735237,1.1822306353672271e-11
-3.43268488655541,8.725498147748464e-12
-3.4322477967372964,1.0626370054681889e-11
-3.4318107069191828,1.1477093724513466e-11
-3.431373617101069,8.78496280991176e-12
-3.4309365272829555,1.2360905451877507e-11
-3.430499437464842,1.001725626433234e-11
-3.4300623476467282,1.0609505906948332e-11
-3.4296252578286146,1.251427842684814e-11
-3.429188168010501,9.332474223263933e-12
-3.4287510781923873,1.3183389233755123e-11
-3.4283139883742737,1.0222537030191854e-11
-3.42787689855616,1.2060124011359833e-11
-3.4274398087380464,1.2250582165012644e-11
-3.427002718919933,1.0636961723405515e-11
-3.426565629101819,1.3828934286255771e-11
-3.4261285392837055,1.0134016356132864e-11
-3.425691449465592,1.435639737371215e-11
-3.4252543596474783,1.063163010942513e-11
-3.4248172698293646,1.4052008919543585e-11
-3.424380180011251,1.1635180833887171e-11
-3.4239430901931374,1.3444871079224162e-11
-3.4235060003750237,1.2746766601606993e-11
-3.42306891055691,1.2959210733169787e-11
-3.4226318207387965,1.3764835751765132e-11
-3.422194730920683,1.2643709159475632e-11
-3.421757641102569,1.4466493459494957e-11
-3.4213205512844556,1.2592621770807111e-11
-3.420883461466342,1.498118597838202e-11
-3.4204463716482283,1.2775173499171568e-11
-3.4200092818301147,1.532213429180807e-11
-3.419572192012001,1.3136069162257972e-11
-3.4191351021938874,1.544489593999683e-11
-3.4186980123757738,1.3721039775784139e-11
-3.41826092255766,1.5355294483400233e-11
-3.4178238327395465,1.4644294147748844e-11
-3.417386742921433,1.4864013007862123e-11
-3.416949653103319,1.578710448550931e-11
-3.4165125632852056,1.4216665824780245e-11
-3.416075473467092,1.7180618453438986e-11
-3.4156383836489783,1.3537509004595086e-11
-3.4152012938308647,1.8309154598033933e-11
-3.414764204012751,1.3323151210498002e-11
-3.4143271141946374,1.8748755345870892e-11
-3.413890024376524,1.4069396900491284e-11
-3.41345293455841,1.7892276843686764e-11
-3.4130158447402965,1.6163536425406344e-11
-3.412578754922183,1.60891184862183e-11
-3.4121416651040692,1.878485792096238e-11
-3.4117045752859556,1.449451655549411e-11
-3.411267485467842,2.018702375189759e-11
-3.4108303956497283,1.4993621966742817e-11
-3.4103933058316147,1.9001645583521072e-11
-3.409956216013501,1.797613471534778e-11
-3.4095191261953874,1.6219614001502816e-11
-3.409082036377274,2.1014503091156714e-11
-3.40864494655916,1.534646686776591e-11
-3.4082078567410465,2.0429304341748587e-11
-3.407770766922933,1.8631609246598273e-11
-3.4073336771048193,1.6948335997193973e-11
-3.4068965872867056,2.217667154998186e-11
-3.406459497468592,1.6355606714871582e-11
-3.4060224076504784,2.0598390857356597e-11
-3.4055853178323647,2.090450942804422e-11
-3.405148228014251,1.6719433638805606e-11
-3.4047111381961375,2.3095119111911184e-11
-3.404274048378024,1.894854072950256e-11
-3.40383695855991,1.8805183339285443e-11
-3.4033998687417966,2.3968288326765794e-11
-3.402962778923683,1.7860688174941197e-11
-3.4025256891055693,2.1182503160903194e-11
-3.4020885992874557,2.3841518037955918e-11
-3.401651509469342,1.773856474895224e-11
-3.4012144196512284,2.310844989227497e-11
-3.4007773298331148,2.3678936917544032e-11
-3.400340240015001,1.8217311833166506e-11
-3.3999031501968875,2.44156493230234e-11
-3.399466060378774,2.387792679927878e-11
-3.3990289705606602,1.8741500263936235e-11
-3.3985918807425466,2.5212214367994516e-11
-3.398154790924433,2.4651931979119073e-11
-3.3977177011063193,1.9248536517699642e-11
-3.3972806112882057,2.550372022595973e-11
-3.396843521470092,2.602028410048977e-11
-3.3964064316519784,1.9813140728404808e-11
-3.395969341833865,2.5163787728094397e-11
-3.395532252015751,2.779821637892371e-11
-3.3950951621976375,2.097059723207829e-11
-3.394658072379524,2.4026471082677825e-11
-3.3942209825614102,2.9441411827908406e-11
-3.3937838927432966,2.3289546510398834e-11
-3.393346802925183,2.2427746336657373e-11
-3.3929097131070693,2.9845254731753463e-11
-3.3924726232889557,2.702060304760853e-11
-3.392035533470842,2.168276804447711e-11
-3.3915984436527284,2.7959983421806814e-11
-3.391161353834615,3.093688052543722e-11
-3.390724264016501,2.383439922121625e-11
-3.3902871741983875,2.4468073815403858e-11
-3.389850084380274,3.199416143939537e-11
-3.3894129945621603,2.921193850040512e-11
-3.3889759047440466,2.311064335750453e-11
-3.388538814925933,2.8395040333424223e-11
-3.3881017251078194,3.3734567357495424e-11
-3.3876646352897057,2.7702936652909865e-11
-3.387227545471592,2.417276243237853e-11
-3.3867904556534785,3.1544812041528526e-11
-3.386353365835365,3.455556062598843e-11
-3.385916276017251,2.7411631010009406e-11
-3.3854791861991376,2.558175359874837e-11
-3.385042096381024,3.3516386197511426e-11
-3.3846050065629103,3.577451845764862e-11
-3.3841679167447967,2.8333456754641127e-11
-3.383730826926683,2.6440104742374747e-11
-3.3832937371085694,3.439588508860405e-11
-3.3828566472904558,3.7588047561282674e-11
-3.382419557472342,3.050869894334961e-11
-3.3819824676542285,2.6853839077167885e-11
-3.381545377836115,3.391356927150899e-11
-3.3811082880180012,3.9588997730349375e-11
-3.3806711981998876,3.434500490575015e-11
-3.380234108381774,2.791458886437939e-11
-3.3797970185636603,3.186428673833544e-11
-3.3793599287455467,4.0201165151123553e-11
-3.378922838927433,3.953273108468179e-11
-3.3784857491093194,3.1534712157932644e-11
-3.378048659291206,2.956035256544804e-11
-3.377611569473092,3.734060374062823e-11
-3.3771744796549785,4.33542585966664e-11
-3.376737389836865,3.889981485557101e-11
-3.3763003000187513,3.1183104356747234e-11
-3.3758632102006376,3.217117349226603e-11
-3.375426120382524,4.0991554960754776e-11
-3.3749890305644104,4.5556118606791706e-11
-3.3745519407462967,4.00491619272912e-11
-3.374114850928183,3.2500900222474633e-11
-3.3736777611100695,3.366675659108735e-11
-3.373240671291956,4.253924154463878e-11
-3.372803581473842,4.805121860005426e-11
-3.3723664916557285,4.363497070480191e-11
-3.371929401837615,3.53521498752395e-11
-3.3714923120195013,3.395981919971329e-11
-3.3710552222013876,4.162238145617056e-11
-3.370618132383274,4.975021495765147e-11
-3.3701810425651604,4.9363649209384924e-11
-3.3697439527470467,4.1355544317936025e-11
-3.369306862928933,3.522963601841466e-11
-3.3688697731108195,3.8185033592312037e-11
-3.368432683292706,4.753112069211925e-11
-3.367995593474592,5.3831042796249755e-11
-3.3675585036564786,5.1063241228434404e-11
-3.367121413838365,4.2485581984536326e-11
-3.3666843240202513,3.714287528187202e-11
-3.3662472342021377,4.066035857105694e-11
-3.365810144384024,5.013510497580809e-11
-3.3653730545659104,5.7170255124841536e-11
-3.3649359647477968,5.5799104747823945e-11
-3.364498874929683,4.7675035862546675e-11
-3.3640617851115695,4.042864015613176e-11
-3.363624695293456,4.065795927498852e-11
-3.3631876054753422,4.8562968421698633e-11
-3.3627505156572286,5.8079682088685057e-11
-3.362313425839115,6.203257754737368e-11
-3.3618763360210013,5.773643800153393e-11
-3.3614392462028877,4.8965185542528195e-11
-3.361002156384774,4.2708025453685325e-11
-3.3605650665666604,4.3926887816523247e-11
-3.360127976748547,5.2110121803985105e-11
-3.359690886930433,6.196846465731408e-11
-3.3592537971123195,6.711242070950258e-11
-3.358816707294206,6.460890921287885e-11
-3.3583796174760923,5.6538871422505304e-11
-3.3579425276579786,4.837252477391219e-11
-3.357505437839865,4.552698934456562e-11
-3.3570683480217514,5.005985864084698e-11
-3.3566312582036377,5.966844599625038e-11
-3.356194168385524,6.9121237876215e-11
-3.3557570785674105,7.355470526331598e-11
-3.355319988749297,7.104017752489609e-11
-3.354882898931183,6.325511815822801e-11
-3.3544458091130696,5.460185228092731e-11
-3.354008719294956,4.978860461526697e-11
-3.3535716294768423,5.1381604176144554e-11
-3.3531345396587287,5.894758666301737e-11
-3.352697449840615,6.92927370527169e-11
-3.3522603600225014,7.805242386319372e-11
-3.3518232702043878,8.176555169027515e-11
-3.351386180386274,7.928290709840681e-11
-3.3509490905681605,7.201741113334772e-11
-3.350512000750047,6.324964681575451e-11
-3.350074910931933,5.6660328284194414e-11
-3.3496378211138196,5.488009561633841e-11
-3.349200731295706,5.891117531526145e-11
-3.3487636414775923,6.74781033970982e-11
-3.3483265516594787,7.787162732896191e-11
-3.347889461841365,8.693905296345329e-11
-3.3474523720232514,9.20711783527199e-11
-3.3470152822051378,9.20643982759043e-11
-3.346578192387024,8.729710736743786e-11
-3.346141102568911,7.948194856417441e-11
-3.3457040127507973,7.103302211886619e-11
-3.3452669229326837,6.459873841351261e-11
-3.34482983311457,6.194109732215861e-11
-3.3443927432964564,6.394201424168019e-11
-3.343955653478343,7.024367003200842e-11
-3.343518563660229,7.945847462545716e-11
-3.3430814738421155,8.974022174417893e-11
-3.342644384024002,9.905840985026607e-11
-3.3422072942058882,1.0570967274465817e-10
-3.3417702043877746,1.0871158250946549e-10
-3.341333114569661,1.077460345479431e-10
-3.3408960247515473,1.0334407490783663e-10
-3.3404589349334337,9.6576327152425e-11
-3.34002184511532,8.883427160186579e-11
-3.3395847552972064,8.155427713548255e-11
-3.339147665479093,7.606628819543091e-11
-3.338710575660979,7.330978823257679e-11
-3.3382734858428655,7.364715033898518e-11
-3.337836396024752,7.713122537493723e-11
-3.3373993062066383,8.34010819177314e-11
-3.3369622163885246,9.167980375822947e-11
-3.336525126570411,1.0115581571859697e-10
-3.3360880367522974,1.1081051563380136e-10
-3.3356509469341837,1.1976769109547855e-10
-3.33521385711607,1.2733717103401734e-10
-3.3347767672979565,1.3297230347844656e-10
-3.334339677479843,1.3647223362496808e-10
-3.333902587661729,1.3770170955460524e-10
-3.3334654978436156,1.3682044644850985e-10
-3.333028408025502,1.341359227482882e-10
-3.3325913182073883,1.300362543251071e-10
-3.3321542283892747,1.2499830012616563e-10
-3.331717138571161,1.19503733638079e-10
-3.3312800487530474,1.1396110938844035e-10
-3.3308429589349338,1.0876769457009326e-10
-3.33040586911682,1.0425502340610303e-10
-3.3299687792987065,1.0067047969659076e-10
-3.329531689480593,9.817488049882362e-11
-3.3290945996624792,9.683177436958985e-11
-3.3286575098443656,9.67035782654539e-11
-3.328220420026252,9.770016904145874e-11
-3.3277833302081383,9.977610230425354e-11
-3.3273462403900247,1.0284852482931065e-10
-3.326909150571911,1.0670052717435741e-10
-3.3264720607537974,1.1127778472782966e-10
-3.326034970935684,1.1639321226456539e-10
-3.32559788111757,1.2192740764580386e-10
-3.3251607912994565,1.277453737112821e-10
-3.324723701481343,1.3373074948011183e-10
-3.3242866116632293,1.3980455080937004e-10
-3.3238495218451156,1.45892556828857e-10
-3.323412432027002,1.5193343071897672e-10
-3.3229753422088883,1.5783080778394757e-10
-3.3225382523907747,1.6356823084983108e-10
-3.322101162572661,1.6910009973335434e-10
-3.3216640727545474,1.7446182842067005e-10
-3.321226982936434,1.7958296558136462e-10
-3.32078989311832,1.8449773208001385e-10
-3.3203528033002065,1.8914316777819625e-10
-3.319915713482093,1.9362722840266848e-10
-3.3194786236639793,1.9780451984562677e-10
-3.3190415338458656,2.0179950997319015e-10
-3.318604444027752,2.0552227910971986e-10
-3.3181673542096384,2.0893874077559667e-10
-3.3177302643915247,2.121115032866115e-10
-3.317293174573411,2.149817768091338e-10
-3.3168560847552975,2.1753725321856044e-10
-3.316418994937184,2.197548425560423e-10
-3.31598190511907,2.215882961280794e-10
-3.3155448153009566,2.230191281215425e-10
-3.315107725482843,2.2399076357805607e-10
-3.3146706356647293,2.2444772889554372e-10
-3.3142335458466157,2.2438683724804677e-10
-3.313796456028502,2.2378838085811262e-10
-3.3133593662103884,2.226343430244632e-10
-3.3129222763922748,2.2091268996791155e-10
-3.312485186574161,2.1863621050465636e-10
-3.3120480967560475,2.1583797414573106e-10
-3.311611006937934,2.1260371674234284e-10
-3.3111739171198202,2.0903728820744058e-10
-3.3107368273017066,2.0529551029916852e-10
-3.310299737483593,2.0159550886404764e-10
-3.3098626476654793,1.9815881657923618e-10
-3.3094255578473657,1.9528874338022513e-10
-3.308988468029252,1.9336696182361083e-10
-3.3085513782111384,1.9273422419896775e-10
-3.308114288393025,1.9383835975385166e-10
-3.307677198574911,1.971446524321757e-10
-3.3072401087567975,2.0305483994597946e-10
-3.306803018938684,2.119567373950355e-10
-3.3063659291205703,2.241161284961242e-10
-3.3059288393024566,2.3981185869490874e-10
-3.305491749484343,2.5905992064843395e-10
-3.3050546596662294,2.8161958760422577e-10
-3.3046175698481157,3.0714976616674503e-10
-3.304180480030002,3.349773463637512e-10
-3.3037433902118885,3.6413914086281554e-10
-3.303306300393775,3.934043383876782e-10
-3.302869210575661,4.2138434176942944e-10
-3.3024321207575476,4.463535678238421e-10
-3.301995030939434,4.667207628453398e-10
-3.3015579411213203,4.809437451612448e-10
-3.3011208513032066,4.876557931887727e-10
-3.300683761485093,4.860341433141346e-10
-3.3002466716669794,4.75750230823031e-10
-3.2998095818488657,4.573418997826727e-10
-3.299372492030752,4.322257900296781e-10
-3.2989354022126385,4.0267323597974286e-10
-3.298498312394525,3.7189971637905685e-10
-3.298061222576411,3.437223693669274e-10
-3.2976241327582976,3.223132308658341e-10
-3.297187042940184,3.1167796700258677e-10
-3.2967499531220703,3.1523803895590104e-10
-3.2963128633039567,3.3533358147065536e-10
-3.295875773485843,3.724106086473439e-10
-3.2954386836677294,4.2493800306603827e-10
-3.2950015938496158,4.891610738301338e-10
-3.294564504031502,5.591404068741964e-10
-3.2941274142133885,6.273926320307864e-10
-3.293690324395275,6.8566380020172e-10
-3.2932532345771612,7.261580047645444e-10
-3.2928161447590476,7.427566626171926e-10
-3.292379054940934,7.325669812198369e-10
-3.2919419651228203,6.96508247798047e-10
-3.2915048753047067,6.40185754708103e-10
-3.291067785486593,5.736309629993756e-10
-3.2906306956684794,5.09850684860464e-10
-3.290193605850366,4.6329139094663836e-10
-3.289756516032252,4.4698156724756014e-10
-3.2893194262141385,4.699485539413116e-10
-3.288882336396025,5.346534629291318e-10
-3.2884452465779113,6.355141655908829e-10
-3.2880081567597976,7.588474787365217e-10
-3.287571066941684,8.846818945298293e-10
-3.2871339771235704,9.901346927148012e-10
-3.2866968873054567,1.054265210669949e-09
-3.286259797487343,1.06319697072941e-09
-3.2858227076692295,1.01436477234312e-09
-3.285385617851116,9.189727471576226e-10
-3.284948528033002,8.010384786436432e-10
-3.2845114382148886,6.933109112855191e-10
-3.284074348396775,6.300125621844977e-10
-3.2836372585786613,6.379479284504525e-10
-3.2832001687605477,7.282648070344674e-10
-3.282763078942434,8.913218650713124e-10
-3.2823259891243204,1.0962972784242572e-09
-3.2818888993062068,1.2972667181458863e-09
-3.281451809488093,1.444481058608205e-09
-3.2810147196699795,1.4985997866634418e-09
-3.280577629851866,1.4442668813555004e-09
-3.280140540033752,1.29800643207999e-09
-3.2797034502156386,1.107344861008178e-09
-3.279266360397525,9.397339282804488e-10
-3.2788292705794113,8.634161652844937e-10
-3.2783921807612977,9.244575546747296e-10
-3.277955090943184,1.1283615551865456e-09
-3.2775180011250704,1.4327574414866955e-09
-3.277080911306957,1.7560287800536347e-09
-3.276643821488843,2.0011751089890635e-09
-3.2762067316707295,2.089347156557235e-09
-3.275769641852616,1.991242528914462e-09
-3.2753325520345022,1.7447427375228827e-09
-3.2748954622163886,1.4493675664119788e-09
-3.274458372398275,1.2355105605661477e-09
-3.2740212825801613,1.2170512209357385e-09
-3.2735841927620477,1.4435559968572016e-09
-3.273147102943934,1.871623051846667e-09
-3.2727100131258204,2.3709428356628653e-09
-3.272272923307707,2.767954226566421e-09
-3.271835833489593,2.9143702543241915e-09
-3.2713987436714795,2.7550069592753597e-09
-3.270961653853366,2.3641590175752503e-09
-3.2705245640352523,1.929366825095607e-09
-3.2700874742171386,1.6808861218929684e-09
-3.269650384399025,1.791443686849996e-09
-3.2692132945809114,2.288157572250282e-09
-3.2687762047627977,3.0209479546882064e-09
-3.268339114944684,3.7118110760726938e-09
-3.2679020251265705,4.0738904159131075e-09
-3.267464935308457,3.95210714899351e-09
-3.267027845490343,3.4181321877764906e-09
-3.2665907556722296,2.7637627369110906e-09
-3.266153665854116,2.3796417152763083e-09
-3.2657165760360023,2.5647487810889293e-09
-3.2652794862178887,3.3566188170930984e-09
-3.264842396399775,4.47743473221359e-09
-3.2644053065816614,5.443308597998409e-09
-3.2639682167635478,5.803270143017369e-09
-3.263531126945434,5.394572933450892e-09
-3.2630940371273205,4.4728054458123905e-09
-3.262656947309207,3.6221629690609556e-09
-3.2622198574910932,3.4625313682369515e-09
-3.2617827676729796,4.292808015533298e-09
-3.261345677854866,5.871863165314005e-09
-3.2609085880367523,7.49065984124253e-09
-3.2604714982186387,8.338898810004343e-09
-3.260034408400525,7.987879241998459e-09
-3.2595973185824114,6.708667547861462e-09
-3.259160228764298,5.398738707890948e-09
-3.258723138946184,5.1005090560488644e-09
-3.2582860491280705,6.3546834294423835e-09
-3.257848959309957,8.782064374570552e-09
-3.2574118694918432,1.1204907775599119e-08
-3.2569747796737296,1.231610838596685e-08
-3.256537689855616,1.153655858201336e-08
-3.2561006000375023,9.511243890365515e-09
-3.2556635102193887,7.844968136188086e-09
-3.255226420401275,8.134722279422809e-09
-3.2547893305831614,1.0858189957342775e-08
-3.254352240765048,1.4878264710104972e-08
-3.253915150946934,1.8019185718694803e-08
-3.2534780611288205,1.8479151795977598e-08
-3.253040971310707,1.6195361332309233e-08
-3.2526038814925933,1.3153074722442222e-08
-3.2521667916744796,1.2232174501840385e-08
-3.251729701856366,1.5202762686955004e-08
-3.2512926120382524,2.1232353421266755e-08
-3.2508555222201387,2.7125072553620343e-08
-3.250418432402025,2.940802150239759e-08
-3.2499813425839115,2.6975185053363662e-08
-3.249544252765798,2.2330928687189724e-08
-3.249107162947684,2.0215208109210717e-08
-3.2486700731295706,2.4236801114719757e-08
-3.248232983311457,3.383824863854809e-08
-3.2477958934933433,4.407857611220686e-08
-3.2473588036752297,4.8909599796480956e-08
-3.246921713857116,4.591922120468408e-08
-3.2464846240390024,3.894832292907661e-08
-3.2460475342208888,3.605963020271094e-08
-3.245610444402775,4.368239269791299e-08
-3.2451733545846615,6.105396361729224e-08
-3.244736264766548,7.96004096142853e-08
-3.2442991749484342,8.868766736194482e-08
-3.2438620851303206,8.418957695041804e-08
-3.243424995312207,7.333750773933303e-08
-3.2429879054940933,7.113758383699561e-08
-3.2425508156759797,8.962496038265022e-08
-3.242113725857866,1.2727088269081402e-07
-3.2416766360397524,1.671909411564568e-07
-3.241239546221639,1.876258581094273e-07
-3.240802456403525,1.7934197494690298e-07
-3.2403653665854115,1.5797375153382198e-07
-3.239928276767298,1.5993522362070778e-07
-3.2394911869491843,2.194337385017627e-07
-3.2390540971310706,3.377090365614649e-07
-3.238617007312957,4.668021760714818e-07
-3.2381799174948434,5.302794689336786e-07
-3.2377428276767297,4.853194949086921e-07
-3.237305737858616,3.953254081601409e-07
-3.2368686480405024,4.471742256259811e-07
-3.236431558222389,8.480406209851616e-07
-3.235994468404275,1.6091648148000028e-06
-3.2355573785861615,2.363135569645448e-06
-3.235120288768048,2.482737206501938e-06
-3.2346831989499343,1.71844185100015e-06
-3.234246109131821,1.2158831833768936e-06
-3.2338090193137075,4.152681163764211e-06
-3.233371929495594,1.4653576245129942e-05
-3.23293483967748,3.3619333028919747e-05
-3.2324977498593666,5.131409466808259e-05
-3.232060660041253,4.2001220010454435e-05
-3.2316235702231393,1.1074353793208134e-05
-3.2311864804050257,0.0009043121355527217
-3.230749390586912,0.06930983629369339
-3.2303123007687984,0.3192230286972033
-3.2298752109506847,0.0882223704335029
-3.229438121132571,0.0005035919883050303
-3.2290010313144575,7.764976563431487e-05
-3.228563941496344,0.00018738651460048985
-3.22812685167823,0.0002209519738749238
-3.2276897618601166,0.00021353012596864025
-3.227252672042003,0.00045094888551629745
-3.2268155822238893,0.004455458875778246
-3.2263784924057757,0.22154316303288527
-3.225941402587662,1.2205766134874512
-3.2255043127695484,0.5113235269697178
-3.2250672229514348,0.0036985790166986295
-3.224630133133321,0.0014097039227531933
-3.2241930433152075,0.0007796233561180207
-3.223755953497094,0.0004594893260104543
-3.2233188636789802,0.0003516069518928376
-3.2228817738608666,0.0006759857784101851
-3.222444684042753,0.004693284435595317
-3.2220075942246393,0.2328525965528101
-3.2215705044065257,1.1995090630877203
-3.221133414588412,0.5835392241945049
-3.2206963247702984,0.4603778927452584
-3.220259234952185,0.47417061402083843
-3.219822145134071,0.019599720554808384
-3.2193850553159575,0.0029822979654378174
-3.218947965497844,0.0006165518783447605
-3.2185108756797303,0.0001388026040490689
-3.2180737858616166,0.00012418036457098
-3.217636696043503,0.0007232296724443779
-3.2171996062253894,0.005303822466026883
-3.2167625164072757,0.08411087580382993
-3.216325426589162,1.0285176432406116
-3.2158883367710485,0.8154982484129755
-3.215451246952935,0.02773151322891817
-3.215014157134821,0.004145886923212406
-3.2145770673167076,0.0009055515450995519
-3.214139977498594,0.00016824090750213193
-3.2137028876804803,5.7677547629170876e-05
-3.2132657978623667,6.348344422446672e-05
-3.212828708044253,5.182855658076466e-05
-3.2123916182261394,0.00017731854417513785
-3.2119545284080258,0.001525799156724843
-3.211517438589912,0.018213881470251898
-3.2110803487717985,0.25817224779698233
-3.210643258953685,0.19803206232032391
-3.210206169135571,0.0044140677005808995
-3.2097690793174576,0.0010856048499302512
-3.209331989499344,0.0002529175183699242
-3.2088948996812303,3.2213335902392406e-05
-3.2084578098631167,3.735259749892095e-06
-3.208020720045003,1.3185015643950084e-05
-3.2075836302268894,1.4280421955577147e-05
-3.207146540408776,7.281191834394279e-06
-3.206709450590662,1.8300921987946828e-06
-3.2062723607725485,1.028921982659705e-06
-3.205835270954435,2.041235738473914e-06
-3.2053981811363212,2.079366587004989e-06
-3.2049610913182076,1.1332665642259948e-06
-3.204524001500094,4.613432500331077e-07
-3.2040869116819803,4.971448689070481e-07
-3.2036498218638667,6.920085359570779e-07
-3.203212732045753,5.853108800516132e-07
-3.2027756422276394,3.225284247095465e-07
-3.202338552409526,2.2009042110220064e-07
-3.201901462591412,2.832664658038993e-07
-3.2014643727732985,3.057831097050286e-07
-3.201027282955185,2.1768973059970164e-07
-3.2005901931370713,1.3595102646159914e-07
-3.2001531033189576,1.415341818801649e-07
-3.199716013500844,1.7199131579511374e-07
-3.1992789236827304,1.4885245560200794e-07
-3.1988418338646167,9.637262956489823e-08
-3.198404744046503,8.113663166790579e-08
-3.1979676542283895,1.0204721976207672e-07
-3.197530564410276,1.0496935817851767e-07
-3.197093474592162,7.522672839894219e-08
-3.1966563847740486,5.3095320899148326e-08
-3.196219294955935,6.200318243806559e-08
-3.1957822051378213,7.434116972561143e-08
-3.1953451153197077,6.207448511908336e-08
-3.194908025501594,4.083889437608106e-08
-3.1944709356834804,3.927932356831574e-08
-3.1940338458653668,5.178132306814935e-08
-3.193596756047253,5.151924286688111e-08
-3.1931596662291395,3.582943426376747e-08
-3.192722576411026,2.7694483360061657e-08
-3.1922854865929122,3.579376491133506e-08
-3.1918483967747986,4.190486752031454e-08
-3.191411306956685,3.326122975814311e-08
-3.1909742171385713,2.2832892225162876e-08
-3.1905371273204577,2.5549598589500654e-08
-3.190100037502344,3.34933869784593e-08
-3.1896629476842304,3.103188607442866e-08
-3.189225857866117,2.145613875937714e-08
-3.188788768048003,1.9879723805735817e-08
-3.1883516782298895,2.6905460315213484e-08
-3.187914588411776,2.872285352202923e-08
-3.1874774985936623,2.15761071927258e-08
-3.1870404087755486,1.7436169565822372e-08
-3.186603318957435,2.2425872369421625e-08
-3.1861662291393213,2.6645423744729665e-08
-3.1857291393212077,2.227458437415109e-08
-3.185292049503094,1.706789203203541e-08
-3.1848549596849804,1.9953975188961523e-08
-3.184417869866867,2.52418981683782e-08
-3.183980780048753,2.3339672989619076e-08
-3.1835436902306395,1.801868722900405e-08
-3.183106600412526,1.920089811648695e-08
-3.1826695105944123,2.4849734654196227e-08
-3.1822324207762986,2.4932065948521065e-08
-3.181795330958185,1.9936082133047634e-08
-3.1813582411400714,1.9887564471304474e-08
-3.1809211513219577,2.5691334254955133e-08
-3.180484061503844,2.7381345623784923e-08
-3.1800469716857305,2.2793222315273907e-08
-3.179609881867617,2.1864615922567832e-08
-3.179172792049503,2.7959607887452804e-08
-3.1787357022313896,3.111706790626052e-08
-3.178298612413276,2.6813447834628792e-08
-3.1778615225951623,2.5168034114969316e-08
-3.1774244327770487,3.193033869980808e-08
-3.176987342958935,3.670365253530308e-08
-3.1765502531408214,3.2442882390055155e-08
-3.1761131633227078,3.005119781397703e-08
-3.175676073504594,3.808958859887653e-08
-3.1752389836864805,4.496160690549521e-08
-3.174801893868367,4.039172187183349e-08
-3.1743648040502532,3.7035787927892985e-08
-3.1739277142321396,4.7309882547911785e-08
-3.173490624414026,5.719471050326018e-08
-3.1730535345959123,5.176312957729769e-08
-3.1726164447777987,4.702482087654724e-08
-3.172179354959685,6.115716503383889e-08
-3.1717422651415714,7.560429290166465e-08
-3.171305175323458,6.83101129463856e-08
-3.170868085505344,6.154681389167489e-08
-3.1704309956872305,8.251020714747589e-08
-3.169993905869117,1.0409161547074208e-07
-3.1695568160510033,9.291635474309442e-08
-3.1691197262328896,8.328461260297871e-08
-3.168682636414776,1.1692661551972349e-07
-3.1682455465966624,1.4992739663170724e-07
-3.1678084567785487,1.3051529205162327e-07
-3.167371366960435,1.1729505899796775e-07
-3.1669342771423215,1.7591218872070962e-07
-3.166497187324208,2.275004768284695e-07
-3.166060097506094,1.899464801236579e-07
-3.1656230076879806,1.7413910597967956e-07
-3.165185917869867,2.855484300192148e-07
-3.1647488280517533,3.675506556203511e-07
-3.1643117382336396,2.880189469758974e-07
-3.163874648415526,2.7914122700926035e-07
-3.1634375585974124,5.123199311351789e-07
-3.1630004687792987,6.428315189686516e-07
-3.162563378961185,4.594580023577409e-07
-3.1621262891430715,5.052955782584725e-07
-3.161689199324958,1.0549410535557836e-06
-3.161252109506844,1.2526002970844513e-06
-3.1608150196887306,7.857285251285635e-07
-3.160377929870617,1.1234347096926764e-06
-3.1599408400525033,2.6638726623042065e-06
-3.1595037502343897,2.881617873345938e-06
-3.159066660416276,1.5066687761168447e-06
-3.1586295705981624,3.6023777739754615e-06
-3.1581924807800488,9.515744638312296e-06
-3.157755390961935,9.055190188625552e-06
-3.1573183011438215,3.822744066965756e-06
-3.156881211325708,2.380149360881561e-05
-3.1564441215075942,7.319015635901755e-05
-3.1560070316894806,6.674119191394906e-05
-3.155569941871367,4.125370763175695e-05
-3.1551328520532533,0.001343187036783648
-3.1546957622351397,0.018789935192191572
-3.154258672417026,0.2214576270563274
-3.1538215825989124,0.21922561340501254
-3.153384492780799,0.018289830869431617
-3.152947402962685,0.002615221903794828
-3.1525103131445715,0.008196051550163088
-3.152073223326458,0.19928708471204182
-3.1516361335083443,0.49584607061398167
-3.1511990436902306,0.257670915151471
-3.150761953872117,0.023512746856818107
-3.1503248640540034,0.002099314831830664
-3.1498877742358897,0.023844384003332494
-3.149450684417776,0.20199831177605307
-3.1490135945996625,0.6273292713598181
-3.148576504781549,0.5245672614849614
-3.148139414963435,0.08213692908461731
-3.1477023251453216,0.025979432970683867
-3.147265235327208,0.2452769212529323
-3.1468281455090943,0.6280044990385739
-3.1463910556909807,0.766932923100413
-3.145953965872867,0.3261141161924755
-3.1455168760547534,0.021994073243740715
-3.1450797862366398,0.029971213796435036
-3.1446426964185266,0.0718491682500623
-3.144205606600413,0.04919410440423837
-3.1437685167822993,0.3108005494090418
-3.1433314269641857,0.40058877849146474
-3.142894337146072,0.1637212545862981
-3.1424572473279584,0.2705119400774389
-3.1420201575098448,0.16420032311476235
-3.141583067691731,0.007907372082189525
-3.1411459778736175,0.0023279515544184473
-3.140708888055504,0.05781910405465903
-3.14027179823739,0.3480386353030208
-3.1398347084192766,0.38956748346854336
-3.139397618601163,0.1600923593217869
-3.1389605287830493,0.024558092358396226
-3.1385234389649357,0.0011801219383353544
-3.138086349146822,0.0009712219454302501
-3.1376492593287084,0.040683201873284294
-3.137212169510595,0.2373704918166952
-3.136775079692481,0.1850783058789207
-3.1363379898743675,0.01556256315442486
-3.135900900056254,0.0011138391888892245
-3.1354638102381402,0.00011120319946568003
-3.1350267204200266,7.256385507859397e-05
-3.134589630601913,6.186615659108172e-05
-3.1341525407837993,2.3845290005110407e-05
-3.1337154509656857,1.3859525833329748e-05
-3.133278361147572,1.962223101985683e-05
-3.1328412713294584,1.8769413832283104e-05
-3.132404181511345,3.8294530407472795e-05
-3.131967091693231,0.00011988563873867244
-3.1315300018751175,0.000302207106422077
-3.131092912057004,0.010801413176157413
-3.1306558222388903,0.029490711699840803
-3.1302187324207766,0.043502110747355126
-3.129781642602663,0.09469328902883177
-3.1293445527845494,0.12168709862461925
-3.1289074629664357,0.0975518667050859
-3.128470373148322,0.10205809780282891
-3.1280332833302085,0.10288625082296439
-3.127596193512095,0.0924636055288871
-3.127159103693981,0.058645747223660415
-3.1267220138758676,0.05663272072615439
-3.126284924057754,0.0723608117864875
-3.1258478342396403,0.10884393467178688
-3.1254107444215267,0.10971469766251792
-3.124973654603413,0.12472997666722478
-3.1245365647852994,0.27578375198221955
-3.1240994749671858,0.3515067967989758
-3.123662385149072,0.30501750425170876
-3.1232252953309585,0.26902570216987076
-3.122788205512845,0.25450025405544896
-3.1223511156947312,0.19419602887431653
-3.1219140258766176,0.14659661837192148
-3.121476936058504,0.16023293624408014
-3.1210398462403903,0.16171369735030558
-3.1206027564222767,0.15175430395163972
-3.120165666604163,0.15485152605988187
-3.1197285767860494,0.1523661427510781
-3.119291486967936,0.17781779891370325
-3.118854397149822,0.19673995757103083
-3.1184173073317085,0.21435560660471648
-3.117980217513595,0.319396596828975
-3.1175431276954813,0.34414730509334557
-3.1171060378773676,0.2622871447601906
-3.116668948059254,0.19248746325422822
-3.1162318582411404,0.15098539115519408
-3.1157947684230267,0.12109329514390266
-3.115357678604913,0.16063577092858972
-3.1149205887867994,0.19722401186681146
-3.114483498968686,0.20666170411954346
-3.114046409150572,0.22330481279851333
-3.1136093193324585,0.20044619165007185
-3.113172229514345,0.17941530569471872
-3.1127351396962313,0.19004414545323048
-3.1122980498781176,0.19003622866729147
-3.111860960060004,0.18729995208924474
-3.1114238702418904,0.20006172291575908
-3.1109867804237767,0.1955842262468594
-3.110549690605663,0.15360289091773835
-3.1101126007875495,0.14106580162555987
-3.109675510969436,0.16441083954193278
-3.109238421151322,0.18375896685848048
-3.1088013313332086,0.16325440425466958
-3.108364241515095,0.1484417879609663
-3.1079271516969813,0.16135283263480443
-3.1074900618788677,0.20027410581566088
-3.107052972060754,0.22019323127657914
-3.1066158822426404,0.18615001807591375
-3.1061787924245268,0.15102603171579157
-3.105741702606413,0.14478756177443855
-3.1053046127882995,0.15072184965378047
-3.104867522970186,0.15266860787862488
-3.1044304331520722,0.1517711023387964
-3.1039933433339586,0.16426427112229233
-3.103556253515845,0.1859425743974815
-3.1031191636977313,0.1906633968660441
-3.1026820738796177,0.15340507223796493
-3.102244984061504,0.09898286899883012
-3.1018078942433904,0.06553430891121562
-3.101370804425277,0.06742595034981329
-3.100933714607163,0.0617517871371961
-3.1004966247890495,0.04714207639920369
-3.100059534970936,0.04616271392143303
-3.0996224451528223,0.07175786332671528
-3.0991853553347086,0.11891828575185859
-3.098748265516595,0.13614530982522038
-3.0983111756984814,0.10754399797654364
-3.0978740858803677,0.11164233230045977
-3.097436996062254,0.14659650831082668
-3.0969999062441405,0.15167786902669791
-3.096562816426027,0.1384606153196518
-3.096125726607913,0.13248430538324968
-3.0956886367897996,0.14909749693930402
-3.095251546971686,0.18125240598347286
-3.0948144571535723,0.17626361618621159
-3.0943773673354587,0.13106531396615623
-3.093940277517345,0.09952475150799822
-3.0935031876992314,0.08994091348124275
-3.0930660978811177,0.08591541202978269
-3.092629008063004,0.12575677081096542
-3.0921919182448905,0.20701365993869225
-3.091754828426777,0.2069248108282231
-3.091317738608663,0.14382825602613963
-3.0908806487905496,0.15002050886191992
-3.090443558972436,0.16601786517970926
-3.0900064691543223,0.17802153699000817
-3.0895693793362087,0.2562101727298563
-3.089132289518095,0.38884310675185846
-3.0886951996999814,0.35970789715779056
-3.0882581098818678,0.2479497481488255
-3.087821020063754,0.19051074175254484
-3.0873839302456405,0.18923406858326136
-3.086946840427527,0.22092421049393396
-3.0865097506094132,0.29669070414006893
-3.0860726607912996,0.34811422390262875
-3.085635570973186,0.366345277675657
-3.0851984811550723,0.25842642596037385
-3.0847613913369587,0.19203246628077258
-3.084324301518845,0.20875679276100856
-3.0838872117007314,0.18971150708250753
-3.083450121882618,0.24163117517282748
-3.083013032064504,0.375971719742246
-3.0825759422463905,0.44011078562354516
-3.082138852428277,0.3579011899051151
-3.0817017626101633,0.24191391709029797
-3.0812646727920496,0.18730042308478168
-3.080827582973936,0.156970073021902
-3.0803904931558224,0.21539158301303205
-3.0799534033377087,0.3032745758366574
-3.079516313519595,0.3637819816518002
-3.0790792237014815,0.4114357929565688
-3.078642133883368,0.3121308019248129
-3.078205044065254,0.18626665071920284
-3.0777679542471406,0.18054744771862516
-3.077330864429027,0.17010336571481274
-3.0768937746109133,0.187466712727182
-3.0764566847927997,0.23589040596759087
-3.076019594974686,0.21455095200349186
-3.0755825051565724,0.15060376019851202
-3.0751454153384588,0.12920914326948676
-3.074708325520345,0.17416524888501134
-3.0742712357022315,0.2604846975421097
-3.073834145884118,0.268092938170631
-3.073397056066004,0.18902302227509243
-3.0729599662478906,0.16565442203710581
-3.072522876429777,0.15393714177205453
-3.0720857866116633,0.0958918321889191
-3.0716486967935497,0.04538234934808464
-3.071211606975436,0.03009852040725511
-3.0707745171573224,0.051345425947046594
-3.070337427339209,0.07935720837953829
-3.069900337521095,0.111185812018497
-3.0694632477029815,0.13572663092695508
-3.069026157884868,0.09011198910635539
-3.0685890680667542,0.018103239075199378
-3.0681519782486406,0.00353033381678167
-3.067714888430527,0.013529552121363015
-3.0672777986124133,0.011968512942104378
-3.0668407087942997,0.033559662139881034
-3.066403618976186,0.07523503363157999
-3.0659665291580724,0.09091239417932284
-3.065529439339959,0.15790440608837505
-3.065092349521845,0.1681184906477209
-3.0646552597037315,0.12222443559996767
-3.064218169885618,0.07607857377847402
-3.0637810800675043,0.06429546597292865
-3.0633439902493906,0.06928188093770218
-3.062906900431277,0.09752656731131344
-3.0624698106131634,0.15310567863321878
-3.0620327207950497,0.1709558904109188
-3.061595630976936,0.14162826380077034
-3.0611585411588225,0.11353432622706316
-3.060721451340709,0.11021659457380797
-3.060284361522595,0.10156685762112576
-3.0598472717044816,0.07109198859035305
-3.059410181886368,0.10755362889115629
-3.0589730920682543,0.1718515758923075
-3.0585360022501407,0.1552277188422399
-3.058098912432027,0.12367882452088808
-3.0576618226139134,0.11633830645968153
-3.0572247327957998,0.11647297576778914
-3.056787642977686,0.0951889280882134
-3.0563505531595725,0.07289422636293273
-3.055913463341459,0.08628709302660431
-3.0554763735233452,0.09025193695887972
-3.0550392837052316,0.07975860602706426
-3.054602193887118,0.09147376791691474
-3.0541651040690043,0.1027549388893861
-3.0537280142508907,0.07726602938803454
-3.053290924432777,0.04856777888310874
-3.0528538346146634,0.047972311309646055
-3.05241674479655,0.05722432250301157
-3.051979654978436,0.07042209054380714
-3.0515425651603225,0.08139251216729097
-3.051105475342209,0.10126810659459448
-3.0506683855240952,0.09785560538444894
-3.0502312957059816,0.0692616774788453
-3.049794205887868,0.06128102081899347
-3.0493571160697543,0.062410664172882824
-3.0489200262516407,0.062371628500761264
-3.048482936433527,0.0690668849195118
-3.0480458466154134,0.08314338899114385
-3.0476087567973,0.09407355037906089
-3.047171666979186,0.08507591119130264
-3.0467345771610725,0.06544617937772133
-3.046297487342959,0.05802675506526232
-3.0458603975248453,0.06765361040832388
-3.0454233077067316,0.08110905507618728
-3.044986217888618,0.09007098856478514
-3.0445491280705044,0.08441928788472072
-3.0441120382523907,0.05803080510568393
-3.043674948434277,0.04490076594354225
-3.0432378586161635,0.05699183486507055
-3.04280076879805,0.07597635052043629
-3.042363678979936,0.08337198863292807
-3.0419265891618226,0.0861715942980807
-3.041489499343709,0.08425499156186196
-3.0410524095255953,0.07669204463679098
-3.0406153197074817,0.0720519721106907
-3.040178229889368,0.08348988884404582
-3.0397411400712544,0.1092871963722364
-3.0393040502531408,0.11777624458888326
-3.038866960435027,0.10815427746749197
-3.0384298706169135,0.10649830874688877
-3.0379927807988,0.10537750956489443
-3.0375556909806862,0.11828206390592996
-3.0371186011625726,0.13878278617034676
-3.036681511344459,0.11323149003419376
-3.0362444215263453,0.07059000310417421
-3.0358073317082317,0.061853229305185206
-3.035370241890118,0.06349826480503326
-3.0349331520720044,0.063900563172428
-3.034496062253891,0.06789476434372022
-3.034058972435777,0.07931471857599103
-3.0336218826176635,0.07755869478942048
-3.03318479279955,0.0552427055661696
-3.0327477029814363,0.04729014789488412
-3.0323106131633226,0.04842497629569902
-3.031873523345209,0.0521445499244463
-3.0314364335270954,0.07522052630391975
-3.0309993437089817,0.08763774657730328
-3.030562253890868,0.06496043932317977
-3.0301251640727545,0.04599309918665665
-3.0296880742546413,0.047443687905408975
-3.0292509844365276,0.07936541631925347
-3.028813894618414,0.10833933962965048
-3.0283768048003004,0.12390181806138126
-3.0279397149821867,0.12364385285804261
-3.027502625164073,0.10621843433474651
-3.0270655353459595,0.10764552877775993
-3.026628445527846,0.11623453674913467
-3.026191355709732,0.11308914103218982
-3.0257542658916186,0.1281483674400428
-3.025317176073505,0.1522637936923379
-3.0248800862553913,0.14556442324601288
-3.0244429964372777,0.1216994105802444
-3.024005906619164,0.11215744086105998
-3.0235688168010504,0.11603631658076678
-3.0231317269829368,0.1260043457892782
-3.022694637164823,0.13971106914220446
-3.0222575473467095,0.13654022181650124
-3.021820457528596,0.11749434548148019
-3.021383367710482,0.10006595866017623
-3.0209462778923686,0.09786212160496965
-3.020509188074255,0.10576678326519796
-3.0200720982561413,0.1321321436477129
-3.0196350084380277,0.15215148880520726
-3.019197918619914,0.1331760131576927
-3.0187608288018004,0.11110518952904044
-3.0183237389836868,0.11127437074757705
-3.017886649165573,0.11402801722774665
-3.0174495593474595,0.13173883662787741
-3.017012469529346,0.1380894465517591
-3.0165753797112322,0.12771975677791497
-3.0161382898931186,0.13653441780733905
-3.015701200075005,0.15562463245301242
-3.0152641102568913,0.1509487365077977
-3.0148270204387777,0.14221424542703712
-3.014389930620664,0.14078118959102587
-3.0139528408025504,0.14633816714427042
-3.013515750984437,0.1550193419463551
-3.013078661166323,0.15049235045344483
-3.0126415713482095,0.12779572890884444
-3.012204481530096,0.1046595451599346
-3.0117673917119823,0.1067014167071849
-3.0113303018938686,0.12449779454635379
-3.010893212075755,0.12952990336200318
-3.0104561222576414,0.13300428417760232
-3.0100190324395277,0.13739841110932435
-3.009581942621414,0.13090255120505773
-3.0091448528033005,0.1137816735749569
-3.008707762985187,0.10351370401217619
-3.008270673167073,0.11176252779111538
-3.0078335833489596,0.12315195578013254
-3.007396493530846,0.1290373308983825
-3.0069594037127323,0.16256997428302528
-3.0065223138946187,0.18708071030790258
-3.006085224076505,0.1976423285134952
-3.0056481342583914,0.21695828201022208
-3.0052110444402778,0.23078788081491436
-3.004773954622164,0.21316289259038562
-3.0043368648040505,0.18601190743665139
-3.003899774985937,0.19179470659864192
-3.003462685167823,0.20958061977700787
-3.0030255953497096,0.2370062011286375
-3.002588505531596,0.2664944395056945
-3.0021514157134823,0.2221250486231693
-3.0017143258953687,0.13093121642834651
-3.001277236077255,0.10631100137543792
-3.0008401462591414,0.11927729842472616
-3.000403056441028,0.12398388678281745
-2.999965966622914,0.1326196651297445
-2.9995288768048005,0.15009842765101017
-2.999091786986687,0.13710900379088478
-2.9986546971685732,0.09645336054234896
-2.9982176073504596,0.08235377538442804
-2.997780517532346,0.0817861281669551
-2.9973434277142323,0.07628223817446796
-2.9969063378961187,0.07112907977581044
-2.996469248078005,0.07219371179383625
-2.9960321582598914,0.07732230275285878
-2.995595068441778,0.082639157667949
-2.995157978623664,0.08481126602972831
-2.9947208888055505,0.08536666244462186
-2.994283798987437,0.08466990126535909
-2.9938467091693233,0.08310031922187879
-2.9934096193512096,0.08573894058434169
-2.992972529533096,0.09050177024822333
-2.9925354397149824,0.09352946510965406
-2.9920983498968687,0.09354250983796455
-2.991661260078755,0.09147745618799398
-2.9912241702606415,0.09200374594222817
-2.990787080442528,0.09200557108232389
-2.990349990624414,0.08996745013175325
-2.9899129008063006,0.09007829500711297
-2.989475810988187,0.09102243646175524
-2.9890387211700733,0.08980359668741238
-2.9886016313519597,0.09004827717226128
-2.988164541533846,0.09377644361955993
-2.9877274517157324,0.09874634200261034
-2.9872903618976188,0.10392839004752519
-2.986853272079505,0.10725087339536997
-2.9864161822613915,0.10832499295832196
-2.985979092443278,0.10929613041882262
-2.9855420026251642,0.11338738569714157
-2.9851049128070506,0.11777095106885252
-2.984667822988937,0.11938356634752822
-2.9842307331708233,0.12516622444885264
-2.9837936433527097,0.13295435331028485
-2.983356553534596,0.13757190163673577
-2.9829194637164824,0.1468633747318093
-2.982482373898369,0.1588093475317788
-2.982045284080255,0.174682675864859
-2.9816081942621415,0.1827159751814757
-2.981171104444028,0.17356983967062137
-2.9807340146259143,0.17277896314519278
-2.9802969248078006,0.16579080713050684
-2.979859834989687,0.15135448975487356
-2.9794227451715734,0.14339883609568913
-2.9789856553534597,0.1369744984507417
-2.978548565535346,0.13295408658458657
-2.9781114757172324,0.12758291390712356
-2.977674385899119,0.1217714511132257
-2.977237296081005,0.12017920770852579
-2.9768002062628915,0.115916669684563
-2.976363116444778,0.10666788830778319
-2.9759260266266643,0.10259846352066002
-2.9754889368085506,0.10564248272602829
-2.975051846990437,0.10879360781586181
-2.9746147571723234,0.10766245544147586
-2.9741776673542097,0.10566174653094058
-2.973740577536096,0.10245676495021613
-2.9733034877179825,0.09587424877589602
-2.972866397899869,0.09306023884936998
-2.972429308081755,0.09817466009596372
-2.9719922182636416,0.1059180735777541
-2.971555128445528,0.10706275615179513
-2.9711180386274143,0.10347025752169221
-2.9706809488093007,0.10280331990417158
-2.970243858991187,0.10317462158748805
-2.9698067691730734,0.10239881483176506
-2.9693696793549598,0.09801510231963248
-2.968932589536846,0.09131454321163725
-2.9684954997187325,0.08793908462273954
-2.968058409900619,0.08483332731387543
-2.9676213200825052,0.08354606531665668
-2.9671842302643916,0.08764487438648079
-2.966747140446278,0.09112909945172491
-2.9663100506281643,0.0900517824158157
-2.9658729608100507,0.08863570522726735
-2.965435870991937,0.08635618516481892
-2.9649987811738234,0.08359585763303026
-2.96456169135571,0.08366090447374856
-2.964124601537596,0.08556246659542074
-2.9636875117194825,0.08635821757971913
-2.963250421901369,0.0856471423489275
-2.9628133320832553,0.08296856004230295
-2.9623762422651416,0.08375815794751255
-2.961939152447028,0.08669402646901724
-2.9615020626289144,0.08265985212431484
-2.9610649728108007,0.07458033071504679
-2.960627882992687,0.07245132534137903
-2.9601907931745735,0.0758686160692947
-2.95975370335646,0.07828410970131681
-2.959316613538346,0.07556038474127078
-2.9588795237202326,0.06630121361543481
-2.958442433902119,0.05224174917062664
-2.9580053440840053,0.043928941708704775
-2.9575682542658916,0.04278167031327997
-2.957131164447778,0.043848859142414646
-2.9566940746296644,0.04618247324124004
-2.9562569848115507,0.048883151656056056
-2.955819894993437,0.05119441359699796
-2.9553828051753235,0.05519241177238127
-2.95494571535721,0.05913973990005885
-2.954508625539096,0.06484280673283344
-2.9540715357209826,0.0719966011288646
-2.953634445902869,0.07538676365632961
-2.9531973560847553,0.08102113700766092
-2.9527602662666417,0.08987504234990899
-2.952323176448528,0.08734053254165064
-2.9518860866304144,0.0780669956107668
-2.9514489968123008,0.0771413336979514
-2.951011906994187,0.0797511302745197
-2.9505748171760735,0.07781941757940695
-2.95013772735796,0.0761985875090498
-2.9497006375398462,0.07604577139434306
-2.9492635477217326,0.07462457466569726
-2.948826457903619,0.07257032159848208
-2.9483893680855053,0.0768090656900868
-2.9479522782673917,0.09837338072404356
-2.947515188449278,0.13923336173699258
-2.9470780986311644,0.17204621712665732
-2.946641008813051,0.15526652321032713
-2.9462039189949376,0.10915242076033885
-2.945766829176824,0.09130088489102516
-2.9453297393587103,0.08942376415849558
-2.9448926495405967,0.07887312903633868
-2.944455559722483,0.0704336813918965
-2.9440184699043694,0.06857264208686889
-2.943581380086256,0.0673587325083432
-2.943144290268142,0.0642699822114612
-2.9427072004500285,0.06554265277489886
-2.942270110631915,0.06777970571373251
-2.9418330208138013,0.06552899338579946
-2.9413959309956876,0.06180523415029743
-2.940958841177574,0.060452133611066876
-2.9405217513594604,0.057414219417853116
-2.9400846615413467,0.05006176766360831
-2.939647571723233,0.051251045127863534
-2.9392104819051195,0.062108274685810934
-2.938773392087006,0.08234727207648666
-2.938336302268892,0.12574800510172995
-2.9378992124507786,0.1921105680832907
-2.937462122632665,0.2768186889517639
-2.9370250328145513,0.35450485169080365
-2.9365879429964377,0.4071181457210763
-2.936150853178324,0.37337928211614907
-2.9357137633602104,0.3080798390551001
-2.9352766735420968,0.26782962741881705
-2.934839583723983,0.2182373697776832
-2.9344024939058695,0.18186270656082454
-2.933965404087756,0.15657727185820505
-2.9335283142696422,0.12653449567642225
-2.9330912244515286,0.09402449382971123
-2.932654134633415,0.06654552660577169
-2.9322170448153013,0.027210774755408413
-2.9317799549971877,0.003319271611783085
-2.931342865179074,0.0002864081373982505
-2.9309057753609604,0.0001338470494396517
-2.930468685542847,8.13942311124659e-05
-2.930031595724733,7.113396773064036e-05
-2.9295945059066195,4.627012118123897e-05
-2.929157416088506,0.00022409000777049427
-2.9287203262703922,8.275418012171396e-05
-2.9282832364522786,0.004416376771175963
-2.927846146634165,0.021604901803437177
-2.9274090568160513,0.06436242886378928
-2.9269719669979377,0.1306590080123038
-2.926534877179824,0.1898845689081405
-2.9260977873617104,0.21039164231285062
-2.925660697543597,0.17108627268058751
-2.925223607725483,0.10753367955904487
-2.9247865179073695,0.047330557211226316
-2.924349428089256,0.014014275491761029
-2.9239123382711423,0.0017947538306508648
-2.9234752484530286,0.0001374683904803148
-2.923038158634915,0.00011486688903135584
-2.9226010688168014,6.0426184098155354e-05
-2.9221639789986877,3.1242845144473824e-05
-2.921726889180574,4.5262032390502804e-05
-2.9212897993624605,4.097436603579061e-05
-2.920852709544347,8.275193752704749e-05
-2.920415619726233,0.0001220967766425338
-2.9199785299081196,0.00048510418916862703
-2.919541440090006,0.0014576686505935986
-2.9191043502718923,0.030229384571419327
-2.9186672604537787,0.13286099432130646
-2.918230170635665,0.19110778879411247
-2.9177930808175514,0.10440920520553601
-2.9173559909994378,0.019289203226658704
-2.916918901181324,0.003038869879175243
-2.9164818113632105,0.02910383924895152
-2.916044721545097,0.11298017085565228
-2.9156076317269832,0.17916423420572555
-2.9151705419088696,0.1842350877040615
-2.914733452090756,0.19982606236757747
-2.9142963622726423,0.223036709282372
-2.9138592724545287,0.22449884832882191
-2.913422182636415,0.19349343651938672
-2.9129850928183014,0.1963317974684419
-2.912548003000188,0.2358752567342217
-2.912110913182074,0.22466190491550206
-2.9116738233639605,0.20799555475118953
-2.911236733545847,0.24141936878473746
-2.9107996437277333,0.23821078519488958
-2.9103625539096196,0.1812458051443106
-2.909925464091506,0.1420229779516304
-2.9094883742733924,0.1409386220616671
-2.9090512844552787,0.16421351900043255
-2.908614194637165,0.16276106881651492
-2.9081771048190515,0.15749943147078072
-2.907740015000938,0.17350831945502376
-2.907302925182824,0.17586026116207057
-2.9068658353647105,0.16771237540359696
-2.906428745546597,0.1627380480712902
-2.9059916557284833,0.16343717977270258
-2.9055545659103696,0.2115237627665155
-2.905117476092256,0.2725480577176682
-2.9046803862741424,0.2810678996568292
-2.9042432964560287,0.2500837777837993
-2.903806206637915,0.22180836200671034
-2.9033691168198015,0.18706258317608834
-2.902932027001688,0.11203142414624845
-2.902494937183574,0.055825480604032474
-2.9020578473654606,0.05832645429443969
-2.901620757547347,0.08654298705253735
-2.9011836677292333,0.10266066668272385
-2.9007465779111197,0.09775621661652144
-2.900309488093006,0.09945462378692549
-2.8998723982748924,0.13048013099227662
-2.8994353084567788,0.16085822454119003
-2.898998218638665,0.1500177653127126
-2.8985611288205515,0.12894044228553928
-2.898124039002438,0.13538975425544644
-2.8976869491843242,0.14442240851251925
-2.8972498593662106,0.1429414889912863
-2.896812769548097,0.14402311768653325
-2.8963756797299833,0.16406980688776931
-2.8959385899118697,0.1763941980344726
-2.895501500093756,0.14181910202454623
-2.8950644102756424,0.08852371766953523
-2.894627320457529,0.056425198084175274
-2.894190230639415,0.04943060978536338
-2.8937531408213015,0.05135150966370246
-2.893316051003188,0.0556229989942457
-2.8928789611850743,0.06502820617550588
-2.8924418713669606,0.07163558025616698
-2.892004781548847,0.06931547150600277
-2.8915676917307334,0.07409904327863315
-2.8911306019126197,0.09517199581651026
-2.890693512094506,0.09371445822679349
-2.8902564222763925,0.04890932689876323
-2.889819332458279,0.023870084267798877
-2.889382242640165,0.04050925449410831
-2.8889451528220516,0.05811077129437608
-2.888508063003938,0.06746647089775441
-2.8880709731858243,0.07413829741349784
-2.8876338833677107,0.06977601164062873
-2.887196793549597,0.05774536488065792
-2.8867597037314834,0.04926901658405154
-2.8863226139133698,0.03170667871303789
-2.885885524095256,0.009523519783037023
-2.8854484342771425,0.0009056631434133354
-2.885011344459029,0.000389747179370964
-2.884574254640915,0.0007971168282735443
-2.8841371648228016,0.008278872952486927
-2.883700075004688,0.049569981616255816
-2.8832629851865743,0.14133273171253175
-2.8828258953684607,0.2366913214495574
-2.882388805550347,0.2624526563922394
-2.8819517157322334,0.18938318444714985
-2.8815146259141198,0.08728771466909305
-2.881077536096006,0.045795121210693006
-2.8806404462778925,0.048292886012813084
-2.880203356459779,0.0640685478221009
-2.8797662666416652,0.08996657422427955
-2.8793291768235516,0.11142613414896686
-2.878892087005438,0.13502562138347954
-2.8784549971873243,0.14344566307519435
-2.8780179073692107,0.15370590172362397
-2.877580817551097,0.21624308553521868
-2.8771437277329834,0.24140503454202378
-2.87670663791487,0.21512451032108929
-2.876269548096756,0.22064716550138344
-2.8758324582786425,0.18937403993270605
-2.875395368460529,0.1649445071291948
-2.8749582786424153,0.19271527019665236
-2.8745211888243016,0.1829252149084263
-2.874084099006188,0.15211361966922568
-2.8736470091880744,0.1163793059170374
-2.8732099193699607,0.07701207686426488
-2.872772829551847,0.05241684338088757
-2.8723357397337335,0.05637452629081924
-2.87189864991562,0.08560130114707211
-2.871461560097506,0.12473373998197966
-2.8710244702793926,0.1607030546271431
-2.870587380461279,0.17530165766151692
-2.8701502906431653,0.18229015168038945
-2.8697132008250517,0.17837787826260473
-2.869276111006938,0.14872073013736045
-2.8688390211888244,0.125045588329597
-2.8684019313707108,0.15138966458246925
-2.867964841552597,0.18773483465905505
-2.8675277517344835,0.1783019674108665
-2.86709066191637,0.15459812562151884
-2.866653572098256,0.14575547455712765
-2.8662164822801426,0.1334926819359365
-2.865779392462029,0.12222987296125742
-2.8653423026439153,0.14225246330136665
-2.8649052128258017,0.16944972732450242
-2.864468123007688,0.156178854212971
-2.8640310331895744,0.12289530103800243
-2.863593943371461,0.11060381566740941
-2.863156853553347,0.11120165605007523
-2.8627197637352335,0.11503768271393802
-2.86228267391712,0.11360984543256754
-2.8618455840990062,0.10110837838723337
-2.8614084942808926,0.09776283613614359
-2.860971404462779,0.1067328719647209
-2.8605343146446653,0.1223616811673625
-2.8600972248265517,0.1351406621450696
-2.859660135008438,0.1160634210467452
-2.8592230451903244,0.09084511858423183
-2.858785955372211,0.08828304959410736
-2.858348865554097,0.09391293226152776
-2.8579117757359835,0.10153477941942717
-2.85747468591787,0.10477557800677002
-2.8570375960997563,0.10265277924731475
-2.8566005062816426,0.10535107967415003
-2.856163416463529,0.11663436720351603
-2.8557263266454154,0.1239573660443271
-2.8552892368273017,0.12013155303595192
-2.854852147009188,0.1136764407170715
-2.8544150571910745,0.11173153880087806
-2.853977967372961,0.1156860297642853
-2.853540877554847,0.11067621753568047
-2.8531037877367336,0.0990814851388513
-2.85266669791862,0.10577694052401618
-2.8522296081005063,0.1101939817425049
-2.8517925182823927,0.09363995043177706
-2.851355428464279,0.0807373075525223
-2.8509183386461654,0.09037034052105818
-2.8504812488280518,0.10073052644199285
-2.850044159009938,0.08690660894841803
-2.8496070691918245,0.06628530668952211
-2.849169979373711,0.0563962512389722
-2.8487328895555972,0.05074115778673716
-2.8482957997374836,0.04248472545379626
-2.84785870991937,0.03797581320887906
-2.8474216201012563,0.03834848464915807
-2.8469845302831427,0.03942958483077406
-2.846547440465029,0.04510758117950324
-2.8461103506469154,0.052231821433917726
-2.845673260828802,0.05521912434549919
-2.845236171010688,0.05803999982598142
-2.8447990811925745,0.061006315868046564
-2.844361991374461,0.06673927203878106
-2.8439249015563473,0.07894710940031638
-2.8434878117382336,0.09023616958041904
-2.84305072192012,0.09403091066110335
-2.8426136321020063,0.08968791792614872
-2.8421765422838927,0.09174163954484994
-2.841739452465779,0.10464162240628815
-2.8413023626476654,0.11048461666761873
-2.840865272829552,0.09974808409128656
-2.840428183011438,0.09083902573775401
-2.8399910931933245,0.10321200406802235
-2.839554003375211,0.11740654804916892
-2.8391169135570973,0.11364622142213689
-2.8386798237389836,0.10604623155192158
-2.83824273392087,0.11604733501558794
-2.8378056441027564,0.13490703495572706
-2.8373685542846427,0.14497947156226623
-2.836931464466529,0.13570095131413493
-2.8364943746484155,0.11990428476844746
-2.836057284830302,0.11817825386007012
-2.835620195012188,0.1112284724364768
-2.8351831051940746,0.09499159437657816
-2.834746015375961,0.08399276964967581
-2.8343089255578473,0.08160939500170727
-2.8338718357397337,0.08844445169280081
-2.83343474592162,0.09959621049920046
-2.8329976561035064,0.1071159476626243
-2.8325605662853928,0.10191691547037678
-2.832123476467279,0.0909147091007217
-2.8316863866491655,0.0842441549332841
-2.831249296831052,0.0880178556600379
-2.8308122070129382,0.10460144967672469
-2.8303751171948246,0.12520391845822884
-2.829938027376711,0.1481127205351293
-2.8295009375585973,0.15766288426729377
-2.8290638477404837,0.13710620599432094
-2.82862675792237,0.11000010582423914
-2.8281896681042564,0.10532573362464479
-2.827752578286143,0.11271065171154192
-2.827315488468029,0.12704542093327745
-2.8268783986499155,0.14424695588414624
-2.826441308831802,0.12906350013787873
-2.8260042190136883,0.09910898118117747
-2.8255671291955746,0.0984151088514188
-2.825130039377461,0.11270945689899521
-2.8246929495593474,0.11750598620805996
-2.8242558597412337,0.1174204411157169
-2.82381876992312,0.12169716182985624
-2.8233816801050065,0.13842858064788108
-2.822944590286893,0.16581381927562314
-2.822507500468779,0.17113531172590973
-2.8220704106506656,0.1544764643066747
-2.821633320832552,0.1614247162047362
-2.8211962310144383,0.18289098914817642
-2.8207591411963246,0.19044092724089196
-2.820322051378211,0.19602709462862006
-2.8198849615600974,0.1987810740631404
-2.8194478717419837,0.19485657058665032
-2.81901078192387,0.19157985093905736
-2.818573692105757,0.1855281450685506
-2.8181366022876433,0.17242407668814816
-2.8176995124695297,0.15906927901053822
-2.817262422651416,0.1545818068786009
-2.8168253328333024,0.15664283664149714
-2.8163882430151888,0.16553206573736487
-2.815951153197075,0.1750183642761832
-2.8155140633789615,0.17406710163534136
-2.815076973560848,0.16260517367056546
-2.814639883742734,0.1398430380765764
-2.8142027939246206,0.12504414478457468
-2.813765704106507,0.13327009740899526
-2.8133286142883933,0.1423392654166161
-2.8128915244702797,0.1384943778713731
-2.812454434652166,0.1276208641577071
-2.8120173448340524,0.11373142702772447
-2.811580255015939,0.09956625324514579
-2.811143165197825,0.09828190513283998
-2.8107060753797115,0.11524213919495753
-2.810268985561598,0.12674614488021121
-2.8098318957434842,0.1240627384005326
-2.8093948059253706,0.11735451374289149
-2.808957716107257,0.1108698934710567
-2.8085206262891433,0.10693809122269285
-2.8080835364710297,0.10172952168932438
-2.807646446652916,0.09932475701768971
-2.8072093568348024,0.10602952236577985
-2.806772267016689,0.11355652648430672
-2.806335177198575,0.11871252181665252
-2.8058980873804615,0.12967038992282212
-2.805460997562348,0.13870275836960347
-2.8050239077442343,0.12949081852051783
-2.8045868179261206,0.1055257780897144
-2.804149728108007,0.08543833217538419
-2.8037126382898934,0.08239961481569545
-2.8032755484717797,0.08648879867600744
-2.802838458653666,0.08661679276288811
-2.8024013688355525,0.08206961943273774
-2.801964279017439,0.07791226393602022
-2.801527189199325,0.08101288907670713
-2.8010900993812116,0.08354787820011976
-2.800653009563098,0.08815440861519283
-2.8002159197449843,0.09572988197741919
-2.7997788299268707,0.1008042256744923
-2.799341740108757,0.1100715956505907
-2.7989046502906434,0.11785510227835826
-2.7984675604725298,0.1176873264842935
-2.798030470654416,0.11815362197087073
-2.7975933808363025,0.1283541265242394
-2.797156291018189,0.13557657561127417
-2.7967192012000752,0.120789127074475
-2.7962821113819616,0.0950946389752462
-2.795845021563848,0.0830531016862901
-2.7954079317457343,0.08645263490110813
-2.7949708419276207,0.09017716016477366
-2.794533752109507,0.09155105570024087
-2.7940966622913934,0.0912478156857532
-2.79365957247328,0.08335865422898918
-2.793222482655166,0.07531515060416508
-2.7927853928370525,0.07824868339692473
-2.792348303018939,0.08953959159195232
-2.7919112132008252,0.09465178513085185
-2.7914741233827116,0.09055534921527301
-2.791037033564598,0.09627406615811285
-2.7905999437464843,0.1104238251214985
-2.7901628539283707,0.10921386529692265
-2.789725764110257,0.09803702149276552
-2.7892886742921434,0.09572150940898272
-2.78885158447403,0.09682755566849624
-2.788414494655916,0.09476365718420361
-2.7879774048378025,0.09512177350702307
-2.787540315019689,0.09590604319453268
-2.7871032252015753,0.08924417971346506
-2.7866661353834616,0.08440820219462404
-2.786229045565348,0.08816991025102063
-2.7857919557472344,0.09752234129598185
-2.7853548659291207,0.1088191524909271
-2.784917776111007,0.1028087172827682
-2.7844806862928935,0.08142974615281497
-2.78404359647478,0.07153022513329853
-2.783606506656666,0.08217666593401159
-2.7831694168385526,0.11088963749618629
-2.782732327020439,0.14180917731728865
-2.7822952372023253,0.1447145330575908
-2.7818581473842117,0.12697790738739426
-2.781421057566098,0.12716983796747186
-2.7809839677479844,0.1395520015982348
-2.7805468779298708,0.13260191711324623
-2.780109788111757,0.11215137962162965
-2.7796726982936435,0.10263318984704337
-2.77923560847553,0.11663357698284091
-2.7787985186574162,0.14295638434176908
-2.7783614288393026,0.15632038318003882
-2.777924339021189,0.16142233780287454
-2.7774872492030753,0.16713395613681442
-2.7770501593849617,0.1685203425404837
-2.776613069566848,0.17228160049397673
-2.7761759797487344,0.1707034843798127
-2.775738889930621,0.1598848403091351
-2.775301800112507,0.15301265280610674
-2.7748647102943935,0.15009142812337475
-2.77442762047628,0.14213242283623523
-2.7739905306581663,0.12854123511574875
-2.7735534408400526,0.12512040495151394
-2.773116351021939,0.13514032635394133
-2.7726792612038254,0.14539936964243383
-2.7722421713857117,0.15856796157672395
-2.771805081567598,0.17287457901089137
-2.7713679917494844,0.17471435181117725
-2.770930901931371,0.1735686081633049
-2.770493812113257,0.18023231896384728
-2.7700567222951435,0.17777024240542594
-2.76961963247703,0.16671259658812004
-2.7691825426589163,0.16519570694266247
-2.7687454528408026,0.1730050702384038
-2.768308363022689,0.19230073117365967
-2.7678712732045754,0.21466920612273968
-2.7674341833864617,0.2323941084253039
-2.766997093568348,0.2558845994012465
-2.7665600037502345,0.2823125526509666
-2.766122913932121,0.29694937603631616
-2.765685824114007,0.2857375175610093
-2.7652487342958936,0.2543261923162025
-2.76481164447778,0.2318777755159463
-2.7643745546596663,0.22030352988706461
-2.7639374648415527,0.17743337253891361
-2.763500375023439,0.11892740761119149
-2.7630632852053254,0.09960851934497879
-2.7626261953872118,0.10585627338303218
-2.762189105569098,0.10901205884518265
-2.7617520157509845,0.11356053137901435
-2.761314925932871,0.13680750628642757
-2.7608778361147572,0.18285835438015438
-2.7604407462966436,0.22520693310541895
-2.76000365647853,0.24031405886911913
-2.7595665666604163,0.23754397283180378
-2.7591294768423027,0.2307357052189006
-2.758692387024189,0.21632854215206945
-2.7582552972060754,0.19579449946620114
-2.757818207387962,0.18267081065380375
-2.757381117569848,0.1851404298156972
-2.7569440277517345,0.1803809883334276
-2.756506937933621,0.15862379173692567
-2.7560698481155073,0.1580315510152547
-2.7556327582973936,0.1863354399858898
-2.75519566847928,0.20618564717258867
-2.7547585786611664,0.20287470337547944
-2.7543214888430527,0.187087331046401
-2.753884399024939,0.1668474887632223
-2.7534473092068255,0.16567560498111567
-2.753010219388712,0.18466131512147085
-2.752573129570598,0.18947754547697676
-2.7521360397524846,0.17958093578053438
-2.751698949934371,0.1655858528231314
-2.7512618601162573,0.14651916443753224
-2.7508247702981437,0.13734385386191597
-2.75038768048003,0.15569951713054114
-2.7499505906619164,0.18729150590982005
-2.7495135008438027,0.19539625224393445
-2.749076411025689,0.18157900507569338
-2.7486393212075755,0.18314446257656364
-2.748202231389462,0.2082556365843771
-2.747765141571348,0.2166280601533419
-2.7473280517532346,0.19778494691172915
-2.746890961935121,0.18860751733064782
-2.7464538721170073,0.18269507260621093
-2.7460167822988937,0.16111501923367874
-2.74557969248078,0.13935227372703934
-2.7451426026626664,0.12482791665133723
-2.7447055128445528,0.12909728532608253
-2.744268423026439,0.14900519602161746
-2.7438313332083255,0.14716028784341936
-2.743394243390212,0.12841653677166673
-2.7429571535720982,0.12800737786338726
-2.7425200637539846,0.139804018390336
-2.742082973935871,0.13989472127676877
-2.741645884117758,0.13297774366860537
-2.741208794299644,0.14489663394298602
-2.7407717044815305,0.16912887752768188
-2.740334614663417,0.18214132996805005
-2.7398975248453032,0.2055345951333147
-2.7394604350271896,0.2433371565871099
-2.739023345209076,0.2445609630903745
-2.7385862553909623,0.21393563281989225
-2.7381491655728487,0.19633674592928685
-2.737712075754735,0.182388701385549
-2.7372749859366214,0.1572286975933858
-2.736837896118508,0.1344704804823565
-2.736400806300394,0.12042505368286194
-2.7359637164822805,0.11078946849942264
-2.735526626664167,0.10833050622774176
-2.7350895368460533,0.11596169681894994
-2.7346524470279396,0.12382504068913029
-2.734215357209826,0.12038147117554941
-2.7337782673917124,0.11659319304664242
-2.7333411775735987,0.1237287872646016
-2.732904087755485,0.12257845507751595
-2.7324669979373715,0.10151889771607227
-2.732029908119258,0.07740080265613222
-2.731592818301144,0.0733942174879604
-2.7311557284830306,0.09174116250778279
-2.730718638664917,0.10799527815680195
-2.7302815488468033,0.10769985714426322
-2.7298444590286897,0.0920779714423298
-2.729407369210576,0.0613546085954613
-2.7289702793924624,0.027216996652374127
-2.7285331895743488,0.006674479774200382
-2.728096099756235,0.0012619569082138271
-2.7276590099381215,0.003965995151691957
-2.727221920120008,0.010493278178689152
-2.7267848303018942,0.018513719597453102
-2.7263477404837806,0.0309831380872057
-2.725910650665667,0.05277725952887296
-2.7254735608475533,0.07006781722239795
-2.7250364710294397,0.06502547507673566
-2.724599381211326,0.051263485229344416
-2.7241622913932124,0.0466823469066612
-2.723725201575099,0.04872315963142465
-2.723288111756985,0.05462686889276378
-2.7228510219388715,0.07102059120817693
-2.722413932120758,0.10421178825406331
-2.7219768423026443,0.12291800825592328
-2.7215397524845306,0.09285066443658704
-2.721102662666417,0.06295993166540562
-2.7206655728483033,0.08223578598577184
-2.7202284830301897,0.11399618411187218
-2.719791393212076,0.12019647739666352
-2.7193543033939624,0.10409348558711086
-2.718917213575849,0.08776482536266494
-2.718480123757735,0.09056313860744872
-2.7180430339396215,0.10343298728035256
-2.717605944121508,0.11423620750935606
-2.7171688543033943,0.12874266696620962
-2.7167317644852806,0.14584283640811413
-2.716294674667167,0.1598221256529741
-2.7158575848490534,0.16702634912224004
-2.7154204950309397,0.16271139090702363
-2.714983405212826,0.16054879490012297
-2.7145463153947125,0.17062456294935552
-2.714109225576599,0.17872420722939228
-2.713672135758485,0.17455071642175743
-2.7132350459403716,0.15604547520618975
-2.712797956122258,0.14473493328488748
-2.7123608663041443,0.14434736812068416
-2.7119237764860307,0.10778700181330363
-2.711486686667917,0.06094940155951926
-2.7110495968498034,0.05901467883928764
-2.7106125070316898,0.060288451583362976
-2.710175417213576,0.04035992415433707
-2.7097383273954625,0.031789984759713175
-2.709301237577349,0.03698909025343705
-2.7088641477592352,0.036654857046820866
-2.7084270579411216,0.02312086363861959
-2.707989968123008,0.008008660711721894
-2.7075528783048943,0.012535149109151182
-2.7071157884867807,0.055329273867585016
-2.706678698668667,0.1197247981515924
-2.7062416088505534,0.14983884917878862
-2.70580451903244,0.14259835881578353
-2.705367429214326,0.1516404626350292
-2.7049303393962125,0.18995943416015934
-2.704493249578099,0.2231445822490441
-2.7040561597599853,0.20869890563071425
-2.7036190699418716,0.16395690672656382
-2.703181980123758,0.1609315946885304
-2.7027448903056444,0.1782570429626158
-2.7023078004875307,0.16121735608912724
-2.701870710669417,0.1414306666150433
-2.7014336208513035,0.13702594223602843
-2.70099653103319,0.12566405784800447
-2.700559441215076,0.10573559856309427
-2.7001223513969626,0.09845548361308232
-2.699685261578849,0.10932380784296374
-2.6992481717607353,0.11586889798917108
-2.6988110819426216,0.1116769327912066
-2.698373992124508,0.11567492983554274
-2.6979369023063944,0.13527758450403812
-2.6974998124882807,0.1485395438006977
-2.697062722670167,0.1382631121338018
-2.6966256328520535,0.12715150482763277
-2.69618854303394,0.13365364794070259
-2.695751453215826,0.1425653548259342
-2.6953143633977126,0.14966156632619745
-2.694877273579599,0.16656582337875772
-2.6944401837614853,0.19147974379672245
-2.6940030939433717,0.20898626303718876
-2.693566004125258,0.20686612215358227
-2.6931289143071444,0.1894396739188628
-2.6926918244890308,0.16806537954038023
-2.692254734670917,0.15079691762609151
-2.6918176448528035,0.14259830088525424
-2.69138055503469,0.13964195848853872
-2.6909434652165762,0.13931847389699134
-2.6905063753984626,0.1448683297924959
-2.690069285580349,0.14779249054699697
-2.6896321957622353,0.14250412209609456
-2.6891951059441217,0.14789169171768526
-2.688758016126008,0.16759900597698899
-2.6883209263078944,0.17381865520172718
-2.687883836489781,0.1568442206927188
-2.687446746671667,0.13595685370069446
-2.6870096568535535,0.13228226154755254
-2.68657256703544,0.14621036220454772
-2.6861354772173263,0.15468639829843375
-2.6856983873992126,0.14523474771214565
-2.685261297581099,0.1401508763115979
-2.6848242077629854,0.15593746736558142
-2.6843871179448717,0.17046934914164197
-2.683950028126758,0.167393550707556
-2.6835129383086445,0.15539328815298964
-2.683075848490531,0.13967955169393828
-2.682638758672417,0.12166739723996102
-2.6822016688543036,0.11216562647301255
-2.68176457903619,0.12277998728247777
-2.6813274892180763,0.14566197274469
-2.6808903993999627,0.15960106576503352
-2.680453309581849,0.15655021801946006
-2.6800162197637354,0.15011582804990167
-2.6795791299456218,0.1543528087927586
-2.679142040127508,0.16231452120045395
-2.6787049503093945,0.16145516374476973
-2.678267860491281,0.1574919957600804
-2.677830770673167,0.1631208881353339
-2.6773936808550536,0.17370800241401585
-2.67695659103694,0.17272646300808359
-2.6765195012188263,0.1587032225680323
-2.6760824114007127,0.14920228418949089
-2.675645321582599,0.14754759895130576
-2.6752082317644854,0.1415214558715081
-2.6747711419463718,0.14426048749635356
-2.674334052128258,0.16967635252211738
-2.6738969623101445,0.19355162039053805
-2.673459872492031,0.19742792175520002
-2.6730227826739172,0.1941089366165021
-2.6725856928558036,0.19251139697235345
-2.67214860303769,0.18757126247192088
-2.6717115132195763,0.18134098203140717
-2.6712744234014627,0.1806122157673015
-2.670837333583349,0.18111549191401694
-2.6704002437652354,0.17750072994393445
-2.669963153947122,0.17086088519850626
-2.669526064129008,0.1594213372234894
-2.6690889743108945,0.1429729209852193
-2.668651884492781,0.1258580590802393
-2.6682147946746673,0.11106324215008598
-2.6677777048565536,0.10282672520042489
-2.66734061503844,0.10273319497296486
-2.6669035252203264,0.10688921764594723
-2.6664664354022127,0.11096759981320495
-2.666029345584099,0.10694454039222152
-2.6655922557659855,0.09087667597754343
-2.665155165947872,0.0741763132606208
-2.664718076129758,0.07149722183101556
-2.6642809863116446,0.08503621142877317
-2.663843896493531,0.10479605657256262
-2.6634068066754173,0.11767819763225588
-2.6629697168573037,0.11661650527721397
-2.66253262703919,0.10965376261405528
-2.6620955372210764,0.11022385704132599
-2.6616584474029628,0.11579416915502957
-2.661221357584849,0.1096316330043146
-2.6607842677667355,0.0844126141180668
-2.660347177948622,0.0606591218181039
-2.659910088130508,0.055840407429862925
-2.6594729983123946,0.058389778147153445
-2.659035908494281,0.06066038007023227
-2.6585988186761673,0.06622834141223645
-2.6581617288580537,0.07219860481002142
-2.65772463903994,0.07555447093393794
-2.6572875492218264,0.07759399221899532
-2.656850459403713,0.07857405082755965
-2.656413369585599,0.07805220579001519
-2.6559762797674855,0.0776617659206607
-2.655539189949372,0.07889453298219118
-2.6551021001312582,0.0889269690999072
-2.6546650103131446,0.10851928074808126
-2.654227920495031,0.1171788459555617
-2.6537908306769173,0.10443560819164145
-2.6533537408588037,0.08591524165911157
-2.65291665104069,0.08239926514174463
-2.6524795612225764,0.10197680248851003
-2.652042471404463,0.13236300934967393
-2.651605381586349,0.15153548258368013
-2.6511682917682355,0.1494478469020854
-2.650731201950122,0.13769434320087645
-2.6502941121320083,0.13140267208489426
-2.6498570223138946,0.13332166101610227
-2.649419932495781,0.14276239368219298
-2.6489828426776674,0.1577110313904717
-2.6485457528595537,0.1698998253003925
-2.64810866304144,0.17065619926134276
-2.6476715732233265,0.1606117863669804
-2.647234483405213,0.14830950721235286
-2.646797393587099,0.13500030207745947
-2.6463603037689856,0.12088512915082518
-2.645923213950872,0.11260828687879294
-2.6454861241327583,0.11160402522507454
-2.6450490343146447,0.1184566674088504
-2.644611944496531,0.12712194742200456
-2.6441748546784174,0.12841504627694586
-2.6437377648603038,0.13048196789287425
-2.64330067504219,0.14044980224015643
-2.6428635852240765,0.15257261203166056
-2.642426495405963,0.16443417616195927
-2.6419894055878492,0.17558208038510428
-2.6415523157697356,0.18311835703412666
-2.641115225951622,0.18510385605037477
-2.6406781361335083,0.17892541453788402
-2.6402410463153947,0.16929538870557911
-2.639803956497281,0.16433280048893575
-2.6393668666791674,0.1635910009419496
-2.638929776861054,0.16957672223442113
-2.63849268704294,0.17659463072959095
-2.6380555972248265,0.17067363611640343
-2.637618507406713,0.16070280151416763
-2.6371814175885993,0.15962240232916827
-2.6367443277704856,0.165698290008081
-2.636307237952372,0.1770063821193372
-2.6358701481342584,0.19018551797244304
-2.6354330583161447,0.19913361031088636
-2.634995968498031,0.20228461719272745
-2.6345588786799174,0.199764565903356
-2.634121788861804,0.19126056559303345
-2.63368469904369,0.18724842152695778
-2.6332476092255765,0.19879118887685857
-2.632810519407463,0.21820638053105385
-2.6323734295893493,0.23191430770179547
-2.6319363397712356,0.23672283208888517
-2.631499249953122,0.23572259844070234
-2.6310621601350084,0.23264764280670455
-2.6306250703168947,0.23249346348298766
-2.630187980498781,0.23528192360109565
-2.6297508906806675,0.2394501002786396
-2.629313800862554,0.24853386747590106
-2.62887671104444,0.25807833654813045
-2.6284396212263266,0.25718177112985
-2.628002531408213,0.24593487994005966
-2.6275654415900993,0.2351792985061843
-2.6271283517719857,0.2297039726788428
-2.626691261953872,0.22286147632775558
-2.6262541721357584,0.2162684401521498
-2.6258170823176448,0.22054783880683476
-2.625379992499531,0.23316007004824427
-2.6249429026814175,0.24377212788999386
-2.624505812863304,0.2490231565305679
-2.6240687230451902,0.24912242204175525
-2.6236316332270766,0.24437511401950585
-2.623194543408963,0.23722244126551445
-2.6227574535908493,0.2305594435044031
-2.6223203637727357,0.21873546251810067
-2.621883273954622,0.1948231111789708
-2.6214461841365084,0.17394451629813526
-2.621009094318395,0.17534915218411926
-2.620572004500281,0.18907727324990467
-2.6201349146821675,0.20089668655803128
-2.619697824864054,0.21315485074835316
-2.6192607350459403,0.21672308476037103
-2.6188236452278266,0.19639518330503858
-2.618386555409713,0.165057114933814
-2.6179494655915994,0.14951470224786764
-2.6175123757734857,0.15353880866369327
-2.617075285955372,0.1620070982537061
-2.6166381961372585,0.1675386665594361
-2.616201106319145,0.17034932390553323
-2.615764016501031,0.1688969810854073
-2.6153269266829176,0.164899355217729
-2.614889836864804,0.1602308448740364
-2.6144527470466903,0.152128499623531
-2.614015657228577,0.14484237524268154
-2.6135785674104635,0.14714730989946714
-2.61314147759235,0.15329485731083525
-2.612704387774236,0.15467195981971643
-2.6122672979561226,0.1584794616683761
-2.611830208138009,0.17007970353060142
-2.6113931183198953,0.17726609751700587
-2.6109560285017817,0.16816650968745614
-2.610518938683668,0.15136667774105708
-2.6100818488655544,0.14025697396231898
-2.6096447590474408,0.1330612634595086
-2.609207669229327,0.12623835912233047
-2.6087705794112135,0.12366976373882568
-2.6083334895931,0.1261242619531222
-2.607896399774986,0.13221773162404388
-2.6074593099568726,0.14084530249104452
-2.607022220138759,0.14383839902717216
-2.6065851303206453,0.13599807210055168
-2.6061480405025317,0.12616602768654034
-2.605710950684418,0.12741111272221411
-2.6052738608663044,0.14344216327962195
-2.604836771048191,0.1656522891023981
-2.604399681230077,0.191764131301559
-2.6039625914119635,0.22206952505013727
-2.60352550159385,0.2372074191486362
-2.6030884117757362,0.23197227077552798
-2.6026513219576226,0.22996071253982134
-2.602214232139509,0.24122682545560117
-2.6017771423213953,0.2565297595573143
-2.6013400525032817,0.2600540392658324
-2.600902962685168,0.24719113632591405
-2.6004658728670544,0.23403973069267842
-2.600028783048941,0.23072665451326094
-2.599591693230827,0.24634921266208437
-2.5991546034127135,0.282422289504537
-2.5987175135946,0.3025600995107359
-2.5982804237764863,0.2793035745786718
-2.5978433339583726,0.2348435068488408
-2.597406244140259,0.19975402955830907
-2.5969691543221454,0.1830325977028948
-2.5965320645040317,0.1815163174261199
-2.596094974685918,0.1866509065677681
-2.5956578848678045,0.19258870158890778
-2.595220795049691,0.20250171205551565
-2.594783705231577,0.21566439702410228
-2.5943466154134636,0.2225760595719461
-2.59390952559535,0.21862553773187768
-2.5934724357772363,0.20935952210068504
-2.5930353459591227,0.20797804819948262
-2.592598256141009,0.21058879292247837
-2.5921611663228954,0.19251047642490177
-2.5917240765047818,0.16507684176770185
-2.591286986686668,0.15728444311550918
-2.5908498968685545,0.1567640549559637
-2.590412807050441,0.15031193093425868
-2.5899757172323272,0.14604197912829217
-2.5895386274142136,0.14221319148773803
-2.5891015375961,0.13423809336044226
-2.5886644477779863,0.12722439983633022
-2.5882273579598727,0.12999853867471048
-2.587790268141759,0.14270561335483914
-2.5873531783236454,0.15494231629032448
-2.586916088505532,0.16704409357951605
-2.586478998687418,0.18270428849127154
-2.5860419088693045,0.18545191147309206
-2.585604819051191,0.1639120772421542
-2.5851677292330772,0.13745831602767117
-2.5847306394149636,0.1306947351574867
-2.58429354959685,0.1413431256687138
-2.5838564597787363,0.15547870629853947
-2.5834193699606227,0.1718753422693081
-2.582982280142509,0.18262366208307232
-2.5825451903243954,0.17928848787020263
-2.582108100506282,0.17687198347944388
-2.581671010688168,0.18198699224510625
-2.5812339208700545,0.1792373319632974
-2.580796831051941,0.15821085741701674
-2.5803597412338273,0.12937992766884038
-2.5799226514157136,0.11679809094328365
-2.5794855615976,0.11967420796864801
-2.5790484717794864,0.11460443566507748
-2.5786113819613727,0.10443501311201833
-2.578174292143259,0.10719052766359517
-2.5777372023251455,0.11782996153142733
-2.577300112507032,0.12435762646553505
-2.576863022688918,0.12763165246649288
-2.5764259328708046,0.1261891968083939
-2.575988843052691,0.1171253623160676
-2.5755517532345773,0.10672272166174487
-2.5751146634164637,0.09733370612649314
-2.57467757359835,0.08894456487494949
-2.5742404837802364,0.08809887158137589
-2.5738033939621228,0.09669510268039205
-2.573366304144009,0.11100445745263762
-2.5729292143258955,0.12743735427592903
-2.572492124507782,0.14032843062129194
-2.5720550346896682,0.14244294770719051
-2.5716179448715546,0.13128435396028035
-2.571180855053441,0.11488037363652262
-2.5707437652353273,0.10429139680309539
-2.5703066754172137,0.10277665334110848
-2.5698695855991,0.10835495669513098
-2.5694324957809864,0.11801931018019221
-2.568995405962873,0.1270454167205318
-2.568558316144759,0.13277129252819506
-2.5681212263266455,0.1356581418782382
-2.567684136508532,0.13705875914255067
-2.5672470466904183,0.14328806524861393
-2.5668099568723046,0.15502942007777445
-2.566372867054191,0.15972722601086403
-2.5659357772360774,0.15449886577520883
-2.5654986874179637,0.14533628986102312
-2.56506159759985,0.13673888393464892
-2.5646245077817365,0.1419493229454
-2.564187417963623,0.15736600944976073
-2.563750328145509,0.16056988831601113
-2.5633132383273955,0.15503288758844183
-2.562876148509282,0.15401442350637895
-2.5624390586911683,0.1510077719956225
-2.5620019688730546,0.14309164766346552
-2.561564879054941,0.13890420375245696
-2.5611277892368274,0.14087427599240357
-2.5606906994187137,0.1460077320835589
-2.5602536096006,0.1536352915595323
-2.5598165197824865,0.16404834563461554
-2.559379429964373,0.17354633051388282
-2.558942340146259,0.17359164088893023
-2.5585052503281456,0.1660020616196427
-2.558068160510032,0.16319331423141348
-2.5576310706919183,0.165328028992549
-2.5571939808738047,0.1645718762662403
-2.556756891055691,0.16444646764573226
-2.5563198012375774,0.1723341020160239
-2.5558827114194638,0.18281425537058954
-2.55544562160135,0.18720606613434176
-2.5550085317832365,0.18463153955943587
-2.554571441965123,0.17207081045526149
-2.5541343521470092,0.1500650659476728
-2.5536972623288956,0.13177430903231832
-2.553260172510782,0.1302512372594249
-2.5528230826926683,0.1450313631642289
-2.5523859928745547,0.1601811338337081
-2.551948903056441,0.16557496128180665
-2.5515118132383274,0.17167614119710253
-2.551074723420214,0.18138774763630794
-2.5506376336021,0.1767827617378661
-2.5502005437839865,0.15689866646101217
-2.549763453965873,0.1473300721774445
-2.5493263641477593,0.15877564353974719
-2.5488892743296456,0.17856575015116102
-2.548452184511532,0.1919463837940838
-2.5480150946934184,0.18906925393741938
-2.5475780048753047,0.17557497396815533
-2.547140915057191,0.16889694814820091
-2.5467038252390775,0.1752533609176201
-2.546266735420964,0.18639029606228544
-2.54582964560285,0.19338783075828342
-2.5453925557847366,0.19820333478947064
-2.544955465966623,0.20988044632128708
-2.5445183761485093,0.22417458375901803
-2.5440812863303957,0.22660564012782153
-2.543644196512282,0.22408601452073756
-2.5432071066941684,0.2348240136451227
-2.5427700168760548,0.2491542503752904
-2.542332927057941,0.2486949413166746
-2.5418958372398275,0.241450633053151
-2.541458747421714,0.23994749204471663
-2.5410216576036,0.23860883936335628
-2.5405845677854866,0.2299464765770652
-2.540147477967373,0.2222550733730872
-2.5397103881492593,0.22717589828484294
-2.5392732983311457,0.23236109161371396
-2.538836208513032,0.222901803541285
-2.5383991186949184,0.2123887786206131
-2.5379620288768048,0.21005429003524842
-2.537524939058691,0.20546919109164213
-2.537087849240578,0.19843964250843457
-2.5366507594224643,0.19568185148154638
-2.5362136696043507,0.19027567657790828
-2.535776579786237,0.17704984463072226
-2.5353394899681234,0.16924244652594897
-2.53490240015001,0.17290525516873215
-2.534465310331896,0.1751629380802058
-2.5340282205137825,0.16944651927119497
-2.533591130695669,0.16289257572104815
-2.5331540408775552,0.1670280002326052
-2.5327169510594416,0.18216524923085192
-2.532279861241328,0.19306218764040786
-2.5318427714232143,0.19481857871930378
-2.5314056816051007,0.19308012197077445
-2.530968591786987,0.18302424924444632
-2.5305315019688734,0.165506231889794
-2.53009441215076,0.1582845189524826
-2.529657322332646,0.1656304987274682
-2.5292202325145325,0.17328364944743754
-2.528783142696419,0.1805007059388877
-2.5283460528783053,0.18964117483003687
-2.5279089630601916,0.1885524347181628
-2.527471873242078,0.17937351431409637
-2.5270347834239644,0.17803457394422703
-2.5265976936058507,0.18709686377000218
-2.526160603787737,0.19764950184690397
-2.5257235139696235,0.19794663228530215
-2.52528642415151,0.18611390192397348
-2.524849334333396,0.17824445097687797
-2.5244122445152826,0.18435759584487424
-2.523975154697169,0.19249038770084326
-2.5235380648790553,0.18953700140158963
-2.5231009750609417,0.1789865631354926
-2.522663885242828,0.17824811177476532
-2.5222267954247144,0.19974737330880643
-2.5217897056066008,0.22950462766431542
-2.521352615788487,0.2463531681978482
-2.5209155259703735,0.2532217864063162
-2.52047843615226,0.2585501838039902
-2.5200413463341462,0.2577559499217192
-2.5196042565160326,0.25282517030965834
-2.519167166697919,0.2470910498383568
-2.5187300768798053,0.23304176704831206
-2.5182929870616917,0.22215295884788516
-2.517855897243578,0.23386279146628475
-2.5174188074254644,0.2508010601235772
-2.516981717607351,0.25115772100530487
-2.516544627789237,0.24568316045127606
-2.5161075379711235,0.241975192214936
-2.51567044815301,0.22887217596751083
-2.5152333583348963,0.20346929774865372
-2.5147962685167826,0.17765984868001444
-2.514359178698669,0.16646283191191094
-2.5139220888805553,0.17543755032318356
-2.5134849990624417,0.193164017468434
-2.513047909244328,0.20374929422177743
-2.5126108194262144,0.20323132551613687
-2.512173729608101,0.1980416317802049
-2.511736639789987,0.1947419211796763
-2.5112995499718735,0.1952233328045823
-2.51086246015376,0.1969634167809353
-2.5104253703356463,0.19442064887292146
-2.5099882805175326,0.18611155716848943
-2.509551190699419,0.1778034040346168
-2.5091141008813054,0.17370580489841594
-2.5086770110631917,0.17068205503932873
-2.508239921245078,0.16362527729014767
-2.5078028314269645,0.15448957672186395
-2.507365741608851,0.14787276125935903
-2.506928651790737,0.1415167860577617
-2.5064915619726236,0.13155231836203368
-2.50605447215451,0.12059527369392928
-2.5056173823363963,0.11998232068325017
-2.5051802925182827,0.134076647805785
-2.504743202700169,0.14478870230538993
-2.5043061128820554,0.1398780003441463
-2.5038690230639418,0.13316010524340577
-2.503431933245828,0.13638527269946119
-2.5029948434277145,0.14374281103661649
-2.502557753609601,0.14643804058259507
-2.5021206637914872,0.14502684039185612
-2.5016835739733736,0.1469859767373063
-2.50124648415526,0.15496922772625715
-2.5008093943371463,0.1635805129525724
-2.5003723045190327,0.17006109743122771
-2.499935214700919,0.18081989862958528
-2.4994981248828054,0.19681361961887273
-2.499061035064692,0.205930837220069
-2.498623945246578,0.20159915841819967
-2.4981868554284645,0.1864833526415568
-2.497749765610351,0.16545786766833312
-2.4973126757922373,0.150655338636668
-2.4968755859741236,0.15070554633461425
-2.49643849615601,0.15857289224926827
-2.4960014063378964,0.1650475889800546
-2.4955643165197827,0.16886466863422847
-2.495127226701669,0.16926926084378066
-2.4946901368835555,0.16459688633342937
-2.494253047065442,0.15883620579604749
-2.493815957247328,0.15780038094878174
-2.4933788674292146,0.1595034471647009
-2.492941777611101,0.1540061657000006
-2.4925046877929873,0.1384849659718427
-2.4920675979748736,0.12672748249008628
-2.49163050815676,0.1297321041016191
-2.4911934183386464,0.14004052826974073
-2.4907563285205327,0.14359447878106527
-2.490319238702419,0.13530562409953492
-2.4898821488843055,0.12734441248144776
-2.489445059066192,0.13767879358277485
-2.489007969248078,0.163558663477424
-2.4885708794299646,0.1860087337256366
-2.488133789611851,0.19714341154784315
-2.4876966997937373,0.20043209583527655
-2.4872596099756237,0.19817236011672032
-2.48682252015751,0.19441497598773122
-2.4863854303393964,0.1938475976539181
-2.4859483405212828,0.19187441949200962
-2.485511250703169,0.18189370798855942
-2.4850741608850555,0.16909153703648955
-2.484637071066942,0.16035033747093297
-2.4841999812488282,0.1541922994486045
-2.4837628914307146,0.1508895604299425
-2.483325801612601,0.1532340616897411
-2.4828887117944873,0.1589416370343087
-2.4824516219763737,0.16263355056942794
-2.48201453215826,0.1597363476714347
-2.4815774423401464,0.15524277700180059
-2.481140352522033,0.1639898229533431
-2.480703262703919,0.18404694912658345
-2.4802661728858055,0.19352922343962795
-2.479829083067692,0.18688705595049487
-2.4793919932495783,0.17635011929894961
-2.4789549034314646,0.16632878447210236
-2.478517813613351,0.1587844249230743
-2.4780807237952374,0.15850363900631637
-2.4776436339771237,0.1628423757256028
-2.47720654415901,0.16526387488727873
-2.4767694543408965,0.16347824211532733
-2.476332364522783,0.15936446373320964
-2.475895274704669,0.15790747491783552
-2.4754581848865556,0.16358546400820323
-2.475021095068442,0.17214484514726727
-2.4745840052503283,0.1747880893481855
-2.4741469154322147,0.1721138485670975
-2.473709825614101,0.17055378160670162
-2.4732727357959874,0.17335645053724114
-2.4728356459778738,0.18487484002159044
-2.47239855615976,0.20817118861394043
-2.4719614663416465,0.23107982340255387
-2.471524376523533,0.23074200184161006
-2.471087286705419,0.20558739510071714
-2.4706501968873056,0.1849463691470805
-2.470213107069192,0.1859375113294645
-2.4697760172510783,0.19032079578394714
-2.4693389274329647,0.18432411783991368
-2.468901837614851,0.17727063154959044
-2.4684647477967374,0.17725710456575347
-2.468027657978624,0.1861205097302712
-2.46759056816051,0.19814906242574762
-2.4671534783423965,0.20202057890124073
-2.466716388524283,0.20460725655468748
-2.4662792987061692,0.2199783629067295
-2.4658422088880556,0.23843862468282198
-2.465405119069942,0.24065943217751395
-2.4649680292518283,0.22521344805282764
-2.4645309394337147,0.20622415952837245
-2.464093849615601,0.19345815863074356
-2.4636567597974874,0.1824610848984709
-2.463219669979374,0.16427066588663933
-2.46278258016126,0.13763902911256418
-2.4623454903431465,0.11363361011272817
-2.461908400525033,0.1106388263571688
-2.4614713107069193,0.13243915787148258
-2.4610342208888056,0.15438783637349315
-2.460597131070692,0.15224293197212
-2.4601600412525784,0.13850283117722573
-2.4597229514344647,0.14241975976604376
-2.459285861616351,0.16265793765283945
-2.4588487717982375,0.180070783317428
-2.458411681980124,0.1954837934819788
-2.45797459216201,0.20686442049457354
-2.4575375023438966,0.1984494171675278
-2.457100412525783,0.17844572053940227
-2.4566633227076693,0.16901088841426806
-2.4562262328895557,0.171915982070708
-2.455789143071442,0.1727969615836738
-2.4553520532533284,0.15926128759395888
-2.4549149634352148,0.13791751811441785
-2.454477873617101,0.12908278589746416
-2.4540407837989875,0.13804518323633488
-2.453603693980874,0.1473061384094154
-2.4531666041627602,0.14571834122838778
-2.4527295143446466,0.14945029394104756
-2.452292424526533,0.16916240676189642
-2.4518553347084193,0.1876649730440537
-2.4514182448903057,0.19245432160150303
-2.450981155072192,0.1877354134561418
-2.4505440652540784,0.17972954981558872
-2.450106975435965,0.17462229995025602
-2.449669885617851,0.1754491587750874
-2.4492327957997375,0.18133894508484602
-2.448795705981624,0.18888633410673386
-2.4483586161635102,0.19066562633290798
-2.4479215263453966,0.1782916729505626
-2.447484436527283,0.1502482710279213
-2.4470473467091693,0.1270970936130104
-2.4466102568910557,0.13305655861967167
-2.446173167072942,0.14914156708332124
-2.4457360772548284,0.13843430625344136
-2.445298987436715,0.10627161156952995
-2.444861897618601,0.080682328063493
-2.4444248078004875,0.06758444081904144
-2.443987717982374,0.05646954755907276
-2.4435506281642603,0.04033645233091597
-2.4431135383461466,0.02175190689861661
-2.442676448528033,0.009657582828720871
-2.4422393587099194,0.008689777910392306
-2.4418022688918057,0.014511927862641867
-2.441365179073692,0.020894473446825743
-2.4409280892555785,0.024370546763319696
-2.440490999437465,0.022661252308016938
-2.440053909619351,0.01571433667993806
-2.4396168198012376,0.007541210256246058
-2.439179729983124,0.0023453450088894443
-2.4387426401650103,0.0004618747343689849
-2.4383055503468967,0.00012962652765437932
-2.437868460528783,0.00011366838505469678
-2.4374313707106694,0.0003737401310290869
-2.4369942808925558,0.0021940587882183947
-2.436557191074442,0.00622942820041972
-2.4361201012563285,0.015391373310572151
-2.435683011438215,0.040036918125207446
-2.4352459216201012,0.08251779715760835
-2.4348088318019876,0.12054046697855396
-2.434371741983874,0.13133695671781848
-2.4339346521657603,0.11852678325731832
-2.4334975623476467,0.09361514394409005
-2.433060472529533,0.06334876544906744
-2.4326233827114194,0.04576738561610636
-2.432186292893306,0.05008198506180909
-2.431749203075192,0.05141742436710793
-2.4313121132570785,0.03303187542440419
-2.430875023438965,0.016270368249916543
-2.4304379336208513,0.01927829409574358
-2.4300008438027376,0.030786411013892487
-2.429563753984624,0.03277481254486849
-2.4291266641665104,0.021741124963986697
-2.4286895743483967,0.0081144280841224
-2.428252484530283,0.001290894079075623
-2.4278153947121695,0.00011341012512407557
-2.427378304894056,9.087759516901335e-05
-2.426941215075942,2.5307595294323384e-05
-2.4265041252578285,2.1866809935533806e-05
-2.426067035439715,1.1128417596788064e-05
-2.4256299456216013,7.843396519756436e-06
-2.4251928558034876,6.087573323675539e-06
-2.424755765985374,3.6935160711228298e-06
-2.4243186761672604,3.5973281714686198e-06
-2.4238815863491467,2.188669926443964e-06
-2.423444496531033,2.2056629249767472e-06
-2.4230074067129195,1.5275419957363399e-06
-2.422570316894806,1.406014598957618e-06
-2.422133227076692,1.1591317049922172e-06
-2.4216961372585786,9.538480231066782e-07
-2.421259047440465,9.051826114526891e-07
-2.4208219576223513,7.048926996433537e-07
-2.4203848678042377,7.125674171410443e-07
-2.419947777986124,5.679687019803318e-07
-2.4195106881680104,5.680442106127988e-07
-2.4190735983498968,4.879139013685256e-07
-2.418636508531783,4.6647327344297227e-07
-2.4181994187136695,4.357854598926437e-07
-2.417762328895556,4.008891141033292e-07
-2.4173252390774422,3.9999165585550867e-07
-2.4168881492593286,3.6247256796153855e-07
-2.416451059441215,3.777437015452964e-07
-2.4160139696231013,3.4418505787613893e-07
-2.4155768798049877,3.6824633178353323e-07
-2.415139789986874,3.442061375534416e-07
-2.4147027001687604,3.6924814916015573e-07
-2.414265610350647,3.671944990893459e-07
-2.413828520532533,3.779633096360937e-07
-2.4133914307144195,4.233392682987132e-07
-2.412954340896306,3.976167543894178e-07
-2.4125172510781923,5.269884983364784e-07
-2.4120801612600786,4.5827676280012707e-07
-2.411643071441965,6.977527968022482e-07
-2.4112059816238514,7.214824961403226e-07
-2.4107688918057377,9.631053664365582e-07
-2.410331801987624,2.4876451573526464e-06
-2.4098947121695105,1.2725195810651964e-06
-2.409457622351397,4.592574075631575e-05
-2.409020532533283,0.00020716753467482887
-2.4085834427151696,0.0003588208689288883
-2.408146352897056,0.0002962067358924825
-2.4077092630789423,0.00011030385003840287
-2.4072721732608287,1.2511275826380993e-05
-2.406835083442715,5.619031789106396e-06
-2.4063979936246014,8.855003469624237e-06
-2.4059609038064877,1.201331123742712e-05
-2.405523813988374,3.3176562608298466e-05
-2.4050867241702605,6.0699015700587324e-05
-2.404649634352147,0.0006918740394910467
-2.404212544534033,0.003372117850588691
-2.4037754547159196,0.007623444823700901
-2.403338364897806,0.010384934133040187
-2.4029012750796923,0.010912648114235757
-2.4024641852615787,0.011027096328182787
-2.402027095443465,0.011174569908756217
-2.4015900056253514,0.011437265116521067
-2.4011529158072378,0.011482527815247404
-2.400715825989124,0.009802295709647097
-2.4002787361710105,0.007155844157207295
-2.399841646352897,0.006420987477291314
-2.3994045565347832,0.010245971499511966
-2.3989674667166696,0.018340107781414643
-2.398530376898556,0.023990449580802826
-2.3980932870804423,0.024708456088329566
-2.3976561972623287,0.030835460591153756
-2.397219107444215,0.04323245901076406
-2.3967820176261014,0.045953498972541876
-2.3963449278079882,0.040563000360010974
-2.3959078379898746,0.046101334027315644
-2.395470748171761,0.05892110117877168
-2.3950336583536473,0.05905401819991086
-2.3945965685355337,0.046653084939323027
-2.39415947871742,0.037261691680785844
-2.3937223888993064,0.03474696509366102
-2.393285299081193,0.031013623331125884
-2.392848209263079,0.0254627224811676
-2.3924111194449655,0.025745080257565795
-2.391974029626852,0.03225313639875672
-2.3915369398087383,0.03735506725026389
-2.3910998499906246,0.03740067655842193
-2.390662760172511,0.040715177035165064
-2.3902256703543974,0.055255677792674464
-2.3897885805362837,0.06811907091319104
-2.38935149071817,0.06673879214996968
-2.3889144009000565,0.06477592169270031
-2.388477311081943,0.06810886997990967
-2.388040221263829,0.06153593053587499
-2.3876031314457156,0.05290582063569665
-2.387166041627602,0.06344027739796639
-2.3867289518094883,0.07909049990262028
-2.3862918619913747,0.07394822070993014
-2.385854772173261,0.058273378414087564
-2.3854176823551474,0.059351784215857135
-2.3849805925370338,0.0800230263835923
-2.38454350271892,0.10628305348413268
-2.3841064129008065,0.13149501882179487
-2.383669323082693,0.14902112756796662
-2.3832322332645792,0.1488349316736148
-2.3827951434464656,0.1382990748792365
-2.382358053628352,0.13931114839595124
-2.3819209638102383,0.1575313869003379
-2.3814838739921247,0.180270936777275
-2.381046784174011,0.20513527683038382
-2.3806096943558974,0.23730861092736658
-2.380172604537784,0.268501325516588
-2.37973551471967,0.29091293216716385
-2.3792984249015565,0.30518136084743036
-2.378861335083443,0.3100855951290177
-2.3784242452653293,0.3143699510061732
-2.3779871554472156,0.32758290967815656
-2.377550065629102,0.33675695862872873
-2.3771129758109883,0.3362364262043164
-2.3766758859928747,0.3446672848175121
-2.376238796174761,0.3647852224525988
-2.3758017063566474,0.3790768106141984
-2.375364616538534,0.3811064217682305
-2.37492752672042,0.3749668559001057
-2.3744904369023065,0.37269784815689183
-2.374053347084193,0.3883270665204247
-2.3736162572660793,0.4064416141004347
-2.3731791674479656,0.39699818649569646
-2.372742077629852,0.3665149564458527
-2.3723049878117384,0.34786770549883705
-2.3718678979936247,0.3524012616207469
-2.371430808175511,0.3623326223470323
-2.3709937183573975,0.360553429354269
-2.370556628539284,0.34890413184528757
-2.37011953872117,0.3358750410080707
-2.3696824489030566,0.32607089166592856
-2.369245359084943,0.32137736696494246
-2.3688082692668293,0.31476677652256907
-2.3683711794487157,0.2959494097857745
-2.367934089630602,0.2699107833799323
-2.3674969998124884,0.25006079730742353
-2.3670599099943748,0.23858379776513794
-2.366622820176261,0.22939090069807613
-2.3661857303581475,0.22046962852094948
-2.365748640540034,0.21338160454379304
-2.3653115507219202,0.2077397024605881
-2.3648744609038066,0.20436091027148803
-2.364437371085693,0.2069380209892108
-2.3640002812675793,0.21416749972208673
-2.3635631914494657,0.22184568501493773
-2.363126101631352,0.22993512799486723
-2.3626890118132384,0.23635818896844274
-2.362251921995125,0.23902932462544665
-2.361814832177011,0.24394749124973564
-2.3613777423588975,0.252905430927199
-2.360940652540784,0.2566366525974696
-2.3605035627226703,0.25068733339781835
-2.3600664729045566,0.24122817744400035
-2.359629383086443,0.23397556087614008
-2.3591922932683294,0.2269461610576591
-2.3587552034502157,0.21430534864658699
-2.358318113632102,0.19913066677729288
-2.3578810238139885,0.1933188932650157
-2.357443933995875,0.19704581331180776
-2.357006844177761,0.19772208613532022
-2.3565697543596476,0.19081282263091895
-2.356132664541534,0.1818217736173326
-2.3556955747234203,0.17581882634948812
-2.3552584849053066,0.17205434254497268
-2.354821395087193,0.16524404049452185
-2.3543843052690794,0.15994594954127175
-2.3539472154509657,0.1683602562563577
-2.353510125632852,0.18522626488268926
-2.3530730358147385,0.19432011006001176
-2.352635945996625,0.19402391031057747
-2.352198856178511,0.19186317713745035
-2.3517617663603976,0.19302861932418033
-2.351324676542284,0.2012714488534859
-2.3508875867241703,0.21274633906686136
-2.3504504969060567,0.21625118347528596
-2.350013407087943,0.20876615331632473
-2.3495763172698294,0.20041906537418555
-2.3491392274517158,0.19885718940949057
-2.348702137633602,0.19800626560719095
-2.3482650478154885,0.18987835862243893
-2.347827957997375,0.17679360902927552
-2.3473908681792612,0.16524676556359072
-2.3469537783611476,0.1581367487855035
-2.346516688543034,0.15440089940773724
-2.3460795987249203,0.15105689703280453
-2.3456425089068067,0.14602798924525764
-2.3452054190886935,0.14005030487300338
-2.34476832927058,0.13687988739490617
-2.3443312394524662,0.13885488021520623
-2.3438941496343526,0.14259730146334576
-2.343457059816239,0.14436813885714733
-2.3430199699981253,0.14548906831530628
-2.3425828801800117,0.14821950991660238
-2.342145790361898,0.15243605020984705
-2.3417087005437844,0.15814510492716496
-2.341271610725671,0.16469144998067492
-2.340834520907557,0.16790177607920517
-2.3403974310894435,0.16395352639120517
-2.33996034127133,0.15465130328471857
-2.3395232514532163,0.1469247840256136
-2.3390861616351026,0.14705887500703207
-2.338649071816989,0.1537895834209156
-2.3382119819988754,0.16007972610234078
-2.3377748921807617,0.16073989322442714
-2.337337802362648,0.1545989686437727
-2.3369007125445345,0.1442050419067424
-2.336463622726421,0.1342191257657426
-2.336026532908307,0.12737816615940384
-2.3355894430901936,0.12449943949217726
-2.33515235327208,0.12543726201735014
-2.3347152634539663,0.1275272192400954
-2.3342781736358527,0.12928356071729305
-2.333841083817739,0.1357270835519033
-2.3334039939996254,0.15062703525731305
-2.3329669041815118,0.1644651522896944
-2.332529814363398,0.16495278790093743
-2.3320927245452845,0.1566252183675756
-2.331655634727171,0.15157756266229674
-2.331218544909057,0.15009291466271993
-2.3307814550909436,0.14738839136016044
-2.33034436527283,0.14537760174813336
-2.3299072754547163,0.14790913565433375
-2.3294701856366027,0.1556205151099919
-2.329033095818489,0.1662991051775275
-2.3285960060003754,0.1745164678446675
-2.328158916182262,0.17604079867785177
-2.327721826364148,0.17638584110132857
-2.3272847365460345,0.1839911623464479
-2.326847646727921,0.19128964116631855
-2.3264105569098072,0.18269159498849505
-2.3259734670916936,0.16208327413639648
-2.32553637727358,0.1465159971573909
-2.3250992874554663,0.13975899699236452
-2.3246621976373527,0.1365615135080815
-2.324225107819239,0.13935398255498407
-2.3237880180011254,0.15118730628568228
-2.323350928183012,0.16435204904451867
-2.322913838364898,0.16987633389154447
-2.3224767485467845,0.17150877351268226
-2.322039658728671,0.1773968383075899
-2.3216025689105573,0.18318424747047998
-2.3211654790924436,0.18211571147395914
-2.32072838927433,0.18117972345075237
-2.3202912994562164,0.1867422931352821
-2.3198542096381027,0.19331298328236043
-2.319417119819989,0.19527707110695106
-2.3189800300018755,0.189456100115558
-2.318542940183762,0.17449928069094317
-2.318105850365648,0.1617518823491859
-2.3176687605475346,0.16851024459204908
-2.317231670729421,0.18857424631685918
-2.3167945809113073,0.19458116448249316
-2.3163574910931937,0.18340103251936862
-2.31592040127508,0.18096381207341142
-2.3154833114569664,0.1967015870605006
-2.3150462216388528,0.21661258808449357
-2.314609131820739,0.22667417137827403
-2.3141720420026255,0.21947904500077473
-2.313734952184512,0.20108787776822504
-2.3132978623663982,0.18479723872797751
-2.3128607725482846,0.17279876899530028
-2.312423682730171,0.16405096659924018
-2.3119865929120573,0.1625078915167979
-2.3115495030939437,0.1667333049380222
-2.31111241327583,0.17208686367598128
-2.3106753234577164,0.17840851741557234
-2.310238233639603,0.1843119130879723
-2.309801143821489,0.18406572398569318
-2.3093640540033755,0.17643872553771697
-2.308926964185262,0.16781983240093462
-2.3084898743671483,0.1606939678045374
-2.3080527845490346,0.15095917640964604
-2.307615694730921,0.141420348201113
-2.3071786049128074,0.14303119037623666
-2.3067415150946937,0.15975056638971522
-2.30630442527658,0.18088098367176572
-2.3058673354584664,0.19112453984509478
-2.305430245640353,0.18774703766284268
-2.304993155822239,0.18221377470716224
-2.3045560660041255,0.18472890836062464
-2.304118976186012,0.1945848347492806
-2.3036818863678983,0.20271927138574944
-2.3032447965497846,0.2016987916295662
-2.302807706731671,0.19342784585986353
-2.3023706169135574,0.18281712478692794
-2.3019335270954437,0.17596669614965843
-2.30149643727733,0.1837197610736173
-2.3010593474592165,0.2043243851571203
-2.300622257641103,0.21952903651583525
-2.300185167822989,0.22215884166992778
-2.2997480780048756,0.21754288401423075
-2.299310988186762,0.20655115794172532
-2.2988738983686483,0.19346854360379437
-2.2984368085505347,0.1854844955004542
-2.297999718732421,0.1765632706848844
-2.2975626289143074,0.15828081903262745
-2.2971255390961938,0.1394620545404642
-2.29668844927808,0.13432873650462257
-2.2962513594599665,0.14080533757544222
-2.295814269641853,0.1460214660791345
-2.2953771798237392,0.14726432013741153
-2.2949400900056256,0.1536075809118025
-2.294503000187512,0.16743021514091444
-2.2940659103693983,0.17960232760702358
-2.2936288205512847,0.18571094572173713
-2.293191730733171,0.18958282587363046
-2.2927546409150574,0.19304809741518567
-2.292317551096944,0.1996774025473099
-2.29188046127883,0.21656045889160977
-2.2914433714607165,0.23877657283917406
-2.291006281642603,0.24635220130392316
-2.2905691918244893,0.22688969197422773
-2.2901321020063756,0.19651576301995557
-2.289695012188262,0.18821318371019966
-2.2892579223701484,0.21404088579299999
-2.2888208325520347,0.24893797471588
-2.288383742733921,0.258669552668488
-2.2879466529158075,0.23545840903730725
-2.287509563097694,0.20062477977964455
-2.28707247327958,0.17864587550353275
-2.2866353834614666,0.17608237470067137
-2.286198293643353,0.18305058660248347
-2.2857612038252393,0.18907903333754117
-2.2853241140071257,0.19271088984121282
-2.284887024189012,0.19185325009002624
-2.2844499343708984,0.1775442213738258
-2.2840128445527847,0.14981340448365585
-2.283575754734671,0.12385500062214212
-2.2831386649165575,0.11171430867972339
-2.282701575098444,0.11225723037907544
-2.28226448528033,0.11841469919247428
-2.2818273954622166,0.12532466839301176
-2.281390305644103,0.1340887135541738
-2.2809532158259893,0.14565001010567075
-2.2805161260078757,0.1535464868713175
-2.280079036189762,0.15424960784255748
-2.2796419463716484,0.15444200790935741
-2.2792048565535348,0.15474012304940685
-2.278767766735421,0.14376524971248134
-2.2783306769173075,0.1177461971986752
-2.277893587099194,0.08945373251705344
-2.2774564972810802,0.07764655140991314
-2.2770194074629666,0.09282955335866004
-2.276582317644853,0.12313970913110793
-2.2761452278267393,0.1429629075524365
-2.2757081380086257,0.14503252167589206
-2.275271048190512,0.14364140528505714
-2.2748339583723984,0.14721613882675091
-2.274396868554285,0.15370149907973918
-2.273959778736171,0.16314046339541055
-2.2735226889180575,0.17312115507737727
-2.273085599099944,0.17595138955505638
-2.2726485092818303,0.17152143845788875
-2.2722114194637166,0.16810825557747336
-2.271774329645603,0.17086496936287024
-2.2713372398274894,0.18027108600173564
-2.2709001500093757,0.193051605576512
-2.270463060191262,0.20039816427680157
-2.2700259703731485,0.19502356601207516
-2.269588880555035,0.18084784737449852
-2.269151790736921,0.16953227873458504
-2.2687147009188076,0.1642218957040134
-2.268277611100694,0.15465470783255442
-2.2678405212825803,0.1377812149744335
-2.2674034314644667,0.12983653002316245
-2.266966341646353,0.14530988290497074
-2.2665292518282394,0.17617386140074973
-2.2660921620101258,0.19913977988618423
-2.265655072192012,0.19927938007452958
-2.2652179823738985,0.1861519851148939
-2.264780892555785,0.1799014692052947
-2.264343802737671,0.18293994016837958
-2.2639067129195576,0.18357765608023296
-2.263469623101444,0.17959160569363994
-2.2630325332833303,0.17466397347927032
-2.2625954434652167,0.16475920985994724
-2.262158353647103,0.14732287108328584
-2.2617212638289894,0.13073931360386484
-2.261284174010876,0.12448746139422373
-2.260847084192762,0.1287941154451687
-2.2604099943746485,0.13687009556990862
-2.259972904556535,0.14266821844871944
-2.2595358147384212,0.1440891161254682
-2.2590987249203076,0.13953022274258278
-2.258661635102194,0.12754456836171438
-2.2582245452840803,0.11237102692289991
-2.2577874554659667,0.103233950643523
-2.257350365647853,0.10608935323738167
-2.2569132758297394,0.1170859994246133
-2.256476186011626,0.12426204380566967
-2.256039096193512,0.12122302890902334
-2.2556020063753985,0.11667425821299336
-2.255164916557285,0.12209332700052468
-2.2547278267391713,0.13525314267285102
-2.2542907369210576,0.1420860733808412
-2.253853647102944,0.13485269238293435
-2.2534165572848304,0.12555295097771071
-2.2529794674667167,0.13016645592298728
-2.252542377648603,0.1436214318042423
-2.2521052878304895,0.14852998188240205
-2.251668198012376,0.14060308940882246
-2.251231108194262,0.12933613875676522
-2.2507940183761486,0.12290574233885246
-2.250356928558035,0.12047778353288853
-2.2499198387399213,0.1131942649405824
-2.2494827489218077,0.09509311334312213
-2.249045659103694,0.07551040481374459
-2.2486085692855804,0.0682889558913758
-2.2481714794674668,0.07061669760284903
-2.247734389649353,0.07154406409554195
-2.2472972998312395,0.07274918985850713
-2.246860210013126,0.08093119989741712
-2.2464231201950122,0.09335497520476672
-2.2459860303768986,0.10420390982476675
-2.245548940558785,0.11190099056586823
-2.2451118507406713,0.1166310107184831
-2.2446747609225577,0.11816146353792037
-2.244237671104444,0.11602842990404004
-2.2438005812863304,0.11420999927168608
-2.243363491468217,0.1197904915494379
-2.242926401650103,0.12826769902919508
-2.2424893118319895,0.12870749726333447
-2.242052222013876,0.12872384327724612
-2.2416151321957622,0.145161335785691
-2.2411780423776486,0.1743843123671942
-2.240740952559535,0.19904565042900302
-2.2403038627414213,0.21060701240702345
-2.2398667729233077,0.20924225089230258
-2.239429683105194,0.19867118661292696
-2.2389925932870804,0.18641269871657795
-2.238555503468967,0.1755086613578598
-2.238118413650853,0.16006954632742992
-2.2376813238327395,0.1389473048206662
-2.237244234014626,0.1221930891827778
-2.2368071441965123,0.11583479565048942
-2.2363700543783986,0.1142478508630992
-2.235932964560285,0.11284647271622807
-2.2354958747421714,0.11578944125312961
-2.2350587849240577,0.1261770772269846
-2.234621695105944,0.1376758898476779
-2.2341846052878305,0.14369284163468546
-2.233747515469717,0.14767795654880844
-2.233310425651603,0.15633638439949676
-2.2328733358334896,0.17104560015644193
-2.232436246015376,0.18712721735427137
-2.2319991561972623,0.19432090354069345
-2.2315620663791487,0.18717621780638247
-2.231124976561035,0.17445361811703194
-2.2306878867429214,0.1673127804931686
-2.2302507969248078,0.17076199452148813
-2.229813707106694,0.1860360248121022
-2.2293766172885805,0.20173821547591758
-2.228939527470467,0.19720277982514442
-2.2285024376523532,0.1697945748648313
-2.2280653478342396,0.14095394545459386
-2.227628258016126,0.12989060415214768
-2.2271911681980123,0.13415038829279627
-2.2267540783798987,0.14103522796470733
-2.226316988561785,0.14960548849986993
-2.2258798987436714,0.1647571066308911
-2.225442808925558,0.17788191547016607
-2.225005719107444,0.1793480113117319
-2.2245686292893305,0.1779202152513652
-2.224131539471217,0.1837842959236646
-2.2236944496531033,0.19068065987018262
-2.2232573598349896,0.19287608207430632
-2.222820270016876,0.1972231735678245
-2.2223831801987624,0.20400872607217915
-2.2219460903806487,0.2013003791784856
-2.221509000562535,0.18977903436522175
-2.2210719107444215,0.1847010280156585
-2.220634820926308,0.18753237346762822
-2.220197731108194,0.18393384558626333
-2.2197606412900805,0.16847248079313046
-2.219323551471967,0.15012715987467007
-2.2188864616538533,0.1377043844189789
-2.2184493718357396,0.13162204019409207
-2.218012282017626,0.1292333742706094
-2.2175751921995124,0.1302235464962292
-2.2171381023813987,0.13224173857941532
-2.216701012563285,0.13050807179858584
-2.2162639227451715,0.12605402085664627
-2.215826832927058,0.12443378901873679
-2.215389743108944,0.12669045966906017
-2.2149526532908306,0.12854357324230897
-2.214515563472717,0.1259307745219708
-2.2140784736546033,0.11945803794827108
-2.2136413838364897,0.11458803945566662
-2.213204294018376,0.11630038183042583
-2.2127672042002624,0.12426553251605713
-2.2123301143821488,0.13437209175057074
-2.211893024564035,0.14207506523541003
-2.2114559347459215,0.14301583058304823
-2.211018844927808,0.13487657577566617
-2.2105817551096942,0.12062804326691512
-2.2101446652915806,0.10721225392622169
-2.209707575473467,0.100825075008781
-2.2092704856553533,0.10272047323151288
-2.2088333958372397,0.10733633905932158
-2.208396306019126,0.10752436459506406
-2.2079592162010124,0.10297380412403298
-2.207522126382899,0.09906162280679164
-2.207085036564785,0.09846627958567662
-2.2066479467466715,0.09927903896082771
-2.206210856928558,0.10027164703924
-2.2057737671104443,0.10350650249799442
-2.2053366772923306,0.11079266763456612
-2.204899587474217,0.1193378772845241
-2.2044624976561034,0.12376550210858883
-2.2040254078379897,0.12317979646750067
-2.203588318019876,0.12257996130802262
-2.2031512282017625,0.1264184462008375
-2.202714138383649,0.13461143572535814
-2.202277048565535,0.1442689557875166
-2.2018399587474216,0.15137969239404495
-2.201402868929308,0.15269136034427558
-2.2009657791111943,0.1508646129997971
-2.2005286892930807,0.15419394517763355
-2.200091599474967,0.16403751686169238
-2.1996545096568534,0.17039127971882254
-2.1992174198387398,0.16814098796995353
-2.198780330020626,0.16340210878741357
-2.1983432402025125,0.16007017149578323
-2.197906150384399,0.1593446099959846
-2.197469060566285,0.16713535517612046
-2.1970319707481716,0.18352991240033306
-2.196594880930058,0.1969048061943861
-2.1961577911119443,0.19903062965007004
-2.1957207012938307,0.19409347027120877
-2.195283611475717,0.19085840061260434
-2.1948465216576034,0.1935305278023228
-2.1944094318394898,0.1999798021224797
-2.193972342021376,0.2050455978324167
-2.1935352522032625,0.2037534910430213
-2.193098162385149,0.19562711710913347
-2.1926610725670352,0.18739297726087997
-2.1922239827489216,0.18488703269125595
-2.1917868929308084,0.18603355741054003
-2.191349803112695,0.18735415468523442
-2.190912713294581,0.18811475603396613
-2.1904756234764675,0.18627408616626565
-2.190038533658354,0.1797586657967745
-2.1896014438402402,0.17185681748390721
-2.1891643540221266,0.16937543705690614
-2.188727264204013,0.17355709997530394
-2.1882901743858993,0.1788232503502461
-2.1878530845677857,0.18370032586514104
-2.187415994749672,0.191755390556867
-2.1869789049315584,0.20025113344206233
-2.186541815113445,0.20275640570299833
-2.186104725295331,0.1999307393629255
-2.1856676354772175,0.1937551707711417
-2.185230545659104,0.1800137732906765
-2.1847934558409903,0.16143420045372725
-2.1843563660228766,0.15632831315775492
-2.183919276204763,0.1755767044305959
-2.1834821863866494,0.20250117387572156
-2.1830450965685357,0.2133497951359142
-2.182608006750422,0.20544909573442355
-2.1821709169323085,0.19214208388565185
-2.181733827114195,0.18246736403536992
-2.181296737296081,0.17558282413205428
-2.1808596474779676,0.1693444429435087
-2.180422557659854,0.16671339035714322
-2.1799854678417403,0.16937665830450224
-2.1795483780236267,0.17050959748278025
-2.179111288205513,0.1638201872048712
-2.1786741983873994,0.15496311511744512
-2.1782371085692858,0.1536807524299693
-2.177800018751172,0.15949365510284802
-2.1773629289330585,0.16452732629255376
-2.176925839114945,0.16772755391776
-2.1764887492968312,0.1772024775128876
-2.1760516594787176,0.19632784936576628
-2.175614569660604,0.21577558152718948
-2.1751774798424903,0.2250536945686538
-2.1747403900243767,0.22421454331507978
-2.174303300206263,0.21932238298603374
-2.1738662103881494,0.21442365916793235
-2.173429120570036,0.2096723657144293
-2.172992030751922,0.20412185711155154
-2.1725549409338085,0.20280625964097648
-2.172117851115695,0.21234156888762318
-2.1716807612975813,0.22488498024310077
-2.1712436714794676,0.2275158243268527
-2.170806581661354,0.22589561577005732
-2.1703694918432404,0.22919912622938116
-2.1699324020251267,0.22574260722825693
-2.169495312207013,0.20481868703034137
-2.1690582223888994,0.1782229749975739
-2.168621132570786,0.15769967201379634
-2.168184042752672,0.14273016326272675
-2.1677469529345585,0.13832996344469448
-2.167309863116445,0.1510203747985702
-2.1668727732983313,0.17241742143110914
-2.1664356834802176,0.19214522308601958
-2.165998593662104,0.21056742521192912
-2.1655615038439904,0.22643630840500287
-2.1651244140258767,0.23306289216800252
-2.164687324207763,0.23040354829158263
-2.1642502343896495,0.2266273170673201
-2.163813144571536,0.22756169251906305
-2.163376054753422,0.22950976208162996
-2.1629389649353086,0.22615379158014365
-2.162501875117195,0.22105755819638842
-2.1620647852990813,0.2212078877664633
-2.1616276954809677,0.2213985123020323
-2.161190605662854,0.21192766810416983
-2.1607535158447404,0.19635890112662632
-2.1603164260266268,0.18775872753037728
-2.159879336208513,0.19198225244773445
-2.1594422463903995,0.20225727326089932
-2.159005156572286,0.20867208235993223
-2.1585680667541722,0.20946696353605318
-2.1581309769360586,0.2116710955735368
-2.157693887117945,0.2213972225899349
-2.1572567972998313,0.23604599112725802
-2.1568197074817177,0.24858777050912703
-2.156382617663604,0.2560314709296903
-2.1559455278454904,0.2581965090314559
-2.155508438027377,0.2525791040910673
-2.155071348209263,0.23777076651062895
-2.1546342583911495,0.2191229170244203
-2.154197168573036,0.2041383003479827
-2.1537600787549223,0.19493086866582757
-2.1533229889368086,0.19188051651902663
-2.152885899118695,0.19725307541993006
-2.1524488093005814,0.20630358239141336
-2.1520117194824677,0.20407874300236936
-2.151574629664354,0.17862953724753314
-2.1511375398462405,0.1335784482916972
-2.150700450028127,0.08628022747666372
-2.150263360210013,0.0522565402967348
-2.1498262703918996,0.03334403272732802
-2.149389180573786,0.025966209578306153
-2.1489520907556723,0.03110981674614927
-2.1485150009375586,0.047519324837774275
-2.148077911119445,0.0668356154154298
-2.1476408213013314,0.08073764940575358
-2.1472037314832177,0.08434209312581378
-2.146766641665104,0.07611939140358547
-2.1463295518469905,0.06325189590489193
-2.145892462028877,0.05957711945418675
-2.145455372210763,0.06869659964826066
-2.1450182823926496,0.07976632208384131
-2.144581192574536,0.08910833696941363
-2.1441441027564223,0.10483636619520552
-2.1437070129383087,0.12199116437195513
-2.143269923120195,0.12736646511560903
-2.1428328333020814,0.1298791911355082
-2.1423957434839678,0.14630411977138522
-2.141958653665854,0.1694729035064823
-2.1415215638477405,0.18242633796010227
-2.141084474029627,0.1814394080716739
-2.1406473842115137,0.17065929582821934
-2.1402102943934,0.1559239729019966
-2.1397732045752864,0.14422758253108997
-2.139336114757173,0.13785908494498486
-2.138899024939059,0.13509600345138495
-2.1384619351209455,0.1374049863272136
-2.138024845302832,0.14598879453753308
-2.1375877554847182,0.1534047765836753
-2.1371506656666046,0.15144675511382882
-2.136713575848491,0.14492533650263015
-2.1362764860303773,0.14287174983642068
-2.1358393962122637,0.14160302163676086
-2.13540230639415,0.13357594417173235
-2.1349652165760364,0.1250416038921411
-2.134528126757923,0.12650382002266963
-2.134091036939809,0.1333400059082259
-2.1336539471216955,0.133489659208018
-2.133216857303582,0.12669435773968593
-2.1327797674854683,0.12099609320484424
-2.1323426776673546,0.1191157972751252
-2.131905587849241,0.11878948973334431
-2.1314684980311274,0.11806332088934843
-2.1310314082130137,0.11691349978795144
-2.1305943183949,0.1180117351750251
-2.1301572285767865,0.12134193896277176
-2.129720138758673,0.11887552850971077
-2.129283048940559,0.10458237492760981
-2.1288459591224456,0.08698895093743868
-2.128408869304332,0.08094830914497862
-2.1279717794862183,0.08903877053978074
-2.1275346896681047,0.10110336030340625
-2.127097599849991,0.11045261069388723
-2.1266605100318774,0.11906037821953001
-2.1262234202137638,0.12811053161025612
-2.12578633039565,0.13635568788642174
-2.1253492405775365,0.14577894036456956
-2.124912150759423,0.15686867406338595
-2.1244750609413092,0.16307820328650208
-2.1240379711231956,0.16029982103986964
-2.123600881305082,0.15534762831781498
-2.1231637914869683,0.15693550481476692
-2.1227267016688547,0.16429846291617056
-2.122289611850741,0.1704656367279266
-2.1218525220326274,0.17183387309362486
-2.121415432214514,0.17033295987434718
-2.1209783423964,0.1696853226552484
-2.1205412525782865,0.17147009125794035
-2.120104162760173,0.17272562580329062
-2.1196670729420592,0.16929213692169778
-2.1192299831239456,0.1620529946366748
-2.118792893305832,0.15455572413510518
-2.1183558034877183,0.14663115962813894
-2.1179187136696047,0.1372874169487884
-2.117481623851491,0.1293284238767221
-2.1170445340333774,0.12520665387482557
-2.116607444215264,0.12389341415736219
-2.11617035439715,0.12434090129892336
-2.1157332645790365,0.12573208738551
-2.115296174760923,0.12559945260959932
-2.1148590849428093,0.12387175191202583
-2.1144219951246956,0.12426479351040891
-2.113984905306582,0.1280268060440591
-2.1135478154884684,0.13284921898547672
-2.1131107256703547,0.13699654578058557
-2.112673635852241,0.1385977290136445
-2.1122365460341275,0.13626766575175356
-2.111799456216014,0.13350192677571907
-2.1113623663979,0.13654437744045403
-2.1109252765797866,0.14935061424432258
-2.110488186761673,0.1721888038303145
-2.1100510969435593,0.19680849746706416
-2.1096140071254457,0.20570412362991394
-2.109176917307332,0.19038164404352978
-2.1087398274892184,0.16540973301283549
-2.1083027376711048,0.15014541469401493
-2.107865647852991,0.14606387814965707
-2.1074285580348775,0.14450291333671275
-2.106991468216764,0.14310462508905203
-2.1065543783986502,0.14345672494841907
-2.1061172885805366,0.14555824901383466
-2.105680198762423,0.1526243797138675
-2.1052431089443093,0.1694856004961954
-2.1048060191261957,0.19264496697209646
-2.104368929308082,0.21466224992985544
-2.1039318394899684,0.23455536583773728
-2.103494749671855,0.24818944673035262
-2.103057659853741,0.24207142847009658
-2.1026205700356275,0.21425227933257926
-2.102183480217514,0.18255436133825412
-2.1017463903994003,0.16128443231446127
-2.1013093005812866,0.14928283569960826
-2.100872210763173,0.14182761631622545
-2.1004351209450594,0.13775034397610034
-2.0999980311269457,0.1369127490287101
-2.099560941308832,0.1387166830495721
-2.0991238514907185,0.1415948863717321
-2.098686761672605,0.1435273882632058
-2.098249671854491,0.14438866755115373
-2.0978125820363775,0.1453991606129903
-2.097375492218264,0.1448603353753089
-2.0969384024001503,0.13888724258987498
-2.0965013125820366,0.12902954958425392
-2.096064222763923,0.12236899169194235
-2.0956271329458094,0.12165652836223413
-2.0951900431276957,0.1254205215888862
-2.094752953309582,0.13607973530391332
-2.0943158634914685,0.15325118258137568
-2.093878773673355,0.1671326467412819
-2.093441683855241,0.17333511091298628
-2.0930045940371276,0.17714454206442384
-2.092567504219014,0.175864587070649
-2.0921304144009003,0.16269596219592655
-2.0916933245827867,0.14419253986704045
-2.091256234764673,0.13008493692197856
-2.0908191449465594,0.12105554063117234
-2.0903820551284458,0.11708637121431155
-2.089944965310332,0.11617254111417007
-2.0895078754922185,0.10846442855498196
-2.089070785674105,0.0901287640477495
-2.0886336958559912,0.07214366076765617
-2.0881966060378776,0.06646853068688134
-2.087759516219764,0.07377078652964116
-2.0873224264016503,0.08643792060564723
-2.0868853365835367,0.09845681018600805
-2.086448246765423,0.11133248644880392
-2.0860111569473094,0.12851301755905217
-2.085574067129196,0.14650764240556408
-2.085136977311082,0.15831511615626725
-2.0846998874929685,0.16310089815651518
-2.084262797674855,0.1656389779849488
-2.0838257078567413,0.1702280627790326
-2.0833886180386276,0.18080472898676272
-2.082951528220514,0.19957197701703075
-2.0825144384024004,0.21911399490629915
-2.0820773485842867,0.22530958916362215
-2.081640258766173,0.21486145486784297
-2.0812031689480595,0.20010316494588407
-2.080766079129946,0.19047119669248394
-2.080328989311832,0.1805163613334924
-2.0798918994937186,0.1634131048668443
-2.079454809675605,0.14286739468214615
-2.0790177198574913,0.12163830564651343
-2.0785806300393777,0.09488087613811251
-2.078143540221264,0.06744278985854449
-2.0777064504031504,0.05745139188777038
-2.0772693605850368,0.06832055189268078
-2.076832270766923,0.07812039960164338
-2.0763951809488095,0.06949394517726169
-2.075958091130696,0.050252000588133686
-2.075521001312582,0.036971488506130065
-2.0750839114944686,0.03920982031957475
-2.074646821676355,0.061423346385570884
-2.0742097318582413,0.09852310411184322
-2.0737726420401277,0.13306029721358067
-2.073335552222014,0.1528359029084375
-2.0728984624039004,0.16114163243899562
-2.0724613725857868,0.16523048144076422
-2.072024282767673,0.17039087794025137
-2.0715871929495595,0.17989344234499666
-2.071150103131446,0.18804670988704358
-2.0707130133133322,0.18496387237224665
-2.0702759234952186,0.17184659690041107
-2.069838833677105,0.15853753106293067
-2.0694017438589913,0.15068887485408897
-2.0689646540408777,0.14900835712702015
-2.068527564222764,0.15144917452976206
-2.0680904744046504,0.15251389960098535
-2.067653384586537,0.15355262391823365
-2.067216294768423,0.16965735926656977
-2.0667792049503095,0.20692783566332626
-2.066342115132196,0.2423348640312042
-2.0659050253140823,0.25069149345369124
-2.0654679354959686,0.2389207758528373
-2.065030845677855,0.2301237663520242
-2.0645937558597414,0.2301214483846814
-2.0641566660416277,0.22885451605379223
-2.063719576223514,0.22018476497398137
-2.0632824864054005,0.209502427619192
-2.062845396587287,0.20795330701220718
-2.062408306769173,0.21834009280215133
-2.0619712169510596,0.2288850955235722
-2.061534127132946,0.22886612917555602
-2.0610970373148323,0.2226157981800434
-2.0606599474967187,0.21874671892327385
-2.060222857678605,0.21444123556733843
-2.0597857678604914,0.2007270400635676
-2.0593486780423778,0.18103457415639826
-2.058911588224264,0.1731656327822015
-2.0584744984061505,0.18596361215008486
-2.058037408588037,0.20491272469610392
-2.057600318769923,0.210702867240432
-2.0571632289518096,0.2020590611406304
-2.056726139133696,0.19223953666618537
-2.0562890493155823,0.1894770501297989
-2.0558519594974687,0.18857488484229698
-2.055414869679355,0.1837812216120827
-2.0549777798612414,0.18008629529803893
-2.054540690043128,0.18307997437991608
-2.054103600225014,0.19118216811413524
-2.0536665104069005,0.20334885186906776
-2.053229420588787,0.21571099525665308
-2.0527923307706732,0.21574576557503186
-2.0523552409525596,0.20097295160122614
-2.051918151134446,0.1891734390605964
-2.0514810613163323,0.19508497623849616
-2.0510439714982187,0.21477106399679094
-2.050606881680105,0.2350401105454897
-2.0501697918619914,0.2417944361604941
-2.049732702043878,0.22928619880317644
-2.049295612225764,0.21237878680329825
-2.0488585224076505,0.21150783329951642
-2.048421432589537,0.22261590248374177
-2.0479843427714233,0.22604265065410992
-2.0475472529533096,0.21922198673767815
-2.047110163135196,0.2126465339692134
-2.0466730733170824,0.20745856376388175
-2.0462359834989687,0.2037252486140427
-2.045798893680855,0.21101970239154524
-2.0453618038627415,0.2318911181212727
-2.044924714044628,0.2547852075345104
-2.044487624226514,0.2687191771810832
-2.0440505344084006,0.2694234384090362
-2.043613444590287,0.2572542131308688
-2.0431763547721733,0.2394550945636555
-2.0427392649540597,0.2264386231930984
-2.042302175135946,0.22144793096247956
-2.0418650853178324,0.21839119886883634
-2.0414279954997188,0.21132861714186976
-2.040990905681605,0.2036459096897232
-2.0405538158634915,0.20260668380348926
-2.040116726045378,0.20732408820791887
-2.0396796362272642,0.213175917861052
-2.0392425464091506,0.22254805475555756
-2.038805456591037,0.23691240786184986
-2.0383683667729233,0.24751756377715148
-2.0379312769548097,0.24468683667785407
-2.037494187136696,0.22600275940363548
-2.0370570973185824,0.19611859047137006
-2.036620007500469,0.16770451574824347
-2.036182917682355,0.15109380544846757
-2.0357458278642415,0.14159454761354032
-2.035308738046128,0.13340870200196145
-2.0348716482280143,0.13364507981349352
-2.0344345584099006,0.14529478525319636
-2.033997468591787,0.15698017009040047
-2.0335603787736733,0.16154888321698796
-2.0331232889555597,0.16556076215859178
-2.032686199137446,0.17564543080364242
-2.0322491093193324,0.1867414873627486
-2.031812019501219,0.18762387467336175
-2.031374929683105,0.17800644050116637
-2.0309378398649915,0.17149460679824813
-2.030500750046878,0.17452004489858017
-2.0300636602287643,0.17714635710920798
-2.0296265704106506,0.17251863626393482
-2.029189480592537,0.16903569250251477
-2.0287523907744234,0.17698291105514172
-2.0283153009563097,0.1934320589380333
-2.027878211138196,0.20497594611948555
-2.0274411213200825,0.20217052283451994
-2.027004031501969,0.18833548469498732
-2.026566941683855,0.17655922608415062
-2.0261298518657416,0.17878393256320302
-2.025692762047628,0.19263942851799506
-2.0252556722295143,0.20279398608466254
-2.0248185824114007,0.1996686776089051
-2.024381492593287,0.18753775844491613
-2.0239444027751734,0.17598419441410387
-2.0235073129570598,0.17530880269996427
-2.023070223138946,0.19331025281576222
-2.0226331333208325,0.22701554597175772
-2.022196043502719,0.26176154726897816
-2.0217589536846052,0.2809909733318156
-2.0213218638664916,0.27975448821726434
-2.020884774048378,0.26968610238474044
-2.0204476842302643,0.2620855752951023
-2.0200105944121507,0.2504823530435612
-2.019573504594037,0.2248284264794766
-2.0191364147759234,0.19158042321150312
-2.01869932495781,0.1620084782156195
-2.018262235139696,0.13595951694822686
-2.0178251453215825,0.11129126080031009
-2.017388055503469,0.09243324608576967
-2.0169509656853553,0.08266900206681883
-2.0165138758672416,0.08254788176478753
-2.016076786049128,0.09456263028255836
-2.0156396962310144,0.11870126821566475
-2.0152026064129007,0.1477214822401071
-2.014765516594787,0.1717294442636095
-2.0143284267766735,0.18541885099485564
-2.01389133695856,0.19137080087035926
-2.013454247140446,0.19462553798618304
-2.0130171573223326,0.19340139875893206
-2.012580067504219,0.1847639976030538
-2.0121429776861053,0.17903748766150956
-2.0117058878679916,0.18762958636323798
-2.011268798049878,0.19624291783822076
-2.0108317082317644,0.18065929922082224
-2.0103946184136507,0.1472015440496282
-2.009957528595537,0.12155524575958417
-2.0095204387774235,0.10712323116705265
-2.00908334895931,0.0929383843634064
-2.008646259141196,0.08701317892840044
-2.0082091693230826,0.10530420209581123
-2.007772079504969,0.14017436396727748
-2.0073349896868553,0.16600356922110376
-2.0068978998687417,0.16978649676717814
-2.006460810050628,0.16032504857233246
-2.0060237202325144,0.15053621961060507
-2.0055866304144008,0.14621465719564244
-2.005149540596287,0.15092224188170716
-2.0047124507781735,0.16378482634213665
-2.00427536096006,0.17574911057453776
-2.0038382711419462,0.1817217202692067
-2.0034011813238326,0.18290661948132572
-2.002964091505719,0.17462653265675798
-2.0025270016876053,0.15587779690974735
-2.0020899118694917,0.13956823685755673
-2.001652822051378,0.13024897200685917
-2.0012157322332644,0.11686132461441688
-2.000778642415151,0.09902680734857958
-2.000341552597037,0.0895175475013156
-1.9999044627789238,0.09238403181002784
-1.9994673729608101,0.10153241515942554
-1.9990302831426965,0.11149041450239731
-1.9985931933245829,0.1220131543106487
-1.9981561035064692,0.13736571712576193
-1.9977190136883556,0.1547734856019062
-1.997281923870242,0.16142088331260065
-1.9968448340521283,0.15573234273905665
-1.9964077442340147,0.15271114711606412
-1.995970654415901,0.1583542158499605
-1.9955335645977874,0.1601245280551338
-1.9950964747796738,0.14684105042031748
-1.9946593849615601,0.12431445146689545
-1.9942222951434465,0.1088543395530521
-1.9937852053253329,0.10636116653004613
-1.9933481155072192,0.10368973557671339
-1.9929110256891056,0.0899489297214607
-1.992473935870992,0.07682091540098365
-1.9920368460528783,0.08392099192667561
-1.9915997562347647,0.11137709503011527
-1.991162666416651,0.1385697807219584
-1.9907255765985374,0.14747129789202665
-1.9902884867804238,0.13913751278928427
-1.9898513969623102,0.12722060957508038
-1.9894143071441965,0.12421346383783692
-1.988977217326083,0.13597635363067237
-1.9885401275079693,0.1587377394348176
-1.9881030376898556,0.17709063780136422
-1.987665947871742,0.1755799539877443
-1.9872288580536286,0.160629538866827
-1.986791768235515,0.16424571748496844
-1.9863546784174013,0.21067714498311094
-1.9859175885992877,0.27702540465515296
-1.985480498781174,0.3070677247028951
-1.9850434089630604,0.27460663585711476
-1.9846063191449468,0.21240273249175018
-1.9841692293268332,0.17004965626304472
-1.9837321395087195,0.16808125812387517
-1.9832950496906059,0.19699225380537833
-1.9828579598724922,0.23268923967299426
-1.9824208700543786,0.24965694610973416
-1.981983780236265,0.23908658299078905
-1.9815466904181513,0.2131484640136613
-1.9811096006000377,0.1875097605699518
-1.980672510781924,0.17288665420705265
-1.9802354209638104,0.1773543139593389
-1.9797983311456968,0.19490306269265587
-1.9793612413275832,0.2032335465884643
-1.9789241515094695,0.19277732605643627
-1.978487061691356,0.17977199293924798
-1.9780499718732423,0.17745973092193026
-1.9776128820551286,0.17891724629804334
-1.977175792237015,0.1796000872297512
-1.9767387024189014,0.1918501913118483
-1.9763016126007877,0.22033703261571766
-1.975864522782674,0.24189940351760608
-1.9754274329645605,0.2330733085554713
-1.9749903431464468,0.20434354480466013
-1.9745532533283332,0.18165898510621872
-1.9741161635102196,0.1672134268214786
-1.973679073692106,0.1430543419400431
-1.9732419838739923,0.1022514323354879
-1.9728048940558787,0.05762608832158252
-1.972367804237765,0.02530681701935234
-1.9719307144196514,0.00983185134854525
-1.9714936246015378,0.004597072707625709
-1.9710565347834241,0.003278585079758635
-1.9706194449653105,0.00685161632355293
-1.9701823551471969,0.01603019783374193
-1.9697452653290832,0.02639388903714131
-1.9693081755109696,0.04374457047212454
-1.968871085692856,0.08652124968482079
-1.9684339958747423,0.14945143088445492
-1.9679969060566287,0.18983957907002752
-1.967559816238515,0.18008602037051752
-1.9671227264204014,0.14889876616128342
-1.9666856366022878,0.1440232310005109
-1.9662485467841742,0.17323728830202748
-1.9658114569660605,0.20094296340043222
-1.9653743671479469,0.1933939035070451
-1.9649372773298333,0.15443225167280605
-1.9645001875117196,0.1190039573985544
-1.964063097693606,0.11975309769569704
-1.9636260078754924,0.1568785512028559
-1.9631889180573787,0.1974900186808274
-1.962751828239265,0.210870182200965
-1.9623147384211514,0.19832020181759116
-1.9618776486030378,0.18374373398447377
-1.9614405587849242,0.18993076249305613
-1.9610034689668105,0.21728762220504064
-1.960566379148697,0.23114755342528168
-1.9601292893305833,0.1958480287569642
-1.9596921995124696,0.12697894212956123
-1.959255109694356,0.0725866899042068
-1.9588180198762424,0.05329707302816374
-1.9583809300581287,0.05743755038929972
-1.957943840240015,0.0709102854618646
-1.9575067504219015,0.0833053930411841
-1.9570696606037878,0.08715789755897915
-1.9566325707856742,0.08455570874002476
-1.9561954809675606,0.08270584320463832
-1.955758391149447,0.08555678750732028
-1.9553213013313333,0.09301178939743045
-1.9548842115132197,0.09954630461105736
-1.954447121695106,0.0968541309751907
-1.9540100318769924,0.0849704698303734
-1.9535729420588788,0.07303176938587276
-1.9531358522407651,0.06635872314464251
-1.9526987624226515,0.06276079609101722
-1.9522616726045379,0.06264891664333659
-1.9518245827864242,0.07304342226904573
-1.9513874929683106,0.09598943378973866
-1.950950403150197,0.11882606617172402
-1.9505133133320833,0.12638099988273563
-1.9500762235139697,0.11818752225626943
-1.949639133695856,0.10141965124949263
-1.9492020438777424,0.07787640176497794
-1.9487649540596288,0.052440774917698794
-1.9483278642415152,0.0375872710776631
-1.9478907744234015,0.035594535232956644
-1.947453684605288,0.03349344933784181
-1.9470165947871743,0.02326101859416794
-1.9465795049690606,0.010877481886592138
-1.946142415150947,0.003942768830998886
-1.9457053253328334,0.004070039713170254
-1.9452682355147197,0.01067525263837544
-1.944831145696606,0.024238757327971094
-1.9443940558784925,0.04591103227579842
-1.9439569660603788,0.07329855871592224
-1.9435198762422652,0.09731639018229607
-1.9430827864241516,0.10965091843708652
-1.942645696606038,0.1115818400610398
-1.9422086067879243,0.11002483605481235
-1.9417715169698107,0.10951834099643573
-1.941334427151697,0.10985712443445238
-1.9408973373335834,0.1075625616625822
-1.9404602475154697,0.10215728225086455
-1.9400231576973561,0.09945729975615118
-1.9395860678792425,0.10204351743916154
-1.9391489780611288,0.10331395472437355
-1.9387118882430152,0.0981376929872081
-1.9382747984249016,0.0895573001954526
-1.937837708606788,0.08171418586438361
-1.9374006187886743,0.07839567923139913
-1.9369635289705607,0.08592619511240297
-1.936526439152447,0.10300655934624885
-1.9360893493343336,0.1153277720582643
-1.93565225951622,0.11262784805509811
-1.9352151696981064,0.09795237409035887
-1.9347780798799927,0.07548504660720214
-1.934340990061879,0.050199120438509506
-1.9339039002437655,0.03754771905130903
-1.9334668104256518,0.04950275533066045
-1.9330297206075382,0.0767142218913905
-1.9325926307894246,0.10220598235022671
-1.932155540971311,0.11969951496226873
-1.9317184511531973,0.1256210681790278
-1.9312813613350837,0.11295318768145382
-1.93084427151697,0.08714733258678238
-1.9304071816988564,0.06908853445063068
-1.9299700918807428,0.06922042442699111
-1.9295330020626291,0.07451399665453276
-1.9290959122445155,0.07031328530723922
-1.9286588224264019,0.06128679137169214
-1.9282217326082882,0.0619388094744295
-1.9277846427901746,0.07488887577392496
-1.927347552972061,0.08874876003604822
-1.9269104631539473,0.09580767598142778
-1.9264733733358337,0.10014671905033835
-1.92603628351772,0.1058635449843059
-1.9255991936996064,0.11031200764685468
-1.9251621038814928,0.11199762266531232
-1.9247250140633791,0.11222536324385056
-1.9242879242452655,0.10886552152699683
-1.9238508344271519,0.10132840037636946
-1.9234137446090382,0.09812623567276249
-1.9229766547909246,0.10675553780432487
-1.922539564972811,0.12230918025218371
-1.9221024751546973,0.1366358454414614
-1.9216653853365837,0.14859631536298196
-1.92122829551847,0.15691899463166278
-1.9207912057003564,0.15645871624426033
-1.9203541158822428,0.1488180890150445
-1.9199170260641292,0.14386167902109345
-1.9194799362460155,0.14605681245388466
-1.919042846427902,0.15030848053699017
-1.9186057566097883,0.1529134209531983
-1.9181686667916746,0.15583496550052423
-1.917731576973561,0.15982819025425243
-1.9172944871554474,0.1634841042656868
-1.9168573973373337,0.16748721844772815
-1.91642030751922,0.17171936278179084
-1.9159832177011065,0.1734700778974417
-1.9155461278829928,0.17328824356766684
-1.9151090380648792,0.17323255070387195
-1.9146719482467656,0.1688879818136492
-1.914234858428652,0.1557328515299867
-1.9137977686105383,0.14042532762820412
-1.9133606787924247,0.1327503042727636
-1.912923588974311,0.1329280637716663
-1.9124864991561974,0.13853082318392168
-1.9120494093380838,0.15273483084583847
-1.9116123195199701,0.17397588914523035
-1.9111752297018565,0.18997614896380097
-1.9107381398837429,0.19222863733687917
-1.9103010500656292,0.1858119223378045
-1.9098639602475156,0.178929616203594
-1.909426870429402,0.1718115304726712
-1.9089897806112883,0.1605008803857398
-1.9085526907931747,0.14542584495928373
-1.908115600975061,0.13081183529619514
-1.9076785111569474,0.11946994030394062
-1.9072414213388338,0.11489331002949099
-1.9068043315207202,0.12299568229710763
-1.9063672417026065,0.14140022952694617
-1.9059301518844929,0.1539233865937589
-1.9054930620663793,0.1477847956162303
-1.9050559722482656,0.12877238747396552
-1.904618882430152,0.1103316804790718
-1.9041817926120383,0.09891486507531302
-1.9037447027939247,0.09696369447013119
-1.903307612975811,0.1063455422653985
-1.9028705231576974,0.12233290992595815
-1.9024334333395838,0.13490526339397144
-1.9019963435214702,0.13822465034408957
-1.9015592537033565,0.1326787364109778
-1.901122163885243,0.12227933570157083
-1.9006850740671293,0.11499201849713193
-1.9002479842490156,0.11762978443814358
-1.899810894430902,0.12619760524011403
-1.8993738046127884,0.12886849647782386
-1.8989367147946747,0.1203021421580812
-1.898499624976561,0.10652105902711802
-1.8980625351584475,0.0965644701733724
-1.8976254453403338,0.09451401483229761
-1.8971883555222202,0.09751055697195155
-1.8967512657041066,0.09968287270559205
-1.896314175885993,0.10012004143557993
-1.8958770860678793,0.10324311720541816
-1.8954399962497657,0.10980358868090093
-1.895002906431652,0.11682420371409917
-1.8945658166135384,0.12664448023190963
-1.8941287267954248,0.14288018550793055
-1.8936916369773111,0.15816568629378383
-1.8932545471591975,0.1599374109830344
-1.8928174573410839,0.14812772370547295
-1.8923803675229702,0.1356436692012773
-1.8919432777048566,0.13139382058829144
-1.891506187886743,0.13252184899012948
-1.8910690980686293,0.1347383689276726
-1.8906320082505157,0.14036349776955306
-1.890194918432402,0.1505756960284528
-1.8897578286142884,0.15813825100181145
-1.8893207387961748,0.1556175769669141
-1.8888836489780612,0.14473824488758763
-1.8884465591599475,0.13252714607412597
-1.888009469341834,0.12560740489025557
-1.8875723795237203,0.13031267872140323
-1.8871352897056066,0.14756969877996334
-1.886698199887493,0.16581920810181278
-1.8862611100693794,0.17036128247632218
-1.8858240202512657,0.16091062703077402
-1.885386930433152,0.15033276689603628
-1.8849498406150387,0.14735824981712695
-1.884512750796925,0.1488927680161614
-1.8840756609788114,0.14683026300638344
-1.8836385711606978,0.1366007625578782
-1.8832014813425841,0.12162398000818611
-1.8827643915244705,0.11119606384115097
-1.8823273017063569,0.11116171780051408
-1.8818902118882432,0.11776411818070188
-1.8814531220701296,0.12276987971052807
-1.881016032252016,0.12165764690114356
-1.8805789424339023,0.11568060018139734
-1.8801418526157887,0.11003047202818363
-1.879704762797675,0.11114829308719025
-1.8792676729795614,0.12210973904351707
-1.8788305831614478,0.1392211371664017
-1.8783934933433342,0.1546267231257016
-1.8779564035252205,0.16174503848621583
-1.877519313707107,0.15849482108683868
-1.8770822238889933,0.1486805687119635
-1.8766451340708796,0.1395131430842895
-1.876208044252766,0.1341904880309714
-1.8757709544346524,0.12977318318153794
-1.8753338646165387,0.12476157706170211
-1.874896774798425,0.12271472720272596
-1.8744596849803115,0.12548473632257004
-1.8740225951621978,0.12828828278881024
-1.8735855053440842,0.12443917549326322
-1.8731484155259706,0.11325931320914974
-1.872711325707857,0.10147583916689486
-1.8722742358897433,0.0955074174453243
-1.8718371460716297,0.09461501408299333
-1.871400056253516,0.09542901273538866
-1.8709629664354024,0.09926517782324244
-1.8705258766172888,0.10842198984266042
-1.8700887867991751,0.11937010546499409
-1.8696516969810615,0.12675408134636368
-1.8692146071629478,0.1309958112979404
-1.8687775173448342,0.13686896753369251
-1.8683404275267206,0.14584952707900212
-1.867903337708607,0.1511845382566194
-1.8674662478904933,0.14282579061157344
-1.8670291580723797,0.12111746068344721
-1.866592068254266,0.1003650083028205
-1.8661549784361524,0.09262777472792334
-1.8657178886180388,0.09552091208165954
-1.8652807987999251,0.1005316977273513
-1.8648437089818115,0.10406424878471081
-1.8644066191636979,0.10781727896237121
-1.8639695293455842,0.114805901589432
-1.8635324395274706,0.12477702116204863
-1.863095349709357,0.13265705139343006
-1.8626582598912433,0.1342241120136347
-1.8622211700731297,0.12962303251724952
-1.861784080255016,0.11947919518581156
-1.8613469904369024,0.10616516980162763
-1.8609099006187888,0.09925955069769729
-1.8604728108006752,0.1068194553728909
-1.8600357209825615,0.12090955496007168
-1.859598631164448,0.1257217287156918
-1.8591615413463343,0.11880426143527331
-1.8587244515282206,0.11037674731843601
-1.858287361710107,0.10542908240240632
-1.8578502718919934,0.10072755867852982
-1.8574131820738797,0.09578982032729134
-1.856976092255766,0.09423493296844364
-1.8565390024376525,0.09527244526257259
-1.8561019126195388,0.09188346476434017
-1.8556648228014252,0.078720821566408
-1.8552277329833116,0.05846786295526092
-1.854790643165198,0.039336859703726176
-1.8543535533470843,0.028007682243643424
-1.8539164635289707,0.025220595525584404
-1.853479373710857,0.02724334516196506
-1.8530422838927434,0.03164770084629406
-1.8526051940746298,0.039406662195277456
-1.8521681042565161,0.050423425130017185
-1.8517310144384025,0.06275018080028831
-1.8512939246202889,0.07635971781470496
-1.8508568348021752,0.09024699315984322
-1.8504197449840616,0.09916540382971861
-1.849982655165948,0.10079278016068778
-1.8495455653478343,0.1007648831876299
-1.8491084755297207,0.10609537212909685
-1.848671385711607,0.11794543445053975
-1.8482342958934934,0.13131139176310613
-1.8477972060753798,0.14066499566955687
-1.8473601162572661,0.14566765868865647
-1.8469230264391525,0.14730811013114464
-1.8464859366210389,0.1422642910715059
-1.8460488468029252,0.12973048225215797
-1.8456117569848116,0.11666681448843541
-1.845174667166698,0.10867617980089546
-1.8447375773485843,0.10532548711992137
-1.8443004875304707,0.1069825644740109
-1.843863397712357,0.11509103670290952
-1.8434263078942434,0.125871603786096
-1.8429892180761298,0.13177055996627768
-1.8425521282580162,0.12856857477383232
-1.8421150384399025,0.11936050636410976
-1.841677948621789,0.11292593565421702
-1.8412408588036753,0.11642441865749095
-1.8408037689855616,0.12805707014063825
-1.840366679167448,0.13799694881831773
-1.8399295893493344,0.1368487699814012
-1.8394924995312207,0.12371040608741694
-1.839055409713107,0.10683259631373843
-1.8386183198949935,0.09585904679716144
-1.8381812300768798,0.09397514331450856
-1.8377441402587662,0.09825804327074586
-1.8373070504406526,0.10459761390238101
-1.836869960622539,0.11029370071117042
-1.8364328708044253,0.11471577467161541
-1.8359957809863117,0.11890345531460492
-1.835558691168198,0.1233902412818062
-1.8351216013500844,0.12756197432160568
-1.8346845115319708,0.131071252836852
-1.8342474217138571,0.13270714600237704
-1.8338103318957437,0.12972567341955193
-1.83337324207763,0.12277774938288404
-1.8329361522595164,0.11793589455921913
-1.8324990624414028,0.11914865373294563
-1.8320619726232892,0.12310751559181508
-1.8316248828051755,0.12528352343097318
-1.831187792987062,0.12642992985265197
-1.8307507031689483,0.13007931444763868
-1.8303136133508346,0.13701436338099557
-1.829876523532721,0.1446636081674794
-1.8294394337146074,0.15005881155804457
-1.8290023438964937,0.15179696464769585
-1.82856525407838,0.15055441582500784
-1.8281281642602665,0.14807197587199825
-1.8276910744421528,0.14368680118206556
-1.8272539846240392,0.1335297604410759
-1.8268168948059256,0.11667804810785234
-1.826379804987812,0.09963009452843956
-1.8259427151696983,0.09096065848498877
-1.8255056253515847,0.09320412607507235
-1.825068535533471,0.10120367095241677
-1.8246314457153574,0.10725993281107334
-1.8241943558972438,0.10875156742015721
-1.8237572660791301,0.11014630258079385
-1.8233201762610165,0.11544004362975206
-1.8228830864429029,0.12282250966174534
-1.8224459966247892,0.13102631482284358
-1.8220089068066756,0.14343300000989911
-1.821571816988562,0.15926639709981197
-1.8211347271704483,0.16981221285580747
-1.8206976373523347,0.17050058147764194
-1.820260547534221,0.16709406548032701
-1.8198234577161074,0.16509678795085722
-1.8193863678979938,0.16349923099663108
-1.8189492780798802,0.16097292682148992
-1.8185121882617665,0.15844887257440138
-1.818075098443653,0.15587268842453444
-1.8176380086255393,0.15288383009031678
-1.8172009188074256,0.15013483431856675
-1.816763828989312,0.1474344069197711
-1.8163267391711984,0.14465463611466672
-1.8158896493530847,0.14397111281067312
-1.815452559534971,0.1469724641100309
-1.8150154697168575,0.15210863733148453
-1.8145783798987438,0.15862662007779865
-1.8141412900806302,0.16881294421515278
-1.8137042002625166,0.18274757064751962
-1.813267110444403,0.19517535259459612
-1.8128300206262893,0.20062130532845512
-1.8123929308081757,0.19854993497692427
-1.811955840990062,0.19279353110143035
-1.8115187511719484,0.18877182041639257
-1.8110816613538347,0.19017132607648704
-1.8106445715357211,0.19504469156047458
-1.8102074817176075,0.19664661109383857
-1.8097703918994938,0.1911501131567728
-1.8093333020813802,0.18212232253003605
-1.8088962122632666,0.1741147939436639
-1.808459122445153,0.16599728864768779
-1.8080220326270393,0.15581152167874796
-1.8075849428089257,0.14798036512948065
-1.807147852990812,0.14873508162277987
-1.8067107631726984,0.15634153047891414
-1.8062736733545848,0.16259551325482474
-1.8058365835364711,0.16389420985982292
-1.8053994937183575,0.16406173873053279
-1.8049624039002439,0.16557442669214353
-1.8045253140821302,0.1662851636947512
-1.8040882242640166,0.1662162453606652
-1.803651134445903,0.16874118650834138
-1.8032140446277893,0.17384649707893862
-1.8027769548096757,0.17761089839042016
-1.802339864991562,0.17798809403701235
-1.8019027751734484,0.17567383579873627
-1.8014656853553348,0.1712140047684329
-1.8010285955372212,0.1663171449566144
-1.8005915057191075,0.16644044701525565
-1.800154415900994,0.1759240296065276
-1.7997173260828803,0.18965879057337495
-1.7992802362647666,0.19607741617085891
-1.798843146446653,0.19092634470571837
-1.7984060566285394,0.18166902710034866
-1.7979689668104257,0.1759132164308572
-1.797531876992312,0.1727842712292175
-1.7970947871741985,0.1686913951682107
-1.7966576973560848,0.1640271672619123
-1.7962206075379712,0.16005088376710694
-1.7957835177198576,0.15600953180017071
-1.795346427901744,0.15348464012427795
-1.7949093380836303,0.1569344870074882
-1.7944722482655167,0.166274015301532
-1.794035158447403,0.17517489894016913
-1.7935980686292894,0.17937858151320188
-1.7931609788111758,0.18115373238301966
-1.7927238889930621,0.18345888862881163
-1.7922867991749485,0.18427953943020134
-1.7918497093568349,0.1798274056226574
-1.7914126195387212,0.17104348536984576
-1.7909755297206076,0.16332062872878425
-1.790538439902494,0.16023358839713667
-1.7901013500843803,0.16078639227400404
-1.7896642602662667,0.16328257732814425
-1.789227170448153,0.16905167614266672
-1.7887900806300394,0.17990959483854813
-1.7883529908119258,0.19321190401994714
-1.7879159009938121,0.20418117569943187
-1.7874788111756985,0.21329988821949475
-1.7870417213575849,0.22460638692607954
-1.7866046315394712,0.23639248826796005
-1.7861675417213576,0.24188758207469946
-1.785730451903244,0.23878659863526114
-1.7852933620851303,0.22991036161955253
-1.7848562722670167,0.21676149888057733
-1.784419182448903,0.20125745579042267
-1.7839820926307894,0.19146702737261087
-1.7835450028126758,0.19664195392514786
-1.7831079129945622,0.216198404497329
-1.7826708231764488,0.23869596049940572
-1.7822337333583351,0.25187516366197726
-1.7817966435402215,0.2518578539707068
-1.7813595537221079,0.2436280812875142
-1.7809224639039942,0.2338108190626078
-1.7804853740858806,0.22449972547241978
-1.780048284267767,0.21570389703883822
-1.7796111944496533,0.20979921140873778
-1.7791741046315397,0.20891813915367607
-1.778737014813426,0.21163232868875775
-1.7782999249953124,0.2152485691702979
-1.7778628351771988,0.217603449769849
-1.7774257453590852,0.21709341258696999
-1.7769886555409715,0.21463473655004583
-1.7765515657228579,0.21268911316015424
-1.7761144759047442,0.21127100843244415
-1.7756773860866306,0.2099328467958493
-1.775240296268517,0.211343330632299
-1.7748032064504033,0.21571987308010154
-1.7743661166322897,0.21542147377275575
-1.773929026814176,0.2034993546428612
-1.7734919369960624,0.18550346645410806
-1.7730548471779488,0.17572628785571132
-1.7726177573598352,0.18266885382487813
-1.7721806675417215,0.20257986940941008
-1.771743577723608,0.22435781458700776
-1.7713064879054943,0.2371497893278491
-1.7708693980873806,0.23808578155157747
-1.770432308269267,0.23506983805302403
-1.7699952184511534,0.23636698207143939
-1.7695581286330397,0.23923881064455918
-1.769121038814926,0.23656116179271983
-1.7686839489968125,0.23000014436780547
-1.7682468591786988,0.22773398986939192
-1.7678097693605852,0.23306284190973098
-1.7673726795424716,0.242038398535847
-1.766935589724358,0.24994478287575933
-1.7664984999062443,0.2554079378912166
-1.7660614100881307,0.258085520693247
-1.765624320270017,0.2557738459227508
-1.7651872304519034,0.24604397079165355
-1.7647501406337898,0.22886156090692575
-1.7643130508156761,0.20693161738130933
-1.7638759609975625,0.1862093704224576
-1.7634388711794489,0.17370264581166436
-1.7630017813613352,0.1690714248151853
-1.7625646915432216,0.1620881080419565
-1.762127601725108,0.1457732964883974
-1.7616905119069943,0.1276392296140178
-1.7612534220888807,0.12045887021062926
-1.760816332270767,0.12709995930475607
-1.7603792424526534,0.1405701780063866
-1.7599421526345398,0.15215832792522804
-1.7595050628164262,0.15492460975556857
-1.7590679729983125,0.14739295851853965
-1.758630883180199,0.13720504227138663
-1.7581937933620853,0.13354043814468072
-1.7577567035439716,0.13518207384701691
-1.757319613725858,0.13363392743016692
-1.7568825239077444,0.12687984616973236
-1.7564454340896307,0.12115841704033582
-1.756008344271517,0.11903687142299277
-1.7555712544534035,0.11474694282051114
-1.7551341646352898,0.10362149265923963
-1.7546970748171762,0.08901648990616924
-1.7542599849990625,0.07787145017104427
-1.753822895180949,0.07561912092832833
-1.7533858053628353,0.0862211622002447
-1.7529487155447216,0.10960157081507517
-1.752511625726608,0.13594491843678372
-1.7520745359084944,0.14948748764265982
-1.7516374460903807,0.14406744059474078
-1.7512003562722671,0.12974143256780155
-1.7507632664541535,0.1177044802868678
-1.7503261766360398,0.10674585232617305
-1.7498890868179262,0.09305523389974217
-1.7494519969998126,0.08240577619402459
-1.749014907181699,0.08122915012798312
-1.7485778173635853,0.08465476189720625
-1.7481407275454717,0.08414146191216901
-1.747703637727358,0.08298257912819558
-1.7472665479092444,0.09596755824660201
-1.7468294580911308,0.13086435365332155
-1.7463923682730171,0.1757333931388177
-1.7459552784549035,0.21195561442747365
-1.7455181886367899,0.23469771346266463
-1.7450810988186762,0.2523034904183366
-1.7446440090005626,0.2718012993826346
-1.744206919182449,0.29005778115037995
-1.7437698293643353,0.2936209264885382
-1.7433327395462217,0.2711155643917988
-1.742895649728108,0.2311641071643891
-1.7424585599099944,0.19557576464631826
-1.7420214700918808,0.17068795659610458
-1.7415843802737672,0.14361052040599515
-1.7411472904556535,0.1089645237732132
-1.74071020063754,0.07878900969503197
-1.7402731108194263,0.06420059918401637
-1.7398360210013126,0.06464535581640626
-1.739398931183199,0.07451956178293999
-1.7389618413650854,0.08624917367548066
-1.7385247515469717,0.09052605243203946
-1.738087661728858,0.08583228914433551
-1.7376505719107445,0.08207879422711117
-1.7372134820926308,0.08482954587182957
-1.7367763922745172,0.08539384799371634
-1.7363393024564036,0.07677820363340918
-1.73590221263829,0.06783423052713336
-1.7354651228201763,0.07065930396634496
-1.7350280330020627,0.08462167641743577
-1.734590943183949,0.10171147523608746
-1.7341538533658354,0.11807147630103074
-1.7337167635477218,0.1329962707127697
-1.7332796737296081,0.14286304161861646
-1.7328425839114945,0.14213219715816333
-1.7324054940933808,0.13079055121206412
-1.7319684042752672,0.11897986018096696
-1.7315313144571538,0.11981653971067753
-1.7310942246390402,0.1356397811981358
-1.7306571348209265,0.1554671096049893
-1.730220045002813,0.16794938739230725
-1.7297829551846993,0.17280033429224292
-1.7293458653665856,0.1775384230272083
-1.728908775548472,0.1873635476773099
-1.7284716857303584,0.20187193115795118
-1.7280345959122447,0.2173488522602223
-1.727597506094131,0.22700160220751703
-1.7271604162760175,0.22360799047657443
-1.7267233264579038,0.20797821241381073
-1.7262862366397902,0.19069583902270912
-1.7258491468216766,0.18095366994785198
-1.725412057003563,0.17735124564339375
-1.7249749671854493,0.17370248582781117
-1.7245378773673357,0.17103269914765318
-1.724100787549222,0.17576774420846336
-1.7236636977311084,0.18503347861325084
-1.7232266079129948,0.186646868892367
-1.7227895180948811,0.17782474435649104
-1.7223524282767675,0.16837688343095994
-1.7219153384586539,0.1630775659249565
-1.7214782486405402,0.15821399566047795
-1.7210411588224266,0.1564377290520902
-1.720604069004313,0.17047133710473492
-1.7201669791861993,0.20732647272899762
-1.7197298893680857,0.25069601447497425
-1.719292799549972,0.267138270351502
-1.7188557097318584,0.24135538321918634
-1.7184186199137448,0.19584328763306624
-1.7179815300956311,0.16196158777743666
-1.7175444402775175,0.14848110102267356
-1.7171073504594039,0.1496204349748233
-1.7166702606412902,0.16034328022934963
-1.7162331708231766,0.17510831229108254
-1.715796081005063,0.19086769765541511
-1.7153589911869493,0.21140329918512535
-1.7149219013688357,0.23520088802508468
-1.714484811550722,0.24647846778321852
-1.7140477217326084,0.23271842795473566
-1.7136106319144948,0.20878088948166543
-1.7131735420963812,0.2069143114683614
-1.7127364522782675,0.23248871356047868
-1.712299362460154,0.2478493717728368
-1.7118622726420403,0.2206187973336306
-1.7114251828239266,0.16821278176804128
-1.710988093005813,0.1331162580822422
-1.7105510031876994,0.13710452874413687
-1.7101139133695857,0.17417123666779538
-1.709676823551472,0.22171367491306615
-1.7092397337333585,0.250607901307476
-1.7088026439152448,0.24608499430841727
-1.7083655540971312,0.21868929483270422
-1.7079284642790176,0.18458820718068236
-1.707491374460904,0.14835684542654046
-1.7070542846427903,0.11251298091197329
-1.7066171948246767,0.08719721797677124
-1.706180105006563,0.08176149228919635
-1.7057430151884494,0.09441254711703655
-1.7053059253703358,0.1119932581519244
-1.7048688355522221,0.11832812303685143
-1.7044317457341085,0.10832671966165174
-1.7039946559159949,0.0946609607184991
-1.7035575660978812,0.09333458259084267
-1.7031204762797676,0.10512011550295933
-1.702683386461654,0.1188817850876345
-1.7022462966435403,0.12596000305229307
-1.7018092068254267,0.12347728759076378
-1.701372117007313,0.11386013056888566
-1.7009350271891994,0.1059594947170343
-1.7004979373710858,0.10509046794837873
-1.7000608475529722,0.10417398324984428
-1.6996237577348585,0.09756333418842687
-1.6991866679167449,0.09402728829557609
-1.6987495780986313,0.10122998926434222
-1.6983124882805176,0.10955298693461502
-1.697875398462404,0.10577149020248273
-1.6974383086442904,0.09226016585752603
-1.6970012188261767,0.08147126013720205
-1.696564129008063,0.07923305292326778
-1.6961270391899494,0.08118893159206085
-1.6956899493718358,0.08075150265267164
-1.6952528595537222,0.07590456060738661
-1.6948157697356085,0.07088381382549583
-1.694378679917495,0.07283303089247213
-1.6939415900993813,0.08412546688918991
-1.6935045002812676,0.09785427088565775
-1.693067410463154,0.10476368312634361
-1.6926303206450404,0.10449930512063553
-1.6921932308269267,0.10433808369049762
-1.691756141008813,0.10612651954734433
-1.6913190511906995,0.10232957778256922
-1.6908819613725858,0.08860288899782506
-1.6904448715544722,0.07307981734227166
-1.6900077817363586,0.0675138632457151
-1.689570691918245,0.07307336067066851
-1.6891336021001313,0.07964117258841975
-1.6886965122820177,0.07822986021899318
-1.688259422463904,0.07101633183172945
-1.6878223326457904,0.06750569585785525
-1.6873852428276768,0.07238595700260841
-1.6869481530095631,0.08092528337060372
-1.6865110631914495,0.08614960805713676
-1.6860739733733359,0.08598720614151388
-1.6856368835552222,0.08260954745291735
-1.6851997937371086,0.07849828326485328
-1.684762703918995,0.07439757067129686
-1.6843256141008813,0.07043087271801175
-1.6838885242827677,0.06925113905225729
-1.683451434464654,0.075149851061977
-1.6830143446465404,0.08712229652623378
-1.6825772548284268,0.09733115894243226
-1.6821401650103132,0.10068956377481804
-1.6817030751921995,0.10085123008129393
-1.681265985374086,0.10331239611741962
-1.6808288955559723,0.10882285284106012
-1.6803918057378588,0.11703533302528354
-1.6799547159197452,0.1312420317720048
-1.6795176261016316,0.15457724168638107
-1.679080536283518,0.18167831811870036
-1.6786434464654043,0.19803955598325726
-1.6782063566472907,0.19253927494968842
-1.677769266829177,0.1699194282295742
-1.6773321770110634,0.14676797798276123
-1.6768950871929498,0.13679113551729655
-1.6764579973748361,0.14221203475428276
-1.6760209075567225,0.1548437385016299
-1.6755838177386089,0.16282975685239617
-1.6751467279204952,0.15991413037812766
-1.6747096381023816,0.14936623710328117
-1.674272548284268,0.13853742781301187
-1.6738354584661543,0.13255004036964466
-1.6733983686480407,0.13325558373874977
-1.672961278829927,0.13970207562879094
-1.6725241890118134,0.14829643159904896
-1.6720870991936998,0.1547344196202973
-1.6716500093755862,0.15702836057303834
-1.6712129195574725,0.15728712297259057
-1.670775829739359,0.16055269720993146
-1.6703387399212453,0.171580490169555
-1.6699016501031316,0.19272782201195496
-1.669464560285018,0.22105030929388358
-1.6690274704669044,0.24343814841930347
-1.6685903806487907,0.2424253173134999
-1.668153290830677,0.2166703174347295
-1.6677162010125635,0.18817870337453377
-1.6672791111944498,0.17850513812924632
-1.6668420213763362,0.18578408732265675
-1.6664049315582226,0.19456716508143232
-1.665967841740109,0.1980811927893839
-1.6655307519219953,0.19975116108124633
-1.6650936621038817,0.20063546689138034
-1.664656572285768,0.19694698901558552
-1.6642194824676544,0.18800471207099717
-1.6637823926495408,0.17918619826975993
-1.6633453028314271,0.17618271596133198
-1.6629082130133135,0.17993146689814005
-1.6624711231951999,0.18869199794787245
-1.6620340333770862,0.2022995662952931
-1.6615969435589726,0.219921500459808
-1.661159853740859,0.23491899656875503
-1.6607227639227453,0.2397516932448129
-1.6602856741046317,0.23745617454435183
-1.659848584286518,0.2393376681878163
-1.6594114944684044,0.2485771302134017
-1.6589744046502908,0.2558425481190624
-1.6585373148321771,0.2544670206056687
-1.6581002250140635,0.24942930355318652
-1.6576631351959499,0.2471764456632351
-1.6572260453778362,0.24736850553904238
-1.6567889555597226,0.24900249877547778
-1.656351865741609,0.25358243336061326
-1.6559147759234953,0.2576317763730359
-1.6554776861053817,0.25245519587052195
-1.655040596287268,0.2365371138049703
-1.6546035064691544,0.2204102517981402
-1.6541664166510408,0.21365073967256953
-1.6537293268329272,0.21276989882534547
-1.6532922370148135,0.2097700012477115
-1.6528551471967,0.20701054069400734
-1.6524180573785863,0.2100418925046112
-1.6519809675604726,0.21111468913313813
-1.651543877742359,0.19827068947307258
-1.6511067879242454,0.17556289971525005
-1.6506696981061317,0.15625388864959183
-1.650232608288018,0.14367419104685927
-1.6497955184699045,0.13331032465542372
-1.6493584286517908,0.12403492787893812
-1.6489213388336772,0.11704779523533274
-1.6484842490155636,0.11104352209778616
-1.64804715919745,0.102979252750775
-1.6476100693793363,0.09188812401084015
-1.6471729795612227,0.08322441391854311
-1.646735889743109,0.08615955704353137
-1.6462987999249954,0.10181224064237938
-1.6458617101068818,0.11944292747673756
-1.6454246202887681,0.1284559863394976
-1.6449875304706545,0.1293099244550298
-1.6445504406525409,0.13149713759121598
-1.6441133508344272,0.1433232955888009
-1.6436762610163136,0.1617650769903061
-1.6432391711982,0.1742554845203413
-1.6428020813800863,0.17431751381016267
-1.6423649915619727,0.16775051281989775
-1.641927901743859,0.1590726541393638
-1.6414908119257454,0.14589925233727716
-1.6410537221076318,0.13139471663925154
-1.6406166322895182,0.12504992455360353
-1.6401795424714045,0.12770610250596304
-1.6397424526532909,0.13198163441834163
-1.6393053628351772,0.13647956865746672
-1.6388682730170636,0.14531021353665247
-1.63843118319895,0.15857864255508797
-1.6379940933808363,0.17473999997046816
-1.6375570035627227,0.1949595892128469
-1.637119913744609,0.2162544169247254
-1.6366828239264954,0.2274013554642363
-1.6362457341083818,0.2192410294584632
-1.6358086442902682,0.19645558698074
-1.6353715544721545,0.17501124642011107
-1.634934464654041,0.1671675416710379
-1.6344973748359273,0.17020256124806551
-1.6340602850178136,0.17173115774493436
-1.6336231951997,0.16482057078708087
-1.6331861053815864,0.1538626818749937
-1.6327490155634727,0.14617222853288223
-1.632311925745359,0.14370852829066158
-1.6318748359272455,0.1451493621425839
-1.6314377461091318,0.150674883102527
-1.6310006562910182,0.16035588599383038
-1.6305635664729046,0.17140240210275762
-1.630126476654791,0.18101226244620924
-1.6296893868366773,0.18858640951311287
-1.6292522970185639,0.19277044377632682
-1.6288152072004503,0.19156107568325134
-1.6283781173823366,0.18734969696709594
-1.627941027564223,0.18614800265652529
-1.6275039377461094,0.1901978690373514
-1.6270668479279957,0.19519470315956006
-1.626629758109882,0.1948469404770917
-1.6261926682917685,0.18677964165724184
-1.6257555784736548,0.17533647096974914
-1.6253184886555412,0.16769365995171517
-1.6248813988374275,0.1656963706227009
-1.624444309019314,0.1646121297768567
-1.6240072192012003,0.16108232332228647
-1.6235701293830866,0.158039256051709
-1.623133039564973,0.16055507105381034
-1.6226959497468594,0.1694296779438418
-1.6222588599287457,0.17919120859166046
-1.621821770110632,0.1828694136752414
-1.6213846802925185,0.18005570599408127
-1.6209475904744048,0.17731704946820012
-1.6205105006562912,0.17853839280012257
-1.6200734108381776,0.17982137477137244
-1.619636321020064,0.1767026107230574
-1.6191992312019503,0.1710202321866112
-1.6187621413838367,0.1672820021959374
-1.618325051565723,0.1659912778073524
-1.6178879617476094,0.16389608613424392
-1.6174508719294958,0.15948368505182384
-1.6170137821113821,0.15497914166187285
-1.6165766922932685,0.15197140623575187
-1.6161396024751549,0.14816729237084214
-1.6157025126570412,0.14081990062150115
-1.6152654228389276,0.13082077744222273
-1.614828333020814,0.12140206676132362
-1.6143912432027003,0.1151469992616743
-1.6139541533845867,0.11325241600386739
-1.613517063566473,0.11545129976657377
-1.6130799737483594,0.1203173243552443
-1.6126428839302458,0.12670189893834558
-1.6122057941121322,0.13332243240766153
-1.6117687042940185,0.13630668962685663
-1.611331614475905,0.13122814734064217
-1.6108945246577913,0.12003336642772931
-1.6104574348396776,0.11188049827487177
-1.610020345021564,0.1142693803906657
-1.6095832552034504,0.1265141443882209
-1.6091461653853367,0.14198846739539836
-1.608709075567223,0.1513314328868041
-1.6082719857491095,0.1449117661768136
-1.6078348959309958,0.12087238108127285
-1.6073978061128822,0.0915817933799109
-1.6069607162947686,0.07474330739146351
-1.606523626476655,0.07651377885957009
-1.6060865366585413,0.08789410515923161
-1.6056494468404277,0.0975232734232045
-1.605212357022314,0.10273657805115721
-1.6047752672042004,0.106814227012108
-1.6043381773860868,0.111269468288574
-1.6039010875679731,0.11596925463239006
-1.6034639977498595,0.1232270335312575
-1.6030269079317458,0.13517853281316666
-1.6025898181136322,0.1486533844038411
-1.6021527282955186,0.15775529517146464
-1.601715638477405,0.159119150799328
-1.6012785486592913,0.15144078706464278
-1.6008414588411777,0.13582497109009975
-1.600404369023064,0.12017800616466133
-1.5999672792049504,0.11469644459183508
-1.5995301893868368,0.1184416198307759
-1.5990930995687231,0.11910456154158869
-1.5986560097506095,0.10964394015878323
-1.5982189199324959,0.09628333604918006
-1.5977818301143822,0.08761091007793133
-1.5973447402962686,0.08446984144690417
-1.596907650478155,0.08320272811745255
-1.5964705606600413,0.08243045807868775
-1.5960334708419277,0.08383494406995914
-1.595596381023814,0.08886363294093136
-1.5951592912057004,0.09640190851673174
-1.5947222013875868,0.1038511974403906
-1.5942851115694732,0.10965343140444672
-1.5938480217513595,0.11342247458895785
-1.593410931933246,0.11480326831400951
-1.5929738421151323,0.11430255865644222
-1.5925367522970186,0.11355630957750716
-1.592099662478905,0.11277722758598432
-1.5916625726607914,0.11025255169231339
-1.5912254828426777,0.10570751257167203
-1.590788393024564,0.10112128185923476
-1.5903513032064505,0.09736416422032568
-1.5899142133883368,0.0932456923895099
-1.5894771235702232,0.08835401390562722
-1.5890400337521096,0.08403407060219661
-1.588602943933996,0.08147920233642059
-1.5881658541158823,0.0810591106770695
-1.5877287642977687,0.08329797089036106
-1.587291674479655,0.0885347640261626
-1.5868545846615414,0.0955090173567402
-1.5864174948434278,0.1018465713710509
-1.5859804050253141,0.10638326480869455
-1.5855433152072005,0.10989279558848854
-1.5851062253890869,0.11314609467187163
-1.5846691355709732,0.1153991962021468
-1.5842320457528596,0.11546818587634834
-1.583794955934746,0.11341781971410911
-1.5833578661166323,0.1101995461996216
-1.5829207762985187,0.10626192209588033
-1.582483686480405,0.10221794642217173
-1.5820465966622914,0.10044122935651423
-1.5816095068441778,0.10309035843187955
-1.5811724170260641,0.10841273922215997
-1.5807353272079505,0.11224203677562868
-1.5802982373898369,0.11280647969290437
-1.5798611475717232,0.11055998635314568
-1.5794240577536096,0.104654083823321
-1.578986967935496,0.09384698781014791
-1.5785498781173823,0.08013382698935746
-1.578112788299269,0.06833052787991965
-1.5776756984811553,0.06212341718549706
-1.5772386086630417,0.06118397252716683
-1.576801518844928,0.06150147019935718
-1.5763644290268144,0.059107910519147
-1.5759273392087008,0.05435245723153465
-1.5754902493905871,0.051488752702342426
-1.5750531595724735,0.05337293047551884
-1.5746160697543599,0.05773385977613932
-1.5741789799362462,0.05942119493380237
-1.5737418901181326,0.05634115923002131
-1.573304800300019,0.05365371003174975
-1.5728677104819053,0.06094560249703731
-1.5724306206637917,0.08220343380819493
-1.571993530845678,0.10904871096965388
-1.5715564410275644,0.12791614554452235
-1.5711193512094508,0.1336773940654762
-1.5706822613913372,0.13202767446258049
-1.5702451715732235,0.1294809252117893
-1.5698080817551099,0.12656131502746099
-1.5693709919369963,0.12145018896654021
-1.5689339021188826,0.11525644090623574
-1.568496812300769,0.11074153474606449
-1.5680597224826553,0.10842026633235323
-1.5676226326645417,0.10725652868573111
-1.567185542846428,0.10770570449397214
-1.5667484530283144,0.11027873429160757
-1.5663113632102008,0.11214156713291
-1.5658742733920872,0.10944171594059071
-1.5654371835739735,0.10301616579402677
-1.56500009375586,0.09840427145027246
-1.5645630039377463,0.09985530386823598
-1.5641259141196326,0.10692603118597734
-1.563688824301519,0.11752870384538926
-1.5632517344834054,0.13106088292620796
-1.5628146446652917,0.1456986511207977
-1.562377554847178,0.15509508163317687
-1.5619404650290645,0.15251360675019995
-1.5615033752109508,0.1384766787266992
-1.5610662853928372,0.12159465639026597
-1.5606291955747236,0.11154707068945376
-1.56019210575661,0.11240009271538469
-1.5597550159384963,0.12231716713960303
-1.5593179261203827,0.1373049505440325
-1.558880836302269,0.15228158204447406
-1.5584437464841554,0.15982828704597687
-1.5580066566660418,0.15414417761267854
-1.5575695668479281,0.137975554574527
-1.5571324770298145,0.1205654179352417
-1.5566953872117009,0.10801378961100112
-1.5562582973935872,0.10013508356123671
-1.5558212075754736,0.09518131757193715
-1.55538411775736,0.09216844629365557
-1.5549470279392463,0.09026565075167178
-1.5545099381211327,0.09061213172047966
-1.554072848303019,0.09682145547741025
-1.5536357584849054,0.10967022158387932
-1.5531986686667918,0.12278379362163425
-1.5527615788486782,0.12728857560780635
-1.5523244890305645,0.12114497914761678
-1.551887399212451,0.11200505953038423
-1.5514503093943373,0.10976101808797648
-1.5510132195762236,0.11668651003923204
-1.55057612975811,0.12585891251576625
-1.5501390399399964,0.12947126583899443
-1.5497019501218827,0.12766013375982585
-1.549264860303769,0.12765416217051187
-1.5488277704856555,0.13414394488107112
-1.5483906806675418,0.14325434270793203
-1.5479535908494282,0.14858833343845404
-1.5475165010313146,0.15054914959445345
-1.547079411213201,0.15506152539367005
-1.5466423213950873,0.1647619460639615
-1.5462052315769736,0.17643443597306163
-1.54576814175886,0.18589132982935136
-1.5453310519407464,0.19104893324462338
-1.5448939621226327,0.19163016270148953
-1.5444568723045191,0.1891634326907124
-1.5440197824864055,0.18571086511758556
-1.5435826926682918,0.1813497677583698
-1.5431456028501782,0.17611595623654175
-1.5427085130320646,0.17461936699496228
-1.542271423213951,0.1832022288954087
-1.5418343333958373,0.20068869960383284
-1.5413972435777237,0.21659269235448408
-1.54096015375961,0.22074143062115678
-1.5405230639414964,0.21255024070349157
-1.5400859741233828,0.2007195101551662
-1.5396488843052691,0.19516738562585606
-1.5392117944871555,0.19836093578911188
-1.5387747046690419,0.2043471628841825
-1.5383376148509282,0.20688209346937173
-1.5379005250328146,0.20557955959333496
-1.537463435214701,0.20231864406742947
-1.5370263453965873,0.19689139808272885
-1.5365892555784737,0.1901446785844239
-1.53615216576036,0.18685794768821856
-1.5357150759422464,0.19123459010199476
-1.5352779861241328,0.2019952342612529
-1.5348408963060192,0.21405776727230924
-1.5344038064879055,0.22299755103404897
-1.533966716669792,0.22676863459268168
-1.5335296268516783,0.22492292705807845
-1.5330925370335646,0.21833778068389162
-1.532655447215451,0.2106135145388574
-1.5322183573973374,0.20773841174203594
-1.5317812675792237,0.2125310781716286
-1.53134417776111,0.21970459371159531
-1.5309070879429965,0.22077130439451365
-1.5304699981248828,0.21374013352977167
-1.5300329083067692,0.20364200540744798
-1.5295958184886556,0.19466355443269046
-1.529158728670542,0.18725226577911497
-1.5287216388524283,0.18203070557761308
-1.5282845490343147,0.18051622501401082
-1.527847459216201,0.18153889270127516
-1.5274103693980874,0.1816009769193953
-1.526973279579974,0.17951417729022703
-1.5265361897618603,0.17796126619885774
-1.5260990999437467,0.18101921964367293
-1.525662010125633,0.19167907946393867
-1.5252249203075194,0.208939387486474
-1.5247878304894058,0.22543539577831265
-1.5243507406712922,0.23220431211936274
-1.5239136508531785,0.22799267798883394
-1.523476561035065,0.21940982131196354
-1.5230394712169513,0.21118397978809184
-1.5226023813988376,0.20195404050875623
-1.522165291580724,0.18989927277878055
-1.5217282017626104,0.17666998526682076
-1.5212911119444967,0.16514828973937795
-1.520854022126383,0.15688976860719914
-1.5204169323082695,0.15148479445771026
-1.5199798424901558,0.1471717903349235
-1.5195427526720422,0.14330690702657975
-1.5191056628539286,0.1414677009519971
-1.518668573035815,0.14211614391531907
-1.5182314832177013,0.14247899482628082
-1.5177943933995877,0.14052809166619804
-1.517357303581474,0.1382927947259851
-1.5169202137633604,0.13846818280744685
-1.5164831239452468,0.14086760240393398
-1.5160460341271331,0.1444872524750496
-1.5156089443090195,0.14914597526761297
-1.5151718544909059,0.15293611435626284
-1.5147347646727922,0.15256233877409822
-1.5142976748546786,0.14863218584155097
-1.513860585036565,0.14655850101068468
-1.5134234952184513,0.1499746370895951
-1.5129864054003377,0.15617820113962647
-1.512549315582224,0.15960535699961684
-1.5121122257641104,0.15838359837867125
-1.5116751359459968,0.1572552776323536
-1.5112380461278832,0.16403885842640456
-1.5108009563097695,0.18153438544485762
-1.5103638664916559,0.20341875967386608
-1.5099267766735422,0.22080768730577457
-1.5094896868554286,0.231462024652097
-1.509052597037315,0.238988851301498
-1.5086155072192013,0.24541821352471876
-1.5081784174010877,0.24904071430478564
-1.507741327582974,0.24727277574154413
-1.5073042377648604,0.2380804402344809
-1.5068671479467468,0.22133038494965035
-1.5064300581286332,0.20193039152259148
-1.5059929683105195,0.18993349691641012
-1.505555878492406,0.19438850259856363
-1.5051187886742923,0.2146224638076588
-1.5046816988561786,0.23752637841262186
-1.504244609038065,0.24749571763929445
-1.5038075192199514,0.24100055695191372
-1.5033704294018377,0.22784413858048014
-1.502933339583724,0.21782871925574068
-1.5024962497656105,0.21126342213582044
-1.5020591599474968,0.20324473495753556
-1.5016220701293832,0.1922271006471247
-1.5011849803112696,0.18142761491269457
-1.500747890493156,0.17371485837238212
-1.5003108006750423,0.1691164523673441
-1.4998737108569287,0.16794674442713922
-1.499436621038815,0.17146967062465354
-1.4989995312207014,0.1775623039261265
-1.4985624414025878,0.18095278949119492
-1.4981253515844741,0.17925951416381275
-1.4976882617663605,0.1739293924438972
-1.4972511719482469,0.16574882555039702
-1.4968140821301332,0.1545845344389488
-1.4963769923120198,0.14230766022284352
-1.4959399024939062,0.1320368678887248
-1.4955028126757925,0.1260113896197632
-1.495065722857679,0.12575348330732397
-1.4946286330395653,0.13157127031735802
-1.4941915432214516,0.14105604372184882
-1.493754453403338,0.15091354182042843
-1.4933173635852244,0.16092991502269688
-1.4928802737671107,0.1734656858172716
-1.492443183948997,0.18800116462040004
-1.4920060941308835,0.19903119653610157
-1.4915690043127698,0.20218804717172809
-1.4911319144946562,0.2007328343524056
-1.4906948246765426,0.20217388798866368
-1.490257734858429,0.20871639661317884
-1.4898206450403153,0.21425909322099473
-1.4893835552222017,0.211223677235657
-1.488946465404088,0.19907199028322492
-1.4885093755859744,0.18679371071414635
-1.4880722857678608,0.1866604381821603
-1.4876351959497471,0.20255420538894517
-1.4871981061316335,0.22427393098112872
-1.4867610163135199,0.23642072290820798
-1.4863239264954062,0.23296042138826537
-1.4858868366772926,0.2210404649055069
-1.485449746859179,0.21228605808488116
-1.4850126570410653,0.21312657941532784
-1.4845755672229517,0.22185404513548557
-1.484138477404838,0.23209957614741156
-1.4837013875867244,0.23902644793452937
-1.4832642977686108,0.2421085440236759
-1.4828272079504972,0.24153343322557422
-1.4823901181323835,0.23525002672308637
-1.48195302831427,0.22355582783243017
-1.4815159384961563,0.21375159120271267
-1.4810788486780426,0.21404593233881816
-1.480641758859929,0.2234573820585493
-1.4802046690418154,0.2328676673074618
-1.4797675792237017,0.2349360296288379
-1.479330489405588,0.22843149137882324
-1.4788933995874745,0.2159894194235122
-1.4784563097693608,0.20341739052935948
-1.4780192199512472,0.19752022111737463
-1.4775821301331336,0.1989280650624846
-1.47714504031502,0.2011009583128104
-1.4767079504969063,0.20012878745676926
-1.4762708606787927,0.1994901013306881
-1.475833770860679,0.2019792912075116
-1.4753966810425654,0.2038128946794862
-1.4749595912244517,0.20054499033431122
-1.4745225014063381,0.194093247109299
-1.4740854115882245,0.19072361772303878
-1.4736483217701108,0.1937685311617595
-1.4732112319519972,0.19930044322618137
-1.4727741421338836,0.19864004304309937
-1.47233705231577,0.1862011471710759
-1.4718999624976563,0.16582135155832362
-1.4714628726795427,0.147939380763497
-1.471025782861429,0.13966717945585422
-1.4705886930433154,0.13992192504942055
-1.4701516032252018,0.14420666343009775
-1.4697145134070881,0.1487772478663058
-1.4692774235889745,0.14949227031486909
-1.4688403337708609,0.14372128373015639
-1.4684032439527472,0.1343914359884953
-1.4679661541346336,0.125959405556183
-1.46752906431652,0.118392705901734
-1.4670919744984063,0.1117163388566265
-1.4666548846802927,0.11275687062742532
-1.466217794862179,0.13062399333690536
-1.4657807050440654,0.16672436471887117
-1.4653436152259518,0.21066266315278695
-1.4649065254078382,0.2450187120705622
-1.4644694355897245,0.2574867389463356
-1.464032345771611,0.2502796397809809
-1.4635952559534973,0.23426576832580168
-1.4631581661353836,0.21582964443220334
-1.46272107631727,0.19565127618225933
-1.4622839864991564,0.17709521228414943
-1.4618468966810427,0.1668347172879741
-1.461409806862929,0.16620965553621164
-1.4609727170448155,0.16722593608981545
-1.4605356272267018,0.16007119858206803
-1.4600985374085882,0.14367836006523885
-1.4596614475904746,0.12619756590396589
-1.459224357772361,0.11481037771222204
-1.4587872679542473,0.1087119287880193
-1.4583501781361337,0.10272593791762877
-1.45791308831802,0.0931407396386216
-1.4574759984999064,0.07920961828856708
-1.4570389086817928,0.06385766638863767
-1.4566018188636791,0.053695375378456804
-1.4561647290455655,0.053842463920132595
-1.4557276392274519,0.06158545405379602
-1.4552905494093382,0.06801547199903396
-1.4548534595912246,0.06698550065306548
-1.454416369773111,0.06104171636115613
-1.4539792799549973,0.05751578471280307
-1.4535421901368837,0.05967350488523466
-1.45310510031877,0.06393096144238075
-1.4526680105006564,0.06572291347940881
-1.4522309206825428,0.06462979107898174
-1.4517938308644291,0.06288507921536761
-1.4513567410463155,0.06260698075457129
-1.4509196512282019,0.06521472287908617
-1.4504825614100882,0.07036719576778101
-1.4500454715919746,0.0764370783456584
-1.449608381773861,0.08420008316243442
-1.4491712919557473,0.09550489872792638
-1.4487342021376337,0.105916081987897
-1.44829711231952,0.1065462385446212
-1.4478600225014064,0.09682438403532664
-1.4474229326832928,0.0870470590793968
-1.4469858428651792,0.08547981434381634
-1.4465487530470655,0.09119410977370736
-1.446111663228952,0.10014535596407426
-1.4456745734108383,0.10961997483865041
-1.4452374835927246,0.11737660251242192
-1.444800393774611,0.12387639616339065
-1.4443633039564974,0.13311156458446288
-1.4439262141383837,0.1454138312385714
-1.44348912432027,0.15343206515068686
-1.4430520345021565,0.15050922929829968
-1.4426149446840428,0.13943030488790936
-1.4421778548659292,0.12914346717737885
-1.4417407650478156,0.12569509441603172
-1.441303675229702,0.12801455167343104
-1.4408665854115883,0.12958849708158382
-1.4404294955934747,0.12350188923216605
-1.439992405775361,0.10857227600125542
-1.4395553159572474,0.0910807062545218
-1.4391182261391338,0.07910576278369107
-1.4386811363210201,0.07631948589754414
-1.4382440465029065,0.08263030741386024
-1.4378069566847929,0.09723143787036234
-1.4373698668666792,0.11663069575129978
-1.4369327770485656,0.1327347593450847
-1.436495687230452,0.1391901934720185
-1.4360585974123383,0.138308046047757
-1.4356215075942247,0.13658951043476306
-1.435184417776111,0.13628845879958354
-1.4347473279579974,0.13648616766623167
-1.4343102381398838,0.13714056277681755
-1.4338731483217702,0.13538546583737138
-1.4334360585036565,0.12372701023458402
-1.4329989686855429,0.0998313090965267
-1.4325618788674293,0.07440042370541665
-1.4321247890493156,0.06267809118692566
-1.431687699231202,0.06882696983557994
-1.4312506094130883,0.08225242998922856
-1.4308135195949747,0.09060232186782398
-1.430376429776861,0.09447129235607554
-1.4299393399587474,0.10443412092976065
-1.4295022501406338,0.12268731153058819
-1.4290651603225202,0.1353548082057356
-1.4286280705044065,0.12832777919157495
-1.428190980686293,0.10478902297923277
-1.4277538908681793,0.08069050187275624
-1.4273168010500656,0.06740021649819745
-1.426879711231952,0.06645305485952283
-1.4264426214138384,0.07884065856549156
-1.4260055315957247,0.10816114033155018
-1.425568441777611,0.1498258858832711
-1.4251313519594975,0.18644618709140917
-1.4246942621413838,0.2031193747009233
-1.4242571723232702,0.2026796832750002
-1.4238200825051566,0.1991155635998119
-1.423382992687043,0.20127424410288802
-1.4229459028689293,0.20857829654576848
-1.4225088130508157,0.21632672726253005
-1.422071723232702,0.21972205472798076
-1.4216346334145884,0.21749767928931724
-1.4211975435964748,0.21446675587042324
-1.4207604537783611,0.21655805912595225
-1.4203233639602475,0.2234951141629519
-1.4198862741421339,0.23096969686842136
-1.4194491843240202,0.23830738617795916
-1.4190120945059066,0.24808367261702738
-1.418575004687793,0.26096093972159856
-1.4181379148696793,0.2801014049054164
-1.4177008250515657,0.31721740004622573
-1.417263735233452,0.37720403401291847
-1.4168266454153384,0.4347917849362183
-1.4163895555972248,0.44790940039714766
-1.4159524657791112,0.40375206826990173
-1.4155153759609975,0.3343262159604709
-1.415078286142884,0.27911387340340044
-1.4146411963247703,0.25019318307141963
-1.4142041065066566,0.23942816928111849
-1.413767016688543,0.2391374051430933
-1.4133299268704294,0.24593888883436585
-1.4128928370523157,0.25969854124916975
-1.412455747234202,0.2868915761303454
-1.4120186574160885,0.33215552408234494
-1.4115815675979748,0.3803003093742255
-1.4111444777798612,0.40147798220502817
-1.4107073879617475,0.38492484809206756
-1.410270298143634,0.3559919333508131
-1.4098332083255203,0.3472807054302292
-1.4093961185074066,0.3615824578105285
-1.408959028689293,0.37620732274261165
-1.4085219388711794,0.3770614461237703
-1.4080848490530657,0.37327301086996484
-1.4076477592349521,0.3783044042504594
-1.4072106694168385,0.38858191507152
-1.4067735795987248,0.3863700970773419
-1.4063364897806112,0.3600479278974097
-1.4058993999624976,0.31764008511693786
-1.405462310144384,0.2800821390027083
-1.4050252203262703,0.2623926310446208
-1.4045881305081567,0.26241912037460324
-1.404151040690043,0.2673961765435899
-1.4037139508719294,0.2685071949404458
-1.4032768610538158,0.2662191153180165
-1.4028397712357021,0.2627725520276246
-1.4024026814175885,0.2551026736549323
-1.4019655915994749,0.23940828379811688
-1.4015285017813612,0.2194641248764392
-1.4010914119632476,0.20318942998502382
-1.400654322145134,0.19194158880483606
-1.4002172323270203,0.1821047903073246
-1.3997801425089067,0.1766006044038307
-1.399343052690793,0.1826752640537074
-1.3989059628726799,0.19719661858625967
-1.3984688730545662,0.2071992605700871
-1.3980317832364526,0.20703427074793307
-1.397594693418339,0.20363559759015384
-1.3971576036002253,0.20482955611416784
-1.3967205137821117,0.21294515422693708
-1.396283423963998,0.22788102902230456
-1.3958463341458844,0.24611558672441267
-1.3954092443277708,0.2588549103506305
-1.3949721545096572,0.259873465169878
-1.3945350646915435,0.25336113785761194
-1.39409797487343,0.24819021487269868
-1.3936608850553163,0.2473333276109029
-1.3932237952372026,0.24763917788711648
-1.392786705419089,0.24692854794485491
-1.3923496156009754,0.24673021586029903
-1.3919125257828617,0.24939198156623282
-1.391475435964748,0.2554061116441873
-1.3910383461466345,0.2632820877331838
-1.3906012563285208,0.27091246268002883
-1.3901641665104072,0.27693587057262564
-1.3897270766922936,0.2806834205837669
-1.38928998687418,0.2811895325213702
-1.3888528970560663,0.27738628159707146
-1.3884158072379527,0.2696643674014208
-1.387978717419839,0.260790433538699
-1.3875416276017254,0.2549210547388879
-1.3871045377836118,0.25517437010389177
-1.3866674479654981,0.2613570820990688
-1.3862303581473845,0.26950316596701474
-1.3857932683292709,0.27358707308794633
-1.3853561785111572,0.2689455687734122
-1.3849190886930436,0.25594156459800976
-1.38448199887493,0.2398013698633475
-1.3840449090568163,0.22508317026120778
-1.3836078192387027,0.21217545026688975
-1.383170729420589,0.20172980407411512
-1.3827336396024754,0.19826135109196213
-1.3822965497843618,0.203786332989514
-1.3818594599662481,0.21153133066684554
-1.3814223701481345,0.21272163440242647
-1.3809852803300209,0.2077242055347182
-1.3805481905119072,0.20509266509613647
-1.3801111006937936,0.21085725549872922
-1.37967401087568,0.22222264767939806
-1.3792369210575663,0.23037660285734832
-1.3787998312394527,0.2276094609340951
-1.378362741421339,0.2139481064372286
-1.3779256516032254,0.198479473908363
-1.3774885617851118,0.1920856796382279
-1.3770514719669982,0.19801455983882676
-1.3766143821488845,0.21138879394140092
-1.376177292330771,0.2260796031203535
-1.3757402025126573,0.237540937276118
-1.3753031126945436,0.24179270534260455
-1.37486602287643,0.23877545977449688
-1.3744289330583164,0.23446510303282014
-1.3739918432402027,0.2333104863098321
-1.373554753422089,0.23246593542102917
-1.3731176636039755,0.2281725185637202
-1.3726805737858618,0.22060805941053546
-1.3722434839677482,0.20865872096103977
-1.3718063941496346,0.18997758266104164
-1.371369304331521,0.1700114945573054
-1.3709322145134073,0.16049416409360356
-1.3704951246952937,0.16540105633829233
-1.37005803487718,0.17645079213155274
-1.3696209450590664,0.18388121124945728
-1.3691838552409528,0.185657559326995
-1.3687467654228391,0.18638085883659064
-1.3683096756047255,0.19143475547397965
-1.3678725857866119,0.20209152577292708
-1.3674354959684982,0.21498046579793442
-1.3669984061503846,0.22590627360064047
-1.366561316332271,0.23228494667353347
-1.3661242265141573,0.23247554829453895
-1.3656871366960437,0.22709047792219575
-1.36525004687793,0.22049236843875256
-1.3648129570598164,0.21618174038518437
-1.3643758672417028,0.21236132914278882
-1.3639387774235892,0.20707188288288927
-1.3635016876054755,0.2043202628595672
-1.3630645977873619,0.20907589318647576
-1.3626275079692483,0.2195691745373822
-1.3621904181511346,0.2300983292541214
-1.361753328333021,0.2378656219239681
-1.3613162385149074,0.24220171078805827
-1.3608791486967937,0.24114529368428414
-1.36044205887868,0.23401720458778147
-1.3600049690605664,0.22450274964509526
-1.3595678792424528,0.21681862423865744
-1.3591307894243392,0.2106823152300957
-1.3586936996062255,0.203091726218114
-1.358256609788112,0.19340838880460365
-1.3578195199699983,0.18418651471840763
-1.3573824301518846,0.17810673292010346
-1.356945340333771,0.17612548359807903
-1.3565082505156574,0.17795335596300624
-1.3560711606975437,0.18237695304901957
-1.35563407087943,0.18731335458098614
-1.3551969810613165,0.19173672336176156
-1.3547598912432028,0.1975940221230946
-1.3543228014250892,0.20677683042190703
-1.3538857116069756,0.2157523769718212
-1.353448621788862,0.21748224957665865
-1.3530115319707483,0.21029033128778796
-1.3525744421526347,0.20063797436076536
-1.352137352334521,0.19542423163478698
-1.3517002625164074,0.19546909825878317
-1.3512631726982938,0.19761353772698584
-1.3508260828801801,0.1992013650609428
-1.3503889930620665,0.1994149136021894
-1.3499519032439529,0.19887153810619496
-1.3495148134258392,0.19812313749477745
-1.3490777236077256,0.19577773325882183
-1.348640633789612,0.19022829623162485
-1.3482035439714983,0.18371210097626794
-1.3477664541533847,0.1809109113178306
-1.347329364335271,0.18257581545291557
-1.3468922745171574,0.18440862527463936
-1.3464551846990438,0.18283221923657902
-1.3460180948809302,0.17796244497591748
-1.3455810050628165,0.17116593446146983
-1.345143915244703,0.16422958573711693
-1.3447068254265893,0.16065803307914137
-1.3442697356084756,0.16329807061038526
-1.343832645790362,0.17036155738710232
-1.3433955559722484,0.17657723529983047
-1.3429584661541347,0.17811143062627116
-1.342521376336021,0.1751220608646826
-1.3420842865179075,0.17047230836979213
-1.3416471966997938,0.16717742043321032
-1.3412101068816802,0.16735698598998713
-1.3407730170635666,0.17273824866938323
-1.340335927245453,0.1832823277159494
-1.3398988374273393,0.19455991617384424
-1.3394617476092257,0.2006238042563757
-1.339024657791112,0.20095576826406705
-1.3385875679729984,0.20012740519343072
-1.3381504781548847,0.200048693734414
-1.3377133883367711,0.19798692196536855
-1.3372762985186575,0.19255054636313493
-1.3368392087005438,0.18599561707782275
-1.3364021188824302,0.1799159606668846
-1.3359650290643166,0.17353645748659008
-1.335527939246203,0.1677687855990384
-1.3350908494280893,0.16720131026188748
-1.3346537596099757,0.17501463290456684
-1.334216669791862,0.1874854357402475
-1.3337795799737484,0.19697329660125742
-1.3333424901556348,0.199954478027377
-1.3329054003375211,0.19845080041829907
-1.3324683105194075,0.19389574607633117
-1.3320312207012939,0.1847475774399317
-1.3315941308831802,0.17166000717265226
-1.3311570410650666,0.16034888016907953
-1.330719951246953,0.15631366475822525
-1.3302828614288393,0.15910801179023792
-1.3298457716107257,0.1639055236425433
-1.329408681792612,0.16693006327005697
-1.3289715919744984,0.16782841810934762
-1.3285345021563848,0.16809583064300965
-1.3280974123382712,0.16833591563577124
-1.3276603225201575,0.16696647822586172
-1.327223232702044,0.16252386205597502
-1.3267861428839303,0.15719475351319195
-1.3263490530658166,0.1547471964272243
-1.325911963247703,0.1538741517710828
-1.3254748734295894,0.14839855978594327
-1.3250377836114757,0.13689568351442788
-1.324600693793362,0.1273448419854615
-1.3241636039752485,0.12812435400037903
-1.3237265141571348,0.13804785879259585
-1.3232894243390212,0.14967871992565998
-1.3228523345209076,0.15935591071271601
-1.322415244702794,0.16839438907604184
-1.3219781548846803,0.17579116958279345
-1.3215410650665667,0.17600652713709614
-1.321103975248453,0.16572678799044807
-1.3206668854303394,0.14912694965581572
-1.3202297956122258,0.13439569335375284
-1.3197927057941121,0.12692607996750777
-1.3193556159759985,0.12740570372270144
-1.3189185261578849,0.13479311492529583
-1.3184814363397712,0.14745047595371633
-1.3180443465216576,0.16020329828745336
-1.317607256703544,0.16462433431062826
-1.3171701668854303,0.15657840871976797
-1.3167330770673167,0.1413151647010263
-1.316295987249203,0.12812290335317864
-1.3158588974310894,0.12313010164843455
-1.3154218076129758,0.1289041559897832
-1.3149847177948621,0.14489629361670145
-1.3145476279767485,0.16515146445290657
-1.3141105381586349,0.1811939186830411
-1.3136734483405212,0.18951386066409076
-1.3132363585224076,0.19179572512843093
-1.312799268704294,0.1891596827738752
-1.3123621788861803,0.18348149512876968
-1.3119250890680667,0.1826307673979981
-1.311487999249953,0.1944258296596841
-1.3110509094318394,0.21450935320241388
-1.3106138196137258,0.22923079726345455
-1.3101767297956122,0.2319974638155756
-1.3097396399774985,0.22845305000608196
-1.309302550159385,0.22456962583355003
-1.3088654603412713,0.2190714331726549
-1.3084283705231576,0.2101053944441539
-1.307991280705044,0.20070952753832322
-1.3075541908869304,0.1940648194695227
-1.3071171010688167,0.1896741678288518
-1.306680011250703,0.18675095340696607
-1.3062429214325895,0.1859117347170647
-1.3058058316144758,0.18568904209852793
-1.3053687417963622,0.18262356574775684
-1.3049316519782486,0.17715348947900983
-1.304494562160135,0.17523710982345803
-1.3040574723420213,0.18159905906611015
-1.3036203825239077,0.1943846779610007
-1.303183292705794,0.20846657896593998
-1.3027462028876804,0.22109908056781238
-1.3023091130695668,0.23243635041674932
-1.3018720232514531,0.24303292652822947
-1.3014349334333395,0.2517936872010665
-1.3009978436152259,0.25415975629593307
-1.3005607537971122,0.2443694924388726
-1.3001236639789986,0.22468528593518108
-1.299686574160885,0.20985518931215252
-1.2992494843427713,0.21466150618075167
-1.2988123945246577,0.23742286715607502
-1.298375304706544,0.261993456147685
-1.2979382148884304,0.2747649389848473
-1.2975011250703168,0.27374676243801555
-1.2970640352522032,0.2631192900278146
-1.29662694543409,0.24726587011008552
-1.2961898556159763,0.23234815839283574
-1.2957527657978627,0.2272598397757833
-1.295315675979749,0.23687312800446672
-1.2948785861616354,0.2552692524985592
-1.2944414963435218,0.26970948798663613
-1.2940044065254082,0.27135562618988335
-1.2935673167072945,0.26046418163288537
-1.293130226889181,0.24383208792951439
-1.2926931370710673,0.23001972177888622
-1.2922560472529536,0.22401639537137635
-1.29181895743484,0.2233046555365934
-1.2913818676167264,0.22040311516398847
-1.2909447777986127,0.2097399585165434
-1.290507687980499,0.19111578983774274
-1.2900705981623855,0.16901471022750966
-1.2896335083442718,0.15057533140572107
-1.2891964185261582,0.14130818123704667
-1.2887593287080445,0.14138369272036475
-1.288322238889931,0.14819807162884863
-1.2878851490718173,0.16067924151191557
-1.2874480592537036,0.17737373525772515
-1.28701096943559,0.19339109947202057
-1.2865738796174764,0.20412868238704743
-1.2861367897993627,0.21013494414410752
-1.2856996999812491,0.21516071576431334
-1.2852626101631355,0.22130625064405732
-1.2848255203450218,0.22778119879903774
-1.2843884305269082,0.23254519620204558
-1.2839513407087946,0.23392649014594907
-1.283514250890681,0.23118056047545016
-1.2830771610725673,0.22380576117941695
-1.2826400712544537,0.2113556224953634
-1.28220298143634,0.19525628643562046
-1.2817658916182264,0.17993397530827338
-1.2813288018001128,0.17080995659717083
-1.2808917119819991,0.1716696218819649
-1.2804546221638855,0.18339893125058992
-1.2800175323457719,0.20259357968798608
-1.2795804425276582,0.221094252237849
-1.2791433527095446,0.22976036508376058
-1.278706262891431,0.22444627264724984
-1.2782691730733173,0.2083422104000193
-1.2778320832552037,0.18886311069352352
-1.27739499343709,0.1717675110737204
-1.2769579036189764,0.15726873324702845
-1.2765208138008628,0.14327113948817008
-1.2760837239827492,0.13301277199468406
-1.2756466341646355,0.1345460835081718
-1.275209544346522,0.14887030946361293
-1.2747724545284083,0.16376276258646172
-1.2743353647102946,0.16537776207372737
-1.273898274892181,0.15293474611088034
-1.2734611850740674,0.13734363043566786
-1.2730240952559537,0.1288050623698228
-1.27258700543784,0.13064709534146465
-1.2721499156197265,0.14216403809172876
-1.2717128258016128,0.16090201327571058
-1.2712757359834992,0.18178827839784997
-1.2708386461653856,0.19890763719444746
-1.270401556347272,0.2096972159973379
-1.2699644665291583,0.21423135714810582
-1.2695273767110447,0.21054030416520608
-1.269090286892931,0.195950102374758
-1.2686531970748174,0.1738972410167034
-1.2682161072567038,0.15325725467976453
-1.2677790174385901,0.13868282029534815
-1.2673419276204765,0.1266979374656334
-1.2669048378023628,0.11338696924949043
-1.2664677479842492,0.10134949814427253
-1.2660306581661356,0.09625326103459468
-1.265593568348022,0.09908383449831473
-1.2651564785299083,0.1047242994567282
-1.2647193887117947,0.10809960763711171
-1.264282298893681,0.1094269629067933
-1.2638452090755674,0.11154835996103331
-1.2634081192574538,0.11370286630833557
-1.2629710294393401,0.11174058638912263
-1.2625339396212265,0.10482376102772947
-1.2620968498031129,0.09786385591153071
-1.2616597599849992,0.09544739721549367
-1.2612226701668856,0.09730198329034125
-1.260785580348772,0.10312871493112205
-1.2603484905306583,0.11740271794850096
-1.2599114007125447,0.14261720380979898
-1.259474310894431,0.17026937949692095
-1.2590372210763174,0.1866533840131708
-1.2586001312582038,0.18756676300240696
-1.2581630414400902,0.1814140903558641
-1.2577259516219765,0.17865948062332057
-1.257288861803863,0.18216844641307697
-1.2568517719857493,0.18518928482213284
-1.2564146821676356,0.17628464745883227
-1.255977592349522,0.1503715284950373
-1.2555405025314084,0.11625403157656546
-1.2551034127132947,0.08938361029107085
-1.254666322895181,0.07822787195306888
-1.2542292330770675,0.08123734348291348
-1.2537921432589538,0.09297488295354683
-1.2533550534408402,0.10758647306591294
-1.2529179636227266,0.11916238590260617
-1.252480873804613,0.12387500110096918
-1.2520437839864993,0.12196451510662112
-1.2516066941683857,0.11683843241410442
-1.251169604350272,0.11260226595122284
-1.2507325145321584,0.11135504155786347
-1.2502954247140448,0.1120537442527141
-1.2498583348959311,0.1132297047368632
-1.2494212450778175,0.11644652864914651
-1.2489841552597039,0.1242857216179323
-1.2485470654415902,0.1342733885306349
-1.2481099756234766,0.13778384531992713
-1.247672885805363,0.1279530442878069
-1.2472357959872493,0.10864404494821275
-1.2467987061691357,0.0929722326370467
-1.246361616351022,0.09099298659555026
-1.2459245265329084,0.09982963309083603
-1.2454874367147948,0.10754401661741742
-1.2450503468966811,0.10560639038898152
-1.2446132570785675,0.09574784471265488
-1.2441761672604539,0.08598350632718328
-1.2437390774423402,0.0828376821244705
-1.2433019876242266,0.08735322540822997
-1.242864897806113,0.09590289305354303
-1.2424278079879993,0.10338888720784399
-1.2419907181698857,0.10652388011071172
-1.241553628351772,0.105127281886721
-1.2411165385336584,0.10070354241550313
-1.2406794487155448,0.09443768067035731
-1.2402423588974312,0.08714242508157476
-1.2398052690793175,0.08025112158935108
-1.239368179261204,0.07517928402991221
-1.2389310894430903,0.07173907631939207
-1.2384939996249766,0.06894569809101744
-1.238056909806863,0.06774509094835596
-1.2376198199887494,0.0708363671670328
-1.2371827301706357,0.078687042164628
-1.236745640352522,0.08774035286871365
-1.2363085505344085,0.09422242644070675
-1.2358714607162948,0.09809406445711322
-1.2354343708981812,0.10160763371777819
-1.2349972810800676,0.10555932324608996
-1.234560191261954,0.108840711795668
-1.2341231014438403,0.1106988333429718
-1.2336860116257267,0.11176234170844637
-1.233248921807613,0.11296020523910118
-1.2328118319894994,0.1145069416038967
-1.2323747421713858,0.1167319742572127
-1.2319376523532721,0.12138868445632343
-1.2315005625351585,0.1299575369073288
-1.2310634727170449,0.1400523170343885
-1.2306263828989312,0.1469629604720384
-1.2301892930808176,0.15105222916734512
-1.229752203262704,0.15977721486143573
-1.2293151134445903,0.17819283562952257
-1.2288780236264767,0.19997455376636025
-1.228440933808363,0.2124589816833092
-1.2280038439902494,0.2094595722740019
-1.2275667541721358,0.19501473521031037
-1.2271296643540222,0.17544936854040255
-1.2266925745359085,0.15321639765963438
-1.2262554847177949,0.12999656677260882
-1.2258183948996813,0.11067133568816076
-1.2253813050815676,0.1003878216333
-1.224944215263454,0.09989723855484126
-1.2245071254453403,0.10583404906582453
-1.2240700356272267,0.11404194122027893
-1.223632945809113,0.12291726509246859
-1.2231958559909994,0.1354384902539218
-1.2227587661728858,0.15530754460697785
-1.2223216763547722,0.17832003496739987
-1.2218845865366585,0.19224300269453076
-1.221447496718545,0.18951899860962707
-1.2210104069004313,0.17545955522013076
-1.2205733170823176,0.16029102423956218
-1.220136227264204,0.14866827059344806
-1.2196991374460904,0.1405781725476652
-1.2192620476279767,0.1365355531030948
-1.218824957809863,0.13690874056711513
-1.2183878679917495,0.13951888007212648
-1.2179507781736358,0.14195250831725117
-1.2175136883555222,0.1446595100616535
-1.2170765985374086,0.14868850727306487
-1.216639508719295,0.1511051945789066
-1.2162024189011813,0.1464013499611816
-1.2157653290830677,0.1340284733977706
-1.215328239264954,0.12158706519900062
-1.2148911494468404,0.11785876048987316
-1.2144540596287268,0.12427455926185647
-1.2140169698106131,0.13477548395069777
-1.2135798799924995,0.14206940608088311
-1.2131427901743859,0.14329290793210722
-1.2127057003562722,0.14192216754138604
-1.2122686105381586,0.14456251940081857
-1.211831520720045,0.15465261855284113
-1.2113944309019313,0.17016817053152292
-1.2109573410838177,0.18648002398210123
-1.210520251265704,0.19788918446260248
-1.2100831614475904,0.19957791945735157
-1.2096460716294768,0.19531657903745853
-1.2092089818113632,0.19933487078026416
-1.2087718919932495,0.22106200128842696
-1.208334802175136,0.2517306245311051
-1.2078977123570223,0.2745761150231785
-1.2074606225389086,0.2824536465345607
-1.207023532720795,0.2777471553123424
-1.2065864429026814,0.2636030500497768
-1.2061493530845677,0.2444176804174636
-1.205712263266454,0.2274745219635176
-1.2052751734483405,0.21585640602117348
-1.2048380836302268,0.20526856904099947
-1.2044009938121132,0.19310036148430118
-1.2039639039939996,0.18414131046788235
-1.203526814175886,0.18158580293530593
-1.2030897243577723,0.17840123530273694
-1.2026526345396586,0.16533578778699676
-1.202215544721545,0.14408478691541643
-1.2017784549034314,0.12471847694415175
-1.2013413650853177,0.11225913475788483
-1.2009042752672041,0.10373397434960267
-1.2004671854490905,0.0971511260737201
-1.2000300956309768,0.09567859365690674
-1.1995930058128632,0.1027123779541715
-1.1991559159947496,0.11749371037368316
-1.198718826176636,0.13495285203758106
-1.1982817363585223,0.14767463822798937
-1.1978446465404087,0.15051090297319308
-1.197407556722295,0.14516047476972463
-1.1969704669041814,0.13819219983683087
-1.1965333770860678,0.13415142329918534
-1.1960962872679541,0.13293497437951562
-1.1956591974498405,0.13379064028597878
-1.1952221076317269,0.13868966232960722
-1.1947850178136132,0.14982204292704998
-1.1943479279955,0.16505214651798591
-1.1939108381773864,0.17824861545543993
-1.1934737483592728,0.18432216584462338
-1.1930366585411591,0.18221218504685685
-1.1925995687230455,0.1736711148323811
-1.1921624789049319,0.1625534263113444
-1.1917253890868182,0.15507285043314364
-1.1912882992687046,0.15635239232420092
-1.190851209450591,0.1656274772794331
-1.1904141196324773,0.17735625965182916
-1.1899770298143637,0.18639179555163962
-1.18953993999625,0.19022750960942308
-1.1891028501781364,0.18907598903813963
-1.1886657603600228,0.18643942552957532
-1.1882286705419092,0.1865472212497541
-1.1877915807237955,0.18885449678719285
-1.187354490905682,0.18771390544725564
-1.1869174010875683,0.17908604288849925
-1.1864803112694546,0.16610209655699126
-1.186043221451341,0.1575934085600821
-1.1856061316332274,0.16076657198644445
-1.1851690418151137,0.17362680879575929
-1.184731951997,0.1856084985145683
-1.1842948621788865,0.18798448886851776
-1.1838577723607728,0.18189296366939608
-1.1834206825426592,0.17494077235958608
-1.1829835927245456,0.17428522089712212
-1.182546502906432,0.18387334561750154
-1.1821094130883183,0.2016212882526253
-1.1816723232702047,0.2178624297715422
-1.181235233452091,0.22326166100808836
-1.1807981436339774,0.21882207786783334
-1.1803610538158638,0.21480354397127474
-1.1799239639977501,0.22569320030904813
-1.1794868741796365,0.26744146209105285
-1.1790497843615229,0.3417714612582098
-1.1786126945434092,0.4151973381592386
-1.1781756047252956,0.43651423629934427
-1.177738514907182,0.3906834874367638
-1.1773014250890683,0.31723223424777325
-1.1768643352709547,0.2637055826340859
-1.176427245452841,0.24028356378491358
-1.1759901556347274,0.22928248842013477
-1.1755530658166138,0.2172157769887017
-1.1751159759985002,0.20388968397735793
-1.1746788861803865,0.1937320882469329
-1.1742417963622729,0.18951688062245758
-1.1738047065441592,0.19015265120995864
-1.1733676167260456,0.19116093681181498
-1.172930526907932,0.1887688888119696
-1.1724934370898183,0.1822452573413623
-1.1720563472717047,0.17194945944404058
-1.171619257453591,0.15868572726639457
-1.1711821676354774,0.14534316086471175
-1.1707450778173638,0.13576125174685064
-1.1703079879992502,0.13147281720297313
-1.1698708981811365,0.13098849401780718
-1.169433808363023,0.1312078462507727
-1.1689967185449093,0.12872941072350907
-1.1685596287267956,0.12213120793047205
-1.168122538908682,0.11444931887195926
-1.1676854490905684,0.11151661375505263
-1.1672483592724547,0.11635927064803715
-1.166811269454341,0.12595332654960045
-1.1663741796362275,0.1335648794295007
-1.1659370898181138,0.13342786019751024
-1.1655000000000002,0.12421055374398941
-1.1650629101818866,0.11009359373211924
-1.164625820363773,0.09836494076917071
-1.1641887305456593,0.09404671349842618
-1.1637516407275457,0.0960605075671779
-1.163314550909432,0.09895171541763002
-1.1628774610913184,0.09802210278933195
-1.1624403712732048,0.09238512483992659
-1.1620032814550911,0.08437904249955949
-1.1615661916369775,0.07798209951603319
-1.1611291018188639,0.0773213378383473
-1.1606920120007502,0.08429879397935702
-1.1602549221826366,0.09687115059818203
-1.159817832364523,0.1104447739830877
-1.1593807425464093,0.12047825800392961
-1.1589436527282957,0.12333711099552962
-1.158506562910182,0.11721118675373972
-1.1580694730920684,0.10459653085441757
-1.1576323832739548,0.09195411816066301
-1.1571952934558412,0.08422005102663566
-1.1567582036377275,0.08067780306439695
-1.1563211138196139,0.07775968736769648
-1.1558840240015003,0.07412609165601233
-1.1554469341833866,0.07138023350998281
-1.155009844365273,0.07163936227144747
-1.1545727545471594,0.0760576564534249
-1.1541356647290457,0.08419555900733353
-1.153698574910932,0.09344535962065711
-1.1532614850928185,0.10037623274063069
-1.1528243952747048,0.10393357836171897
-1.1523873054565912,0.10672580254152587
-1.1519502156384775,0.11267360781589898
-1.151513125820364,0.12401724278195678
-1.1510760360022503,0.14058385016452896
-1.1506389461841366,0.1602448984964646
-1.150201856366023,0.17838497359329217
-1.1497647665479094,0.18792788253133144
-1.1493276767297957,0.18337299695142356
-1.148890586911682,0.1663973142980015
-1.1484534970935685,0.14484822103033115
-1.1480164072754548,0.12441402854394369
-1.1475793174573412,0.10462826675093424
-1.1471422276392276,0.0855047890528461
-1.146705137821114,0.07296063716028936
-1.1462680480030003,0.07197315817625637
-1.1458309581848867,0.0779938104466021
-1.145393868366773,0.08194587181928106
-1.1449567785486594,0.08181806474090411
-1.1445196887305458,0.08289810012756657
-1.1440825989124321,0.08758552132799431
-1.1436455090943185,0.09143002647683608
-1.1432084192762049,0.09072319721943022
-1.1427713294580912,0.08988780850925622
-1.1423342396399776,0.09799912579344376
-1.141897149821864,0.11784935975361586
-1.1414600600037503,0.14060241427980638
-1.1410229701856367,0.15362674643081786
-1.140585880367523,0.15320710027999004
-1.1401487905494094,0.14720571417711922
-1.1397117007312958,0.14552337252819733
-1.1392746109131822,0.15104521742010452
-1.1388375210950685,0.1607370278258128
-1.138400431276955,0.17191425413034814
-1.1379633414588413,0.18333620387784516
-1.1375262516407276,0.19098250549961218
-1.137089161822614,0.18789475942451775
-1.1366520720045004,0.1709837955498775
-1.1362149821863867,0.1458384216446016
-1.135777892368273,0.12299618778605091
-1.1353408025501595,0.1104718494188188
-1.1349037127320458,0.10966596002906866
-1.1344666229139322,0.11648798121123456
-1.1340295330958186,0.1260553003415606
-1.133592443277705,0.1364827507106043
-1.1331553534595913,0.14713474879114022
-1.1327182636414777,0.15468300555935952
-1.132281173823364,0.15528088679981528
-1.1318440840052504,0.1512567744069761
-1.1314069941871367,0.1507932966537475
-1.1309699043690231,0.15811480474841363
-1.1305328145509095,0.16741924796374355
-1.1300957247327958,0.170149627226895
-1.1296586349146822,0.16565024898635894
-1.1292215450965686,0.16024592479845373
-1.128784455278455,0.15808054249872236
-1.1283473654603413,0.15844207179330774
-1.1279102756422277,0.16042018749251688
-1.127473185824114,0.1634856103078109
-1.1270360960060004,0.163665380798265
-1.1265990061878868,0.15532923266670623
-1.1261619163697731,0.13773977237182308
-1.1257248265516595,0.11600881338051759
-1.1252877367335459,0.09591959814240868
-1.1248506469154322,0.0811845706756348
-1.1244135570973186,0.07472556437386559
-1.123976467279205,0.07798238152467607
-1.1235393774610913,0.08718110071919195
-1.1231022876429777,0.0931218337033993
-1.122665197824864,0.08840698404799073
-1.1222281080067504,0.07530914489777012
-1.1217910181886368,0.06355831157080341
-1.1213539283705232,0.05912687482556356
-1.1209168385524095,0.05817401058394662
-1.120479748734296,0.053890210619399595
-1.1200426589161823,0.04599807198527876
-1.1196055690980686,0.04026466452682
-1.119168479279955,0.04096746484228989
-1.1187313894618414,0.04803904153386857
-1.1182942996437277,0.06122650017792928
-1.117857209825614,0.08231850950029804
-1.1174201200075005,0.109892353252887
-1.1169830301893868,0.13377265059151203
-1.1165459403712732,0.13989283248400572
-1.1161088505531596,0.12343238915942938
-1.115671760735046,0.09509941793976558
-1.1152346709169323,0.07177155060384291
-1.1147975810988187,0.06186321390258294
-1.114360491280705,0.0616259579329952
-1.1139234014625914,0.06365166565679228
-1.1134863116444778,0.06509530660266355
-1.1130492218263641,0.0675407463236248
-1.1126121320082505,0.07227968860903213
-1.1121750421901369,0.07764895898127037
-1.1117379523720232,0.08023391878097653
-1.1113008625539096,0.07804534447502487
-1.110863772735796,0.0727775849173663
-1.1104266829176823,0.06888438450522046
-1.1099895930995687,0.07015078250787003
-1.109552503281455,0.07705724043373037
-1.1091154134633414,0.08698023345807995
-1.1086783236452278,0.0964037135031726
-1.1082412338271141,0.10329755338715921
-1.1078041440090005,0.10788186838071642
-1.1073670541908869,0.11092597610491171
-1.1069299643727732,0.11165883166094627
-1.1064928745546596,0.1086057407032378
-1.106055784736546,0.10247137084750128
-1.1056186949184323,0.09639766025178258
-1.1051816051003187,0.09268825984457293
-1.104744515282205,0.09080930458307342
-1.1043074254640914,0.08929689013005623
-1.1038703356459778,0.08786731527353438
-1.1034332458278642,0.08660497999268886
-1.1029961560097505,0.0848587181362408
-1.102559066191637,0.08240669477830358
-1.1021219763735233,0.08039130521183456
-1.1016848865554096,0.07999475499078998
-1.101247796737296,0.08150759511744574
-1.1008107069191824,0.08522100179080004
-1.1003736171010687,0.091272964579002
-1.099936527282955,0.0980132222815531
-1.0994994374648415,0.10270205746279372
-1.0990623476467278,0.10465050355829462
-1.0986252578286142,0.10588465396598332
-1.0981881680105006,0.1081072054084431
-1.097751078192387,0.11054658300559905
-1.0973139883742733,0.11143510166010208
-1.0968768985561597,0.1105494154313161
-1.096439808738046,0.10942719052689688
-1.0960027189199324,0.1091082502576591
-1.0955656291018188,0.10831863400220122
-1.0951285392837051,0.10484274395366286
-1.0946914494655915,0.09873601819387641
-1.0942543596474779,0.09292652599080298
-1.0938172698293642,0.09007161568051854
-1.0933801800112506,0.0899375010518965
-1.092943090193137,0.09054286995345728
-1.0925060003750233,0.09074782511448119
-1.0920689105569101,0.09079370668065126
-1.0916318207387965,0.09124008589593277
-1.0911947309206829,0.09257325784932809
-1.0907576411025692,0.09534229693346552
-1.0903205512844556,0.09933947813453951
-1.089883461466342,0.10267594566530024
-1.0894463716482283,0.10307752642496348
-1.0890092818301147,0.10072066328037452
-1.088572192012001,0.09870913355644143
-1.0881351021938874,0.09976381214396213
-1.0876980123757738,0.10303886782871387
-1.0872609225576602,0.10510054377952638
-1.0868238327395465,0.10367244856445428
-1.086386742921433,0.09967547165529882
-1.0859496531033193,0.09582813255317135
-1.0855125632852056,0.09387703366530831
-1.085075473467092,0.09332892166208724
-1.0846383836489784,0.09281262560115415
-1.0842012938308647,0.09240031894992924
-1.083764204012751,0.09379780762678835
-1.0833271141946375,0.09794315690212461
-1.0828900243765238,0.10335957643019426
-1.0824529345584102,0.10751039705203765
-1.0820158447402966,0.10901245671197035
-1.081578754922183,0.10810379430650767
-1.0811416651040693,0.1059179567845983
-1.0807045752859556,0.10383942048241634
-1.080267485467842,0.10281364975027045
-1.0798303956497284,0.10276532969915396
-1.0793933058316147,0.10277819648987603
-1.0789562160135011,0.10170081216565845
-1.0785191261953875,0.09877536390137168
-1.0780820363772738,0.09450945317131308
-1.0776449465591602,0.09096608922139823
-1.0772078567410466,0.09041661139059079
-1.076770766922933,0.09367915328563921
-1.0763336771048193,0.09994125519447383
-1.0758965872867057,0.10733612747998687
-1.075459497468592,0.11338983031426701
-1.0750224076504784,0.11637695510865435
-1.0745853178323648,0.1170640419585878
-1.0741482280142511,0.11783102170206308
-1.0737111381961375,0.11929115759987244
-1.0732740483780239,0.11918885075417804
-1.0728369585599102,0.11577691213717053
-1.0723998687417966,0.11115483270362038
-1.071962778923683,0.10977274190998035
-1.0715256891055693,0.11393198748756098
-1.0710885992874557,0.12177038487443059
-1.070651509469342,0.12952791578879028
-1.0702144196512284,0.13489606995879097
-1.0697773298331148,0.13791586287185753
-1.0693402400150012,0.13932746752179
-1.0689031501968875,0.1390830726369545
-1.068466060378774,0.13682187674594798
-1.0680289705606603,0.1330459889959692
-1.0675918807425466,0.12932537609112033
-1.067154790924433,0.12800174884982962
-1.0667177011063194,0.13148787257841504
-1.0662806112882057,0.13987691682115808
-1.065843521470092,0.1489126700090291
-1.0654064316519785,0.1530164248207666
-1.0649693418338648,0.1514687076664311
-1.0645322520157512,0.149211381806212
-1.0640951621976376,0.15056829294955215
-1.063658072379524,0.154777676159464
-1.0632209825614103,0.15877753847998716
-1.0627838927432967,0.1615187436911309
-1.062346802925183,0.16367438435878848
-1.0619097131070694,0.16514356611341813
-1.0614726232889558,0.1647918968431297
-1.0610355334708421,0.16159186936498654
-1.0605984436527285,0.15489676865210253
-1.0601613538346149,0.144902157540074
-1.0597242640165012,0.13408559589003993
-1.0592871741983876,0.12689599634555446
-1.058850084380274,0.1261933880683149
-1.0584129945621603,0.13031751819821855
-1.0579759047440467,0.13499953456375122
-1.057538814925933,0.13795949058999135
-1.0571017251078194,0.1402946384373973
-1.0566646352897058,0.14339122753282843
-1.0562275454715921,0.1463639813593601
-1.0557904556534785,0.14772860292840242
-1.0553533658353649,0.14821691157536745
-1.0549162760172512,0.149956676945797
-1.0544791861991376,0.15335472788480867
-1.054042096381024,0.1568356468091068
-1.0536050065629103,0.15968199318208565
-1.0531679167447967,0.1630317450609251
-1.052730826926683,0.1674147398706672
-1.0522937371085694,0.1710452815026506
-1.0518566472904558,0.17168343542978973
-1.0514195574723422,0.1692985208377225
-1.0509824676542285,0.166045859727895
-1.050545377836115,0.16406595618269343
-1.0501082880180013,0.16381670215309097
-1.0496711981998876,0.1642733442001862
-1.049234108381774,0.16427147654771504
-1.0487970185636604,0.16345358196355317
-1.0483599287455467,0.16202756393565912
-1.047922838927433,0.16010615351932214
-1.0474857491093195,0.1577945970285682
-1.0470486592912058,0.15584939060690953
-1.0466115694730922,0.15567857880258898
-1.0461744796549786,0.15811468247709717
-1.045737389836865,0.16196605326479305
-1.0453003000187513,0.16420732310541358
-1.0448632102006377,0.16229278323772456
-1.044426120382524,0.15640419037162906
-1.0439890305644104,0.1493785477075023
-1.0435519407462968,0.14492420138657836
-1.0431148509281831,0.14562295878263315
-1.0426777611100695,0.15087560403741795
-1.0422406712919559,0.15615003644784822
-1.0418035814738422,0.1560853722833613
-1.0413664916557286,0.14946594888817202
-1.040929401837615,0.1400982355255194
-1.0404923120195013,0.13268639868567877
-1.0400552222013877,0.12935335199178183
-1.039618132383274,0.13002892739309949
-1.0391810425651604,0.13408733913232973
-1.0387439527470468,0.14046070968004673
-1.0383068629289331,0.14665346142059202
-1.0378697731108195,0.14876642958184555
-1.0374326832927059,0.14407303004865363
-1.0369955934745922,0.1343820247403064
-1.0365585036564786,0.12571174138022762
-1.036121413838365,0.12357138015889661
-1.0356843240202513,0.1289722625654078
-1.0352472342021377,0.13876242354532048
-1.034810144384024,0.14846251778029138
-1.0343730545659104,0.15504698701609695
-1.0339359647477968,0.15846707649010477
-1.0334988749296832,0.16048794140435776
-1.0330617851115695,0.16177312327578863
-1.032624695293456,0.1613934641188504
-1.0321876054753423,0.1595320597442945
-1.0317505156572286,0.1585868751528119
-1.031313425839115,0.16040014215932594
-1.0308763360210014,0.16371637073943426
-1.0304392462028877,0.1653434155307125
-1.030002156384774,0.16299236823050672
-1.0295650665666605,0.15664554520662932
-1.0291279767485468,0.14861971403314891
-1.0286908869304332,0.14337679567464057
-1.0282537971123196,0.14577432632956613
-1.027816707294206,0.15719895534213985
-1.0273796174760923,0.1735433333785881
-1.0269425276579787,0.18836018879188318
-1.026505437839865,0.19727459750389936
-1.0260683480217514,0.19843073022092644
-1.0256312582036378,0.19146346010065265
-1.0251941683855241,0.1790364352922298
-1.0247570785674105,0.16706847952268453
-1.0243199887492969,0.15973709640729794
-1.0238828989311832,0.15541712883609357
-1.0234458091130696,0.149950150957839
-1.023008719294956,0.14206250526521075
-1.0225716294768423,0.13348741018117297
-1.0221345396587287,0.12620998917456433
-1.021697449840615,0.12197193201488102
-1.0212603600225014,0.12228306916021263
-1.0208232702043878,0.12657648215343958
-1.0203861803862742,0.13188918310563924
-1.0199490905681605,0.13584819110530694
-1.0195120007500469,0.1383149273669273
-1.0190749109319333,0.13909996226840293
-1.0186378211138196,0.13629116829389606
-1.018200731295706,0.12860061231790193
-1.0177636414775924,0.11805687301016912
-1.0173265516594787,0.1088226364814586
-1.016889461841365,0.10388740871736299
-1.0164523720232514,0.10376063497229596
-1.0160152822051378,0.10766192719503266
-1.0155781923870242,0.11455989912760164
-1.0151411025689105,0.1226489294468326
-1.014704012750797,0.12882407169136836
-1.0142669229326833,0.1301388572151712
-1.0138298331145696,0.12643127402820142
-1.013392743296456,0.12099649375856239
-1.0129556534783424,0.117886348675193
-1.0125185636602287,0.11846154871632233
-1.012081473842115,0.12100970388864715
-1.0116443840240015,0.12363700737646598
-1.0112072942058878,0.12671746943129267
-1.0107702043877742,0.13216711063627046
-1.0103331145696606,0.14101081463699883
-1.009896024751547,0.15200725801656043
-1.0094589349334333,0.16183434829511606
-1.0090218451153197,0.16639117453855753
-1.008584755297206,0.16355908873714056
-1.0081476654790924,0.15609229725740056
-1.0077105756609788,0.1507644372878682
-1.0072734858428651,0.1527436142395265
-1.0068363960247515,0.1606136385241151
-1.0063993062066379,0.16795627934060772
-1.0059622163885242,0.16990949566258434
-1.0055251265704106,0.16736647479356045
-1.005088036752297,0.16493321601510427
-1.0046509469341833,0.16637905226268404
-1.0042138571160697,0.17311212754568533
-1.003776767297956,0.18554960297280038
-1.0033396774798424,0.20294970756776248
-1.0029025876617288,0.221336763083201
-1.0024654978436152,0.23479196163169294
-1.0020284080255015,0.24106704502600396
-1.001591318207388,0.24350981580263986
-1.0011542283892743,0.24477310242611533
-1.0007171385711606,0.24119162311223122
-1.000280048753047,0.22739814296786012
-0.9998429589349334,0.2054661501992773
-0.9994058691168197,0.18577951144676308
-0.9989687792987061,0.1781105640856608
-0.9985316894805925,0.18281830373188973
-0.9980945996624788,0.19070394377139827
-0.9976575098443652,0.1918364941660598
-0.9972204200262516,0.1852285357837911
-0.9967833302081379,0.17854210267335416
-0.9963462403900243,0.17775861569387597
-0.9959091505719107,0.1805805435727567
-0.995472060753797,0.18190538994190733
-0.9950349709356834,0.18163139961902722
-0.9945978811175697,0.1836534032100508
-0.9941607912994561,0.1900640278807416
-0.9937237014813425,0.19934578800970434
-0.9932866116632288,0.2083686989812134
-0.9928495218451152,0.21429727456072276
-0.9924124320270016,0.21608907001383873
-0.991975342208888,0.21532964407287064
-0.9915382523907743,0.21478442834253847
-0.9911011625726607,0.21605242507665598
-0.990664072754547,0.21949812244119085
-0.9902269829364334,0.22584304682841347
-0.9897898931183202,0.23585111611425824
-0.9893528033002066,0.24777025586311016
-0.988915713482093,0.25685959389724833
-0.9884786236639793,0.2595590567187994
-0.9880415338458657,0.2575025757512341
-0.987604444027752,0.2549396871723723
-0.9871673542096384,0.2525450442431806
-0.9867302643915248,0.2471998627539765
-0.9862931745734111,0.23809005169470926
-0.9858560847552975,0.2284245508366402
-0.9854189949371839,0.2196531396525518
-0.9849819051190702,0.2092001936122825
-0.9845448153009566,0.19702013206225152
-0.984107725482843,0.18948250324312219
-0.9836706356647293,0.1922288283751486
-0.9832335458466157,0.20265311581576406
-0.9827964560285021,0.21387073340510265
-0.9823593662103884,0.22318602187745396
-0.9819222763922748,0.23202109426367143
-0.9814851865741612,0.23989621387793397
-0.9810480967560475,0.24402226697503468
-0.9806110069379339,0.24458042708504832
-0.9801739171198203,0.24563999114332907
-0.9797368273017066,0.24951128019379448
-0.979299737483593,0.25315037268435203
-0.9788626476654794,0.2514270029838795
-0.9784255578473657,0.24213655813166915
-0.9779884680292521,0.2276298897525033
-0.9775513782111385,0.2139011990246537
-0.9771142883930248,0.20794416341738797
-0.9766771985749112,0.21224871195622805
-0.9762401087567976,0.22048441684125428
-0.9758030189386839,0.22207726481407924
-0.9753659291205703,0.21341011583462013
-0.9749288393024567,0.20174533816047782
-0.974491749484343,0.19588289569395986
-0.9740546596662294,0.19657828678292918
-0.9736175698481158,0.19974894421004924
-0.9731804800300021,0.20517271724128486
-0.9727433902118885,0.21586200167638328
-0.9723063003937749,0.2302584223135314
-0.9718692105756612,0.24111271835372344
-0.9714321207575476,0.24326367466004958
-0.970995030939434,0.23944980780032915
-0.9705579411213203,0.23772005601890484
-0.9701208513032067,0.24406920488447065
-0.969683761485093,0.2565924782675386
-0.9692466716669794,0.2661895546175473
-0.9688095818488658,0.2650175154939347
-0.9683724920307522,0.2552762679871212
-0.9679354022126385,0.24743593974102482
-0.9674983123945249,0.24852002165328704
-0.9670612225764113,0.25469376193031584
-0.9666241327582976,0.25758618087063906
-0.966187042940184,0.25543666816734045
-0.9657499531220703,0.254205178193802
-0.9653128633039567,0.258341820197704
-0.9648757734858431,0.2642862349317602
-0.9644386836677294,0.2643730253696856
-0.9640015938496158,0.25521964477999315
-0.9635645040315022,0.24077454953691751
-0.9631274142133885,0.22735471878996502
-0.9626903243952749,0.21699677866678718
-0.9622532345771613,0.20764654232081475
-0.9618161447590476,0.19999159328034355
-0.961379054940934,0.20023943799999347
-0.9609419651228204,0.21259219415999203
-0.9605048753047067,0.23108884674875352
-0.9600677854865931,0.24349131231359114
-0.9596306956684795,0.24355899438189604
-0.9591936058503658,0.23629855611751177
-0.9587565160322522,0.23043351343523624
-0.9583194262141386,0.22882861678769958
-0.9578823363960249,0.22837141135007263
-0.9574452465779113,0.22654402320344733
-0.9570081567597977,0.22381277077539968
-0.956571066941684,0.21997067669993736
-0.9561339771235704,0.21278043165063668
-0.9556968873054568,0.20171311811228104
-0.9552597974873431,0.18961056479702662
-0.9548227076692295,0.1795230904004199
-0.9543856178511159,0.17349600000893786
-0.9539485280330022,0.17547548158233334
-0.9535114382148886,0.19060780116827775
-0.953074348396775,0.21826218820424928
-0.9526372585786613,0.24837413808648184
-0.9522001687605477,0.26793751930971743
-0.9517630789424341,0.27044077965958324
-0.9513259891243204,0.2584430257358813
-0.9508888993062068,0.24017703153493739
-0.9504518094880932,0.22564394363186888
-0.9500147196699795,0.22199285335923435
-0.9495776298518659,0.22773086597942335
-0.9491405400337523,0.23222389195356577
-0.9487034502156386,0.22448751128403657
-0.948266360397525,0.20295365405430618
-0.9478292705794114,0.1756018964425386
-0.9473921807612977,0.15221002116972954
-0.9469550909431841,0.13887005915155215
-0.9465180011250705,0.13870934118541495
-0.9460809113069568,0.15326728569810574
-0.9456438214888432,0.1799707384569578
-0.9452067316707295,0.2101945025564603
-0.9447696418526159,0.23440435381811994
-0.9443325520345023,0.25011021698757785
-0.9438954622163886,0.2614189812041183
-0.943458372398275,0.2701701662398757
-0.9430212825801614,0.27159379073899464
-0.9425841927620477,0.2602591468579004
-0.9421471029439341,0.2370237562532119
-0.9417100131258205,0.20902973496354757
-0.9412729233077068,0.1858875721729227
-0.9408358334895932,0.17614785157041488
-0.9403987436714796,0.18333837688634458
-0.9399616538533659,0.2029074452829234
-0.9395245640352523,0.2240872915736083
-0.9390874742171387,0.23608083948835273
-0.938650384399025,0.2338882665779222
-0.9382132945809114,0.2208112303239683
-0.9377762047627978,0.20651040596854559
-0.9373391149446841,0.20070036975029318
-0.9369020251265705,0.2063527809797349
-0.9364649353084569,0.21780526329832078
-0.9360278454903432,0.22490619248139052
-0.9355907556722296,0.22007810814508008
-0.935153665854116,0.20385329194095794
-0.9347165760360023,0.18435544497695724
-0.9342794862178887,0.17043681168924166
-0.9338423963997751,0.1653765514292358
-0.9334053065816614,0.16725614002831568
-0.9329682167635478,0.1733217365706063
-0.9325311269454342,0.18272024806596013
-0.9320940371273205,0.19679919692364206
-0.9316569473092069,0.21779327912227844
-0.9312198574910933,0.24547748964810606
-0.9307827676729796,0.2740647469642985
-0.930345677854866,0.29335911452237545
-0.9299085880367524,0.294018060950827
-0.9294714982186387,0.2737562273323215
-0.9290344084005251,0.2415561848377583
-0.9285973185824115,0.21469873747107587
-0.9281602287642978,0.20580025043565348
-0.9277231389461842,0.2113656675166252
-0.9272860491280706,0.21784687369964248
-0.9268489593099569,0.21827210998371296
-0.9264118694918433,0.21584130438950136
-0.9259747796737297,0.2130863568869692
-0.925537689855616,0.20852816417418585
-0.9251006000375024,0.20422284239876035
-0.9246635102193888,0.20525123551879676
-0.9242264204012751,0.21081701089882965
-0.9237893305831615,0.21591789304679732
-0.9233522407650478,0.22160329203760526
-0.9229151509469342,0.23471048512012607
-0.9224780611288206,0.2590373953063311
-0.922040971310707,0.29323371777709933
-0.9216038814925933,0.33246494510201613
-0.9211667916744797,0.3664570492216082
-0.920729701856366,0.3837590266428755
-0.9202926120382524,0.38452821258576736
-0.9198555222201388,0.38143214872875075
-0.9194184324020251,0.3828274081725418
-0.9189813425839115,0.38366590937210476
-0.9185442527657979,0.377579609009889
-0.9181071629476842,0.3686538844598483
-0.9176700731295706,0.36536815845311
-0.917232983311457,0.36980238754621986
-0.9167958934933433,0.37806334803743186
-0.9163588036752297,0.3864251927841459
-0.9159217138571161,0.3924874070385031
-0.9154846240390024,0.39315629283732983
-0.9150475342208888,0.38543701425433136
-0.9146104444027752,0.36943521927276596
-0.9141733545846615,0.3498583014596348
-0.9137362647665479,0.33435431655468734
-0.9132991749484343,0.3289945580687475
-0.9128620851303206,0.33390537006484705
-0.912424995312207,0.34426818470573994
-0.9119879054940934,0.3570862177159622
-0.9115508156759797,0.37499820285200675
-0.9111137258578661,0.3998388876055611
-0.9106766360397525,0.42393765124599103
-0.9102395462216388,0.4343189602253492
-0.9098024564035252,0.42725484006647196
-0.9093653665854116,0.41193382112237387
-0.9089282767672979,0.39630691673287455
-0.9084911869491843,0.37694433264037314
-0.9080540971310707,0.3489150836057996
-0.907617007312957,0.3185284746146505
-0.9071799174948434,0.29788613344249376
-0.9067428276767298,0.29085884033388376
-0.9063057378586161,0.29131329865072
-0.9058686480405025,0.29244675211839116
-0.9054315582223889,0.29300633988685976
-0.9049944684042752,0.2961045708528157
-0.9045573785861616,0.30426935405905786
-0.904120288768048,0.314565120085292
-0.9036831989499343,0.3193077033070855
-0.9032461091318207,0.31344398771718396
-0.902809019313707,0.2993797170917959
-0.9023719294955934,0.28277647333029104
-0.9019348396774798,0.2658470203453513
-0.9014977498593661,0.24615533727347508
-0.9010606600412525,0.22050719394880253
-0.9006235702231389,0.18998276815505494
-0.9001864804050252,0.16158779058556613
-0.8997493905869116,0.14278896354583084
-0.899312300768798,0.1338539126557294
-0.8988752109506843,0.12857239861243203
-0.8984381211325707,0.12262079618937291
-0.8980010313144571,0.11744160323275987
-0.8975639414963434,0.11576912686168363
-0.8971268516782298,0.11731922559910075
-0.8966897618601162,0.11990423928856193
-0.8962526720420025,0.12244600320478845
-0.8958155822238889,0.12598463423072076
-0.8953784924057753,0.1321432451215261
-0.8949414025876616,0.14046669265307926
-0.894504312769548,0.14792228018183978
-0.8940672229514344,0.152260596604701
-0.8936301331333207,0.15526753567488777
-0.8931930433152071,0.16116809709379495
-0.8927559534970935,0.17177559424828254
-0.8923188636789798,0.1837885658062799
-0.8918817738608662,0.19077146119290964
-0.8914446840427526,0.18801519162768884
-0.8910075942246389,0.1763025710226395
-0.8905705044065253,0.1615978467047098
-0.8901334145884117,0.15145880973439033
-0.889696324770298,0.15103162672201192
-0.8892592349521844,0.16011941322279716
-0.8888221451340708,0.17289884009545614
-0.8883850553159571,0.1822985610532122
-0.8879479654978435,0.18574055860471891
-0.8875108756797303,0.18501852084217815
-0.8870737858616167,0.18102976558474335
-0.886636696043503,0.1722904085216186
-0.8861996062253894,0.15918183488391602
-0.8857625164072758,0.14605883366957234
-0.8853254265891621,0.1380581083013463
-0.8848883367710485,0.1378589406009979
-0.8844512469529349,0.1449476060706251
-0.8840141571348212,0.15550359764025398
-0.8835770673167076,0.1638053601999168
-0.883139977498594,0.16618674736905598
-0.8827028876804803,0.16326070089874278
-0.8822657978623667,0.15733037062925578
-0.8818287080442531,0.1490571421561753
-0.8813916182261394,0.13757518227214433
-0.8809545284080258,0.12244896036662932
-0.8805174385899122,0.10491868053409899
-0.8800803487717985,0.08837617147593509
-0.8796432589536849,0.07756230605157984
-0.8792061691355713,0.07577222840827401
-0.8787690793174576,0.08233865148040441
-0.878331989499344,0.09331966760455104
-0.8778948996812304,0.10462978498566633
-0.8774578098631167,0.11470856462136138
-0.8770207200450031,0.12511155545602987
-0.8765836302268895,0.13833754899519765
-0.8761465404087758,0.1535021163145958
-0.8757094505906622,0.16448866972505452
-0.8752723607725486,0.1652654056687575
-0.8748352709544349,0.1575014691972374
-0.8743981811363213,0.14938093178915635
-0.8739610913182077,0.14597111962540563
-0.873524001500094,0.14516864294895787
-0.8730869116819804,0.1443450214020882
-0.8726498218638667,0.14497313939664974
-0.8722127320457531,0.1478759273645672
-0.8717756422276395,0.14996238352214966
-0.8713385524095258,0.14961276144239669
-0.8709014625914122,0.1506876942421643
-0.8704643727732986,0.15811018758677772
-0.8700272829551849,0.1728835152113468
-0.8695901931370713,0.19210575462308152
-0.8691531033189577,0.20956902847921155
-0.868716013500844,0.2166856735725961
-0.8682789236827304,0.2084092011274466
-0.8678418338646168,0.18959718096071915
-0.8674047440465031,0.17218273465483977
-0.8669676542283895,0.1651134667462905
-0.8665305644102759,0.16826173907217754
-0.8660934745921622,0.1751120628326636
-0.8656563847740486,0.1793696030100143
-0.865219294955935,0.17913860450061708
-0.8647822051378213,0.17625386105691998
-0.8643451153197077,0.17283325422533874
-0.8639080255015941,0.16925739221506192
-0.8634709356834804,0.16540026973761424
-0.8630338458653668,0.1626283758370473
-0.8625967560472532,0.16330773790168776
-0.8621596662291395,0.1681763357576135
-0.8617225764110259,0.1751900989983127
-0.8612854865929123,0.18154830682050213
-0.8608483967747986,0.18566498060996026
-0.860411306956685,0.18606396580549595
-0.8599742171385714,0.18028798157985973
-0.8595371273204577,0.1678030473988669
-0.8591000375023441,0.15324389185628082
-0.8586629476842305,0.143757877990951
-0.8582258578661168,0.14273467055679542
-0.8577887680480032,0.14771812206148985
-0.8573516782298896,0.15418277413011958
-0.8569145884117759,0.1600772823069458
-0.8564774985936623,0.16678585616009367
-0.8560404087755487,0.17574547795406098
-0.855603318957435,0.1840248478259787
-0.8551662291393214,0.18549399141241293
-0.8547291393212078,0.17852291908789342
-0.8542920495030941,0.1698321882634371
-0.8538549596849805,0.16725574720049313
-0.8534178698668669,0.17114271910322934
-0.8529807800487532,0.17648473528777567
-0.8525436902306396,0.1804272191397174
-0.852106600412526,0.18300547029638037
-0.8516695105944123,0.18299025588646994
-0.8512324207762987,0.17867954964657348
-0.850795330958185,0.17270864737490133
-0.8503582411400714,0.17153617972478843
-0.8499211513219578,0.1780602811370642
-0.8494840615038441,0.18656052369942608
-0.8490469716857305,0.18760336279937162
-0.8486098818676169,0.17851022772212133
-0.8481727920495032,0.16663961193656612
-0.8477357022313896,0.16035611077437317
-0.847298612413276,0.15906063549601288
-0.8468615225951623,0.15555475967120325
-0.8464244327770487,0.1463815201777113
-0.8459873429589351,0.13512715065298714
-0.8455502531408214,0.12599122324576845
-0.8451131633227078,0.1189252398788736
-0.8446760735045942,0.1124176320856404
-0.8442389836864805,0.10778957130827053
-0.8438018938683669,0.10845257085535144
-0.8433648040502533,0.11559635593891694
-0.8429277142321396,0.12604619609159987
-0.842490624414026,0.13516726022063522
-0.8420535345959124,0.141477703769588
-0.8416164447777987,0.14724418342982748
-0.8411793549596851,0.15470161161381
-0.8407422651415715,0.16319141131085177
-0.8403051753234578,0.17016728845116424
-0.8398680855053442,0.17378624406502996
-0.8394309956872306,0.17436648789172932
-0.8389939058691169,0.17388708905565348
-0.8385568160510033,0.17381929774662266
-0.8381197262328897,0.17352815755011267
-0.837682636414776,0.17177717656055053
-0.8372455465966624,0.16959694451104965
-0.8368084567785488,0.17014625631774558
-0.8363713669604351,0.17539934904846485
-0.8359342771423215,0.1839205694896571
-0.8354971873242079,0.19203807371094436
-0.8350600975060942,0.1966244118700807
-0.8346230076879806,0.19688671287372245
-0.834185917869867,0.19383063974673506
-0.8337488280517533,0.18799079761474152
-0.8333117382336397,0.1787275507735657
-0.832874648415526,0.16743785137814343
-0.8324375585974124,0.16028845580729548
-0.8320004687792988,0.16397772753441658
-0.8315633789611852,0.17795853054506303
-0.8311262891430715,0.19400455243517092
-0.8306891993249579,0.2042628504584496
-0.8302521095068442,0.20651608388935097
-0.8298150196887306,0.20125887869314324
-0.829377929870617,0.18882915473071063
-0.8289408400525033,0.17257743500193223
-0.8285037502343897,0.16102079209255646
-0.8280666604162761,0.16180700150758548
-0.8276295705981624,0.17389854735708882
-0.8271924807800488,0.18881670286731606
-0.8267553909619352,0.19909167638308745
-0.8263183011438215,0.20256747549029966
-0.8258812113257079,0.19968034012307154
-0.8254441215075943,0.19149782446067481
-0.8250070316894806,0.18138261677206075
-0.824569941871367,0.1745691518673503
-0.8241328520532534,0.17438026143021776
-0.8236957622351397,0.18044873216185237
-0.8232586724170261,0.18972666953538145
-0.8228215825989125,0.19683957753139514
-0.8223844927807988,0.1954936330754142
-0.8219474029626852,0.18361351219805094
-0.8215103131445716,0.1668996168459893
-0.8210732233264579,0.15485958200697092
-0.8206361335083443,0.15333692145985303
-0.8201990436902307,0.16122965225390923
-0.819761953872117,0.17235195643292076
-0.8193248640540034,0.17922520015220061
-0.8188877742358898,0.17734309045737903
-0.8184506844177761,0.1683587659402503
-0.8180135945996625,0.15890230654801335
-0.8175765047815489,0.15488617017492576
-0.8171394149634352,0.15687006044586685
-0.8167023251453216,0.16113526988740073
-0.816265235327208,0.16354836049948412
-0.8158281455090943,0.16103357136338134
-0.8153910556909807,0.15244488798609684
-0.8149539658728671,0.1421319857722962
-0.8145168760547534,0.13948707645523625
-0.8140797862366398,0.14794776143250954
-0.8136426964185262,0.15634213582572257
-0.8132056066004125,0.1501095965091164
-0.8127685167822989,0.13103322081758798
-0.8123314269641853,0.11625473076341006
-0.8118943371460716,0.11619646206761167
-0.811457247327958,0.12271157559794013
-0.8110201575098444,0.1221500120032192
-0.8105830676917307,0.11230591137864332
-0.8101459778736171,0.10173648798758582
-0.8097088880555035,0.09675369597415277
-0.8092717982373898,0.09413723637148508
-0.8088347084192762,0.08693491627567207
-0.8083976186011625,0.07444191908633539
-0.8079605287830489,0.06267910755779624
-0.8075234389649353,0.055277602535994355
-0.8070863491468216,0.04987407987815993
-0.806649259328708,0.04562006591633711
-0.8062121695105944,0.04658008959222225
-0.8057750796924807,0.05313046305185747
-0.8053379898743671,0.05827794390486921
-0.8049009000562535,0.05919475982455734
-0.8044638102381398,0.06470867950305569
-0.8040267204200262,0.08341709824386678
-0.8035896306019126,0.11059704863233784
-0.8031525407837989,0.134661215059217
-0.8027154509656853,0.1513353049254666
-0.8022783611475717,0.163864892459308
-0.801841271329458,0.17341840540559222
-0.8014041815113444,0.17728925206618903
-0.8009670916932308,0.17516181531629868
-0.8005300018751171,0.17076003659083883
-0.8000929120570035,0.16696749346140738
-0.7996558222388899,0.1637901322368125
-0.7992187324207762,0.16203882985594117
-0.7987816426026626,0.16508668906854312
-0.798344552784549,0.17428831938887024
-0.7979074629664353,0.18495218384599157
-0.7974703731483217,0.19074133958110412
-0.7970332833302081,0.19206626199950036
-0.7965961935120944,0.19652541089860007
-0.7961591036939808,0.20948558714858073
-0.7957220138758672,0.22689594458040777
-0.7952849240577535,0.23962320355711683
-0.7948478342396399,0.24293511119351782
-0.7944107444215263,0.23904477549993194
-0.7939736546034126,0.2317834245326422
-0.793536564785299,0.22255792671806865
-0.7930994749671854,0.21208901944982395
-0.7926623851490717,0.2030967267712239
-0.7922252953309581,0.19943054720046519
-0.7917882055128445,0.20315219827460482
-0.7913511156947308,0.2123127558058992
-0.7909140258766172,0.22074071597960834
-0.7904769360585036,0.2217286474657097
-0.7900398462403899,0.21475364047246678
-0.7896027564222763,0.20785067013703135
-0.7891656666041627,0.21024339874333203
-0.788728576786049,0.22220313594419278
-0.7882914869679354,0.2343794351779098
-0.7878543971498218,0.23787629978484884
-0.7874173073317081,0.23350088080678394
-0.7869802175135945,0.22985621105485846
-0.7865431276954808,0.23296201403799785
-0.7861060378773672,0.23989479013392417
-0.7856689480592536,0.24381676675075387
-0.7852318582411404,0.2428412437685139
-0.7847947684230268,0.2403670170389083
-0.7843576786049131,0.23778914469525123
-0.7839205887867995,0.23201165117320646
-0.7834834989686859,0.2217327236784022
-0.7830464091505722,0.21214588553535957
-0.7826093193324586,0.21043350743902836
-0.782172229514345,0.21818644161116652
-0.7817351396962313,0.2299164632298347
-0.7812980498781177,0.23779802164733807
-0.780860960060004,0.23694913768117237
-0.7804238702418904,0.22756502471728288
-0.7799867804237768,0.21356495904183595
-0.7795496906056631,0.1996688510306094
-0.7791126007875495,0.18974150828004363
-0.7786755109694359,0.18646544276800878
-0.7782384211513222,0.18974924941803314
-0.7778013313332086,0.1949896954175377
-0.777364241515095,0.19579918497918092
-0.7769271516969813,0.18995401122125105
-0.7764900618788677,0.1813029676625024
-0.7760529720607541,0.17586870421947326
-0.7756158822426404,0.17747333764227977
-0.7751787924245268,0.1853927301857676
-0.7747417026064132,0.19341131627449584
-0.7743046127882995,0.1932929229206924
-0.7738675229701859,0.18351657137362834
-0.7734304331520723,0.1735916827865826
-0.7729933433339586,0.1751492516793407
-0.772556253515845,0.1883647652289667
-0.7721191636977314,0.20119761311982493
-0.7716820738796177,0.20364724767839731
-0.7712449840615041,0.19964709103521702
-0.7708078942433905,0.20209771363713555
-0.7703708044252768,0.21753444666953928
-0.7699337146071632,0.23842108691650557
-0.7694966247890496,0.25069793157567577
-0.7690595349709359,0.24738446281453022
-0.7686224451528223,0.23407377849348882
-0.7681853553347087,0.22154078420163464
-0.767748265516595,0.21487468910701665
-0.7673111756984814,0.21228756580128386
-0.7668740858803678,0.21282441377405528
-0.7664369960622541,0.21911698982049027
-0.7659999062441405,0.23097455594027522
-0.7655628164260269,0.24211651361881628
-0.7651257266079132,0.24624132086945855
-0.7646886367897996,0.2423252984290262
-0.764251546971686,0.23276044947145075
-0.7638144571535723,0.22096102043812782
-0.7633773673354587,0.21145545943376057
-0.7629402775173451,0.20711172032145292
-0.7625031876992314,0.2050764613494878
-0.7620660978811178,0.19976754416324286
-0.7616290080630042,0.19093610808525788
-0.7611919182448905,0.1851925626872625
-0.7607548284267769,0.18828116764732097
-0.7603177386086633,0.19836239182504994
-0.7598806487905496,0.20842017783439923
-0.759443558972436,0.21404972928070826
-0.7590064691543223,0.21780533251800255
-0.7585693793362087,0.22688475921880344
-0.7581322895180951,0.24743197651540538
-0.7576951996999814,0.2788594083300889
-0.7572581098818678,0.31048643388424285
-0.7568210200637542,0.32535790478708426
-0.7563839302456405,0.31308205962669805
-0.7559468404275269,0.280409340945993
-0.7555097506094133,0.24541013845594437
-0.7550726607912996,0.2214333142680724
-0.754635570973186,0.21158785530223065
-0.7541984811550724,0.21634222288048294
-0.7537613913369587,0.23556351633511266
-0.7533243015188451,0.2603563545718527
-0.7528872117007315,0.273636988325248
-0.7524501218826178,0.26589264076852315
-0.7520130320645042,0.24470328653544324
-0.7515759422463906,0.22402745685365383
-0.7511388524282769,0.20980424463857594
-0.7507017626101633,0.20058646137681158
-0.7502646727920497,0.19618535429531916
-0.749827582973936,0.19836839996855501
-0.7493904931558224,0.20474097602446853
-0.7489534033377088,0.20773237483012524
-0.7485163135195951,0.2011985791126548
-0.7480792237014815,0.18635004820488496
-0.7476421338833679,0.17066796689483787
-0.7472050440652542,0.16182278751972592
-0.7467679542471406,0.16280873587531786
-0.746330864429027,0.17171802755569796
-0.7458937746109133,0.18416419555689142
-0.7454566847927997,0.1951295775236684
-0.7450195949746861,0.20062333453685702
-0.7445825051565724,0.20048259990141487
-0.7441454153384588,0.1991776883384781
-0.7437083255203452,0.20089105135323768
-0.7432712357022315,0.20353273289695337
-0.7428341458841179,0.20092456523320737
-0.7423970560660043,0.1917062559588905
-0.7419599662478906,0.1820459101819746
-0.741522876429777,0.1779773504450904
-0.7410857866116634,0.18036598859864744
-0.7406486967935497,0.1905761242878224
-0.7402116069754361,0.21382335155315885
-0.7397745171573225,0.24889553162783046
-0.7393374273392088,0.27923639320899313
-0.7389003375210952,0.28460550883239627
-0.7384632477029816,0.2614450936127669
-0.7380261578848679,0.22446055784502564
-0.7375890680667543,0.18954947466063937
-0.7371519782486406,0.1631081837342737
-0.736714888430527,0.1463025148788808
-0.7362777986124134,0.1390579137157644
-0.7358407087942997,0.13697098215437048
-0.7354036189761861,0.13208960967637673
-0.7349665291580725,0.12112529685541033
-0.7345294393399588,0.1090974064507372
-0.7340923495218452,0.10246765290809305
-0.7336552597037316,0.1015797598308584
-0.7332181698856179,0.1013465954372688
-0.7327810800675043,0.09679372111765454
-0.7323439902493907,0.08669426563354456
-0.731906900431277,0.07410320724773124
-0.7314698106131634,0.06477482316180581
-0.7310327207950498,0.0634458051542042
-0.7305956309769361,0.07035206786837522
-0.7301585411588225,0.08178444227596215
-0.7297214513407089,0.09353705218283317
-0.7292843615225952,0.1027484852277626
-0.7288472717044816,0.10813831283035262
-0.728410181886368,0.11118542263877136
-0.7279730920682543,0.11583499724178783
-0.7275360022501407,0.12403663635371605
-0.7270989124320271,0.13269711541253643
-0.7266618226139134,0.13812603830745565
-0.7262247327957998,0.1422178296509832
-0.7257876429776862,0.15033073569295546
-0.7253505531595725,0.16301160326499747
-0.7249134633414589,0.173336447335471
-0.7244763735233453,0.17380268608199465
-0.7240392837052316,0.1638633695592066
-0.723602193887118,0.1497424799891569
-0.7231651040690044,0.1390723204505286
-0.7227280142508907,0.1369721050405213
-0.7222909244327771,0.14407233514139392
-0.7218538346146635,0.15468618365462805
-0.7214167447965498,0.15873252244625874
-0.7209796549784362,0.1497946330477567
-0.7205425651603226,0.131409912797473
-0.7201054753422089,0.11307485937354958
-0.7196683855240953,0.10097763548344205
-0.7192312957059817,0.09472844445986739
-0.718794205887868,0.09124797634590406
-0.7183571160697544,0.08855253890771744
-0.7179200262516408,0.08636511572259638
-0.7174829364335271,0.08576098971844295
-0.7170458466154135,0.08840188466805475
-0.7166087567972999,0.09449056429637637
-0.7161716669791862,0.10142023822072412
-0.7157345771610726,0.10575743972924799
-0.715297487342959,0.10662091832480547
-0.7148603975248453,0.10561170441272819
-0.7144233077067317,0.1030749917588292
-0.713986217888618,0.09665288245826056
-0.7135491280705044,0.08515408470232053
-0.7131120382523908,0.07163593145963443
-0.7126749484342771,0.059853746096761584
-0.7122378586161635,0.04973127300624487
-0.7118007687980499,0.040529508456697075
-0.7113636789799362,0.03691940579200568
-0.7109265891618226,0.04565224411710867
-0.710489499343709,0.06485410918926211
-0.7100524095255953,0.08197446237755057
-0.7096153197074817,0.08539655839484286
-0.7091782298893681,0.07514466609073792
-0.7087411400712544,0.0605181487660734
-0.7083040502531408,0.050708004603934376
-0.7078669604350272,0.0497486318232205
-0.7074298706169135,0.056779107106967805
-0.7069927807987999,0.06724195202306994
-0.7065556909806863,0.07514950608992646
-0.7061186011625726,0.07740678131375335
-0.705681511344459,0.07614305719045908
-0.7052444215263454,0.07562091022692975
-0.7048073317082317,0.07795858481952507
-0.7043702418901181,0.0841074726597565
-0.7039331520720045,0.09808536346244487
-0.7034960622538908,0.12544879259107816
-0.7030589724357772,0.16407502844947883
-0.7026218826176636,0.199192344927799
-0.7021847927995499,0.2136518328952451
-0.7017477029814363,0.2045662739812503
-0.7013106131633227,0.18551373238374702
-0.700873523345209,0.1707046877365159
-0.7004364335270954,0.1616299941530653
-0.6999993437089818,0.1517199945706742
-0.6995622538908681,0.13845505601647246
-0.6991251640727545,0.12526632905670979
-0.6986880742546409,0.11465001003310339
-0.6982509844365272,0.10583913944260537
-0.6978138946184136,0.09929642003995462
-0.6973768048003,0.09864075565085659
-0.6969397149821863,0.10616985732784519
-0.6965026251640727,0.1187372154291086
-0.696065535345959,0.1300116262317117
-0.6956284455278454,0.13610012769173876
-0.6951913557097318,0.13729209542682178
-0.6947542658916182,0.1343842943952206
-0.6943171760735045,0.12567256438414134
-0.6938800862553909,0.10944873701594811
-0.6934429964372772,0.08848952022329849
-0.6930059066191636,0.0701383365059228
-0.69256881680105,0.06164719993795859
-0.6921317269829363,0.06534856946612896
-0.6916946371648227,0.07689925974150882
-0.6912575473467091,0.08767774140003859
-0.6908204575285954,0.09082668445826206
-0.6903833677104818,0.08664283083430076
-0.6899462778923682,0.08176683442296617
-0.6895091880742545,0.08267884208055558
-0.6890720982561409,0.0900681308224424
-0.6886350084380273,0.09897871402597756
-0.6881979186199136,0.10406020232940343
-0.6877608288018,0.10533102934455822
-0.6873237389836864,0.10873036644430041
-0.6868866491655727,0.12003185771796317
-0.6864495593474591,0.13862977193572393
-0.6860124695293455,0.1581501126065885
-0.6855753797112318,0.17184683779874052
-0.6851382898931182,0.1765356878773951
-0.6847012000750046,0.17386987603841905
-0.6842641102568909,0.16968475574577696
-0.6838270204387773,0.16956721621124887
-0.6833899306206637,0.17302026059238543
-0.6829528408025505,0.17423350396329274
-0.6825157509844368,0.16990501157344423
-0.6820786611663232,0.1634292849189842
-0.6816415713482096,0.1600604417322555
-0.6812044815300959,0.1610031047104232
-0.6807673917119823,0.16369130400628923
-0.6803303018938687,0.1651038230281747
-0.679893212075755,0.16367277551035347
-0.6794561222576414,0.1606744942974492
-0.6790190324395278,0.16065230412418124
-0.6785819426214141,0.16748334162480347
-0.6781448528033005,0.17869746906501519
-0.6777077629851869,0.18629937001109062
-0.6772706731670732,0.18486628013215659
-0.6768335833489596,0.1771666037683919
-0.676396493530846,0.1708140048180769
-0.6759594037127323,0.17100806798862228
-0.6755223138946187,0.17703840525431183
-0.6750852240765051,0.18370870446386003
-0.6746481342583914,0.18535467797940022
-0.6742110444402778,0.18077639606126789
-0.6737739546221642,0.17542054174955338
-0.6733368648040505,0.17657264574340403
-0.6728997749859369,0.18515603686776758
-0.6724626851678233,0.1942881562152961
-0.6720255953497096,0.19685707084311543
-0.671588505531596,0.19213950006714575
-0.6711514157134824,0.1842945835977996
-0.6707143258953687,0.17783072704270989
-0.6702772360772551,0.1761076342706122
-0.6698401462591415,0.18030502413228372
-0.6694030564410278,0.18666348948204545
-0.6689659666229142,0.18754005863297302
-0.6685288768048006,0.17883298621582314
-0.6680917869866869,0.16505066720370024
-0.6676546971685733,0.15439955267117064
-0.6672176073504597,0.150294430610214
-0.666780517532346,0.15034209863844897
-0.6663434277142324,0.15204525057800808
-0.6659063378961187,0.15552166406549944
-0.6654692480780051,0.16028909759273008
-0.6650321582598915,0.1630143796512594
-0.6645950684417778,0.16082900033313643
-0.6641579786236642,0.15549979455244328
-0.6637208888055506,0.1520466871175019
-0.663283798987437,0.15323947410473632
-0.6628467091693233,0.15713500524247895
-0.6624096193512097,0.1604439420085064
-0.661972529533096,0.16243088634373778
-0.6615354397149824,0.16405390704450576
-0.6610983498968688,0.16494376733023106
-0.6606612600787551,0.16380377092460469
-0.6602241702606415,0.1610112233997498
-0.6597870804425279,0.15791849186605403
-0.6593499906244142,0.15372447641367332
-0.6589129008063006,0.14603838059192792
-0.658475810988187,0.13491199539936904
-0.6580387211700733,0.12347952830743371
-0.6576016313519597,0.11389269546640489
-0.6571645415338461,0.10499399360753811
-0.6567274517157324,0.09467819156817202
-0.6562903618976188,0.08267177402555044
-0.6558532720795052,0.0706624525402618
-0.6554161822613915,0.06125558873377353
-0.6549790924432779,0.056750414389851477
-0.6545420026251643,0.05755735499348479
-0.6541049128070506,0.06193619680986434
-0.653667822988937,0.06790212725984685
-0.6532307331708234,0.07437344875865949
-0.6527936433527097,0.07992007428637414
-0.6523565535345961,0.08243653017449473
-0.6519194637164825,0.0816429301490824
-0.6514823738983688,0.08015104039757527
-0.6510452840802552,0.07999820708791053
-0.6506081942621416,0.07961818064909551
-0.6501711044440279,0.07689460292167274
-0.6497340146259143,0.0741925832793494
-0.6492969248078007,0.07677464535108412
-0.648859834989687,0.08559723082178138
-0.6484227451715734,0.09479978294867343
-0.6479856553534598,0.09805508724340613
-0.6475485655353461,0.0953252291894017
-0.6471114757172325,0.09140301485811583
-0.6466743858991189,0.08934511696779383
-0.6462372960810052,0.08805302726207552
-0.6458002062628916,0.08630543181905506
-0.645363116444778,0.08658591131709317
-0.6449260266266643,0.09316599908928222
-0.6444889368085507,0.10724831394551249
-0.644051846990437,0.12541811268370015
-0.6436147571723234,0.14241798545479326
-0.6431776673542098,0.1542493647237794
-0.6427405775360961,0.15922096752635326
-0.6423034877179825,0.1577283714201613
-0.6418663978998689,0.15135781540183996
-0.6414293080817552,0.14169963494197196
-0.6409922182636416,0.13049169948650546
-0.640555128445528,0.12097871309462026
-0.6401180386274143,0.117115487310411
-0.6396809488093007,0.1197861104959088
-0.6392438589911871,0.12503444111030965
-0.6388067691730734,0.12764344078245538
-0.6383696793549598,0.1256008056589469
-0.6379325895368462,0.12013964492696506
-0.6374954997187325,0.11337384222711233
-0.6370584099006189,0.10790351000429695
-0.6366213200825053,0.10706718151617407
-0.6361842302643916,0.11259335344615953
-0.635747140446278,0.12180285737020445
-0.6353100506281644,0.12887271432922023
-0.6348729608100507,0.12986288670728885
-0.6344358709919371,0.12669014668504222
-0.6339987811738235,0.12588997471677876
-0.6335616913557098,0.13254211648667438
-0.6331246015375962,0.14515132767783015
-0.6326875117194826,0.1574317009242188
-0.6322504219013689,0.16495087975929698
-0.6318133320832553,0.16854475157123108
-0.6313762422651417,0.17155638546673657
-0.630939152447028,0.1755492574021828
-0.6305020626289144,0.17848696279826792
-0.6300649728108008,0.1760032781490232
-0.6296278829926871,0.1659451249774427
-0.6291907931745735,0.15298064326402713
-0.6287537033564599,0.14599830661020263
-0.6283166135383462,0.14844245201270576
-0.6278795237202326,0.15377779839372901
-0.627442433902119,0.15328753443438184
-0.6270053440840053,0.1456596481784239
-0.6265682542658917,0.13562297423863753
-0.626131164447778,0.12594399866703782
-0.6256940746296644,0.1154533477219327
-0.6252569848115508,0.10395656217961576
-0.6248198949934372,0.09446239433388141
-0.6243828051753235,0.08942813865615575
-0.6239457153572099,0.08764076695042579
-0.6235086255390963,0.08666532976316287
-0.6230715357209826,0.08719735454275002
-0.622634445902869,0.0929338941474394
-0.6221973560847553,0.10559841831663375
-0.6217602662666417,0.12130217359672621
-0.6213231764485281,0.13296696265410615
-0.6208860866304144,0.1360577760714267
-0.6204489968123008,0.1315129040190147
-0.6200119069941872,0.12398818603612052
-0.6195748171760735,0.11822071429185046
-0.6191377273579599,0.11656847953234277
-0.6187006375398463,0.11893240153813778
-0.6182635477217326,0.1241765468936877
-0.617826457903619,0.13069690022026925
-0.6173893680855054,0.13575957405292854
-0.6169522782673917,0.13657320399978717
-0.6165151884492781,0.13376696294232177
-0.6160780986311645,0.13234849049559697
-0.6156410088130508,0.137184307388871
-0.6152039189949372,0.1483352484943318
-0.6147668291768236,0.16225374497971928
-0.6143297393587099,0.1761231229284573
-0.6138926495405963,0.18895062826081946
-0.6134555597224827,0.19950701227662473
-0.613018469904369,0.20571144816294748
-0.6125813800862554,0.2062563837125493
-0.6121442902681418,0.20190339853218006
-0.6117072004500281,0.1957804226136668
-0.6112701106319145,0.19279944636150997
-0.6108330208138009,0.19671081679040367
-0.6103959309956872,0.20588140668165614
-0.6099588411775736,0.21333734852992184
-0.60952175135946,0.21311285015195566
-0.6090846615413463,0.20615273266496478
-0.6086475717232327,0.1986238074979692
-0.6082104819051191,0.1951704361046236
-0.6077733920870054,0.19564597378993626
-0.6073363022688918,0.1984001802496154
-0.6068992124507782,0.20463975606570467
-0.6064621226326645,0.21762339067321249
-0.6060250328145509,0.2374187715326184
-0.6055879429964373,0.25777901148655274
-0.6051508531783236,0.2696279528442841
-0.60471376336021,0.2681808776169696
-0.6042766735420964,0.25659364698773673
-0.6038395837239827,0.24292059321108792
-0.6034024939058691,0.23428926630118227
-0.6029654040877555,0.23427606002379095
-0.6025283142696418,0.24425351582525767
-0.6020912244515282,0.2638786944324147
-0.6016541346334146,0.2886538940858342
-0.6012170448153009,0.31056855337052924
-0.6007799549971873,0.3261085604594281
-0.6003428651790736,0.3421485518289485
-0.59990577536096,0.3674466058567152
-0.5994686855428464,0.3974708308025759
-0.5990315957247327,0.4139288013915746
-0.5985945059066191,0.4016544535591664
-0.5981574160885055,0.36162169863027327
-0.5977203262703918,0.3071656023992465
-0.5972832364522782,0.2538424281461148
-0.5968461466341646,0.21403244610842392
-0.5964090568160509,0.19366245526502807
-0.5959719669979373,0.1893120636448888
-0.5955348771798237,0.1917484675345719
-0.59509778736171,0.1951501438772981
-0.5946606975435964,0.20121145472845256
-0.5942236077254828,0.21380541549284662
-0.5937865179073691,0.23234534079247307
-0.5933494280892555,0.2513617122688589
-0.5929123382711419,0.26482150346365996
-0.5924752484530282,0.27008520810906567
-0.5920381586349146,0.26864540543104
-0.591601068816801,0.2638036274989692
-0.5911639789986873,0.2579934992934431
-0.5907268891805737,0.2525989242088121
-0.5902897993624601,0.24939023098084204
-0.5898527095443464,0.250114075040874
-0.5894156197262328,0.2540129371211693
-0.5889785299081192,0.25729881623707934
-0.5885414400900055,0.25649541218405675
-0.5881043502718919,0.25165709731374303
-0.5876672604537783,0.2452014993596275
-0.5872301706356646,0.23857830579009692
-0.586793080817551,0.2319031914326997
-0.5863559909994374,0.22623587959104352
-0.5859189011813237,0.22428040492433793
-0.5854818113632101,0.22904181514998848
-0.5850447215450965,0.2421278466569138
-0.5846076317269828,0.2607523573873031
-0.5841705419088692,0.2758597131202097
-0.5837334520907556,0.27874422833407014
-0.5832963622726419,0.27232742046233305
-0.5828592724545283,0.2694210667941058
-0.5824221826364147,0.2754962814325879
-0.581985092818301,0.27998057658211783
-0.5815480030001874,0.26996075656631063
-0.5811109131820738,0.24594719194603962
-0.5806738233639606,0.21862242144085614
-0.5802367335458469,0.196686987009362
-0.5797996437277333,0.18406792059352897
-0.5793625539096197,0.18313562372943454
-0.578925464091506,0.19306824158498528
-0.5784883742733924,0.20715166900399157
-0.5780512844552788,0.21713598340151732
-0.5776141946371651,0.22059153756962196
-0.5771771048190515,0.22223388778315883
-0.5767400150009379,0.2284588928187165
-0.5763029251828242,0.24113902840171303
-0.5758658353647106,0.2558351013816524
-0.575428745546597,0.2656000232571574
-0.5749916557284833,0.2671525620906809
-0.5745545659103697,0.26341776508826775
-0.574117476092256,0.2594787268589675
-0.5736803862741424,0.25653771594948227
-0.5732432964560288,0.2513225689471839
-0.5728062066379151,0.2415508487234286
-0.5723691168198015,0.23012253289305923
-0.5719320270016879,0.22270039032695493
-0.5714949371835742,0.22209094104008192
-0.5710578473654606,0.22591548283915203
-0.570620757547347,0.22890993312116134
-0.5701836677292333,0.22668472340457527
-0.5697465779111197,0.2184044479904197
-0.5693094880930061,0.20738880265331053
-0.5688723982748924,0.19881258391498652
-0.5684353084567788,0.19557832739617562
-0.5679982186386652,0.1967824920083971
-0.5675611288205515,0.20155973762061005
-0.5671240390024379,0.21328786470998923
-0.5666869491843243,0.23626542240106832
-0.5662498593662106,0.2668729033906831
-0.565812769548097,0.29146187768074905
-0.5653756797299834,0.29669210233799337
-0.5649385899118697,0.2817110442240002
-0.5645015000937561,0.25842862156321234
-0.5640644102756425,0.2404267425971419
-0.5636273204575288,0.23294088590589054
-0.5631902306394152,0.2320046463210264
-0.5627531408213016,0.22962537081337225
-0.5623160510031879,0.2190828012137587
-0.5618789611850743,0.19912273535845482
-0.5614418713669607,0.17633835495971298
-0.561004781548847,0.16188857189198885
-0.5605676917307334,0.1630940434226109
-0.5601306019126198,0.17890889157248702
-0.5596935120945061,0.20449554622882946
-0.5592564222763925,0.23705268367829485
-0.5588193324582789,0.2739853950546124
-0.5583822426401652,0.30761870230985805
-0.5579451528220516,0.32684823947700475
-0.557508063003938,0.3265521558096872
-0.5570709731858243,0.31427466264696857
-0.5566338833677107,0.3047248710876014
-0.5561967935495971,0.3058013616913973
-0.5557597037314834,0.3115781690466132
-0.5553226139133698,0.31144262084585045
-0.5548855240952562,0.3041304745779421
-0.5544484342771425,0.2983845258988187
-0.5540113444590289,0.30047848839712116
-0.5535742546409153,0.30648500481173346
-0.5531371648228016,0.30891643306134026
-0.552700075004688,0.30753609223765005
-0.5522629851865744,0.31014046412038454
-0.5518258953684607,0.32219648747222257
-0.5513888055503471,0.3369400852199519
-0.5509517157322334,0.33831436599791503
-0.5505146259141198,0.3165352771874164
-0.5500775360960062,0.279967732652321
-0.5496404462778925,0.24800820057360148
-0.5492033564597789,0.23272827111009442
-0.5487662666416653,0.23215203802204973
-0.5483291768235516,0.24056362405920448
-0.547892087005438,0.25706086451469606
-0.5474549971873244,0.28073706363210976
-0.5470179073692107,0.304802529509164
-0.5465808175510971,0.3218369646796399
-0.5461437277329835,0.3321044611349909
-0.5457066379148698,0.3423214084859491
-0.5452695480967562,0.3570070913322308
-0.5448324582786426,0.3726658313051384
-0.5443953684605289,0.37948853454582043
-0.5439582786424153,0.3687286383342681
-0.5435211888243017,0.34062217335493344
-0.543084099006188,0.306059559033026
-0.5426470091880744,0.27926508394938737
-0.5422099193699608,0.2676335774287946
-0.5417728295518471,0.26813805069503727
-0.5413357397337335,0.27281474499432873
-0.5408986499156199,0.2768584594633264
-0.5404615600975062,0.28119838707169653
-0.5400244702793926,0.2879301075951166
-0.539587380461279,0.29464457387060383
-0.5391502906431653,0.2946492160016921
-0.5387132008250517,0.2833888987679471
-0.5382761110069381,0.264133559583025
-0.5378390211888244,0.24616759658223825
-0.5374019313707108,0.2368652788196012
-0.5369648415525972,0.23623838692220644
-0.5365277517344835,0.239463734196906
-0.5360906619163699,0.24313422116473346
-0.5356535720982563,0.2476218927905892
-0.5352164822801426,0.25433730786230546
-0.534779392462029,0.2626421993105277
-0.5343423026439154,0.2700946206632907
-0.5339052128258017,0.27530097632694583
-0.5334681230076881,0.2797513036689137
-0.5330310331895745,0.2859570569041487
-0.5325939433714608,0.294024064402731
-0.5321568535533472,0.3013846670299408
-0.5317197637352336,0.30563325155097465
-0.5312826739171199,0.3058301329915928
-0.5308455840990063,0.3015938641836737
-0.5304084942808927,0.29361032828205086
-0.529971404462779,0.28485771425326084
-0.5295343146446654,0.2785346327868727
-0.5290972248265517,0.274858322701165
-0.5286601350084381,0.2723336233076764
-0.5282230451903245,0.27138260014886445
-0.5277859553722108,0.27392005735021824
-0.5273488655540972,0.28031692991333695
-0.5269117757359836,0.28966042722090457
-0.52647468591787,0.30181699548739477
-0.5260375960997563,0.31612348128915124
-0.5256005062816427,0.32885628007697537
-0.525163416463529,0.33478523310502795
-0.5247263266454154,0.33127395401744886
-0.5242892368273018,0.3200962668796842
-0.5238521470091881,0.30639905769595277
-0.5234150571910745,0.2961633082857661
-0.5229779673729609,0.2927732949050324
-0.5225408775548472,0.2953615366525981
-0.5221037877367336,0.30106244394860215
-0.52166669791862,0.30759806770676335
-0.5212296081005063,0.3125308555264831
-0.5207925182823927,0.3125251755187299
-0.5203554284642791,0.3061439478905457
-0.5199183386461654,0.296165250479453
-0.5194812488280518,0.2870995762796306
-0.5190441590099382,0.2813028971787976
-0.5186070691918245,0.2784818306453377
-0.5181699793737109,0.2771357763950823
-0.5177328895555973,0.27473187955440426
-0.5172957997374836,0.2679425726894627
-0.51685870991937,0.25513787658999826
-0.5164216201012564,0.23852006792418748
-0.5159845302831427,0.2222844742090925
-0.5155474404650291,0.2090641028696991
-0.5151103506469155,0.1993402960787527
-0.5146732608288018,0.19283908654117635
-0.5142361710106882,0.18872861571804211
-0.5137990811925746,0.1868562823580337
-0.5133619913744609,0.19095075175670212
-0.5129249015563473,0.20630593845416056
-0.5124878117382337,0.23035663015546107
-0.51205072192012,0.2504342995294289
-0.5116136321020064,0.2561484273882193
-0.5111765422838928,0.2496507983390961
-0.5107394524657791,0.23908016297846693
-0.5103023626476655,0.2273969151303981
-0.5098652728295519,0.21305684476545647
-0.5094281830114382,0.19672204199553397
-0.5089910931933246,0.18198907468156028
-0.508554003375211,0.17265678922162528
-0.5081169135570973,0.17195367317941582
-0.5076798237389837,0.18059343237622363
-0.50724273392087,0.19368589669339403
-0.5068056441027564,0.20364529987925922
-0.5063685542846428,0.20859109026219855
-0.5059314644665291,0.21537006868113043
-0.5054943746484155,0.23171181102211527
-0.5050572848303019,0.2552024844530572
-0.5046201950121882,0.2712199892131308
-0.5041831051940746,0.26423148261589385
-0.503746015375961,0.23304382813456934
-0.5033089255578473,0.19375844021557795
-0.5028718357397337,0.16583847040487584
-0.5024347459216201,0.1561271733151297
-0.5019976561035064,0.15744233888793344
-0.5015605662853928,0.15985175685455166
-0.5011234764672792,0.15951475794554051
-0.5006863866491655,0.15767747027019488
-0.5002492968310519,0.15630222004750446
-0.49981220701293827,0.15727609097013145
-0.49937511719482464,0.1629025683667966
-0.498938027376711,0.17371306541986928
-0.49850093755859737,0.1868947572404926
-0.49806384774048373,0.19939644681537888
-0.4976267579223701,0.2113882773122532
-0.49718966810425647,0.22429452522878307
-0.49675257828614283,0.23689414530307165
-0.4963154884680292,0.24605870722406
-0.49587839864991556,0.25022972107096547
-0.49544130883180193,0.24971238306298846
-0.4950042190136883,0.24441923945291313
-0.49456712919557466,0.23359479153865498
-0.49413003937746103,0.21765213448096166
-0.4936929495593474,0.19906811556289564
-0.49325585974123376,0.18138957654390173
-0.4928187699231201,0.1673673284343569
-0.4923816801050065,0.1574382642362528
-0.49194459028689286,0.14996136468629243
-0.4915075004687792,0.14320876816965358
-0.4910704106506656,0.1366885838617174
-0.49063332083255196,0.13055185909903516
-0.4901962310144383,0.12523672770669184
-0.4897591411963247,0.12250867615646932
-0.48932205137821105,0.125325227061366
-0.4888849615600974,0.1352422027134481
-0.4884478717419838,0.1504149723175501
-0.48801078192387015,0.16639989281580814
-0.4875736921057565,0.1782806507090808
-0.4871366022876429,0.18319779250964124
-0.48669951246952925,0.18295327753643936
-0.4862624226514156,0.18299084651439967
-0.485825332833302,0.18633191592756093
-0.48538824301518835,0.19022225197244785
-0.4849511531970747,0.19121890621343757
-0.4845140633789611,0.19033637324797612
-0.48407697356084745,0.18990032414531405
-0.4836398837427338,0.1896430300518339
-0.4832027939246202,0.18977302920209851
-0.48276570410650654,0.19259608306576684
-0.4823286142883929,0.1966828766602298
-0.4818915244702793,0.19536071744667455
-0.48145443465216564,0.18604068600809542
-0.481017344834052,0.17590732089309524
-0.4805802550159384,0.1742247965858317
-0.48014316519782474,0.18337618567414604
-0.4797060753797111,0.19959581165723503
-0.47926898556159747,0.21778257310221322
-0.47883189574348384,0.23445947039478834
-0.47839480592537065,0.25001688034202496
-0.477957716107257,0.2674191663704322
-0.4775206262891434,0.2850210726655742
-0.47708353647102975,0.2931831228629873
-0.4766464466529161,0.28288522323152765
-0.4762093568348025,0.25621756537828905
-0.47577226701668884,0.22472613469402675
-0.4753351771985752,0.19868369859198196
-0.4748980873804616,0.1803571224384368
-0.47446099756234794,0.1663691431713994
-0.4740239077442343,0.1542931311891238
-0.4735868179261207,0.14622656785985608
-0.47314972810800704,0.1455164245993422
-0.4727126382898934,0.15057840788922014
-0.47227554847177977,0.15450972421733603
-0.47183845865366614,0.1519111101185604
-0.4714013688355525,0.14377079784651434
-0.47096427901743887,0.13436911592391163
-0.47052718919932524,0.12634544661020558
-0.4700900993812116,0.12128210299083728
-0.46965300956309797,0.12216313692366454
-0.46921591974498433,0.13061547289465308
-0.4687788299268707,0.1424418530039481
-0.46834174010875707,0.150681538045884
-0.46790465029064343,0.15407269580274946
-0.4674675604725298,0.1582391187223195
-0.46703047065441616,0.16673938967139756
-0.46659338083630253,0.1751036542425384
-0.4661562910181889,0.17672080044465763
-0.46571920120007526,0.17155762722077972
-0.4652821113819616,0.16584674757848622
-0.464845021563848,0.16509211294934698
-0.46440793174573436,0.1697237999807515
-0.4639708419276207,0.1756444807065276
-0.4635337521095071,0.17673499367781934
-0.46309666229139346,0.16840219415849575
-0.4626595724732798,0.15130116902324414
-0.4622224826551662,0.13219310658236086
-0.46178539283705256,0.12069464999529164
-0.4613483030189389,0.12358946399375548
-0.4609112132008253,0.13910397289938578
-0.46047412338271165,0.1557796718719917
-0.460037033564598,0.1607448398611568
-0.4595999437464844,0.15215667754371257
-0.45916285392837075,0.14102974963765835
-0.4587257641102571,0.13774384911179097
-0.4582886742921435,0.13901315673489104
-0.45785158447402985,0.132114446258562
-0.4574144946559162,0.11128140254675889
-0.4569774048378026,0.0861925658977023
-0.45654031501968895,0.07330679828589488
-0.4561032252015753,0.0811434419023108
-0.4556661353834617,0.1050599579768217
-0.45522904556534804,0.1336463557675824
-0.4547919557472344,0.15686043129963165
-0.4543548659291208,0.16881689146355566
-0.45391777611100714,0.16756292827478433
-0.4534806862928935,0.15563145881762483
-0.4530435964747799,0.1397505523907809
-0.45260650665666624,0.12772110602304237
-0.4521694168385526,0.12556005481841157
-0.451732327020439,0.13730582641758568
-0.45129523720232534,0.16340776656812142
-0.4508581473842117,0.1954050507447907
-0.45042105756609807,0.21552126404493402
-0.44998396774798444,0.20942740637315538
-0.4495468779298708,0.18154326515740507
-0.44910978811175717,0.152134782061574
-0.44867269829364353,0.13638296717352247
-0.4482356084755299,0.13135600448279575
-0.44779851865741627,0.12656902337644962
-0.44736142883930263,0.12007282898039688
-0.446924339021189,0.11676769381094258
-0.44648724920307536,0.11625964906665173
-0.44605015938496173,0.11282213653514453
-0.4456130695668481,0.10637016912827635
-0.44517597974873446,0.10415884574863189
-0.44473888993062083,0.110500239160261
-0.4443018001125072,0.12204770687426433
-0.44386471029439356,0.1340336474689871
-0.4434276204762799,0.14424216871375686
-0.4429905306581663,0.1499329790215155
-0.44255344084005266,0.14797002972758855
-0.442116351021939,0.14037023384895156
-0.4416792612038254,0.13434619944061046
-0.44124217138571176,0.13445511051452846
-0.4408050815675981,0.1383849701411302
-0.4403679917494845,0.14159270132521623
-0.43993090193137085,0.14216085044324275
-0.4394938121132572,0.13977142155847197
-0.4390567222951436,0.13380351234550375
-0.43861963247702995,0.12488871166791966
-0.4381825426589163,0.11586834921826462
-0.4377454528408027,0.10870925350049636
-0.43730836302268905,0.10182038989643413
-0.4368712732045754,0.09262551729264905
-0.4364341833864618,0.08204277084647046
-0.43599709356834815,0.07416050640981657
-0.4355600037502345,0.07129133105755402
-0.4351229139321209,0.07118546871716035
-0.43468582411400725,0.07005788634121803
-0.4342487342958936,0.06733885333939307
-0.43381164447778,0.06625519092371884
-0.43337455465966634,0.0698177057363162
-0.4329374648415527,0.07714407719371594
-0.4325003750234391,0.08445764304147767
-0.43206328520532544,0.08953357427711604
-0.4316261953872118,0.09393300014735906
-0.4311891055690982,0.0998305051383187
-0.43075201575098454,0.10551217079360302
-0.4303149259328709,0.10601070150196526
-0.4298778361147573,0.09864063298001943
-0.42944074629664364,0.0865105392461408
-0.42900365647853,0.07589125108495262
-0.42856656666041637,0.07099678264268469
-0.42812947684230274,0.07167280412705111
-0.4276923870241891,0.07506364852749313
-0.42725529720607547,0.07869800687428183
-0.42681820738796183,0.08238035354101174
-0.4263811175698482,0.08761330289409276
-0.42594402775173457,0.09507123597416405
-0.42550693793362093,0.10259037958613097
-0.4250698481155073,0.10609081634266775
-0.42463275829739366,0.10293181412660736
-0.42419566847928003,0.09431835339682415
-0.4237585786611664,0.08412386774457123
-0.42332148884305276,0.07564482956878368
-0.42288439902493913,0.0702732666431192
-0.4224473092068255,0.06877024331312079
-0.42201021938871186,0.07139449845295644
-0.4215731295705982,0.07562344182926321
-0.4211360397524846,0.07609992529732276
-0.42069894993437096,0.06932692562647605
-0.4202618601162573,0.05749629877412331
-0.4198247702981437,0.04599443838129957
-0.41938768048003006,0.0382559581154534
-0.4189505906619164,0.03453464138511196
-0.4185135008438028,0.034084489783366326
-0.41807641102568915,0.03621492195400268
-0.4176393212075755,0.0397594938794683
-0.4172022313894619,0.043342464781309695
-0.41676514157134825,0.04632001165782042
-0.4163280517532346,0.04870748937546609
-0.415890961935121,0.050297976720611294
-0.41545387211700735,0.05030066591972467
-0.4150167822988937,0.04782635416154895
-0.4145796924807801,0.042904352469355145
-0.41414260266266645,0.037635868068741404
-0.4137055128445528,0.036228290692874636
-0.4132684230264392,0.04248183342672047
-0.41283133320832555,0.055972069462792005
-0.4123942433902119,0.07108707414489199
-0.4119571535720983,0.08101376788596405
-0.41152006375398464,0.08290182594098991
-0.411082973935871,0.07889092997553585
-0.4106458841177574,0.07307463581027493
-0.41020879429964374,0.06873303214827435
-0.4097717044815301,0.06772565012706072
-0.4093346146634165,0.07041182473198834
-0.40889752484530284,0.07546730330228815
-0.4084604350271892,0.08084323688930684
-0.40802334520907557,0.08560556327229467
-0.40758625539096194,0.09044193911651054
-0.4071491655728483,0.09599366690356567
-0.40671207575473467,0.101058068080225
-0.40627498593662104,0.1031394954432562
-0.4058378961185074,0.101018715603891
-0.40540080630039377,0.09630797189245108
-0.40496371648228013,0.09209800657010277
-0.4045266266641665,0.09046971207280075
-0.40408953684605287,0.09169048592732787
-0.40365244702793923,0.09534915870759497
-0.4032153572098256,0.10165528994746409
-0.40277826739171196,0.11142158107385904
-0.40234117757359833,0.12432360264314254
-0.4019040877554847,0.13692373227194565
-0.40146699793737106,0.14376289791954985
-0.40102990811925743,0.1422382803490577
-0.4005928183011438,0.13597383421270287
-0.40015572848303016,0.13132595922620235
-0.3997186386649165,0.13035207026181625
-0.3992815488468029,0.12918223662903608
-0.39884445902868926,0.12391901552242389
-0.3984073692105756,0.11588810935914097
-0.397970279392462,0.10921597726158558
-0.39753318957434836,0.10485778341188555
-0.3970960997562347,0.099931068475501
-0.3966590099381211,0.0926457994517645
-0.39622192012000745,0.08512769105531194
-0.3957848303018938,0.0814771064242291
-0.3953477404837802,0.08606395526211626
-0.39491065066566655,0.1029291271595488
-0.3944735608475529,0.13119622080451615
-0.3940364710294393,0.15936291510304604
-0.39359938121132565,0.1701479909319496
-0.393162291393212,0.1559236875520771
-0.3927252015750984,0.12703877964587312
-0.39228811175698475,0.10182811568749517
-0.3918510219388711,0.09036489784363212
-0.3914139321207575,0.0897788654752124
-0.39097684230264385,0.09212237706571502
-0.3905397524845302,0.09299859708594342
-0.3901026626664166,0.09340408634350451
-0.38966557284830294,0.09623175781610942
-0.3892284830301893,0.10223464989972089
-0.3887913932120757,0.10918013456318264
-0.38835430339396204,0.11451659517953905
-0.3879172135758484,0.11807339903204937
-0.3874801237577348,0.12167562072249079
-0.38704303393962114,0.12685345435435036
-0.3866059441215075,0.133417029513681
-0.38616885430339387,0.1391376219151956
-0.38573176448528024,0.1404425581395729
-0.3852946746671666,0.13619265446232118
-0.38485758484905297,0.13302447464879738
-0.38442049503093934,0.14333095439829685
-0.3839834052128257,0.17181397775347057
-0.38354631539471207,0.2045377096887222
-0.38310922557659843,0.21821823419154993
-0.3826721357584848,0.20308334898238373
-0.38223504594037117,0.17201779996565558
-0.38179795612225753,0.14516595084586545
-0.3813608663041439,0.1306193007197596
-0.38092377648603026,0.12309151939759543
-0.38048668666791663,0.11608707708628288
-0.380049596849803,0.10954414215576803
-0.37961250703168936,0.10708242528972002
-0.3791754172135757,0.11056368766036442
-0.3787383273954621,0.11885347549153992
-0.37830123757734846,0.1303060774553879
-0.3778641477592348,0.1444924324691071
-0.3774270579411212,0.16053698690170007
-0.37698996812300756,0.17501731232812218
-0.3765528783048939,0.18398990835855966
-0.37611578848678073,0.18710733437861055
-0.3756786986686671,0.18732023165058628
-0.37524160885055347,0.18642383215310623
-0.37480451903243983,0.183680196777907
-0.3743674292143262,0.17917497339526658
-0.37393033939621256,0.1752385315171158
-0.37349324957809893,0.17304347727931876
-0.3730561597599853,0.17039657596585783
-0.37261906994187166,0.16519271504089295
-0.372181980123758,0.15974392127125142
-0.3717448903056444,0.1591453670885598
-0.37130780048753076,0.16510296946504308
-0.3708707106694171,0.17336416339810107
-0.3704336208513035,0.1784672566876326
-0.36999653103318986,0.17951392173937775
-0.3695594412150762,0.17921500585817665
-0.3691223513969626,0.17835883238042943
-0.36868526157884896,0.17443212636158573
-0.3682481717607353,0.16617771318126562
-0.3678110819426217,0.1568245740684874
-0.36737399212450805,0.15159220004857024
-0.3669369023063944,0.15338765495087886
-0.3664998124882808,0.16120443260280018
-0.36606272267016715,0.17108948123383652
-0.3656256328520535,0.17831205415737642
-0.3651885430339399,0.1799449465453859
-0.36475145321582625,0.1761002949410612
-0.3643143633977126,0.1688883937571442
-0.363877273579599,0.1607578035562954
-0.36344018376148535,0.1534027282503217
-0.3630030939433717,0.14676974485843833
-0.3625660041252581,0.1391265861087539
-0.36212891430714444,0.1293752391829271
-0.3616918244890308,0.11884489095902274
-0.3612547346709172,0.10928329772614576
-0.36081764485280354,0.09963238409176002
-0.3603805550346899,0.08658246746778074
-0.3599434652165763,0.06840327881473261
-0.35950637539846264,0.04732161342171021
-0.359069285580349,0.028412877049989127
-0.3586321957622354,0.016744661892168965
-0.35819510594412174,0.014759658441880458
-0.3577580161260081,0.02122342149464192
-0.35732092630789447,0.03275874221351709
-0.35688383648978084,0.04655032720449816
-0.3564467466716672,0.06037869854515953
-0.35600965685355357,0.07008312866982855
-0.35557256703543993,0.07098604799079677
-0.3551354772173263,0.06504822919882268
-0.35469838739921267,0.06274405603411252
-0.35426129758109903,0.07192115905507106
-0.3538242077629854,0.0869028515044767
-0.35338711794487176,0.09493009119659854
-0.35295002812675813,0.0917845999450833
-0.3525129383086445,0.08432599574580892
-0.35207584849053086,0.07890349253745794
-0.35163875867241723,0.07489925014420476
-0.3512016688543036,0.07045848549090127
-0.35076457903618996,0.06821316331630319
-0.3503274892180763,0.07278707440673926
-0.3498903993999627,0.08544163672619046
-0.34945330958184906,0.10247346022188515
-0.3490162197637354,0.11793578088841618
-0.3485791299456218,0.12822673901822523
-0.34814204012750816,0.13455838687559424
-0.3477049503093945,0.14002974491967995
-0.3472678604912809,0.14447623060895287
-0.34683077067316725,0.1446938030209934
-0.3463936808550536,0.14039790297759047
-0.34595659103694,0.1362471229361124
-0.34551950121882635,0.1349290667528173
-0.3450824114007127,0.13144728651009666
-0.3446453215825991,0.11952754145162944
-0.34420823176448545,0.10236206896576557
-0.3437711419463718,0.0910125547296996
-0.3433340521282582,0.09179346471895945
-0.34289696231014455,0.10072789614216061
-0.3424598724920309,0.11126736754083315
-0.3420227826739173,0.12186229707281124
-0.34158569285580365,0.1339372163617754
-0.34114860303769,0.14701952070434438
-0.3407115132195764,0.15893201988887573
-0.34027442340146274,0.1688800137139649
-0.3398373335833491,0.17833908005153368
-0.3394002437652355,0.18896073880730416
-0.33896315394712184,0.19983574897749526
-0.3385260641290082,0.20723509373744856
-0.3380889743108946,0.2078594852699919
-0.33765188449278094,0.20199583979004657
-0.3372147946746673,0.19279754911343178
-0.3367777048565537,0.18371309683861112
-0.33634061503844004,0.1779436499877506
-0.3359035252203264,0.1786662764236889
-0.33546643540221277,0.18664680105613699
-0.33502934558409914,0.19682784244687232
-0.3345922557659855,0.19924529162140545
-0.33415516594787187,0.1862617970781239
-0.33371807612975823,0.16081726010723005
-0.3332809863116446,0.13673400169611735
-0.33284389649353097,0.12821909970030007
-0.33240680667541733,0.13759281039166835
-0.3319697168573037,0.1534797924898849
-0.33153262703919006,0.16066920755535188
-0.33109553722107643,0.15146112862138467
-0.3306584474029628,0.12954385034015367
-0.33022135758484916,0.10592621245385812
-0.32978426776673553,0.09137155194149757
-0.3293471779486219,0.09008557260135111
-0.32891008813050826,0.09821571865984688
-0.3284729983123946,0.10792592762744131
-0.328035908494281,0.11378521821224274
-0.32759881867616736,0.11621577604791751
-0.3271617288580537,0.11919853374880547
-0.3267246390399401,0.12483277203045066
-0.32628754922182646,0.1305911152227247
-0.3258504594037128,0.13211619423851798
-0.3254133695855992,0.12819279264398606
-0.32497627976748555,0.12257489624857777
-0.3245391899493719,0.12134164859186002
-0.3241021001312583,0.1286615052349271
-0.32366501031314465,0.1441263208419746
-0.323227920495031,0.16278184012390745
-0.3227908306769174,0.1774038937570544
-0.32235374085880375,0.18207607543017867
-0.3219166510406901,0.1757437369567373
-0.3214795612225765,0.16335564396344288
-0.32104247140446285,0.1524014033615479
-0.3206053815863492,0.14685340040556652
-0.3201682917682356,0.14489301978442345
-0.31973120195012195,0.1433244105000991
-0.3192941121320083,0.14276771143115902
-0.3188570223138947,0.14666103909086586
-0.31841993249578104,0.1561221564807586
-0.3179828426776674,0.16792257636789523
-0.3175457528595538,0.17732185028901923
-0.31710866304144014,0.1817071700821245
-0.3166715732233265,0.18241273456336085
-0.3162344834052129,0.18462793314367634
-0.31579739358709924,0.1946319387435438
-0.3153603037689856,0.21450819772868204
-0.31492321395087197,0.23834542983620108
-0.31448612413275834,0.25459375657104416
-0.3140490343146447,0.25396079856399584
-0.31361194449653107,0.23625712464239884
-0.31317485467841744,0.20982850967695876
-0.3127377648603038,0.18458150730374517
-0.31230067504219017,0.16627215963768419
-0.31186358522407653,0.1570361960644871
-0.3114264954059629,0.15853811364436848
-0.31098940558784927,0.1716058361934607
-0.31055231576973563,0.19254218727769518
-0.310115225951622,0.21187772328582177
-0.30967813613350836,0.21909829624387175
-0.30924104631539473,0.2100431163738455
-0.3088039564972811,0.18995034827047919
-0.30836686667916746,0.16902627715533308
-0.3079297768610538,0.1550366450206985
-0.3074926870429402,0.1496413455936064
-0.30705559722482656,0.15001282992958445
-0.3066185074067129,0.15241585427238663
-0.3061814175885993,0.15450780179669876
-0.30574432777048566,0.15519789076778742
-0.305307237952372,0.1530826464697471
-0.3048701481342584,0.14634980876663645
-0.30443305831614476,0.13536876889670052
-0.3039959684980311,0.12461873644383169
-0.3035588786799175,0.12037946536839741
-0.30312178886180385,0.1260038861279221
-0.3026846990436902,0.13956248334360202
-0.3022476092255766,0.15557753522027853
-0.30181051940746295,0.16862991348511608
-0.3013734295893493,0.1758223572986497
-0.3009363397712357,0.17678065850848348
-0.30049924995312205,0.17239677392175973
-0.3000621601350084,0.16437266714126395
-0.2996250703168948,0.15549092880432344
-0.29918798049878115,0.14887694218702088
-0.2987508906806675,0.1463611541070573
-0.2983138008625539,0.1479474835774914
-0.29787671104444025,0.15274359177955896
-0.2974396212263266,0.15957905367879843
-0.297002531408213,0.16664828514826574
-0.29656544159009934,0.17162376922216574
-0.2961283517719857,0.17307379224437208
-0.2956912619538721,0.17169285199502848
-0.29525417213575844,0.1696527638217052
-0.2948170823176448,0.16891979659537018
-0.2943799924995312,0.17056700335058045
-0.29394290268141754,0.17467220295376418
-0.2935058128633039,0.17905185240158458
-0.29306872304519027,0.17860582503776365
-0.29263163322707664,0.1690019298847367
-0.292194543408963,0.15243555697880004
-0.29175745359084937,0.1375356722664278
-0.29132036377273574,0.13150465531261707
-0.2908832739546221,0.133469578881521
-0.29044618413650847,0.13731540910224618
-0.29000909431839483,0.13999382912742123
-0.2895720045002812,0.14440520235560836
-0.28913491468216757,0.15357485699989826
-0.28869782486405393,0.16437598087065125
-0.2882607350459403,0.1692974090610781
-0.28782364522782666,0.1640712429790593
-0.28738655540971303,0.15209026791361896
-0.2869494655915994,0.14148287101206786
-0.28651237577348576,0.13872796886939504
-0.2860752859553721,0.14425661430492248
-0.2856381961372585,0.15293678182736056
-0.28520110631914486,0.15937103761922813
-0.2847640165010312,0.1633850989839988
-0.2843269266829176,0.16924385867760772
-0.28388983686480396,0.17922508217677688
-0.2834527470466903,0.1900850543030014
-0.2830156572285767,0.19682739389561263
-0.28257856741046306,0.19804543783076894
-0.2821414775923494,0.19643196090040374
-0.2817043877742358,0.1954962184369992
-0.28126729795612215,0.19654899801948036
-0.2808302081380085,0.19752837627502565
-0.2803931183198949,0.19435628815120995
-0.27995602850178125,0.18531007022304702
-0.2795189386836676,0.17500290944213523
-0.279081848865554,0.17204749236624434
-0.27864475904744035,0.18063527118262995
-0.2782076692293267,0.1950836910675442
-0.2777705794112131,0.2044377910373086
-0.27733348959309945,0.2021917126783995
-0.2768963997749858,0.1904837464400369
-0.2764593099568722,0.17610071294336663
-0.27602222013875855,0.16471918302580252
-0.2755851303206449,0.15860925366267434
-0.2751480405025313,0.1572601829557663
-0.27471095068441764,0.15882113045819168
-0.274273860866304,0.16129346082744836
-0.2738367710481908,0.16286758471946058
-0.2733996812300772,0.16202694958306968
-0.27296259141196355,0.15871232379827918
-0.2725255015938499,0.15534405575222485
-0.2720884117757363,0.15515577044632875
-0.27165132195762265,0.1591076512447274
-0.271214232139509,0.16543460614284283
-0.2707771423213954,0.17204362316790597
-0.27034005250328175,0.17789996709333425
-0.2699029626851681,0.18190863409173566
-0.2694658728670545,0.18179082470919888
-0.26902878304894084,0.17498208872366985
-0.2685916932308272,0.16103618231681827
-0.2681546034127136,0.14375545595243952
-0.26771751359459994,0.13067873600397759
-0.2672804237764863,0.1287805220835389
-0.2668433339583727,0.1393898867673415
-0.26640624414025904,0.15724937509981435
-0.2659691543221454,0.1743733168643716
-0.2655320645040318,0.1848067748542778
-0.26509497468591814,0.1872326464840038
-0.2646578848678045,0.18480583658590383
-0.26422079504969087,0.18219710512473838
-0.26378370523157724,0.18181794852232994
-0.2633466154134636,0.1833736511596804
-0.26290952559534997,0.1869129108602729
-0.26247243577723633,0.19356003787234144
-0.2620353459591227,0.20160617029555242
-0.26159825614100907,0.20479592144376785
-0.26116116632289543,0.1981112086124411
-0.2607240765047818,0.1843246230282789
-0.26028698668666816,0.171544628778369
-0.25984989686855453,0.16434086958555308
-0.2594128070504409,0.16022214069790505
-0.25897571723232726,0.15530236713876386
-0.25853862741421363,0.15045878391533707
-0.2581015375961,0.15027344486269983
-0.25766444777798636,0.1577191327834531
-0.2572273579598727,0.17141261940988434
-0.2567902681417591,0.18679678421156815
-0.25635317832364546,0.19876132669407734
-0.2559160885055318,0.20436630044900062
-0.2554789986874182,0.20457122165564498
-0.25504190886930456,0.2031245186768313
-0.2546048190511909,0.20340563527418792
-0.2541677292330773,0.2065657833514989
-0.25373063941496365,0.2117314564382877
-0.25329354959685,0.21633438217989823
-0.2528564597787364,0.21684791448293644
-0.25241936996062275,0.21148021510152332
-0.2519822801425091,0.20264496261939918
-0.2515451903243955,0.19549841077071858
-0.25110810050628185,0.19354492994623093
-0.2506710106881682,0.19594187444253236
-0.2502339208700546,0.19868075804842
-0.24979683105194095,0.19780675558981087
-0.24935974123382731,0.19178604782072792
-0.24892265141571368,0.18169563527595836
-0.24848556159760005,0.17016445603104766
-0.2480484717794864,0.1605352056696822
-0.24761138196137278,0.15605415116703283
-0.24717429214325914,0.15852636438201026
-0.2467372023251455,0.16769221143241014
-0.24630011250703188,0.18205301217633618
-0.24586302268891824,0.19913822889525526
-0.2454259328708046,0.21448097927310592
-0.24498884305269097,0.22250231102098186
-0.24455175323457734,0.22068166832554467
-0.2441146634164637,0.21234128280497913
-0.24367757359835007,0.20371320667494497
-0.24324048378023644,0.19832873610568003
-0.2428033939621228,0.19517966855721872
-0.24236630414400917,0.19188598399450912
-0.24192921432589554,0.18813765836844554
-0.2414921245077819,0.18561235181373106
-0.24105503468966827,0.18579526537892463
-0.24061794487155463,0.18898231604494006
-0.240180855053441,0.1946581264567246
-0.23974376523532737,0.20128987407684434
-0.23930667541721373,0.20575075580696164
-0.2388695855991001,0.2047001913624801
-0.23843249578098646,0.19799990642443466
-0.23799540596287283,0.1905205991829659
-0.2375583161447592,0.18903129056703952
-0.23712122632664556,0.19600488840154667
-0.23668413650853193,0.20681187438785822
-0.2362470466904183,0.214339934434991
-0.23580995687230466,0.2163907120006851
-0.23537286705419103,0.2170561299129292
-0.2349357772360774,0.22073632744472488
-0.23449868741796376,0.2268979530528665
-0.23406159759985012,0.23156523100900225
-0.2336245077817365,0.2319013818646566
-0.23318741796362286,0.2278038339654864
-0.23275032814550922,0.2206619737461059
-0.2323132383273956,0.2126187215851631
-0.23187614850928195,0.20627850197793224
-0.23143905869116832,0.2031388158926795
-0.23100196887305469,0.20223368454005616
-0.23056487905494105,0.20158752061883317
-0.23012778923682742,0.20104440378157978
-0.22969069941871378,0.2025342169560027
-0.22925360960060015,0.2073362819858718
-0.22881651978248652,0.21411610510768928
-0.22837942996437288,0.2202254600923048
-0.22794234014625925,0.22418890417333195
-0.22750525032814561,0.22608931617873185
-0.22706816051003198,0.22606649026527884
-0.22663107069191835,0.2238029403637008
-0.2261939808738047,0.21958016831466845
-0.22575689105569108,0.21439444016012105
-0.22531980123757744,0.20858729726340625
-0.2248827114194638,0.20185889746067692
-0.22444562160135018,0.1950504234284063
-0.22400853178323654,0.18997369843657855
-0.2235714419651229,0.18702739744933178
-0.22313435214700927,0.18551095769284337
-0.22269726232889564,0.18668873290819632
-0.222260172510782,0.19275274557104916
-0.22182308269266837,0.2012551591502123
-0.22138599287455474,0.20467856105341123
-0.2209489030564411,0.19834114048523757
-0.22051181323832747,0.1857416565620453
-0.22007472342021384,0.17360587634430685
-0.2196376336021002,0.16461235179893663
-0.21920054378398657,0.15774391532708681
-0.21876345396587293,0.1530429656704299
-0.2183263641477593,0.15237794609535607
-0.21788927432964567,0.15651582717723153
-0.21745218451153203,0.16404566524910277
-0.2170150946934184,0.17251094949029286
-0.21657800487530476,0.1786068020136242
-0.21614091505719113,0.17836662468871325
-0.2157038252390775,0.17019892232267245
-0.21526673542096386,0.15826273245069997
-0.21482964560285023,0.1505309234864241
-0.2143925557847366,0.15208723666845886
-0.21395546596662296,0.16112666297667963
-0.21351837614850933,0.17197511459458367
-0.2130812863303957,0.18061951236629079
-0.21264419651228206,0.18632227094593876
-0.21220710669416842,0.18942543585030952
-0.2117700168760548,0.18995631628096282
-0.21133292705794116,0.18852206347918526
-0.21089583723982752,0.18678554737107086
-0.2104587474217139,0.18620514564701152
-0.21002165760360025,0.18708999136044394
-0.20958456778548662,0.1891776609406548
-0.20914747796737299,0.1921515219753271
-0.20871038814925935,0.1952957575839279
-0.20827329833114572,0.1977134451009744
-0.20783620851303208,0.19918860576754144
-0.20739911869491845,0.19982281567895552
-0.20696202887680482,0.1990504744851335
-0.20652493905869118,0.1968575638218165
-0.20608784924057755,0.1958713724609646
-0.2056507594224639,0.19934125445099143
-0.20521366960435028,0.20599653552198346
-0.20477657978623665,0.20988299433908994
-0.204339489968123,0.2072676199988821
-0.20390240015000938,0.20101749692003532
-0.20346531033189574,0.19568023449560576
-0.2030282205137821,0.19105018991106323
-0.20259113069566848,0.18428323187678966
-0.20215404087755484,0.17631091698539578
-0.2017169510594412,0.1714317816003427
-0.20127986124132757,0.17082621172286092
-0.20084277142321394,0.17085632049201155
-0.2004056816051003,0.16885793717385233
-0.19996859178698667,0.16715404569007905
-0.19953150196887304,0.16935600016747782
-0.1990944121507594,0.17480804109506073
-0.19865732233264577,0.17887967085151407
-0.19822023251453214,0.17806497762162127
-0.1977831426964185,0.17341491813790869
-0.19734605287830487,0.16923564872049926
-0.19690896306019123,0.16916282626782336
-0.1964718732420776,0.17309321143880552
-0.19603478342396397,0.17738532719673122
-0.19559769360585033,0.17854813768758265
-0.1951606037877367,0.17709558592555225
-0.19472351396962306,0.17688527500956547
-0.19428642415150943,0.18008463498882826
-0.1938493343333958,0.18413096980915908
-0.19341224451528216,0.18514392488458706
-0.19297515469716853,0.18329960762205808
-0.1925380648790549,0.18256297188744433
-0.19210097506094126,0.1854765268403196
-0.19166388524282763,0.19105197129152848
-0.191226795424714,0.19810464908338848
-0.19078970560660036,0.20684788854815528
-0.19035261578848672,0.2151967299790649
-0.1899155259703731,0.2173603476536181
-0.18947843615225946,0.2099962138997707
-0.18904134633414582,0.1974427843425227
-0.1886042565160322,0.18694190977092354
-0.18816716669791855,0.18032280537935938
-0.18773007687980492,0.17406266320303074
-0.18729298706169129,0.16592866301885797
-0.18685589724357765,0.15746206541781463
-0.18641880742546402,0.150674529487677
-0.18598171760735038,0.14611715383987023
-0.18554462778923675,0.1442582347871894
-0.18510753797112312,0.14566271513037
-0.18467044815300948,0.14912245254099196
-0.18423335833489585,0.15153026132167846
-0.1837962685167822,0.15032828776554097
-0.18335917869866858,0.14545138193230736
-0.18292208888055494,0.13914633806449153
-0.1824849990624413,0.1344982771633045
-0.18204790924432768,0.13342945869573639
-0.18161081942621404,0.13528969213356792
-0.1811737296081004,0.1378558675416793
-0.18073663978998677,0.14001259434965438
-0.18029954997187314,0.1425007698998496
-0.1798624601537595,0.1457825761017976
-0.17942537033564587,0.1486205598476322
-0.17898828051753224,0.14945580305840286
-0.1785511906994186,0.14790038933337485
-0.17811410088130497,0.1442198523811764
-0.17767701106319134,0.13885285262268474
-0.1772399212450777,0.13355868247000494
-0.17680283142696407,0.13172596108945936
-0.17636574160885043,0.1357777348673693
-0.1759286517907368,0.14445975673654957
-0.17549156197262317,0.15380461835413123
-0.17505447215450953,0.1605765056221545
-0.1746173823363959,0.16400178873728086
-0.17418029251828226,0.16515940056210726
-0.17374320270016863,0.16653333736229436
-0.173306112882055,0.1712612913363125
-0.17286902306394136,0.17989009207834275
-0.17243193324582773,0.1879377384921115
-0.1719948434277141,0.18990934477820529
-0.1715577536096009,0.18634752484416084
-0.17112066379148727,0.18383298289204855
-0.17068357397337364,0.18709481524060476
-0.17024648415526,0.1938986236626022
-0.16980939433714637,0.1987037016879503
-0.16937230451903273,0.19884846968512332
-0.1689352147009191,0.19592494778976866
-0.16849812488280547,0.19298635467558256
-0.16806103506469183,0.19198648140108093
-0.1676239452465782,0.19350243507076695
-0.16718685542846456,0.1979275645488023
-0.16674976561035093,0.205986972090487
-0.1663126757922373,0.21732009248738798
-0.16587558597412366,0.22871520131235906
-0.16543849615601003,0.2345188113566679
-0.1650014063378964,0.22951677905390797
-0.16456431651978276,0.2128767505220363
-0.16412722670166913,0.19097819185616705
-0.1636901368835555,0.17551494494603226
-0.16325304706544186,0.175528084802936
-0.16281595724732822,0.18970159767876524
-0.1623788674292146,0.20757849671528247
-0.16194177761110096,0.21879400059513504
-0.16150468779298732,0.2204805480941201
-0.1610675979748737,0.21685704589519159
-0.16063050815676005,0.21409339858943427
-0.16019341833864642,0.21577200339715977
-0.1597563285205328,0.2211753013643971
-0.15931923870241915,0.22634859594412435
-0.15888214888430552,0.22665016890211437
-0.15844505906619188,0.21908165488571776
-0.15800796924807825,0.203909041399475
-0.15757087942996462,0.1852895558510314
-0.15713378961185098,0.16925553515742245
-0.15669669979373735,0.1593429487790679
-0.15625960997562371,0.15440540523581922
-0.15582252015751008,0.15137288850968258
-0.15538543033939645,0.14887828580790183
-0.1549483405212828,0.1470115524021569
-0.15451125070316918,0.14501151032007925
-0.15407416088505554,0.1412192623117977
-0.1536370710669419,0.13512651864665315
-0.15319998124882828,0.12854886957749487
-0.15276289143071464,0.12490981653910058
-0.152325801612601,0.12703364176294282
-0.15188871179448737,0.1340061789482258
-0.15145162197637374,0.14002067113420041
-0.1510145321582601,0.1390829578583844
-0.15057744234014647,0.13295799498797392
-0.15014035252203284,0.132325960686394
-0.1497032627039192,0.1464957229367781
-0.14926617288580557,0.17226240251174454
-0.14882908306769194,0.19615541723450391
-0.1483919932495783,0.2080339837352286
-0.14795490343146467,0.20934592071647803
-0.14751781361335103,0.20737645338130914
-0.1470807237952374,0.2054553481356984
-0.14664363397712377,0.20194859253454617
-0.14620654415901013,0.19650500772726917
-0.1457694543408965,0.1926940922107277
-0.14533236452278286,0.19339738433363848
-0.14489527470466923,0.19643311068653943
-0.1444581848865556,0.19707344323094958
-0.14402109506844196,0.19389966876618317
-0.14358400525032833,0.1900931808826904
-0.1431469154322147,0.18912890846410038
-0.14270982561410106,0.19072044477722033
-0.14227273579598743,0.19088146184439134
-0.1418356459778738,0.18503940306844863
-0.14139855615976016,0.1721118372892569
-0.14096146634164652,0.1570095906166746
-0.1405243765235329,0.1478274642477704
-0.14008728670541926,0.14836280788703982
-0.13965019688730562,0.1542552110999988
-0.139213107069192,0.1586045770571129
-0.13877601725107835,0.16023726848961292
-0.13833892743296472,0.16365558317534729
-0.13790183761485109,0.17175398382644305
-0.13746474779673745,0.1822880492961348
-0.13702765797862382,0.1919854713034191
-0.13659056816051018,0.2007159498956945
-0.13615347834239655,0.20995857865444814
-0.13571638852428292,0.2193664259721457
-0.13527929870616928,0.22687089624155085
-0.13484220888805565,0.23165158163062488
-0.13440511906994201,0.23587757118204045
-0.13396802925182838,0.24294792846392715
-0.13353093943371475,0.25340709544589796
-0.1330938496156011,0.26266608876938097
-0.13265675979748748,0.26408717918675817
-0.13221966997937384,0.2553219854933411
-0.1317825801612602,0.24141655896346167
-0.13134549034314658,0.23139548053106673
-0.13090840052503294,0.2315664276601244
-0.1304713107069193,0.24133496217127598
-0.13003422088880567,0.25483022592020904
-0.12959713107069204,0.266245473677627
-0.1291600412525784,0.27277273304535216
-0.12872295143446477,0.27262914668442934
-0.12828586161635114,0.26366257725668335
-0.1278487717982375,0.24701560131878755
-0.12741168198012387,0.2301909188028049
-0.12697459216201024,0.22226516185199321
-0.1265375023438966,0.22554642434556857
-0.12610041252578297,0.2341033430320563
-0.12566332270766933,0.2405955079557444
-0.1252262328895557,0.24292605161661718
-0.12478914307144207,0.2439886285072403
-0.12435205325332843,0.24611739060101148
-0.1239149634352148,0.24725599995801084
-0.12347787361710116,0.24394011769107005
-0.12304078379898753,0.23756787902805665
-0.1226036939808739,0.2346485309801965
-0.12216660416276026,0.23909446216685307
-0.12172951434464663,0.24654257273999036
-0.121292424526533,0.24842819589375134
-0.12085533470841936,0.24012997847234183
-0.12041824489030573,0.22390226965021617
-0.11998115507219209,0.2063328081853823
-0.11954406525407846,0.1947612552165949
-0.11910697543596482,0.19337352090873067
-0.11866988561785119,0.1994273357756775
-0.11823279579973756,0.20418755849553777
-0.11779570598162392,0.20042762836441666
-0.11735861616351029,0.18940013736181532
-0.11692152634539665,0.17888284863177037
-0.11648443652728302,0.17440712841985315
-0.11604734670916939,0.17450992432317866
-0.11561025689105575,0.17532626118131575
-0.11517316707294212,0.1770313976167665
-0.11473607725482848,0.18274588220461194
-0.11429898743671485,0.19239959003051998
-0.11386189761860122,0.20136072970890492
-0.11342480780048758,0.20532654300896686
-0.11298771798237395,0.20361759977727065
-0.11255062816426031,0.1976784073973796
-0.11211353834614668,0.19007323137859405
-0.11167644852803305,0.18592348587440433
-0.11123935870991941,0.191230489225555
-0.11080226889180578,0.20679508856455683
-0.11036517907369214,0.22604557269392472
-0.10992808925557851,0.24168009129009857
-0.10949099943746488,0.25286898901800786
-0.10905390961935124,0.26320264845479047
-0.10861681980123761,0.27307509422548665
-0.10817972998312397,0.2776395448645671
-0.10774264016501034,0.2720313807313252
-0.1073055503468967,0.25568291381302577
-0.10686846052878307,0.23176241855080276
-0.10643137071066944,0.2054892208441544
-0.1059942808925558,0.18291755896085607
-0.10555719107444217,0.16760922302661713
-0.10512010125632854,0.1572501344942758
-0.1046830114382149,0.14628086849562696
-0.10424592162010127,0.13280653156171568
-0.10380883180198763,0.12028107233017804
-0.103371741983874,0.1118571632326016
-0.10293465216576037,0.10661082311491994
-0.10249756234764673,0.10299196806944996
-0.1020604725295331,0.10306692372574967
-0.10162338271141946,0.11086630986695202
-0.10118629289330583,0.12719230957707064
-0.1007492030751922,0.1468877955871599
-0.10031211325707856,0.16175427985892105
-0.09987502343896493,0.167858773311943
-0.0994379336208513,0.1699808398521723
-0.09900084380273766,0.17648215499638562
-0.09856375398462403,0.19133052081416405
-0.09812666416651039,0.2158858129413978
-0.09768957434839676,0.25476314325657984
-0.09725248453028312,0.3085611123791523
-0.09681539471216949,0.36029111587232715
-0.09637830489405586,0.3825783496355776
-0.09594121507594222,0.3645776263560499
-0.09550412525782859,0.32275781434807665
-0.09506703543971495,0.2807472792623096
-0.09462994562160132,0.24846582608350848
-0.09419285580348769,0.2261780787720277
-0.09375576598537405,0.217425803262881
-0.09331867616726042,0.22666609117112474
-0.09288158634914678,0.24838633115003442
-0.09244449653103315,0.26772440368745126
-0.09200740671291952,0.272341644854924
-0.09157031689480588,0.26060906524496974
-0.09113322707669225,0.24026010819221597
-0.09069613725857861,0.22240927134126753
-0.09025904744046498,0.21516499092334354
-0.08982195762235134,0.21916999152930952
-0.08938486780423771,0.22806892294911352
-0.08894777798612408,0.23380838031902698
-0.08851068816801044,0.2322808133598714
-0.08807359834989681,0.2254038112716957
-0.08763650853178317,0.21865477356089916
-0.08719941871366954,0.21552785985153686
-0.0867623288955559,0.21392311179384277
-0.08632523907744227,0.2092888834280424
-0.08588814925932864,0.2009482697327929
-0.085451059441215,0.1929268451394879
-0.08501396962310137,0.1889684615590545
-0.08457687980498774,0.1897752460018954
-0.0841397899868741,0.19468220197612002
-0.08370270016876047,0.20241316019845973
-0.08326561035064683,0.21020943855107466
-0.0828285205325332,0.21543296303317125
-0.08239143071441957,0.217588523846254
-0.08195434089630593,0.21598647400003454
-0.0815172510781923,0.20777858528064616
-0.08108016126007866,0.19354934852092495
-0.08064307144196503,0.18331362946734484
-0.0802059816238514,0.18960034788763727
-0.07976889180573776,0.21243965416375726
-0.07933180198762413,0.23649615252874664
-0.0788947121695105,0.2460669275572583
-0.07845762235139686,0.23942711647764695
-0.07802053253328323,0.2261471801366927
-0.07758344271516959,0.21439657670661075
-0.07714635289705596,0.20500450148785945
-0.07670926307894232,0.19562454753247568
-0.07627217326082869,0.18579123008732265
-0.07583508344271506,0.17729190381761445
-0.07539799362460142,0.1722049811642457
-0.07496090380648779,0.17104222720259357
-0.07452381398837415,0.17128448752832443
-0.07408672417026052,0.1681053943461969
-0.07364963435214689,0.15832721910379122
-0.07321254453403325,0.14371039783411846
-0.07277545471591962,0.12955132459983384
-0.07233836489780598,0.12079506321048569
-0.07190127507969235,0.11984471017392455
-0.07146418526157872,0.12592219145503417
-0.07102709544346508,0.13490514280350355
-0.07059000562535145,0.14136367445008016
-0.07015291580723781,0.1422543270702703
-0.06971582598912418,0.13772653488951922
-0.06927873617101099,0.12871102246781105
-0.06884164635289736,0.11683928864734712
-0.06840455653478372,0.10720099859545076
-0.06796746671667009,0.10684208366090907
-0.06753037689855645,0.11776639155536428
-0.06709328708044282,0.1339785101430073
-0.06665619726232919,0.1476327884018614
-0.06621910744421555,0.1557526127735435
-0.06578201762610192,0.15943347350345335
-0.06534492780798828,0.16017597008750598
-0.06490783798987465,0.1600084758291274
-0.06447074817176102,0.16215805426099597
-0.06403365835364738,0.16803245132231007
-0.06359656853553375,0.17521159950265106
-0.06315947871742011,0.1807485088082586
-0.06272238889930648,0.1848624610405994
-0.062285299081192846,0.19019516226697722
-0.06184820926307921,0.1992448948860162
-0.06141111944496558,0.21227542483300063
-0.060974029626851944,0.22481590703788742
-0.06053693980873831,0.22823096960786554
-0.060099849990624676,0.21734450145238954
-0.05966276017251104,0.1978765191022398
-0.05922567035439741,0.18271877061706035
-0.058788580536283774,0.18042979759730685
-0.05835149071817014,0.1896939793069583
-0.057914400900056506,0.20420543927451512
-0.05747731108194287,0.21981811164268228
-0.05704022126382924,0.23600995149539863
-0.056603131445715604,0.251383520999131
-0.05616604162760197,0.25954713006274727
-0.055728951809488336,0.2531702999750844
-0.0552918619913747,0.23471035098264384
-0.05485477217326107,0.21942199752840094
-0.054417682355147434,0.22179415645653786
-0.0539805925370338,0.23977380105086238
-0.053543502718920166,0.2576172446757324
-0.05310641290080653,0.2636752485141867
-0.0526693230826929,0.25956895502172156
-0.052232233264579264,0.25214804465913937
-0.05179514344646563,0.24417084951709492
-0.051358053628351996,0.2362096055609206
-0.05092096381023836,0.2315356849910199
-0.05048387399212473,0.23317319403066725
-0.050046784174011094,0.23817735695690928
-0.04960969435589746,0.23943782593278748
-0.049172604537783826,0.2330593680043547
-0.04873551471967019,0.22139637818282296
-0.04829842490155656,0.20918306906689904
-0.047861335083442924,0.19932622370396702
-0.04742424526532929,0.19319374922001278
-0.046987155447215656,0.19280745341050812
-0.04655006562910202,0.2001635893103059
-0.04611297581098839,0.21368159707819911
-0.045675885992874754,0.2265892007483037
-0.04523879617476112,0.2305095681665501
-0.044801706356647486,0.2211914956717533
-0.04436461653853385,0.20070816461411303
-0.04392752672042022,0.17540323857135717
-0.043490436902306584,0.15322730087407146
-0.04305334708419295,0.14105891917834049
-0.042616257266079316,0.1405081483550699
-0.04217916744796568,0.146604509216847
-0.04174207762985205,0.15463720246712298
-0.041304987811738414,0.16749927063241915
-0.04086789799362478,0.1905219709977832
-0.040430808175511146,0.21881676348670434
-0.03999371835739751,0.2363517122477964
-0.03955662853928388,0.22987747085050467
-0.039119538721170244,0.19969636421038175
-0.03868244890305661,0.15657300975304847
-0.038245359084942976,0.11306998626257249
-0.03780826926682934,0.07796112850949789
-0.03737117944871571,0.053473750654321216
-0.036934089630602074,0.03589965118464804
-0.03649699981248844,0.021081287916377173
-0.036059909994374806,0.009129057613818907
-0.03562282017626117,0.002287143592762188
-0.03518573035814754,0.00024714953756338183
-0.034748640540033904,0.0002110817396389713
-0.03431155072192027,0.00020557340728293935
-0.033874460903806636,7.316545956731672e-05
-0.033437371085693,5.1809247051698575e-05
-0.03300028126757937,5.9654621499767884e-05
-0.032563191449465734,3.298551147557353e-05
-0.0321261016313521,2.221216303799779e-05
-0.031689011813238466,2.6167192520780268e-05
-0.03125192199512483,1.9068397497938767e-05
-0.030814832177011198,1.2784408384417917e-05
-0.030377742358897564,1.50501660648722e-05
-0.02994065254078393,1.4436300266832757e-05
-0.029503562722670296,9.81183105620068e-06
-0.02906647290455666,1.1334731319071443e-05
-0.028629383086443028,1.6135188768995227e-05
-0.028192293268329394,1.174223138531593e-05
-0.02775520345021576,1.1778773156281598e-05
-0.027318113632102126,2.9984609166264086e-05
-0.02688102381398849,2.725175045919289e-05
-0.026443933995874858,1.820789926672066e-05
-0.026006844177761224,0.00010397130298252733
-0.02556975435964759,0.0001496842352706515
-0.025132664541533956,5.859339173683012e-05
-0.02469557472342032,0.0013054399808154168
-0.024258484905306688,0.007026745919206322
-0.023821395087193054,0.017927665680281365
-0.02338430526907942,0.02842820972460376
-0.022947215450965786,0.030561653125869215
-0.02251012563285215,0.022694637404049693
-0.022073035814738518,0.011192244248439448
-0.021635945996624883,0.0034681776788203318
-0.02119885617851125,0.004731955054370414
-0.020761766360397615,0.021799794672645194
-0.02032467654228398,0.06001756858174407
-0.019887586724170347,0.10930847498710247
-0.019450496906056713,0.14128138156941852
-0.01901340708794308,0.13283867522452925
-0.018576317269829445,0.09264984122651575
-0.01813922745171581,0.05483068309269156
-0.017702137633602177,0.044107832857471364
-0.017265047815488543,0.05377486008761515
-0.01682795799737491,0.05975480456700066
-0.016390868179261275,0.04883639379694017
-0.01595377836114764,0.027873901915828687
-0.015516688543034007,0.010398205573729839
-0.015079598724920373,0.0021830664449545506
-0.01464250890680674,0.00029910189534104145
-0.014205419088693105,0.00023459081980677787
-0.013768329270579471,0.0001516441846792417
-0.013331239452465837,5.56191535712556e-05
-0.012894149634352203,5.17931428452238e-05
-0.01245705981623857,4.7847514149701666e-05
-0.012019969998124935,2.9895217040800403e-05
-0.011582880180011301,3.205683912911286e-05
-0.011145790361897667,3.829448092172159e-05
-0.010708700543784033,4.1613632290697837e-05
-0.0102716107256704,5.619833269936317e-05
-0.009834520907556765,7.29504520694092e-05
-0.009397431089443131,0.0001320623958211466
-0.008960341271329497,0.00024375162428976277
-0.008523251453215863,0.00028554346693179843
-0.00808616163510223,0.0012346643578718085
-0.007649071816988595,0.007021441511370234
-0.007211981998874961,0.022339561032031607
-0.006774892180761327,0.04624653661769008
-0.006337802362647693,0.07140685111219859
-0.005900712544534059,0.09327509684187706
-0.005463622726420425,0.11475230794066037
-0.005026532908306791,0.1352321965200414
-0.004589443090193157,0.14113910802764335
-0.004152353272079523,0.11854404533223298
-0.003715263453965889,0.07360827172265985
-0.003278173635852255,0.030719330901104864
-0.002841083817738621,0.009813923103928132
-0.002403993999624987,0.011604398817353315
-0.001966904181511353,0.02317816580676612
-0.001529814363397719,0.030830671713057013
-0.001092724545284085,0.02788434247701497
-0.000655634727170451,0.016936975134931774
-0.000218544909056817,0.007284966192478576
0.000218544909056817,0.007325680419985549
0.000655634727170451,0.017067803478285588
0.001092724545284085,0.02809781098761572
0.001529814363397719,0.03106544378058912
0.001966904181511353,0.0233546806242197
0.002403993999624987,0.011688264787656211
0.002841083817738621,0.009816963617129231
0.003278173635852255,0.030659601410771755
0.003715263453965889,0.07351671957298696
0.004152353272079523,0.11850295994018353
0.004589443090193157,0.1412492728273947
0.005026532908306791,0.13550775249561797
0.005463622726420425,0.1150806391031116
0.005900712544534059,0.0935138807043232
0.006337802362647693,0.07150595626580415
0.006774892180761327,0.04625702303164218
0.007211981998874961,0.02232996198965986
0.007649071816988595,0.007019034769268267
0.00808616163510223,0.0012359972779875804
0.008523251453215863,0.0002857984008940578
0.008960341271329497,0.00024365418241795086
0.009397431089443131,0.0001322833869409504
0.009834520907556765,7.304608217136434e-05
0.0102716107256704,5.6180967175762094e-05
0.010708700543784033,4.1656180347321043e-05
0.011145790361897667,3.8326691151390784e-05
0.011582880180011301,3.2059296788439486e-05
0.012019969998124935,2.9897890546533254e-05
0.01245705981623857,4.786829162171134e-05
0.012894149634352203,5.183746006813603e-05
0.013331239452465837,5.568129332220892e-05
0.013768329270579471,0.00015190444242346946
0.014205419088693105,0.0002349880195565997
0.01464250890680674,0.0003002867670545325
0.015079598724920373,0.0021935909146402013
0.015516688543034007,0.010441390460979786
0.01595377836114764,0.02797803281387071
0.016390868179261275,0.04901175730356007
0.01682795799737491,0.05997699652546205
0.017265047815488543,0.05396640230174998
0.017702137633602177,0.04410929023655339
0.01813922745171581,0.05442916227986213
0.018576317269829445,0.09173581748588637
0.01901340708794308,0.13157815054304772
0.019450496906056713,0.14006874228235944
0.019887586724170347,0.10848318589232331
0.02032467654228398,0.059637076298794535
0.020761766360397615,0.02169531416669829
0.02119885617851125,0.0047184153303749116
0.021635945996624883,0.003451910087819214
0.022073035814738518,0.01113925817158815
0.02251012563285215,0.022594265292935317
0.022947215450965786,0.030435688465380924
0.02338430526907942,0.028323445879904433
0.023821395087193054,0.01787356345880604
0.024258484905306688,0.007013507175909157
0.02469557472342032,0.0013065392616410478
0.025132664541533956,5.910033948508457e-05
0.02556975435964759,0.00014881077573771582
0.026006844177761224,0.00010367010513048682
0.026443933995874858,1.8237276706005235e-05
0.02688102381398849,2.710304979407319e-05
0.027318113632102126,2.9863056488902537e-05
0.02775520345021576,1.1769438517021359e-05
0.028192293268329394,1.1696679165472284e-05
0.028629383086443028,1.6071213901624168e-05
0.02906647290455666,1.132011294229747e-05
0.029503562722670296,9.789957870942705e-06
0.02994065254078393,1.4388437056009388e-05
0.030377742358897564,1.5029126510524285e-05
0.030814832177011198,1.27660858313154e-05
0.03125192199512483,1.901270775424778e-05
0.031689011813238466,2.6119835943846732e-05
0.0321261016313521,2.218037786924218e-05
0.032563191449465734,3.2887897385337906e-05
0.033000281267578924,5.949286575798009e-05
0.03343737108569256,5.169280450017686e-05
0.03387446090380619,7.292075548824666e-05
0.034311550721919826,0.00020469310897564303
0.03474864054003346,0.00021014174483403807
0.035185730358147094,0.00024615073861451584
0.03562282017626073,0.0022715970935256137
0.03605990999437436,0.009055878530348357
0.036496999812487996,0.020904673537400952
0.03693408963060163,0.03563521327494352
0.037371179448715264,0.05321020951703689
0.0378082692668289,0.07776436195800872
0.03824535908494253,0.11289790402458592
0.038682448903056166,0.15634795259788342
0.0391195387211698,0.1994513522765247
0.039556628539283434,0.22975617772147153
0.03999371835739707,0.23644958660999507
0.0404308081755107,0.2190798332288034
0.040867897993624336,0.19082040159749242
0.04130498781173797,0.16775826445258787
0.041742077629851604,0.1548757200547981
0.04217916744796524,0.14686912261944415
0.04261625726607887,0.14079763015170135
0.043053347084192506,0.14133803989661725
0.04349043690230614,0.15351161441632552
0.043927526720419774,0.17576737066594655
0.04436461653853341,0.20116135350592507
0.04480170635664704,0.22160565491875958
0.045238796174760676,0.2307492801462085
0.04567588599287431,0.2266574699224396
0.046112975810987944,0.21363691278968377
0.04655006562910158,0.19994713972220354
0.04698715544721521,0.19229096200501514
0.047424245265328846,0.19238714862523926
0.04786133508344248,0.19840728789112133
0.048298424901556114,0.20830847880463008
0.04873551471966975,0.22059323436201958
0.04917260453778338,0.23231758030333435
0.049609694355897016,0.2388049358668304
0.05004678417401065,0.2377338452037738
0.050483873992124284,0.23298906039330475
0.05092096381023792,0.23165235817458577
0.05135805362835155,0.23657207306951414
0.051795143446465186,0.24456868890226197
0.05223223326457882,0.25232715187964344
0.052669323082692454,0.25944834591309446
0.05310641290080609,0.2634009872094366
0.05354350271891972,0.2573914667785374
0.053980592537033356,0.2396842834203867
0.05441768235514699,0.22179099341695388
0.054854772173260624,0.21936001142683442
0.05529186199137426,0.23439774089803528
0.05572895180948789,0.25247901866685935
0.056166041627601526,0.25854477715686625
0.05660313144571516,0.2503202456927839
0.057040221263828794,0.2351230499781556
0.05747731108194243,0.2191445987888891
0.05791440090005606,0.2036018067959677
0.058351490718169696,0.18903746298653426
0.05878858053628333,0.17976381651541296
0.059225670354396964,0.18216350433916498
0.0596627601725106,0.197435377456852
0.06009984999062423,0.21688751396719194
0.060536939808737866,0.22766217559014276
0.0609740296268515,0.22415134652200283
0.061411119444965134,0.21153613860948786
0.06184820926307877,0.19837848624241894
0.0622852990811924,0.18915637726394885
0.06272238889930604,0.18371547088716864
0.06315947871741967,0.1796560779298134
0.0635965685355333,0.1743509596636267
0.06403365835364694,0.167524966385481
0.06447074817176057,0.1620392031637883
0.0649078379898742,0.16021608789894135
0.06534492780798784,0.1605361733272373
0.06578201762610147,0.15969876345541034
0.06621910744421511,0.15576133187302582
0.06665619726232874,0.14746528465301104
0.06709328708044238,0.13386876899994907
0.06753037689855601,0.11782437387238387
0.06796746671666964,0.10695542734824048
0.06840455653478328,0.10724327014607211
0.06884164635289691,0.11686256917846337
0.06927873617101055,0.12886882324495202
0.06971582598912418,0.13809286077956281
0.07015291580723781,0.1427822602714012
0.07059000562535145,0.14195466002639848
0.07102709544346508,0.13545411940970353
0.07146418526157872,0.1263344947967069
0.07190127507969235,0.12007143771767925
0.07233836489780598,0.12086454870180792
0.07277545471591962,0.1295607027845764
0.07321254453403325,0.1437714208249541
0.07364963435214689,0.15846845935083545
0.07408672417026052,0.1681952247609997
0.07452381398837415,0.1711140599632645
0.07496090380648779,0.1705732565256612
0.07539799362460142,0.17171397753110693
0.07583508344271506,0.17716899233082478
0.07627217326082869,0.18617288891143075
0.07670926307894232,0.19629533262446516
0.07714635289705596,0.20568210211560004
0.07758344271516959,0.21504168143185037
0.07802053253328323,0.2269584524823525
0.07845762235139686,0.2405976325693731
0.0788947121695105,0.24758995210348914
0.07933180198762413,0.23814987448193103
0.07976889180573776,0.21390675703966444
0.0802059816238514,0.19065142329897697
0.08064307144196503,0.18394572294395664
0.08108016126007866,0.193951162246314
0.0815172510781923,0.20816086872880707
0.08195434089630593,0.21648098326630924
0.08239143071441957,0.21827999657074157
0.0828285205325332,0.21637235010627323
0.08326561035064683,0.21136248051146758
0.08370270016876047,0.20369650284380775
0.0841397899868741,0.1960884504391483
0.08457687980498774,0.19136453802341552
0.08501396962310137,0.19070329775291528
0.085451059441215,0.19461915209783465
0.08588814925932864,0.20240224240873575
0.08632523907744227,0.21040064338361875
0.0867623288955559,0.21464199644429685
0.08719941871366954,0.2158661314355901
0.08763650853178317,0.21878525186661232
0.08807359834989681,0.22563928496898228
0.08851068816801044,0.23288665873130662
0.08894777798612408,0.23484524017687852
0.08938486780423771,0.2293872450784591
0.08982195762235134,0.22051370330006007
0.09025904744046498,0.21630873475869145
0.09069613725857861,0.22322872617349737
0.09113322707669225,0.2406873473518045
0.09157031689480588,0.26062635131566314
0.09200740671291952,0.27212920893129133
0.09244449653103315,0.2677104106086207
0.09288158634914678,0.24893611193885823
0.09331867616726042,0.2277023020571701
0.09375576598537405,0.21849587810729268
0.09419285580348769,0.22690792006502652
0.09462994562160132,0.24882238301756715
0.09506703543971495,0.28084634894331506
0.09550412525782859,0.3225778450545298
0.09594121507594222,0.36399332767014697
0.09637830489405586,0.38163104692717387
0.09681539471216949,0.35929205082491505
0.09725248453028312,0.3078755042821066
0.09768957434839676,0.25455360280775047
0.09812666416651039,0.21610585230521256
0.09856375398462403,0.19189177680162528
0.09900084380273766,0.17733969360548257
0.0994379336208513,0.17108238051641964
0.09987502343896493,0.16908956430836228
0.10031211325707856,0.16294176922901865
0.1007492030751922,0.1478413425988015
0.10118629289330583,0.1277866025692131
0.10162338271141946,0.11115026627318783
0.1020604725295331,0.10326401849544833
0.10249756234764673,0.10331594030692519
0.10293465216576037,0.10706755651703426
0.103371741983874,0.11226170447502956
0.10380883180198763,0.12045268328629521
0.10424592162010127,0.13269978428262244
0.1046830114382149,0.14594534353287733
0.10512010125632854,0.15673508508670866
0.10555719107444217,0.16694028602784436
0.1059942808925558,0.18214121045149492
0.10643137071066944,0.2046951508961936
0.10686846052878307,0.23101447288203394
0.1073055503468967,0.25491744459798754
0.10774264016501034,0.27109145654510597
0.10817972998312397,0.276476775519546
0.10861681980123761,0.2718761067509406
0.10905390961935124,0.26223334270314347
0.10949099943746488,0.2522085596637197
0.10992808925557851,0.2411774187362284
0.11036517907369214,0.22552018095470075
0.11080226889180578,0.20619887274843204
0.11123935870991941,0.19060208660996752
0.11167644852803305,0.18526992149750865
0.11211353834614668,0.18937644639514864
0.11255062816426031,0.19701379662840615
0.11298771798237395,0.20318716253022626
0.11342480780048758,0.20529981537657496
0.11386189761860122,0.20169643647472157
0.11429898743671485,0.19290373230391666
0.11473607725482848,0.18331624825985485
0.11517316707294212,0.17774756112669401
0.11561025689105575,0.17625051800755215
0.11604734670916939,0.1754993236332343
0.11648443652728302,0.17521459552631677
0.11692152634539665,0.17938081384677831
0.11735861616351029,0.1896166816146377
0.11779570598162392,0.20042416423056555
0.11823279579973756,0.20401026637637942
0.11866988561785119,0.19915116398936286
0.11910697543596482,0.1930964385917479
0.11954406525407846,0.19455871317165666
0.11998115507219209,0.20627778762585747
0.12041824489030573,0.22409411381138686
0.12085533470841936,0.24060033083035898
0.121292424526533,0.24899757943204362
0.12172951434464663,0.2468493459714765
0.12216660416276026,0.23883127137819557
0.1226036939808739,0.23376928746733067
0.12304078379898753,0.23626264905460825
0.12347787361710116,0.24246888960373794
0.1239149634352148,0.24586379935370947
0.12435205325332843,0.24504737893789336
0.12478914307144207,0.24342385607904807
0.1252262328895557,0.24285153326075415
0.12566332270766933,0.24079309920960087
0.12610041252578297,0.23433576927334668
0.1265375023438966,0.22568874894686575
0.12697459216201024,0.22224830162917578
0.12741168198012387,0.2299641701389244
0.1278487717982375,0.24667067887320365
0.12828586161635114,0.2634791329342716
0.12872295143446477,0.2728351084597355
0.1291600412525784,0.27328665400484725
0.12959713107069204,0.2667689394163365
0.13003422088880567,0.25516385972678574
0.1304713107069193,0.2414877705868152
0.13090840052503294,0.2315716223601241
0.13134549034314658,0.23115912843510045
0.1317825801612602,0.24082415876310223
0.13221966997937384,0.2544582269963962
0.13265675979748748,0.2632925872311888
0.1330938496156011,0.26233087557897
0.13353093943371475,0.2536669959438299
0.13396802925182838,0.24358085803491952
0.13440511906994201,0.23652913928258007
0.13484220888805565,0.2321410497187919
0.13527929870616928,0.22722539793928395
0.13571638852428247,0.21961866670002309
0.1361534783423961,0.21007250773841155
0.13659056816050974,0.2007370732200788
0.13702765797862337,0.1920862563595866
0.137464747796737,0.1825461559463772
0.13790183761485064,0.1719965726648433
0.13833892743296428,0.16365198452007237
0.1387760172510779,0.1599854784808188
0.13921310706919154,0.15833387446454664
0.13965019688730518,0.15420925071534133
0.1400872867054188,0.1486540038734336
0.14052437652353245,0.14840416178259522
0.14096146634164608,0.15763977748218086
0.14139855615975971,0.1724578910655827
0.14183564597787335,0.18488602095260748
0.14227273579598698,0.19029666717739507
0.14270982561410062,0.1899249446717391
0.14314691543221425,0.18824457393350197
0.14358400525032788,0.18912931983379042
0.14402109506844152,0.1929817086948899
0.14445818488655515,0.19653304941177813
0.14489527470466879,0.1965546987427495
0.14533236452278242,0.19412460321164246
0.14576945434089605,0.193687873707792
0.1462065441590097,0.19746173324237645
0.14664363397712332,0.20275982883502405
0.14708072379523696,0.2060930800082843
0.1475178136133506,0.20778453413222467
0.14795490343146422,0.2095045765161921
0.14839199324957786,0.2080450266251777
0.1488290830676915,0.1962043930042387
0.14926617288580513,0.17250165400456932
0.14970326270391876,0.14692818000472996
0.1501403525220324,0.13276004640844485
0.15057744234014603,0.1331286724712793
0.15101453215825966,0.13889236240442535
0.1514516219763733,0.13964703544565138
0.15188871179448693,0.13373787986985866
0.15232580161260056,0.12700557662419598
0.1527628914307142,0.12499740444620543
0.15319998124882783,0.12848073778855737
0.15363707106694147,0.1347107553062724
0.1540741608850551,0.14051019445650212
0.15451125070316873,0.144257638189496
0.15494834052128237,0.14642276659291956
0.155385430339396,0.14847486756698003
0.15582252015750964,0.1510687486755185
0.15625960997562327,0.15415724934746008
0.1566966997937369,0.15916753799638728
0.15713378961185054,0.1691743397607978
0.15757087942996417,0.18532648600094834
0.1580079692480778,0.20408988510362408
0.15844505906619144,0.21936448836142294
0.15888214888430507,0.22689502863753375
0.1593192387024187,0.2264359182279428
0.15975632852053234,0.22114788845456493
0.16019341833864598,0.21578877522892198
0.1606305081567596,0.21421764279488495
0.16106759797487324,0.216936012921125
0.16150468779298688,0.22027857235273948
0.1619417776111005,0.2182434846836549
0.16237886742921415,0.20689153133610966
0.16281595724732778,0.18925205513918794
0.16325304706544141,0.17561740906616247
0.16369013688355505,0.17617257825733593
0.16412722670166868,0.19190660084211061
0.16456431651978232,0.21361960263157215
0.16500140633789595,0.2297930824628752
0.16543849615600958,0.2344437898169729
0.16587558597412322,0.2286604922559801
0.16631267579223685,0.21756263515172772
0.1667497656103505,0.20654723815488718
0.16718685542846412,0.19869955116646282
0.16762394524657775,0.19438768793422698
0.1680610350646914,0.19286631070048693
0.16849812488280502,0.19369892125657867
0.16893521470091866,0.19634496811826524
0.1693723045190323,0.19892489119783635
0.16980939433714592,0.19842134593182686
0.17024648415525956,0.19331585751395503
0.1706835739733732,0.1864178315449496
0.17112066379148683,0.18331219894767106
0.17155775360960046,0.1860634139596207
0.1719948434277141,0.1897591788653629
0.17243193324582773,0.1878469790270493
0.17286902306394136,0.1799348498119349
0.173306112882055,0.17154507598670937
0.17374320270016863,0.16699696492799684
0.17418029251828226,0.16554727627888327
0.1746173823363959,0.16403028562168456
0.17505447215450953,0.16016285415083303
0.17549156197262317,0.15312089499526857
0.1759286517907368,0.14373870701793945
0.17636574160885043,0.1351201897695093
0.17680283142696407,0.13115095653082537
0.1772399212450777,0.13313724207582364
0.17767701106319134,0.13864373139457378
0.17811410088130497,0.14412202698745152
0.1785511906994186,0.14773643557109056
0.17898828051753224,0.14920776680902964
0.17942537033564587,0.14844581895862552
0.1798624601537595,0.14577827825353573
0.18029954997187314,0.14257864602917858
0.18073663978998677,0.1400419677771849
0.1811737296081004,0.13781739833287715
0.18161081942621404,0.13522610899425955
0.18204790924432768,0.1333249801390052
0.1824849990624413,0.1342867221814096
0.18292208888055494,0.13881413208875412
0.18335917869866858,0.14507816545661262
0.1837962685167822,0.15001647887140065
0.18423335833489585,0.1513007167520855
0.18467044815300948,0.1488794176296066
0.18510753797112312,0.1452871655887203
0.18554462778923675,0.1437716953530645
0.18598171760735038,0.1457366284724853
0.18641880742546402,0.1506500320190212
0.18685589724357765,0.15784706621679145
0.18729298706169129,0.16654439091923726
0.18773007687980492,0.1746885210585188
0.18816716669791855,0.18087748919521848
0.1886042565160322,0.18747560672981042
0.18904134633414582,0.19801877489282155
0.18947843615225946,0.21061616312338577
0.1899155259703731,0.21794598568150145
0.19035261578848672,0.2155876404053918
0.19078970560660036,0.20687407075110403
0.191226795424714,0.1977573773089951
0.19166388524282763,0.19057139589301278
0.19210097506094126,0.18518214158167987
0.1925380648790549,0.18257469585819427
0.19297515469716853,0.18346561057087968
0.19341224451528216,0.18523680674058657
0.1938493343333958,0.18407313965840139
0.19428642415150943,0.17998693533053176
0.19472351396962306,0.17690290691441174
0.1951606037877367,0.17727035407247685
0.19559769360585033,0.17881070275754632
0.19603478342396397,0.17769167466691188
0.1964718732420776,0.1734658071738206
0.19690896306019123,0.16956786278786426
0.19734605287830487,0.16956422676550617
0.1977831426964185,0.17369352664193113
0.19822023251453214,0.17853496825737752
0.19865732233264577,0.17968399779615304
0.1990944121507594,0.17569859982130806
0.19953150196887304,0.16991596039292736
0.19996859178698667,0.16725816136898167
0.2004056816051003,0.16872783167950747
0.20084277142321394,0.17071082127270748
0.20127986124132757,0.17068862974398855
0.2017169510594412,0.17128805852016865
0.20215404087755484,0.17625486782659214
0.20259113069566848,0.18441666506852622
0.2030282205137821,0.19134781918903956
0.20346531033189574,0.19604023182990718
0.20390240015000938,0.20140155539146462
0.204339489968123,0.2077267699419662
0.20477657978623665,0.21045229659473316
0.20521366960435028,0.20660544653709567
0.2056507594224639,0.1998361249668692
0.20608784924057755,0.19610370247563447
0.20652493905869118,0.19676458238740632
0.20696202887680482,0.19872368232680496
0.20739911869491845,0.19953096885164504
0.20783620851303208,0.19924302778579445
0.20827329833114572,0.19820270134133153
0.20871038814925935,0.19596561497555592
0.20914747796737299,0.19261320595873577
0.20958456778548662,0.18923095119239558
0.21002165760360025,0.18683013316684655
0.2104587474217139,0.18588660708065768
0.21089583723982752,0.18663935863048578
0.21133292705794116,0.18864177735807328
0.2117700168760548,0.1902780125814971
0.21220710669416842,0.1898229731044608
0.21264419651228206,0.1867320367202759
0.2130812863303957,0.18103004184444038
0.21351837614850933,0.17231324351801722
0.21395546596662296,0.16126221550901448
0.2143925557847366,0.15198024117332504
0.21482964560285023,0.15028011260899746
0.21526673542096386,0.1579845399815411
0.2157038252390775,0.16997119677477515
0.21614091505719113,0.17832091360476615
0.21657800487530476,0.1789170582574815
0.2170150946934184,0.17317871421101158
0.21745218451153203,0.16479685808301994
0.21788927432964567,0.15702580365402855
0.2183263641477593,0.15254694905265345
0.21876345396587293,0.15298962660176368
0.21920054378398657,0.15761748637776413
0.2196376336021002,0.16448474250272768
0.22007472342021384,0.173453137799799
0.22051181323832747,0.18544987830149537
0.2209489030564411,0.1978217477566487
0.22138599287455474,0.20405502284308372
0.22182308269266837,0.2008351768285059
0.222260172510782,0.19272362704856397
0.22269726232889564,0.18692264384829974
0.22313435214700927,0.18575040604829068
0.2235714419651229,0.18717552318098138
0.22400853178323654,0.19011852921196243
0.22444562160135018,0.1952982274670528
0.2248827114194638,0.20226681463001275
0.22531980123757744,0.2092107870240802
0.22575689105569108,0.21526647037065474
0.2261939808738047,0.2206263948191968
0.22663107069191835,0.22486911105504157
0.22706816051003198,0.22706134854361645
0.22750525032814561,0.22703488546840248
0.22794234014625925,0.22511436366164414
0.22837942996437288,0.2211090969912881
0.22881651978248652,0.2149773450382717
0.22925360960060015,0.20826648595433686
0.22969069941871378,0.20353925869169692
0.23012778923682742,0.20195797069040688
0.23056487905494105,0.20226539216510078
0.23100196887305469,0.20276319056706874
0.23143905869116832,0.20373554748921682
0.23187614850928195,0.20703098021225377
0.2323132383273956,0.2134424985661793
0.23275032814550922,0.22144890092470176
0.23318741796362286,0.22849226022019037
0.2336245077817365,0.23241356836527632
0.23406159759985012,0.2317942807383291
0.23449868741796376,0.2268243172536795
0.2349357772360774,0.22053757633910728
0.23537286705419103,0.21704045300549946
0.23580995687230466,0.21676116826571273
0.2362470466904183,0.2150047040474474
0.23668413650853193,0.20744745773631382
0.23712122632664556,0.19631603619443228
0.2375583161447592,0.1889476004866062
0.2379954059628724,0.1901769772041546
0.23843249578098602,0.19758262757660947
0.23886958559909965,0.20431098199165923
0.2393066754172133,0.20536881349336814
0.23974376523532692,0.2008449257371169
0.24018085505344056,0.19415345984623125
0.2406179448715542,0.1885198357418169
0.24105503468966782,0.18542376280389083
0.24149212450778146,0.1851719119284678
0.2419292143258951,0.18736074112501608
0.24236630414400873,0.19070123327606708
0.24280339396212236,0.193835476410222
0.243240483780236,0.19714263087743686
0.24367757359834963,0.20275588997653
0.24411466341646326,0.2114572933152671
0.2445517532345769,0.2197858207256631
0.24498884305269053,0.22173284250442155
0.24542593287080416,0.21401919874108186
0.2458630226889178,0.19896909751396172
0.24630011250703143,0.1820053328033952
0.24673720232514507,0.16769473883070907
0.2471742921432587,0.15870419872726402
0.24761138196137233,0.15650706468487172
0.24804847177948597,0.16109887816810944
0.2484855615975996,0.1705063786749204
0.24892265141571324,0.1816571337312039
0.24935974123382687,0.1915664458956908
0.2497968310519405,0.19778939490392644
0.25023392087005414,0.19909012600430473
0.2506710106881678,0.19665241223075827
0.2511081005062814,0.19421225132979883
0.25154519032439504,0.1959013771087804
0.2519822801425087,0.20288680835496334
0.2524193699606223,0.21181279960789093
0.25285645977873594,0.21735611332399157
0.2532935495968496,0.216902478725519
0.2537306394149632,0.21226593644567862
0.25416772923307684,0.20707903647678225
0.2546048190511905,0.2038782691354654
0.2550419088693041,0.20345590835341434
0.25547899868741775,0.20471654666201014
0.2559160885055314,0.20441416969271398
0.256353178323645,0.19884882089889863
0.25679026814175865,0.18702819076301544
0.2572273579598723,0.1718594593946349
0.2576644477779859,0.15840503946063147
0.25810153759609955,0.1511172116929495
0.2585386274142132,0.1512660583374403
0.2589757172323268,0.1558531433457462
0.25941280705044045,0.16038496341538375
0.2598498968685541,0.16409438314614516
0.2602869866866677,0.17089878826014315
0.26072407650478135,0.1833151547940825
0.261161166322895,0.19694324368058722
0.2615982561410086,0.2038741386970346
0.26203534595912226,0.20125007113380278
0.2624724357772359,0.19372753770192602
0.2629095255953495,0.18733598817823932
0.26334661541346316,0.18390179501514095
0.2637837052315768,0.18248960017136565
0.2642207950496904,0.18304938319871256
0.26465788486780406,0.1857752633206067
0.2650949746859177,0.18821107672911025
0.26553206450403133,0.18568010449625735
0.26596915432214496,0.1750373411028163
0.2664062441402586,0.15767749702724648
0.26684333395837223,0.13967097711731333
0.26728042377648586,0.12904198847175527
0.2677175135945995,0.13097677027221136
0.26815460341271313,0.1440375052531713
0.26859169323082677,0.16118211546477873
0.2690287830489404,0.1748990108006144
0.26946587286705403,0.18151888456089119
0.26990296268516767,0.18163789912351427
0.2703400525032813,0.17783955785700137
0.27077714232139494,0.17225137969548543
0.27121423213950857,0.16579805142965265
0.2716513219576222,0.15950972854113826
0.27208841177573584,0.155609212992655
0.2725255015938495,0.1558781834158803
0.2729625914119631,0.15914069508719556
0.27339968123007674,0.16197452106706195
0.2738367710481904,0.1621404763072882
0.274273860866304,0.1601608005648694
0.27471095068441764,0.1578127109405285
0.2751480405025313,0.15668646771246159
0.2755851303206449,0.15835368009736106
0.27602222013875855,0.16448693256452965
0.2764593099568722,0.17577074129126474
0.2768963997749858,0.19018065728674763
0.27733348959309945,0.20210194504985604
0.2777705794112131,0.20465616555165672
0.2782076692293267,0.195610610129812
0.27864475904744035,0.18138634066891454
0.279081848865554,0.17279709132738502
0.2795189386836676,0.17540861597385607
0.27995602850178125,0.1851077108203203
0.2803931183198949,0.1935387992169628
0.2808302081380085,0.19631209317484102
0.28126729795612215,0.19521100815465212
0.2817043877742358,0.194264228562898
0.2821414775923494,0.19543361839680745
0.28257856741046306,0.19725816989074232
0.2830156572285767,0.1960883460139702
0.2834527470466903,0.18921804188848634
0.28388983686480396,0.17818142852037383
0.2843269266829176,0.16811669180774408
0.2847640165010312,0.16230786281759269
0.28520110631914486,0.15842774673155752
0.2856381961372585,0.15216214508289824
0.2860752859553721,0.14369000784198122
0.28651237577348576,0.13844729783056386
0.2869494655915994,0.14158341355383214
0.28738655540971303,0.1526054397874172
0.28782364522782666,0.16486498664782562
0.2882607350459403,0.1700405999908134
0.28869782486405393,0.164724296679657
0.28913491468216757,0.1534499504609494
0.2895720045002812,0.1440728464936081
0.29000909431839483,0.13980041126461415
0.29044618413650847,0.137350813396705
0.2908832739546221,0.1335257524389927
0.29132036377273574,0.13134415945305666
0.29175745359084937,0.13713988667628182
0.292194543408963,0.15198242039027018
0.29263163322707664,0.16866801712839613
0.29306872304519027,0.17844669017021797
0.2935058128633039,0.17904254935558575
0.29394290268141754,0.17477619137721034
0.2943799924995312,0.17072989922657353
0.2948170823176448,0.16905282588352066
0.29525417213575844,0.16969356574134276
0.2956912619538721,0.17168226274582069
0.2961283517719857,0.17311709271394196
0.29656544159009934,0.17175029749784781
0.297002531408213,0.16675315710634034
0.2974396212263266,0.1595559305840275
0.29787671104444025,0.1526498641340544
0.2983138008625539,0.1479565401540339
0.2987508906806675,0.14653151726228483
0.29918798049878115,0.14904851230845947
0.2996250703168948,0.15547422480111453
0.3000621601350084,0.1641956607509314
0.30049924995312205,0.17227730166072883
0.3009363397712357,0.17684243889415546
0.3013734295893493,0.175907222895013
0.30181051940746295,0.1684528686603441
0.3022476092255766,0.15505158325067153
0.3026846990436902,0.1388979465338879
0.30312178886180385,0.1254627326855984
0.3035588786799175,0.12000319946286356
0.3039959684980311,0.12424665892761312
0.30443305831614476,0.13484557132514896
0.3048701481342584,0.14564281262391773
0.305307237952372,0.15228002993039416
0.30574432777048566,0.15449115519764095
0.3061814175885993,0.15410332742976549
0.3066185074067129,0.15235930565838304
0.30705559722482656,0.15014850511789926
0.3074926870429402,0.14979701735838355
0.3079297768610538,0.15516095639089578
0.30836686667916746,0.16911366483711632
0.3088039564972811,0.1899832093161923
0.30924104631539473,0.21008981250420636
0.30967813613350836,0.21932317256364767
0.310115225951622,0.21232671634992456
0.31055231576973563,0.19298870713496874
0.31098940558784927,0.17171504070070112
0.3114264954059629,0.15819099561659997
0.31186358522407653,0.15647785753613072
0.31230067504219017,0.16593958586807103
0.3127377648603038,0.1847403868444608
0.31317485467841744,0.2103411176748733
0.31361194449653107,0.23675439051873262
0.3140490343146447,0.2542801493967324
0.31448612413275834,0.25495776168342005
0.31492321395087197,0.23901243873028166
0.3153603037689856,0.21534349602968295
0.31579739358709924,0.1952220250315502
0.3162344834052129,0.1848162434668528
0.3166715732233265,0.18250550345391528
0.31710866304144014,0.18206871576101555
0.3175457528595538,0.17795674600120703
0.3179828426776674,0.16857452827869485
0.31841993249578104,0.15660039725334413
0.3188570223138947,0.14690245234272298
0.3192941121320083,0.1427375156364169
0.31973120195012195,0.1430763105705449
0.3201682917682356,0.1446410128871815
0.3206053815863492,0.14677278188544068
0.32104247140446285,0.1523957422105658
0.3214795612225765,0.16319413585984682
0.3219166510406901,0.1753878892291656
0.32235374085880375,0.18168903737349665
0.3227908306769174,0.17705823382659736
0.323227920495031,0.1623484794712863
0.32366501031314465,0.14348245966834283
0.3241021001312583,0.12786637356857927
0.3245391899493719,0.12057510106577606
0.32497627976748555,0.12201003177668548
0.3254133695855992,0.12794521396591638
0.3258504594037128,0.13221061505415313
0.32628754922182646,0.1309247612160864
0.3267246390399401,0.12521758695588084
0.3271617288580537,0.11948544903066902
0.32759881867616736,0.11639574213310569
0.328035908494281,0.11397951354013507
0.3284729983123946,0.10826457244357392
0.32891008813050826,0.0987013027335293
0.3293471779486219,0.09058219504685021
0.32978426776673553,0.09173601745547812
0.33022135758484916,0.10612153945400807
0.3306584474029628,0.1296081436743621
0.33109553722107643,0.15141037975273094
0.33153262703919006,0.16047624028688626
0.3319697168573037,0.15312456113718015
0.33240680667541733,0.13708478765536442
0.33284389649353097,0.12758352998871283
0.3332809863116446,0.13603663540390296
0.33371807612975823,0.16021218799512255
0.33415516594787187,0.1859442745290251
0.3345922557659855,0.19929794182251026
0.33502934558409914,0.19713180136061983
0.33546643540221277,0.18697313871174429
0.3359035252203264,0.1788227105524573
0.33634061503844004,0.17781160391368656
0.3367777048565537,0.18322676648149103
0.3372147946746673,0.1919998224688064
0.33765188449278094,0.2011059199867483
0.3380889743108946,0.20717560209772518
0.3385260641290082,0.2069165242067032
0.33896315394712184,0.19982660309601097
0.3394002437652355,0.18915570634357493
0.3398373335833491,0.17875579979790265
0.3402744234014623,0.1695871106933046
0.34071151321957593,0.159823861711596
0.34114860303768957,0.1477535105103087
0.3415856928558032,0.13414981771095816
0.34202278267391684,0.1214339955890409
0.34245987249203047,0.11036523939033896
0.3428969623101441,0.09962836214131536
0.34333405212825774,0.09069953218578979
0.3437711419463714,0.09001613347506814
0.344208231764485,0.1015190918977773
0.34464532158259864,0.11892271552144196
0.3450824114007123,0.1311647261750934
0.3455195012188259,0.13495997355833297
0.34595659103693954,0.13645807119039136
0.3463936808550532,0.14062814327344209
0.3468307706731668,0.14488096099092157
0.34726786049128044,0.14466100903139573
0.3477049503093941,0.14024992979860534
0.3481420401275077,0.13477698947910274
0.34857912994562135,0.128363715486484
0.349016219763735,0.11793370686714924
0.3494533095818486,0.10232163076545213
0.34989039939996225,0.08516553414199089
0.3503274892180759,0.07244431414460292
0.3507645790361895,0.06790367294876817
0.35120166885430315,0.07031378669251721
0.3516387586724168,0.07501686113673407
0.3520758484905304,0.07925770041410454
0.35251293830864405,0.0847497945353871
0.3529500281267577,0.09207611575249337
0.3533871179448713,0.09500899044733288
0.35382420776298495,0.08687094335960277
0.3542612975810986,0.07195826292167086
0.3546983873992122,0.06293676063037074
0.35513547721732586,0.06533502116543548
0.3555725670354395,0.07127194757350522
0.3560096568535531,0.07035430457587165
0.35644674667166676,0.0606545959252026
0.3568838364897804,0.04677471609446344
0.357320926307894,0.03283700887897837
0.35775801612600766,0.021163272515317945
0.3581951059441213,0.014678316049228384
0.35863219576223493,0.016706546579073493
0.35906928558034856,0.02832512960268157
0.3595063753984622,0.047018562734423515
0.35994346521657583,0.06778931592136775
0.36038055503468946,0.08568411397038762
0.3608176448528031,0.09857189959251293
0.36125473467091673,0.10822625441989699
0.36169182448903037,0.11791994712630201
0.362128914307144,0.12861063917261897
0.36256600412525763,0.13849770695492883
0.36300309394337127,0.14631339498617318
0.3634401837614849,0.1532083157757199
0.36387727357959854,0.1608017579539027
0.36431436339771217,0.16895918918130978
0.3647514532158258,0.17599099625206863
0.36518854303393944,0.1796992239937594
0.3656256328520531,0.17818250882640266
0.3660627226701667,0.1712428119602273
0.36649981248828034,0.16155938763281452
0.366936902306394,0.153775646183361
0.3673739921245076,0.15196965620411154
0.36781108194262124,0.15722476349379583
0.3682481717607349,0.16651552475906756
0.3686852615788485,0.17449788056919238
0.36912235139696215,0.17802418129407313
0.3695594412150758,0.17855293580743337
0.3699965310331894,0.17870054058180496
0.37043362085130305,0.17764923866883442
0.3708707106694167,0.17262780323327767
0.3713078004875303,0.16445795757744433
0.37174489030564395,0.1584851070771898
0.3721819801237576,0.1589168888119546
0.3726190699418712,0.1641982385907562
0.37305615975998485,0.16945499136088357
0.3734932495780985,0.17238963211364908
0.3739303393962121,0.1748897892388019
0.37436742921432575,0.1790010131839824
0.3748045190324394,0.18366588138808204
0.375241608850553,0.1867146502767569
0.37567869866866666,0.1879697316754537
0.3761157884867803,0.18791523165608964
0.3765528783048939,0.18468715756567528
0.37698996812300756,0.1755281797784349
0.3774270579411212,0.16095714921286713
0.3778641477592348,0.1448766739512985
0.37830123757734846,0.13060984648270269
0.3787383273954621,0.11906095978596297
0.3791754172135757,0.11073065185131074
0.37961250703168936,0.10721441581278353
0.380049596849803,0.10953735408861963
0.38048668666791663,0.11584705317225674
0.38092377648603026,0.1226403296811641
0.3813608663041439,0.1300315979943746
0.38179795612225753,0.14445040255457745
0.38223504594037117,0.17111925593930352
0.3826721357584848,0.2019877544600074
0.38310922557659843,0.21701850856231433
0.38354631539471207,0.20337639406962074
0.3839834052128257,0.17075152419459375
0.38442049503093934,0.14229483658414838
0.38485758484905297,0.13193529307764726
0.3852946746671666,0.13512296750068495
0.38573176448528024,0.13957186895583099
0.38616885430339387,0.1385374886144884
0.3866059441215075,0.1329508460928111
0.38704303393962114,0.12631005735807327
0.3874801237577348,0.12095322387627241
0.3879172135758484,0.11722824057230319
0.38835430339396204,0.11368304060091892
0.3887913932120757,0.10845935472522997
0.3892284830301893,0.10163833141430621
0.38966557284830294,0.09571830957477175
0.3901026626664166,0.09294409139587902
0.3905397524845302,0.092582282535784
0.39097684230264385,0.0917418987270611
0.3914139321207575,0.08944835199212478
0.3918510219388711,0.090111167289433
0.39228811175698475,0.101604626910189
0.3927252015750984,0.1267049973057461
0.393162291393212,0.1553846377533882
0.39359938121132565,0.16947868717634676
0.3940364710294393,0.15874591151354484
0.3944735608475529,0.13078408905891478
0.39491065066566655,0.10279844374087385
0.3953477404837802,0.08621531537987175
0.3957848303018938,0.08179671358669673
0.39622192012000745,0.08538959946096439
0.3966590099381211,0.09263767739712848
0.3970960997562347,0.09961029795878183
0.39753318957434836,0.1043836016037113
0.397970279392462,0.10882771736002896
0.3984073692105756,0.11574392293234073
0.39884445902868926,0.12404129039293307
0.3992815488468029,0.12952914765906245
0.3997186386649165,0.13086918227466623
0.40015572848303016,0.13188902762393664
0.4005928183011438,0.13637283079476295
0.40102990811925743,0.14233871086803487
0.40146699793737106,0.1436531945157127
0.4019040877554847,0.13679781998405408
0.40234117757359833,0.12425159549743378
0.40277826739171196,0.11135015130741223
0.4032153572098256,0.10158750311197702
0.40365244702793923,0.09536115702456716
0.40408953684605287,0.0917619133243847
0.4045266266641665,0.09044938997238652
0.40496371648228013,0.09189723263818336
0.40540080630039377,0.0960387549857058
0.4058378961185074,0.10088849336291143
0.40627498593662104,0.10325938282137843
0.40671207575473467,0.10138070846420419
0.4071491655728483,0.09638124127536736
0.40758625539096194,0.09074542757531277
0.40802334520907557,0.08571485150018461
0.4084604350271892,0.08073629026379694
0.40889752484530284,0.07523135548451663
0.4093346146634165,0.07017934200561156
0.4097717044815301,0.06757844320946986
0.41020879429964374,0.06869905338569597
0.4106458841177574,0.07320102240174642
0.411082973935871,0.07924055152213808
0.41152006375398464,0.08345141372239086
0.4119571535720983,0.0816190178582403
0.4123942433902119,0.07158540600751254
0.41283133320832555,0.05627726650954941
0.4132684230264392,0.04256132491578181
0.4137055128445528,0.03605950775602844
0.41414260266266645,0.03724528320796614
0.4145796924807801,0.04240817385060751
0.4150167822988937,0.04735744613928319
0.41545387211700735,0.04989399625917417
0.415890961935121,0.04990161341018532
0.4163280517532346,0.04831324829946677
0.41676514157134825,0.04602421562186856
0.4172022313894619,0.04323983937274314
0.4176393212075755,0.039811146039416365
0.41807641102568915,0.03627057980622995
0.4185135008438028,0.034033833198673515
0.4189505906619164,0.034399839608815236
0.41938768048003006,0.03811939560727511
0.4198247702981437,0.04586513965950023
0.4202618601162573,0.05729414251088762
0.42069894993437096,0.06900415513607076
0.4211360397524846,0.07572548653716549
0.4215731295705982,0.07530888067167181
0.42201021938871186,0.07117926524607361
0.4224473092068255,0.06863499283995086
0.42288439902493913,0.07022890168177838
0.42332148884305276,0.075738350126598
0.4237585786611664,0.0843809853345138
0.42419566847928003,0.09474301278609003
0.42463275829739366,0.1035211642828993
0.4250698481155073,0.10677244342485692
0.42550693793362093,0.10319675889626441
0.42594402775173457,0.09548833293328408
0.4263811175698482,0.08792886073939343
0.42681820738796183,0.08277212411567625
0.42725529720607547,0.0791821189670191
0.4276923870241891,0.07545536747194914
0.42812947684230274,0.07179672084266618
0.42856656666041637,0.07084490903049187
0.42900365647853,0.07557637102118163
0.42944074629664364,0.08616884684850208
0.4298778361147573,0.09841222448593764
0.4303149259328709,0.10602455077972149
0.43075201575098454,0.10580832763418044
0.4311891055690982,0.10030313158929852
0.4316261953872118,0.09438549876701376
0.43206328520532544,0.08980476316033995
0.4325003750234391,0.0845092525637388
0.4329374648415527,0.07704982089832561
0.43337455465966634,0.06967782911489541
0.43381164447778,0.06611757475978766
0.4342487342958936,0.06719827150261418
0.43468582411400725,0.06991271767238072
0.4351229139321209,0.07105593475640608
0.4355600037502345,0.07116731309725856
0.43599709356834815,0.07397262470726763
0.4364341833864618,0.08173493082843564
0.4368712732045754,0.09224969529305405
0.43730836302268905,0.10151367995007733
0.4377454528408027,0.10856451124353314
0.4381825426589163,0.11586031187969244
0.43861963247702995,0.12493493445427133
0.4390567222951436,0.13384746554042343
0.4394938121132572,0.13977514799183363
0.43993090193137085,0.14207047364183908
0.4403679917494845,0.1413807483171305
0.4408050815675981,0.1381196023860002
0.44124217138571176,0.1342888659340395
0.4416792612038254,0.1344473823221147
0.442116351021939,0.1408725048288894
0.4425534408400522,0.14890877032222966
0.44299053065816585,0.15114127024717877
0.4434276204762795,0.14534853741374926
0.4438647102943931,0.1346902848073699
0.44430180011250675,0.12221272891032718
0.4447388899306204,0.11044324985293955
0.445175979748734,0.10416946559430147
0.44561306956684765,0.1065224556336359
0.4460501593849613,0.11302946971591972
0.4464872492030749,0.11643502549822567
0.44692433902118855,0.11684057425397003
0.4473614288393022,0.119940236993145
0.4477985186574158,0.12615707945161236
0.44823560847552946,0.13070190329402254
0.4486726982936431,0.1355783193281434
0.4491097881117567,0.1512376438602324
0.44954687792987036,0.1806215026595633
0.449983967747984,0.20862480464731809
0.4504210575660976,0.21498384935698686
0.45085814738421126,0.19516797693945592
0.4512952372023249,0.16341156102404444
0.45173232702043853,0.1374973916701847
0.45216941683855216,0.1259546323298649
0.4526065066566658,0.12839875586196392
0.45304359647477943,0.14077382136595726
0.45348068629289306,0.1568953547721063
0.4539177761110067,0.16875098640026556
0.45435486592912033,0.16961142341599875
0.45479195574723397,0.15721098180260684
0.4552290455653476,0.1337666698908065
0.45566613538346123,0.10517812847405475
0.45610322520157487,0.08131941960578362
0.4565403150196885,0.07344572903186254
0.45697740483780214,0.0861362541521572
0.45741449465591577,0.11092210890369404
0.4578515844740294,0.1315333197356499
0.45828867429214304,0.13849428913091114
0.4587257641102567,0.1375423769543435
0.4591628539283703,0.14111425968629385
0.45959994374648394,0.15225399454137767
0.4600370335645976,0.1606265790810708
0.4604741233827112,0.15542784028197762
0.46091121320082484,0.13862989638100606
0.4613483030189385,0.12312014263737704
0.4617853928370521,0.1203658516731038
0.46222248265516575,0.13214709045750686
0.4626595724732794,0.15161300550866277
0.463096662291393,0.16901150144103946
0.46353375210950665,0.1774503182665444
0.4639708419276203,0.17622257114348874
0.4644079317457339,0.17001309361337
0.46484502156384755,0.16513525630660983
0.4652821113819612,0.16578191792646924
0.4657192012000748,0.17140738916047554
0.46615629101818845,0.17638500043858577
0.4665933808363021,0.17458685112410313
0.4670304706544157,0.16624439162051605
0.46746756047252935,0.15795866295634164
0.467904650290643,0.1539898265335373
0.4683417401087566,0.15064257750028726
0.46877882992687026,0.14234766854652126
0.4692159197449839,0.13049393541130763
0.4696530095630975,0.1221201160132005
0.47009009938121116,0.12141060077737788
0.4705271891993248,0.12662005687476646
0.4709642790174384,0.1346043791339708
0.47140136883555206,0.14373715589001584
0.4718384586536657,0.15152447510927128
0.4722755484717793,0.15388948552999485
0.47271263828989296,0.14992733251697343
0.4731497281080066,0.1449885260612412
0.47358681792612023,0.14590680827666216
0.47402390774423386,0.15421484673278366
0.4744609975623475,0.16646752412429616
0.47489808738046113,0.180427919493337
0.47533517719857477,0.19848144765281137
0.4757722670166884,0.2241630606191317
0.47620935683480203,0.25546838815084666
0.47664644665291567,0.28228642462865833
0.4770835364710293,0.29300530317358126
0.47752062628914294,0.28528113326848004
0.47795771610725657,0.26787527059578586
0.4783948059253702,0.2503802336043365
0.47883189574348384,0.23465731777589408
0.47926898556159747,0.2179958356693412
0.4797060753797111,0.20000106709030088
0.48014316519782474,0.18386920319211159
0.4805802550159384,0.17444079267339865
0.481017344834052,0.1755170611572487
0.48145443465216564,0.18501569728858497
0.4818915244702793,0.19397390176279858
0.4823286142883929,0.19529509971800377
0.48276570410650654,0.19145063739275217
0.4832027939246202,0.18894454753075293
0.4836398837427338,0.1891053974584561
0.48407697356084745,0.18960810036890025
0.4845140633789611,0.19027770424908258
0.4849511531970747,0.19143849818817907
0.48538824301518835,0.190791248266519
0.485825332833302,0.18726178992979584
0.4862624226514156,0.1841494179681266
0.48669951246952925,0.18405715942841266
0.4871366022876429,0.18392817474829984
0.4875736921057565,0.17849145991685064
0.48801078192387015,0.16624201265374033
0.4884478717419838,0.15018934590173977
0.4888849615600974,0.13509534508276785
0.48932205137821105,0.1251624947065357
0.4897591411963247,0.12225299910150443
0.4901962310144383,0.1250807136362428
0.49063332083255196,0.13084798890684637
0.4910704106506656,0.13761209655814519
0.4915075004687792,0.14460521737810347
0.49194459028689286,0.15150739834572088
0.4923816801050065,0.1588548159444038
0.4928187699231201,0.16845691988503195
0.49325585974123376,0.1819952154066847
0.4936929495593474,0.199141056838477
0.49413003937746103,0.21736122547453823
0.49456712919557466,0.23327330045750092
0.4950042190136883,0.2443634303974347
0.49544130883180193,0.25003235720532446
0.49587839864991556,0.2508228201300906
0.4963154884680292,0.2466381876004316
0.49675257828614283,0.23709638283114237
0.49718966810425647,0.22391367228420941
0.4976267579223701,0.2105785562254621
0.49806384774048373,0.19859315578618847
0.49850093755859737,0.1864710101028593
0.498938027376711,0.1736910527024356
0.49937511719482464,0.1629905458262044
0.49981220701293827,0.15716568861807848
0.5002492968310519,0.15591810217872407
0.5006863866491655,0.15717444966790436
0.5011234764672792,0.15910314976798764
0.5015605662853928,0.15965347652095047
0.5019976561035064,0.15747909780773492
0.5024347459216201,0.15641110339813039
0.5028718357397337,0.16644711047858068
0.5033089255578473,0.19476027281392194
0.5037460153759605,0.23431936025251973
0.5041831051940742,0.2654437690272028
0.5046201950121878,0.2720349310250217
0.5050572848303014,0.25550251202356655
0.5054943746484151,0.23157650189155385
0.5059314644665287,0.21495279448203128
0.5063685542846423,0.20808107744674492
0.506805644102756,0.2032492022308854
0.5072427339208696,0.1935176871163903
0.5076798237389832,0.18056841394322234
0.5081169135570969,0.17184277776939275
0.5085540033752105,0.17229168687193488
0.5089910931933241,0.18144446836037423
0.5094281830114378,0.19628777983712306
0.5098652728295514,0.21298972982018458
0.510302362647665,0.22768264155816384
0.5107394524657787,0.23944398696072092
0.5111765422838923,0.24979282371928285
0.5116136321020059,0.2559804875906297
0.5120507219201196,0.250140036406374
0.5124878117382332,0.23023665633235116
0.5129249015563468,0.20650831199936368
0.5133619913744605,0.19130491174170636
0.5137990811925741,0.18698696093317227
0.5142361710106877,0.18838280607241117
0.5146732608288014,0.19214328003277573
0.515110350646915,0.1987308412722688
0.5155474404650287,0.20890001762257857
0.5159845302831423,0.22248708164756695
0.5164216201012559,0.23864262182666157
0.5168587099193696,0.25483620270413715
0.5172957997374832,0.2673250642419999
0.5177328895555968,0.274206385839087
0.5181699793737105,0.27700917110942047
0.5186070691918241,0.27880775293525745
0.5190441590099377,0.282016827475431
0.5194812488280514,0.28809064868661566
0.519918338646165,0.2971885743003031
0.5203554284642786,0.30686686585820605
0.5207925182823923,0.3128245180561005
0.5212296081005059,0.3126948757887819
0.5216666979186195,0.30811806394452307
0.5221037877367332,0.30221420958982875
0.5225408775548468,0.2970186745530135
0.5229779673729604,0.2945809030706566
0.5234150571910741,0.29783789672213257
0.5238521470091877,0.3078958920457892
0.5242892368273013,0.3215458090342895
0.524726326645415,0.33275235444133805
0.5251634164635286,0.336142953605736
0.5256005062816422,0.32983323603709314
0.5260375960997559,0.31666799977356225
0.5264746859178695,0.30220937529169906
0.5269117757359831,0.290230762228889
0.5273488655540968,0.2810917627621627
0.5277859553722104,0.2746532617155616
0.528223045190324,0.2718874465617437
0.5286601350084377,0.272630694141669
0.5290972248265513,0.27499450615447857
0.5295343146446649,0.2784286657222909
0.5299714044627786,0.284407117571847
0.5304084942808922,0.2928526820859242
0.5308455840990058,0.3006862609028799
0.5312826739171195,0.304919724313685
0.5317197637352331,0.30479121044364366
0.5321568535533467,0.30062106151723533
0.5325939433714604,0.29331437121837173
0.533031033189574,0.2852618389123955
0.5334681230076876,0.27905345853779373
0.5339052128258013,0.2746580707655123
0.5343423026439149,0.26965030407143065
0.5347793924620285,0.26254385605060904
0.5352164822801422,0.2546081196166842
0.5356535720982558,0.24812662181683146
0.5360906619163694,0.2437070040961095
0.5365277517344831,0.24007537835471812
0.5369648415525967,0.23700692756924405
0.5374019313707104,0.2378944005393732
0.537839021188824,0.24741950810943295
0.5382761110069376,0.2654679847657623
0.5387132008250513,0.2846353523297864
0.5391502906431649,0.29559626470178857
0.5395873804612785,0.2950925648612318
0.5400244702793922,0.28789096391292474
0.5404615600975058,0.2809702483762308
0.5408986499156194,0.2767696733065538
0.5413357397337331,0.2729225458365429
0.5417728295518467,0.2682483555141143
0.5422099193699603,0.26755289797267606
0.542647009188074,0.2789735374643986
0.5430840990061876,0.30571891597698464
0.5435211888243012,0.3404783241784974
0.5439582786424149,0.368921777041933
0.5443953684605285,0.37986520039400185
0.5448324582786421,0.37279928342460167
0.5452695480967558,0.3564726289825723
0.5457066379148694,0.34099483579208484
0.546143727732983,0.3302175455368194
0.5465808175510967,0.31977033800126436
0.5470179073692103,0.30285829157291283
0.5474549971873239,0.27911585894754315
0.5478920870054376,0.25595981881238705
0.5483291768235512,0.24012970660889313
0.5487662666416648,0.2322814508545912
0.5492033564597785,0.23301645237441543
0.5496404462778921,0.2480042432390972
0.5500775360960057,0.27949152361207036
0.5505146259141194,0.315762477285461
0.550951715732233,0.33762006789192384
0.5513888055503466,0.33665494358367576
0.5518258953684603,0.3223720396280618
0.5522629851865739,0.31043270733868
0.5527000750046875,0.307395089799033
0.5531371648228012,0.3080604856217118
0.5535742546409148,0.30520968670976517
0.5540113444590284,0.2993832749167732
0.5544484342771421,0.2977834865300464
0.5548855240952557,0.30383492912453425
0.5553226139133693,0.3110901291872722
0.555759703731483,0.3110143773504337
0.5561967935495966,0.30516003612037934
0.5566338833677102,0.3043390903380582
0.5570709731858239,0.31453156627262663
0.5575080630039375,0.3276086647220118
0.5579451528220511,0.32837846323155395
0.5583822426401648,0.3089771375531923
0.5588193324582784,0.27472778456501623
0.559256422276392,0.23725508302330786
0.5596935120945057,0.20456500211773268
0.5601306019126193,0.17919364362197704
0.560567691730733,0.16369427178133117
0.5610047815488466,0.1626779367380308
0.5614418713669602,0.17703085918630435
0.5618789611850739,0.19940545908382729
0.5623160510031875,0.21886499349233793
0.5627531408213011,0.22917352135903404
0.5631902306394148,0.23170841549022295
0.5636273204575284,0.23293399241067397
0.564064410275642,0.2405473997177754
0.5645015000937557,0.2585231374754842
0.5649385899118693,0.2817980099226795
0.5653756797299829,0.2968071518656817
0.5658127695480966,0.2915260022059422
0.5662498593662102,0.2667976556513409
0.5666869491843238,0.23608362241128003
0.5671240390024375,0.213129151057831
0.5675611288205511,0.20156441177829748
0.5679982186386647,0.1970495970761906
0.5684353084567784,0.19612697889788142
0.568872398274892,0.19955811739084403
0.5693094880930056,0.20815518417349638
0.5697465779111193,0.2189670874379041
0.5701836677292329,0.22687413756727978
0.5706207575473465,0.2287614767266433
0.5710578473654602,0.22568612391167783
0.5714949371835738,0.22204402611663582
0.5719320270016874,0.2228869275252899
0.5723691168198011,0.2303978194481062
0.5728062066379147,0.24170455122853984
0.5732432964560283,0.25111906900667097
0.573680386274142,0.25576545798788225
0.5741174760922556,0.2581450659021907
0.5745545659103692,0.26188945650109086
0.5749916557284829,0.26598016358773763
0.5754287455465965,0.265144021283735
0.5758658353647101,0.25604218238414667
0.5763029251828238,0.241623622319298
0.5767400150009374,0.2287881387057495
0.577177104819051,0.22222715836322202
0.5776141946371647,0.22043256180834211
0.5780512844552783,0.21718805730807664
0.578488374273392,0.20762792512652892
0.5789254640915056,0.19387065155264555
0.5793625539096192,0.18399034440994114
0.5797996437277328,0.18477631163412453
0.5802367335458465,0.19723425028879898
0.5806738233639601,0.2190622791531977
0.5811109131820738,0.2462228387164757
0.5815480030001874,0.26990984778456706
0.581985092818301,0.27954670294263717
0.5824221826364147,0.27485563592867995
0.5828592724545283,0.2688243198642015
0.5832963622726419,0.27188409456128043
0.5837334520907556,0.27845581695882937
0.5841705419088692,0.2757925764043098
0.5846076317269828,0.2610232808986261
0.5850447215450965,0.24268999042108005
0.5854818113632101,0.22958229916356684
0.5859189011813237,0.2244231438512159
0.5863559909994374,0.22588158611741557
0.586793080817551,0.23134803157681927
0.5872301706356646,0.23825526476723505
0.5876672604537783,0.2453250611067508
0.5881043502718919,0.25217338454087074
0.5885414400900055,0.25730384108131016
0.5889785299081192,0.25835711441932463
0.5894156197262328,0.25523752678487693
0.5898527095443464,0.25137204701260957
0.5902897993624601,0.2506281773606897
0.5907268891805737,0.2537958198567971
0.5911639789986873,0.25894959303567416
0.591601068816801,0.26421422889296226
0.5920381586349146,0.26850877485509783
0.5924752484530282,0.2698362001022015
0.5929123382711419,0.2648925621200408
0.5933494280892555,0.25175723149136575
0.5937865179073691,0.23280751957655274
0.5942236077254828,0.21424569788373043
0.5946606975435964,0.20175163180892028
0.59509778736171,0.19579825115143376
0.5955348771798237,0.19225133238761494
0.5959719669979373,0.18938905060186045
0.5964090568160509,0.19331878602566302
0.5968461466341646,0.21361401430573426
0.5972832364522782,0.25375763665444706
0.5977203262703918,0.30750249176346506
0.5981574160885055,0.36206849839214605
0.5985945059066191,0.4018644641748202
0.5990315957247327,0.41389388053018344
0.5994686855428464,0.39741786753349106
0.59990577536096,0.36745637006126236
0.6003428651790736,0.34209445521671844
0.6007799549971873,0.32597657759431764
0.6012170448153009,0.31059989299082424
0.6016541346334146,0.28903677213500467
0.6020912244515282,0.26445769335617864
0.6025283142696418,0.2447412336195741
0.6029654040877555,0.23465708868308463
0.6034024939058691,0.23474518516357218
0.6038395837239827,0.2433609234326297
0.6042766735420964,0.25659698205015563
0.60471376336021,0.2675529271276174
0.6051508531783236,0.2687447878270751
0.6055879429964373,0.2571566084419638
0.6060250328145509,0.2371381199838887
0.6064621226326645,0.21740787158454156
0.6068992124507782,0.20434563596954008
0.6073363022688918,0.19816787003309505
0.6077733920870054,0.195613583411662
0.6082104819051191,0.1952604689542798
0.6086475717232327,0.19865387538365223
0.6090846615413463,0.20602734991441732
0.60952175135946,0.2128618475235098
0.6099588411775736,0.2130596942002107
0.6103959309956872,0.20570455011166588
0.6108330208138009,0.1967293035608175
0.6112701106319145,0.1929815690257851
0.6117072004500281,0.19597828949620746
0.6121442902681418,0.20201406937674857
0.6125813800862554,0.2063358995344342
0.613018469904369,0.20587379384263382
0.6134555597224827,0.199739989185045
0.6138926495405963,0.18909217918840007
0.6143297393587099,0.17602174916012223
0.6147668291768236,0.16191536909447748
0.6152039189949372,0.14789869109257875
0.6156410088130508,0.13678370046020522
0.6160780986311645,0.13204211694606377
0.6165151884492781,0.13358247773131016
0.6169522782673917,0.1365318856954606
0.6173893680855054,0.13580428923827942
0.617826457903619,0.13066258247991788
0.6182635477217326,0.12392961506113424
0.6187006375398463,0.11855309927283211
0.6191377273579599,0.1163329452410119
0.6195748171760735,0.11833966776146605
0.6200119069941872,0.12435690772181082
0.6204489968123008,0.1317758275465463
0.6208860866304144,0.13596016114998913
0.6213231764485281,0.13259353842753016
0.6217602662666417,0.12091657008090584
0.6221973560847553,0.10531810278151928
0.622634445902869,0.09267257112589396
0.6230715357209826,0.08689404424637193
0.6235086255390963,0.08643024692308224
0.6239457153572099,0.08762605973897823
0.6243828051753235,0.08963841474665966
0.6248198949934372,0.09476548904606256
0.6252569848115508,0.10425170062700491
0.6256940746296644,0.11576202745157313
0.626131164447778,0.12633401073344047
0.6265682542658917,0.13611197576862552
0.6270053440840053,0.14623559353936483
0.627442433902119,0.15396941008930962
0.6278795237202326,0.15457430659364713
0.6283166135383462,0.14926256055221662
0.6287537033564599,0.14668818559056532
0.6291907931745735,0.15346897897907977
0.6296278829926871,0.16628761495586789
0.6300649728108008,0.17627926556857662
0.6305020626289144,0.17874049732698802
0.630939152447028,0.17584172790135996
0.6313762422651417,0.1719493020729346
0.6318133320832553,0.16896419669006363
0.6322504219013689,0.1651745280257367
0.6326875117194826,0.15730956674868343
0.6331246015375962,0.14479604591151712
0.6335616913557098,0.13223628924667932
0.6339987811738235,0.1258350647579657
0.6344358709919371,0.12689151419367323
0.6348729608100507,0.13023148000768997
0.6353100506281644,0.1293695463549916
0.635747140446278,0.12245045718530749
0.6361842302643916,0.11337938432636437
0.6366213200825053,0.10789411448326057
0.6370584099006189,0.10863517779866942
0.6374954997187325,0.11389576088347306
0.6379325895368462,0.1204008396410016
0.6383696793549598,0.12566322530653803
0.6388067691730734,0.12767355985295872
0.6392438589911871,0.12518735253011934
0.6396809488093007,0.12012775479217377
0.6401180386274143,0.11769382660898575
0.640555128445528,0.12186894090566802
0.6409922182636416,0.1316711061092987
0.6414293080817552,0.14295706872299913
0.6418663978998689,0.15242338957683751
0.6423034877179825,0.15842368323871497
0.6427405775360961,0.15943662454932978
0.6431776673542098,0.15393291272607162
0.6436147571723234,0.1417037127100706
0.644051846990437,0.1246276685323564
0.6444889368085507,0.10660772678031383
0.6449260266266643,0.09260860477617004
0.645363116444778,0.08594942672941994
0.6458002062628916,0.08561682626845481
0.6462372960810052,0.08749132655527046
0.6466743858991189,0.08902686589911267
0.6471114757172325,0.0913528666077886
0.6475485655353461,0.0955748561388494
0.6479856553534598,0.09859331084643065
0.6484227451715734,0.09544059698322102
0.648859834989687,0.08604357635395406
0.6492969248078007,0.07683634273570286
0.6497340146259143,0.07386331847862646
0.6501711044440279,0.07625083446160283
0.6506081942621416,0.07877526887228521
0.6510452840802552,0.07916604994256951
0.6514823738983688,0.07958072676286877
0.6519194637164825,0.0814391658641506
0.6523565535345961,0.08248296035679117
0.6527936433527097,0.08001897952543605
0.6532307331708234,0.0744035747947025
0.653667822988937,0.06784143618410911
0.6541049128070506,0.06181919356069835
0.6545420026251643,0.057444472085789365
0.6549790924432779,0.0566819861093117
0.6554161822613915,0.06120339339969503
0.6558532720795052,0.07055496199699575
0.6562903618976188,0.0824764791512714
0.6567274517157324,0.09442842268467956
0.6571645415338461,0.10472263308969722
0.6576016313519597,0.11356279727154207
0.6580387211700733,0.1230000938183371
0.658475810988187,0.13422005673439336
0.6589129008063006,0.14516165956278873
0.6593499906244142,0.15277585552588202
0.6597870804425279,0.1570421465045458
0.6602241702606415,0.16031352579388028
0.6606612600787551,0.16328767325181315
0.6610983498968688,0.16448870134980723
0.6615354397149824,0.16349040179000457
0.661972529533096,0.16167389225980117
0.6624096193512097,0.15956683096537683
0.6628467091693233,0.15632150166287215
0.663283798987437,0.15266903321849243
0.6637208888055506,0.15179786426282083
0.6641579786236642,0.15551699045018955
0.6645950684417778,0.1609680421531636
0.6650321582598915,0.1631284646404744
0.6654692480780051,0.1602657609441919
0.6659063378961187,0.1552608155549158
0.6663434277142324,0.1514874097417843
0.666780517532346,0.14957026365684795
0.6672176073504597,0.1495539361474795
0.6676546971685733,0.1539536192628327
0.6680917869866869,0.16501620437334447
0.6685288768048006,0.1791315576701249
0.6689659666229142,0.1879364971721376
0.6694030564410278,0.18688260880881072
0.6698401462591415,0.1802445723670247
0.6702772360772551,0.17595402597190155
0.6707143258953687,0.17784630361408174
0.6711514157134824,0.18449017363235778
0.671588505531596,0.1922982546341128
0.6720255953497096,0.19687059010153504
0.6724626851678233,0.19426649781071978
0.6728997749859369,0.18515901689694686
0.6733368648040505,0.17645684483734306
0.6737739546221642,0.17509692262601304
0.6742110444402778,0.18045897278055897
0.6746481342583914,0.18534974828906153
0.6750852240765051,0.18400352392969838
0.6755223138946187,0.17727860096476863
0.6759594037127323,0.17091926843914254
0.676396493530846,0.17053024286933585
0.6768335833489596,0.17707391391617255
0.6772706731670732,0.18517316643776813
0.6777077629851869,0.18682028449451935
0.6781448528033005,0.1790516048685198
0.6785819426214141,0.16747170544660944
0.6790190324395278,0.16041619661309325
0.6794561222576414,0.16048805442024475
0.679893212075755,0.16364123202997807
0.6803303018938687,0.1651325452573317
0.6807673917119823,0.16369495208600773
0.6812044815300959,0.16099729034646057
0.6816415713482096,0.16002228224634416
0.6820786611663232,0.1632117765059596
0.6825157509844368,0.16939001821882327
0.6829528408025505,0.1735154551093728
0.6833899306206641,0.1723628500572571
0.6838270204387777,0.16918442762715222
0.6842641102568914,0.16959229741819662
0.684701200075005,0.1739333284887183
0.6851382898931186,0.17661402062523152
0.6855753797112323,0.17186857691822946
0.6860124695293459,0.15810428527787998
0.6864495593474595,0.13855642263426968
0.6868866491655732,0.12000769700980929
0.6873237389836868,0.10879644215556386
0.6877608288018005,0.10544183165326008
0.6881979186199141,0.10415643089950807
0.6886350084380277,0.09908490983917137
0.6890720982561414,0.0902622860375718
0.689509188074255,0.08299361774940679
0.6899462778923686,0.08217249290319796
0.6903833677104823,0.08710080599035883
0.6908204575285959,0.09131283629437349
0.6912575473467095,0.08816577707115736
0.6916946371648232,0.0773577457454102
0.6921317269829368,0.06576909065519253
0.6925688168010504,0.06206900271878652
0.6930059066191641,0.07060961181751468
0.6934429964372777,0.08897178097751979
0.6938800862553913,0.10979983145208763
0.694317176073505,0.125791505614731
0.6947542658916186,0.1343433696684357
0.6951913557097322,0.13724103384148237
0.6956284455278459,0.13606191572851875
0.6960655353459595,0.12988120069699238
0.6965026251640731,0.11849028309289977
0.6969397149821868,0.10596127183005581
0.6973768048003004,0.09864196508064842
0.697813894618414,0.09949539478196309
0.6982509844365268,0.1060318842758725
0.6986880742546404,0.11457733503234051
0.699125164072754,0.1247647858970528
0.6995622538908677,0.1375921115405628
0.6999993437089813,0.15083929640830318
0.700436433527095,0.16115300808017466
0.7008735233452086,0.17076911500916944
0.7013106131633222,0.1858363793682181
0.7017477029814359,0.20473198640823245
0.7021847927995495,0.21350563752414306
0.7026218826176631,0.19890066831536643
0.7030589724357768,0.16386814658984925
0.7034960622538904,0.12539321373744433
0.703933152072004,0.0980755118653005
0.7043702418901177,0.08398815638170533
0.7048073317082313,0.07765974540419236
0.7052444215263449,0.07524526234880113
0.7056815113444586,0.07592252772123162
0.7061186011625722,0.07750922566124997
0.7065556909806858,0.07551695549334872
0.7069927807987995,0.06765242715889447
0.7074298706169131,0.05705230175475453
0.7078669604350267,0.049856429141695344
0.7083040502531404,0.05072016645399048
0.708741140071254,0.06050631065633145
0.7091782298893676,0.07513859096059872
0.7096153197074813,0.08538916086589976
0.7100524095255949,0.08195394746362943
0.7104894993437085,0.0648364919938348
0.7109265891618222,0.04567406284610161
0.7113636789799358,0.03699482221702861
0.7118007687980494,0.040639717315577924
0.7122378586161631,0.04988767502168369
0.7126749484342767,0.060160189217137124
0.7131120382523903,0.07222063041549043
0.713549128070504,0.08598381056930539
0.7139862178886176,0.09744621071060901
0.7144233077067312,0.10347558002652073
0.7148603975248449,0.10546800614401237
0.7152974873429585,0.10607724061013683
0.7157345771610721,0.10509726293746238
0.7161716669791858,0.10086153908919752
0.7166087567972994,0.09409789520446359
0.717045846615413,0.08811666692850854
0.7174829364335267,0.085498005934334
0.7179200262516403,0.08611658053141023
0.7183571160697539,0.08840356525057745
0.7187942058878676,0.09127020600110893
0.7192312957059812,0.09488952843112224
0.7196683855240948,0.10120494687385229
0.7201054753422085,0.11337120764942088
0.7205425651603221,0.13182113266863146
0.7209796549784357,0.15027138988594227
0.7214167447965494,0.15910827774662595
0.721853834614663,0.1548080496076362
0.7222909244327766,0.14391414924362403
0.7227280142508903,0.13664605161679128
0.7231651040690039,0.1387848830811315
0.7236021938871176,0.14969858926985055
0.7240392837052312,0.1641316074311749
0.7244763735233448,0.1742757025238197
0.7249134633414585,0.17385518585290397
0.7253505531595721,0.1634869023525761
0.7257876429776857,0.1507054872656228
0.7262247327957994,0.14238878936747193
0.726661822613913,0.13801001101980137
0.7270989124320266,0.13235532766891525
0.7275360022501403,0.12363590703794318
0.7279730920682539,0.11547599889558521
0.7284101818863675,0.11084909134637443
0.7288472717044812,0.10781312510500089
0.7292843615225948,0.10251769443584524
0.7297214513407084,0.09349766096583394
0.7301585411588221,0.08195565071665492
0.7305956309769357,0.0707072985574112
0.7310327207950493,0.06394760574736866
0.731469810613163,0.06530421122615714
0.7319069004312766,0.07443303516252493
0.7323439902493902,0.08664931949638548
0.7327810800675039,0.09642981284642564
0.7332181698856175,0.10090084289862374
0.7336552597037311,0.1012543686001978
0.7340923495218448,0.1023247025732553
0.7345294393399584,0.10915402789171642
0.734966529158072,0.12145992374101264
0.7354036189761857,0.13278937206801272
0.7358407087942993,0.1379971319436844
0.7362777986124129,0.14022410625745801
0.7367148884305266,0.14740114170311944
0.7371519782486402,0.16402240193300455
0.7375890680667538,0.19023928863832557
0.7380261578848675,0.22491569469335654
0.7384632477029811,0.2617233938674995
0.7389003375210947,0.28488829489285455
0.7393374273392084,0.2797466303497312
0.739774517157322,0.24969360534447385
0.7402116069754356,0.214686458409508
0.7406486967935493,0.19112348672100046
0.7410857866116629,0.18035552722630468
0.7415228764297765,0.17751073541002074
0.7419599662478902,0.18147034136756152
0.7423970560660038,0.19128894304238292
0.7428341458841174,0.20063556037893274
0.7432712357022311,0.2031647052055315
0.7437083255203447,0.2003372265277013
0.7441454153384583,0.19851921811465337
0.744582505156572,0.19984533600035823
0.7450195949746856,0.20005349241517884
0.7454566847927993,0.19459638345058963
0.7458937746109129,0.18358805104443082
0.7463308644290265,0.17101264961543852
0.7467679542471402,0.1619907800081636
0.7472050440652538,0.16105013650471706
0.7476421338833674,0.17005732550928623
0.748079223701481,0.18578079166922978
0.7485163135195947,0.20043108291344439
0.7489534033377083,0.20674052230077986
0.749390493155822,0.20381168642669997
0.7498275829739356,0.1978068783760681
0.7502646727920492,0.19597983039962039
0.7507017626101629,0.2004387547899941
0.7511388524282765,0.20949341595875368
0.7515759422463901,0.22368802529333381
0.7520130320645038,0.24469190505310387
0.7524501218826174,0.26637616661479585
0.752887211700731,0.2743465743676687
0.7533243015188447,0.2607619632212498
0.7537613913369583,0.23527569818015023
0.7541984811550719,0.21536792039116467
0.7546355709731856,0.2102722447867342
0.7550726607912992,0.22019701813642276
0.7555097506094128,0.2445160451575301
0.7559468404275265,0.2799398511722196
0.7563839302456401,0.31307938783719697
0.7568210200637537,0.32587719840768065
0.7572581098818674,0.3114626536156512
0.757695199699981,0.2800283613030745
0.7581322895180946,0.24849923878895105
0.7585693793362083,0.22773736516844173
0.7590064691543219,0.2184901511421811
0.7594435589724355,0.21461002753823846
0.7598806487905492,0.20884463884314522
0.7603177386086628,0.19865488984668583
0.7607548284267764,0.1884987027971184
0.7611919182448901,0.18541641021593086
0.7616290080630037,0.1912257653251688
0.7620660978811173,0.20011334946177078
0.762503187699231,0.20539006123616232
0.7629402775173446,0.2073059183481535
0.7633773673354582,0.21154090934559036
0.7638144571535719,0.22102411333023814
0.7642515469716855,0.23284536256989288
0.7646886367897991,0.24238252226796636
0.7651257266079128,0.2461932032026479
0.7655628164260264,0.24191238079448482
0.76599990624414,0.2305495822431027
0.7664369960622537,0.21836517639262304
0.7668740858803673,0.21172509923979402
0.767311175698481,0.21107859948910274
0.7677482655165946,0.21398509916968605
0.7681853553347082,0.2212411339991827
0.7686224451528219,0.23421016894185215
0.7690595349709355,0.24751607156060293
0.7694966247890491,0.2504805543923272
0.7699337146071628,0.23784610550722854
0.7703708044252764,0.21687974903809895
0.77080789424339,0.20171622608136783
0.7712449840615037,0.19974906648679974
0.7716820738796173,0.2041956969190191
0.7721191636977309,0.20196924401824318
0.7725562535158446,0.18908427117883558
0.7729933433339582,0.17558026414734879
0.7734304331520718,0.17360805726806713
0.7738675229701855,0.1831780686198837
0.7743046127882991,0.19280673978599444
0.7747417026064127,0.19295312735239192
0.7751787924245264,0.18501316609797686
0.77561588224264,0.1772259069963967
0.7760529720607536,0.175932671415471
0.7764900618788673,0.18185699739231778
0.7769271516969809,0.19094084515403284
0.7773642415150945,0.19689200930226738
0.7778013313332082,0.19580137956955088
0.7782384211513218,0.19006839457377903
0.7786755109694354,0.18634927840181467
0.7791126007875491,0.1894422395219437
0.7795496906056627,0.19945442774760153
0.7799867804237763,0.21356337581077084
0.78042387024189,0.2277504563185298
0.7808609600600036,0.23723706500809455
0.7812980498781172,0.23812065010981273
0.7817351396962309,0.23023735621442887
0.7821722295143445,0.2184934995181929
0.7826093193324581,0.21071620901733143
0.7830464091505718,0.21237254746771975
0.7834834989686854,0.22189345009222763
0.783920588786799,0.2321965017432654
0.7843576786049127,0.2381409637084162
0.7847947684230263,0.24088547539278402
0.78523185824114,0.24328708350482084
0.7856689480592536,0.24390426117596412
0.7861060378773672,0.23956198738907716
0.7865431276954808,0.2323669968802817
0.7869802175135945,0.22913963271455554
0.7874173073317081,0.23269793771773412
0.7878543971498218,0.23708874277576347
0.7882914869679354,0.23386357258673723
0.788728576786049,0.22216005169816627
0.7891656666041627,0.21059671452028986
0.7896027564222763,0.2083260771945372
0.7900398462403899,0.21512665060078467
0.7904769360585036,0.22194674472508927
0.7909140258766172,0.22089869050698244
0.7913511156947308,0.21258547871762626
0.7917882055128445,0.2036641707905867
0.7922252953309581,0.20010121773739617
0.7926623851490717,0.20366256951768333
0.7930994749671854,0.21231861347048403
0.793536564785299,0.22238852662618283
0.7939736546034126,0.23127032054836902
0.7944107444215263,0.23832573740621152
0.7948478342396399,0.242262819729875
0.7952849240577535,0.2392528285173105
0.7957220138758672,0.22685282494728817
0.7961591036939808,0.20955719183891414
0.7965961935120944,0.1965336420489201
0.7970332833302081,0.19202313223864226
0.7974703731483217,0.1906853221260403
0.7979074629664353,0.1847869841664164
0.798344552784549,0.17390881358050728
0.7987816426026626,0.16456512654808836
0.7992187324207762,0.16154145247865337
0.7996558222388899,0.16336331147144892
0.8000929120570035,0.16655663596861991
0.8005300018751171,0.17041492188893684
0.8009670916932308,0.1750569743154433
0.8014041815113444,0.1775162047053425
0.801841271329458,0.17389487694916966
0.8022783611475717,0.1644778470761345
0.8027154509656853,0.15204000307384674
0.8031525407837989,0.1353925045293957
0.8035896306019126,0.11120136770690577
0.8040267204200262,0.08375189406832252
0.8044638102381398,0.06476726099299886
0.8049009000562535,0.05910544426008764
0.8053379898743671,0.058209503713692025
0.8057750796924807,0.05318988290871679
0.8062121695105944,0.04675769118433273
0.806649259328708,0.045825015950429135
0.8070863491468216,0.05001796112838596
0.8075234389649353,0.055287909617093796
0.8079605287830489,0.0624596743920694
0.8083976186011625,0.07393044852964473
0.8088347084192762,0.08622239243477928
0.8092717982373898,0.09342821646954914
0.8097088880555035,0.09618833164234042
0.8101459778736171,0.10135752550405473
0.8105830676917307,0.11219964807001605
0.8110201575098444,0.12246430541053661
0.811457247327958,0.12346695343856548
0.8118943371460716,0.11716076226698191
0.8123314269641853,0.11705515696500375
0.8127685167822989,0.13138629688050346
0.8132056066004125,0.1499807568094915
0.8136426964185262,0.1559298126584538
0.8140797862366398,0.14751984980500657
0.8145168760547534,0.1392375984101994
0.8149539658728671,0.14214984529005284
0.8153910556909807,0.15269151984446888
0.8158281455090943,0.16131691005107304
0.816265235327208,0.1636459085191387
0.8167023251453216,0.16098986855478617
0.8171394149634352,0.15657625216811716
0.8175765047815489,0.15451828751103208
0.8180135945996625,0.15850380107690856
0.8184506844177761,0.16806418757045058
0.8188877742358898,0.17731589164782977
0.8193248640540034,0.17942392092305043
0.819761953872117,0.1724780976222771
0.8201990436902307,0.1610006599347388
0.8206361335083443,0.1528042036480944
0.8210732233264579,0.15438689215285611
0.8215103131445716,0.16677574116592972
0.8219474029626852,0.18375010138916884
0.8223844927807988,0.1955892256962155
0.8228215825989125,0.19674513386965803
0.8232586724170261,0.18949600678718906
0.8236957622351397,0.1801178133586028
0.8241328520532534,0.17392130813359394
0.824569941871367,0.17407381655262347
0.8250070316894806,0.18111684478074128
0.8254441215075943,0.19169436046871527
0.8258812113257079,0.20031389474831987
0.8263183011438215,0.2033613283765273
0.8267553909619352,0.19975584347397066
0.8271924807800488,0.18927593165710552
0.8276295705981624,0.17424003847710132
0.8280666604162761,0.16201888708130255
0.8285037502343897,0.16093291634486467
0.8289408400525033,0.17214326309309677
0.829377929870617,0.1883076894884481
0.8298150196887306,0.20095071155072203
0.8302521095068442,0.20642189629643107
0.8306891993249579,0.2041824710452714
0.8311262891430715,0.19389213757052212
0.8315633789611852,0.17796974064400492
0.8320004687792988,0.16418838643554054
0.8324375585974124,0.16055343367799094
0.832874648415526,0.16753997797973796
0.8333117382336397,0.17852991966445067
0.8337488280517533,0.1874443023444885
0.834185917869867,0.19295466956981625
0.8346230076879806,0.19576859321867301
0.8350600975060942,0.19540338366771254
0.8354971873242079,0.19092745412904727
0.8359342771423215,0.18323004881356234
0.8363713669604351,0.1753618747864159
0.8368084567785488,0.17062487169995683
0.8372455465966624,0.170105215565137
0.837682636414776,0.17191601436334353
0.8381197262328897,0.17330964461329068
0.8385568160510033,0.17349172760600592
0.8389939058691169,0.1735946241166448
0.8394309956872306,0.17409440105586507
0.8398680855053442,0.17350160287220603
0.8403051753234578,0.16987088319906948
0.8407422651415715,0.16290397612193994
0.8411793549596851,0.15448758641349744
0.8416164447777987,0.1471760952962485
0.8420535345959124,0.14150514258474756
0.842490624414026,0.13508763203691795
0.8429277142321396,0.12569111474845426
0.8433648040502533,0.1150410604042174
0.8438018938683669,0.10798541243737834
0.8442389836864805,0.10763763871034734
0.8446760735045942,0.11252079763183671
0.8451131633227078,0.11903699981997595
0.8455502531408214,0.1259928980933894
0.8459873429589351,0.1351363051691162
0.8464244327770487,0.14651173979815849
0.8468615225951623,0.15569697479564518
0.847298612413276,0.1590061492777852
0.8477357022313896,0.16003953785844072
0.8481727920495032,0.16613458117264718
0.8486098818676169,0.1778640531470271
0.8490469716857305,0.18683519429547796
0.8494840615038441,0.18579651840680236
0.8499211513219578,0.17752189742591237
0.8503582411400714,0.17136833934562157
0.850795330958185,0.17287815352217575
0.8512324207762987,0.17900135023064653
0.8516695105944123,0.1831996551149482
0.852106600412526,0.18290400190413886
0.8525436902306396,0.1800562610166138
0.8529807800487532,0.1760715858913863
0.8534178698668669,0.17079570121700952
0.8538549596849805,0.1668185114741912
0.8542920495030941,0.16912545567349066
0.8547291393212078,0.17762510273901314
0.8551662291393214,0.1846917698446592
0.855603318957435,0.18356133623033608
0.8560404087755487,0.17567228475904767
0.8564774985936623,0.16697728170426077
0.8569145884117759,0.16032354273743582
0.8573516782298896,0.15432719207358356
0.8577887680480032,0.14777580724488404
0.8582258578661168,0.14287646381250166
0.8586629476842305,0.14413849672857143
0.8591000375023441,0.15381453403445788
0.8595371273204577,0.16829740075459934
0.8599742171385714,0.1804339766486848
0.860411306956685,0.1858283621559522
0.8608483967747986,0.1852598917841012
0.8612854865929123,0.1812053584445385
0.8617225764110259,0.17500947911120737
0.8621596662291395,0.16820963352567198
0.8625967560472532,0.16364056566191812
0.8630338458653668,0.16324934244052744
0.8634709356834804,0.16606803308703588
0.8639080255015941,0.16965840802135307
0.8643451153197077,0.17285789035846028
0.8647822051378213,0.17599699796849522
0.865219294955935,0.17867613631775475
0.8656563847740486,0.17871204287167064
0.8660934745921622,0.17437923726351415
0.8665305644102759,0.16772070353417898
0.8669676542283895,0.1649771523474773
0.8674047440465031,0.1724576081880481
0.8678418338646168,0.19013040632156056
0.8682789236827304,0.20899678148490755
0.868716013500844,0.217151930579668
0.8691531033189577,0.20983039207163318
0.8695901931370713,0.1921680988580908
0.8700272829551849,0.17277764027109965
0.8704643727732986,0.15789686385281304
0.8709014625914122,0.1505089353047508
0.8713385524095258,0.14958988353917152
0.8717756422276395,0.14999503254002208
0.8722127320457531,0.14767351973624868
0.8726498218638667,0.14435936221245735
0.8730869116819804,0.14344284768668716
0.873524001500094,0.1442341189446339
0.8739610913182077,0.14513452098385868
0.8743981811363213,0.14861598502717815
0.8748352709544349,0.15677780917634684
0.8752723607725486,0.16463273174190562
0.8757094505906622,0.16400415575623956
0.8761465404087758,0.1531457010666186
0.8765836302268895,0.13806052189335427
0.8770207200450031,0.12494833311987592
0.8774578098631167,0.11476090290248979
0.8778948996812304,0.10492086251050017
0.878331989499344,0.09373231695145368
0.8787690793174576,0.08272076776506723
0.8792061691355713,0.07603658212243111
0.8796432589536849,0.07767586785496387
0.8800803487717985,0.08835269978316751
0.8805174385899122,0.10486500651642601
0.8809545284080258,0.12253430300932892
0.8813916182261394,0.1378853829535348
0.8818287080442531,0.14949279488302022
0.8822657978623667,0.15764915720819123
0.8827028876804803,0.16318842212271376
0.883139977498594,0.1655337711736454
0.8835770673167076,0.16260443427171026
0.8840141571348212,0.15407963328295932
0.8844512469529349,0.14373556589363456
0.8848883367710485,0.13704692109268063
0.8853254265891621,0.13747052104636648
0.8857625164072758,0.1454704786360015
0.8861996062253894,0.15865531413921535
0.886636696043503,0.1720994593947291
0.8870737858616167,0.18134855014014487
0.8875108756797303,0.18580073819935086
0.8879479654978439,0.18679119771289826
0.8883850553159576,0.18332789827463558
0.8888221451340712,0.17360385673062864
0.8892592349521848,0.16036582968046287
0.8896963247702985,0.15095105935325945
0.8901334145884121,0.151335461053818
0.8905705044065257,0.1616906470039721
0.8910075942246394,0.17673492720514175
0.891444684042753,0.1887388957084733
0.8918817738608666,0.19162857761299174
0.8923188636789803,0.18462155336219707
0.8927559534970939,0.17243549808166175
0.8931930433152075,0.16146904319320865
0.8936301331333212,0.15508903979334174
0.8940672229514348,0.1517068732097484
0.8945043127695484,0.14725230576967824
0.8949414025876621,0.1398581774282052
0.8953784924057757,0.13162154973860973
0.8958155822238894,0.12555567601745465
0.896252672042003,0.12217492051510148
0.8966897618601166,0.11984021946691377
0.8971268516782303,0.11742166433019272
0.8975639414963439,0.1159548402861568
0.8980010313144575,0.11767328460091762
0.8984381211325712,0.12289470161402309
0.8988752109506848,0.12883461623272952
0.8993123007687984,0.1340288016393845
0.8997493905869121,0.14293567896432924
0.9001864804050257,0.16193176842534313
0.9006235702231393,0.19069784968132478
0.901060660041253,0.2215071630123426
0.9014977498593666,0.24716583870146214
0.9019348396774802,0.2666488161079879
0.9023719294955939,0.2833252486057537
0.9028090193137066,0.29971985371857984
0.9032461091318202,0.31358186255877873
0.9036831989499339,0.3192137794246837
0.9041202887680475,0.31429226251379305
0.9045573785861611,0.30401714878995817
0.9049944684042748,0.2961141612648119
0.9054315582223884,0.2933892394051923
0.905868648040502,0.2931298920187984
0.9063057378586157,0.29211566915967263
0.9067428276767293,0.29159263644018313
0.907179917494843,0.29844487319166063
0.9076170073129566,0.318945129697956
0.9080540971310702,0.34929230653154425
0.9084911869491838,0.37726763739894714
0.9089282767672975,0.39638705468156005
0.9093653665854111,0.41162435279590615
0.9098024564035248,0.42670193543958934
0.9102395462216384,0.43392888036171273
0.910676636039752,0.42409777362414564
0.9111137258578657,0.40065224577557673
0.9115508156759793,0.3761949929366182
0.9119879054940929,0.35816551393927465
0.9124249953122066,0.3448194154822359
0.9128620851303202,0.33384114001199555
0.9132991749484338,0.3284553833915522
0.9137362647665475,0.33348730078186334
0.9141733545846611,0.3488307018701304
0.9146104444027747,0.36857420420827897
0.9150475342208884,0.38512498480179774
0.915484624039002,0.39353777451503164
0.9159217138571156,0.39336109830139554
0.9163588036752293,0.38741526793842285
0.9167958934933429,0.37887730232584055
0.9172329833114565,0.37038984159243044
0.9176700731295702,0.3658282684724105
0.9181071629476838,0.3689317593444522
0.9185442527657974,0.37736505498823736
0.9189813425839111,0.38275993390275165
0.9194184324020247,0.3815406325004642
0.9198555222201383,0.38043484561473917
0.920292612038252,0.384282505183611
0.9207297018563656,0.3841592125267552
0.9211667916744792,0.3670147615444545
0.9216038814925929,0.3328284376308114
0.9220409713107065,0.2935209344937118
0.9224780611288201,0.259601101264093
0.9229151509469338,0.23559030179375814
0.9233522407650474,0.22238968199145992
0.923789330583161,0.21624273788608672
0.9242264204012747,0.21078266610827887
0.9246635102193883,0.20520384632615052
0.9251006000375019,0.20426081821856837
0.9255376898556156,0.20848070123083068
0.9259747796737292,0.2129234665372079
0.9264118694918428,0.2158459658138394
0.9268489593099565,0.21871296366497606
0.9272860491280701,0.21861071544464572
0.9277231389461837,0.2120326095297944
0.9281602287642974,0.2060775913278561
0.928597318582411,0.21472836362295797
0.9290344084005246,0.2417608635588485
0.9294714982186383,0.27439759592151736
0.9299085880367519,0.2949609409944636
0.9303456778548655,0.29426266649411653
0.9307827676729792,0.2746923585754031
0.9312198574910928,0.24577800704769373
0.9316569473092065,0.21782187639577932
0.9320940371273201,0.19668449220656875
0.9325311269454337,0.18264178478256082
0.9329682167635474,0.17341217235078796
0.933405306581661,0.1675351391304213
0.9338423963997746,0.16580734738130004
0.9342794862178883,0.17100470424535988
0.9347165760360019,0.18505969858712287
0.9351536658541155,0.20463874128168985
0.9355907556722292,0.22079424327062497
0.9360278454903428,0.22536616553606884
0.9364649353084564,0.21792164150066692
0.9369020251265701,0.20618842130161347
0.9373391149446837,0.20034519344602658
0.9377762047627973,0.20596485437631307
0.938213294580911,0.22007033741664106
0.9386503843990246,0.233096487508958
0.9390874742171382,0.23549405285033193
0.9395245640352519,0.22385196638354404
0.9399616538533655,0.20292800964129068
0.9403987436714791,0.18340969395286924
0.9408358334895928,0.1762057177767232
0.9412729233077064,0.18604870706335883
0.94171001312582,0.20933988720964372
0.9421471029439337,0.23727070592104654
0.9425841927620473,0.26017009090615634
0.9430212825801609,0.271173318553999
0.9434583723982746,0.26970451897893266
0.9438954622163882,0.2611588443649402
0.9443325520345018,0.2500674348361335
0.9447696418526155,0.23445873550512603
0.9452067316707291,0.2102913870013225
0.9456438214888427,0.18016855865074607
0.9460809113069564,0.1536214869449423
0.94651800112507,0.13914450741414405
0.9469550909431836,0.1392154966039724
0.9473921807612973,0.15239596257658153
0.9478292705794109,0.1757650579831568
0.9482663603975245,0.20328052276139877
0.9487034502156382,0.2249959821510466
0.9491405400337518,0.232756012739932
0.9495776298518654,0.22809922457218307
0.9500147196699791,0.22208532806329
0.9504518094880927,0.2254802416470147
0.9508888993062063,0.2399381754547403
0.95132598912432,0.25836354139283446
0.9517630789424336,0.2705884190420666
0.9522001687605472,0.2681248100411655
0.9526372585786609,0.2483074998393465
0.9530743483967745,0.21776467158752202
0.9535114382148882,0.18973525767708874
0.9539485280330018,0.1744531144715768
0.9543856178511154,0.17251776872371902
0.954822707669229,0.17863790060337062
0.9552597974873427,0.1888656134070254
0.9556968873054563,0.2013079862109715
0.95613397712357,0.21289142388246626
0.9565710669416836,0.22045661955754733
0.9570081567597972,0.22429520970350597
0.9574452465779109,0.22679288844499437
0.9578823363960245,0.22845529681681448
0.9583194262141381,0.22889497802229614
0.9587565160322518,0.230514973043602
0.9591936058503654,0.23634409623080938
0.959630695668479,0.2434803205154423
0.9600677854865927,0.24314698725743414
0.9605048753047063,0.23039736525525445
0.9609419651228199,0.21173844401825748
0.9613790549409336,0.1996431472372828
0.9618161447590472,0.19997313274020892
0.9622532345771608,0.20815157412866236
0.9626903243952745,0.2176533216389532
0.9631274142133881,0.22775307332743017
0.9635645040315017,0.24071827496048728
0.9640015938496154,0.25478634858402965
0.964438683667729,0.2637764412204254
0.9648757734858426,0.2637203273680902
0.9653128633039563,0.25799064335096245
0.9657499531220699,0.25430621137374615
0.9661870429401835,0.25615733801636537
0.9666241327582972,0.25879528912731364
0.9670612225764108,0.25593825474647264
0.9674983123945244,0.249260685092164
0.9679354022126381,0.24732989361761631
0.9683724920307517,0.2543733506914944
0.9688095818488653,0.2637908969140895
0.969246671666979,0.26524936663787335
0.9696837614850926,0.2562073764360723
0.9701208513032062,0.24404133880713316
0.9705579411213199,0.23782570998415942
0.9709950309394335,0.2398087888761042
0.9714321207575471,0.2440582515194049
0.9718692105756608,0.24212642704463386
0.9723063003937744,0.23102243858631763
0.972743390211888,0.2162075797835012
0.9731804800300017,0.2053513970030416
0.9736175698481153,0.1999925247805438
0.974054659666229,0.19677884562832584
0.9744917494843426,0.19580101876289543
0.9749288393024562,0.20140888655775036
0.9753659291205699,0.21318021855077623
0.9758030189386835,0.22230341085363353
0.9762401087567971,0.22115593381731521
0.9766771985749108,0.21302573959597979
0.9771142883930244,0.20845693058229933
0.977551378211138,0.21393932963279721
0.9779884680292517,0.2271398968001106
0.9784255578473653,0.24120250670129645
0.9788626476654789,0.25024610057598334
0.9792997374835926,0.2519235039438489
0.9797368273017062,0.24835038812349366
0.9801739171198198,0.24458860226800302
0.9806110069379335,0.24364821769725684
0.9810480967560471,0.24318225226872067
0.9814851865741607,0.23913601047751043
0.9819222763922744,0.23142819343393622
0.982359366210388,0.22293444035643822
0.9827964560285016,0.2141081631574045
0.9832335458466153,0.20339103663487462
0.9836706356647289,0.19328887927758792
0.9841077254828425,0.19054318032688786
0.9845448153009562,0.1977905007322817
0.9849819051190698,0.2096093489848367
0.9854189949371834,0.21988665057105622
0.9858560847552971,0.2287726509569931
0.9862931745734107,0.23871437096816553
0.9867302643915243,0.2479834619679311
0.987167354209638,0.2531587341567823
0.9876044440277516,0.25507991721779966
0.9880415338458652,0.257090718051486
0.9884786236639789,0.25876499034241107
0.9889157134820925,0.25597048846836773
0.9893528033002061,0.24697533848318381
0.9897898931183198,0.23508692120738303
0.9902269829364334,0.2248865092096414
0.990664072754547,0.21824268329183444
0.9911011625726607,0.21463630870969888
0.9915382523907743,0.21344484931633367
0.991975342208888,0.21422672222979572
0.9924124320270016,0.21529625113177533
0.9928495218451152,0.2138660842698325
0.9932866116632288,0.20831783070799273
0.9937237014813425,0.19957836196547257
0.9941607912994561,0.19034204017910408
0.9945978811175697,0.1837331652358735
0.9950349709356834,0.18146000725724468
0.995472060753797,0.18163882098404632
0.9959091505719107,0.1803967344884556
0.9963462403900243,0.17771021271032633
0.9967833302081379,0.17856929905802824
0.9972204200262516,0.18520396589490867
0.9976575098443652,0.191595537979599
0.9980945996624788,0.19015835936097622
0.9985316894805925,0.18210028252528845
0.9989687792987061,0.17755221945805716
0.9994058691168197,0.18569972934398862
0.9998429589349334,0.20594781534320858
1.000280048753047,0.22823482499420567
1.0007171385711606,0.24204521872643578
1.0011542283892743,0.2454136690266688
1.001591318207388,0.24391509178447754
1.0020284080255015,0.24130995007257325
1.0024654978436152,0.23489521708145783
1.0029025876617288,0.22126142120236378
1.0033396774798424,0.2026690473636214
1.003776767297956,0.18509807746692114
1.0042138571160697,0.17257998526469456
1.0046509469341833,0.16585415762166775
1.005088036752297,0.16444452956683717
1.0055251265704106,0.16693457019715144
1.0059622163885242,0.16964413433343806
1.0063993062066379,0.1679883208000448
1.0068363960247515,0.16089313003563
1.0072734858428651,0.1530072530574969
1.0077105756609788,0.15074963790188864
1.0081476654790924,0.15574109021330035
1.008584755297206,0.16304129406916232
1.0090218451153197,0.1659860851235994
1.0094589349334333,0.16173287077242499
1.009896024751547,0.1521563244804561
1.0103331145696606,0.14117527072197764
1.0107702043877742,0.13215897436596263
1.0112072942058878,0.1265384209980566
1.0116443840240015,0.12343882803049633
1.012081473842115,0.12097193638058679
1.0125185636602287,0.1186689809028088
1.0129556534783424,0.11828924493788717
1.013392743296456,0.1215189177563105
1.0138298331145696,0.1270864107309812
1.0142669229326833,0.1309563800998329
1.014704012750797,0.12969558122053756
1.0151411025689105,0.12334769960978724
1.0155781923870242,0.11492346368068715
1.0160152822051378,0.10770574633863272
1.0164523720232514,0.10361734595245604
1.016889461841365,0.10368178962813654
1.0173265516594787,0.10863492226426082
1.0177636414775924,0.11798108749793054
1.018200731295706,0.12874935082828273
1.0186378211138196,0.13668694225616712
1.0190749109319333,0.13962192899587567
1.0195120007500469,0.13881887605405668
1.0199490905681605,0.1362936946746111
1.0203861803862742,0.13229243209745095
1.0208232702043878,0.12688606747874845
1.0212603600225014,0.12238230362478465
1.021697449840615,0.12182087565520797
1.0221345396587287,0.12594619304454396
1.0225716294768423,0.13332706721939996
1.023008719294956,0.14208672225302593
1.0234458091130696,0.1500636393606924
1.0238828989311832,0.155559837379393
1.0243199887492969,0.16000782472703803
1.0247570785674105,0.16751003528221542
1.0251941683855241,0.1794289326805199
1.0256312582036378,0.19155722316961826
1.0260683480217514,0.19832088969588707
1.026505437839865,0.19728000020104602
1.0269425276579787,0.1885316162462156
1.0273796174760923,0.17356913183467945
1.027816707294206,0.15685655394295442
1.0282537971123196,0.1452159955198181
1.0286908869304332,0.1428749732833467
1.0291279767485468,0.14826629809374756
1.0295650665666605,0.15643141932920895
1.030002156384774,0.16298574881990707
1.0304392462028877,0.1655985107169686
1.0308763360210014,0.16405883145152947
1.031313425839115,0.16043819525199335
1.0317505156572286,0.15800554648918763
1.0321876054753423,0.158413009755596
1.032624695293456,0.16023505352725922
1.0330617851115695,0.16111272934067128
1.0334988749296832,0.16044513574602856
1.0339359647477968,0.15869315867084866
1.0343730545659104,0.1551568243048633
1.034810144384024,0.14845848002335868
1.0352472342021377,0.13897472100676236
1.0356843240202513,0.129642042290719
1.036121413838365,0.1246011521872422
1.0365585036564786,0.1268155499172783
1.0369955934745922,0.1353649580852697
1.0374326832927059,0.14492423107974964
1.0378697731108195,0.1495665821558617
1.0383068629289331,0.1474649852616147
1.0387439527470468,0.14129024301230036
1.0391810425651604,0.13491328517491247
1.039618132383274,0.1308426620065171
1.0400552222013877,0.13015992267786372
1.0404923120195013,0.13347948868491719
1.040929401837615,0.14086411587060738
1.0413664916557286,0.15019434017652103
1.0418035814738422,0.1567406356191509
1.0422406712919559,0.15666455857582423
1.0426777611100695,0.1512183204121152
1.0431148509281831,0.14582256635174792
1.0435519407462968,0.1449536255931866
1.0439890305644104,0.14907658206605787
1.044426120382524,0.15562402133038827
1.0448632102006377,0.16111109249901565
1.0453003000187513,0.1628936222519866
1.045737389836865,0.1607625471317631
1.0461744796549786,0.1571320073863514
1.0466115694730922,0.15496289319070303
1.0470486592912058,0.15539770639405198
1.0474857491093195,0.15747398291719367
1.047922838927433,0.15969980540967113
1.0483599287455467,0.16145316876829297
1.0487970185636604,0.16286329736927488
1.049234108381774,0.16386743742624016
1.0496711981998876,0.16409535113404877
1.0501082880180013,0.1637793325633045
1.050545377836115,0.1641220481353192
1.0509824676542285,0.16621426387748714
1.0514195574723422,0.16957686376380182
1.0518566472904558,0.17201466955585734
1.0522937371085694,0.1713490897056071
1.052730826926683,0.16762699134011455
1.0531679167447967,0.1631649103406953
1.0536050065629103,0.15986004129331063
1.054042096381024,0.1572049663845048
1.0544791861991376,0.1539286663027691
1.0549162760172512,0.15055614419969293
1.0553533658353649,0.14856968051194394
1.0557904556534785,0.14769478377762138
1.0562275454715921,0.14614556465755654
1.0566646352897058,0.14343165908927274
1.0571017251078194,0.14081699087161434
1.057538814925933,0.13867450768712902
1.0579759047440467,0.1354466421920475
1.0584129945621603,0.1304163671280584
1.058850084380274,0.12624090372556698
1.0592871741983876,0.12707045961590632
1.0597242640165012,0.13421493561673378
1.0601613538346149,0.1447713637133666
1.0605984436527285,0.15457033636069023
1.0610355334708421,0.1613222290478497
1.0614726232889558,0.16476717616698025
1.0619097131070694,0.16547578161604135
1.062346802925183,0.16451667659618777
1.0627838927432967,0.1629677115510093
1.0632209825614103,0.16064224568916333
1.063658072379524,0.1565985329944115
1.0640951621976376,0.15192677551005948
1.0645322520157512,0.1499889992707887
1.0649693418338648,0.15183883080141541
1.0654064316519785,0.15324195124390375
1.065843521470092,0.1491177523002241
1.0662806112882057,0.1399791775684585
1.0667177011063194,0.1313891330743371
1.067154790924433,0.12783287576293056
1.0675918807425466,0.12940389378182654
1.0680289705606603,0.13355225009386448
1.068466060378774,0.13758550416341572
1.0689031501968875,0.13974580188881483
1.0693402400150012,0.13969441420181597
1.0697773298331148,0.1380982423926132
1.0702144196512284,0.13510951475401187
1.070651509469342,0.1298234711884003
1.0710885992874557,0.12202290110913193
1.0715256891055693,0.11403044183809531
1.071962778923683,0.10972148624500012
1.0723998687417966,0.1110337874113839
1.0728369585599102,0.11572543819556742
1.0732740483780239,0.11939232098932624
1.0737111381961375,0.11983872861387446
1.0741482280142511,0.11858836914579761
1.0745853178323648,0.11779227995509338
1.0750224076504784,0.11695635072116618
1.075459497468592,0.11384795312902239
1.0758965872867057,0.10772603483660344
1.0763336771048193,0.10030754683902422
1.076770766922933,0.0941038484005573
1.0772078567410466,0.09099077883195948
1.0776449465591602,0.09170747710663138
1.0780820363772738,0.09535430080710852
1.0785191261953875,0.09964478693692687
1.0789562160135011,0.10251669903590975
1.0793933058316147,0.103392456365791
1.0798303956497284,0.10297902563363025
1.080267485467842,0.10260394073127868
1.0807045752859556,0.10350330955394191
1.0811416651040693,0.1057931803606383
1.081578754922183,0.10816767285180459
1.0820158447402966,0.10896021861840212
1.0824529345584102,0.10721203406074087
1.0828900243765238,0.10302686010082159
1.0833271141946375,0.09783956895318201
1.083764204012751,0.09395402885432455
1.0842012938308647,0.09262483569526812
1.0846383836489784,0.09287657641885638
1.085075473467092,0.09315872366694537
1.0855125632852056,0.09364114891158351
1.0859496531033193,0.09582370568712857
1.086386742921433,0.10009110336593309
1.0868238327395465,0.10444306994853045
1.0872609225576602,0.10595733556638506
1.0876980123757738,0.10369151031844817
1.0881351021938874,0.10009799193660988
1.088572192012001,0.09886182660174876
1.0890092818301147,0.10094558834317444
1.0894463716482283,0.1034974040171278
1.089883461466342,0.10315726991731287
1.0903205512844556,0.09962471444508257
1.0907576411025692,0.09531356031203124
1.0911947309206829,0.09237342271720696
1.0916318207387965,0.09112506633273651
1.0920689105569101,0.09088412820744185
1.0925060003750238,0.09094431111800884
1.0929430901931374,0.09067647438395592
1.093380180011251,0.08998316638580768
1.0938172698293647,0.09018720866210948
1.0942543596474783,0.0932636223103259
1.094691449465592,0.09925324567023246
1.0951285392837056,0.10535873209289737
1.0955656291018192,0.10868901233923677
1.0960027189199328,0.10925393725682249
1.0964398087380465,0.10926628088901484
1.09687689855616,0.11007105757749912
1.0973139883742737,0.11081541949099513
1.0977510781923874,0.11002062333759734
1.098188168010501,0.10771590332156537
1.0986252578286146,0.10548356805328944
1.0990623476467283,0.10416562864142875
1.099499437464842,0.10223690627812056
1.0999365272829555,0.09769112155056836
1.1003736171010692,0.09111323551922257
1.1008107069191828,0.08521244181039277
1.1012477967372964,0.0816738991482623
1.10168488655541,0.08030161416580603
1.1021219763735237,0.08067753386856705
1.1025590661916373,0.08251517780680198
1.102996156009751,0.08480823820940062
1.1034332458278646,0.08655877434216933
1.1038703356459783,0.08795054797066922
1.1043074254640919,0.08950823108515979
1.1047445152822055,0.09109351912569139
1.1051816051003192,0.0930016613035001
1.1056186949184328,0.09666236448815857
1.1060557847365464,0.10255369396215218
1.10649287455466,0.10845022036488836
1.1069299643727737,0.11141653350191624
1.1073670541908864,0.11083207833339108
1.107804144009,0.10798726295525748
1.1082412338271137,0.10340401708411281
1.1086783236452273,0.09628391450866998
1.109115413463341,0.08660650908254118
1.1095525032814546,0.07659787963556672
1.1099895930995682,0.06977032954722652
1.1104266829176819,0.06857773343699244
1.1108637727357955,0.07243433888546764
1.1113008625539091,0.07766139965190398
1.1117379523720228,0.07995628980159082
1.1121750421901364,0.07756016332720203
1.11261213200825,0.07224136807529004
1.1130492218263637,0.06735420498199525
1.1134863116444773,0.06476540688594666
1.113923401462591,0.0633885567945298
1.1143604912807046,0.06159108475849627
1.1147975810988182,0.06200269391100317
1.1152346709169318,0.071936819961067
1.1156717607350455,0.09525314695856167
1.1161088505531591,0.12363665055534363
1.1165459403712727,0.14013011328272265
1.1169830301893864,0.1339180851274819
1.1174201200075,0.10989066475641726
1.1178572098256137,0.08226708084255001
1.1182942996437273,0.061237345402933706
1.118731389461841,0.04811524273407408
1.1191684792799546,0.04104382775895892
1.1196055690980682,0.04027014603169156
1.1200426589161818,0.045852616063238504
1.1204797487342955,0.05353622896827893
1.120916838552409,0.05764791512909704
1.1213539283705227,0.05854362107420051
1.1217910181886364,0.06301290052572615
1.12222810800675,0.07482868180836559
1.1226651978248636,0.08798969458936552
1.1231022876429773,0.09279221800429925
1.123539377461091,0.08700858189542396
1.1239764672792045,0.07803120020296986
1.1244135570973182,0.07494169866636717
1.1248506469154318,0.08135180148477861
1.1252877367335454,0.09582244066642145
1.125724826551659,0.1156794218613533
1.1261619163697727,0.13748386009562358
1.1265990061878863,0.15546060246076945
1.127036096006,0.16422913969171188
1.1274731858241136,0.16423301336183763
1.1279102756422272,0.16101082865324837
1.1283473654603409,0.15868770554371037
1.1287844552784545,0.1580581723462525
1.1292215450965681,0.16018733241294666
1.1296586349146818,0.16570467834345856
1.1300957247327954,0.17028118497584596
1.130532814550909,0.16754399784423626
1.1309699043690227,0.15826805321340556
1.1314069941871363,0.15111278283721027
1.13184408400525,0.15182830148424814
1.1322811738233636,0.1560114115393718
1.1327182636414772,0.15530860606747027
1.1331553534595908,0.1473988902133494
1.1335924432777045,0.13636484864319492
1.134029533095818,0.12579161081061976
1.1344666229139317,0.11634600359919735
1.1349037127320454,0.10978256490298122
1.135340802550159,0.11091257107206713
1.1357778923682726,0.12376698289587713
1.1362149821863863,0.1467270800290272
1.1366520720045,0.17160405772000953
1.1370891618226135,0.18809792889643187
1.1375262516407272,0.19109133089976973
1.1379633414588408,0.18377252973629252
1.1384004312769544,0.17270670609926417
1.138837521095068,0.16157700580792814
1.1392746109131817,0.15170138958313092
1.1397117007312954,0.14598780864343092
1.140148790549409,0.14751888262891508
1.1405858803675226,0.15335856342868562
1.1410229701856363,0.1536217419109967
1.1414600600037499,0.14048510186807087
1.1418971498218635,0.11765501694110328
1.1423342396399772,0.09776518999172887
1.1427713294580908,0.08969665569142192
1.1432084192762044,0.09064707837486984
1.143645509094318,0.0914175181449273
1.1440825989124317,0.08747988210033608
1.1445196887305453,0.08262115751583758
1.144956778548659,0.0814782735768933
1.1453938683667726,0.0816928291273522
1.1458309581848862,0.07781913021696521
1.1462680480029999,0.07175147552597257
1.1467051378211135,0.07265542112529447
1.1471422276392271,0.08523339071833136
1.1475793174573408,0.10452082891121937
1.1480164072754544,0.12446578522183871
1.148453497093568,0.14491304206525943
1.1488905869116817,0.16631168589138184
1.1493276767297953,0.18311341774021359
1.149764766547909,0.18765627699634393
1.1502018563660226,0.17830551331599884
1.1506389461841362,0.1604103768230866
1.1510760360022498,0.14087199748397403
1.1515131258203635,0.12428454775249013
1.151950215638477,0.11288606125448912
1.1523873054565907,0.10694192289259259
1.1528243952747044,0.10419763288533024
1.153261485092818,0.10062846199903382
1.1536985749109316,0.09353363920831478
1.1541356647290453,0.08401638135353617
1.154572754547159,0.0756832050849786
1.1550098443652725,0.07123416376850868
1.1554469341833862,0.07101516895849166
1.1558840240014998,0.07379149618462658
1.1563211138196134,0.07751365073469194
1.156758203637727,0.08058638171499707
1.1571952934558407,0.08416824558021811
1.1576323832739543,0.09173211499694203
1.158069473092068,0.10418042420476946
1.1585065629101816,0.11678004571149714
1.1589436527282952,0.12304112978349471
1.1593807425464089,0.1203412742264035
1.1598178323645225,0.11040505932491072
1.1602549221826362,0.0967530299426819
1.1606920120007498,0.0838554001187886
1.1611291018188634,0.0764908021184085
1.161566191636977,0.07704296938749307
1.1620032814550907,0.08372752241912347
1.1624403712732043,0.09219211359312987
1.162877461091318,0.09814784004134902
1.1633145509094316,0.09911742969090272
1.1637516407275452,0.0960607054627269
1.1641887305456589,0.0938692745286036
1.1646258203637725,0.09816061414682367
1.1650629101818861,0.10999447023008775
1.1654999999999998,0.12416480515645496
1.1659370898181134,0.1332727018905744
1.166374179636227,0.133268429506992
1.1668112694543407,0.12568797426474185
1.1672483592724543,0.11631553151226874
1.167685449090568,0.11175255080857645
1.1681225389086816,0.11491743820290416
1.1685596287267952,0.12268667473411553
1.1689967185449088,0.12910215051361462
1.1694338083630225,0.13116512619940826
1.169870898181136,0.13057646447281762
1.1703079879992497,0.13096508442019347
1.1707450778173634,0.13538731914342061
1.171182167635477,0.14518550610624942
1.1716192574535906,0.15872729017117276
1.1720563472717043,0.1720385730985731
1.172493437089818,0.1821492759142726
1.1729305269079315,0.18847794444778138
1.1733676167260452,0.1910164168635707
1.1738047065441588,0.19049731107892737
1.1742417963622724,0.19036667687068834
1.174678886180386,0.194905568863395
1.1751159759984997,0.20520829469053534
1.1755530658166133,0.21843672303443226
1.175990155634727,0.23012123362985373
1.1764272454528406,0.24069949530800483
1.1768643352709542,0.2640007305585322
1.1773014250890679,0.3177937204220074
1.1777385149071815,0.39174567149297485
1.1781756047252951,0.4380615596562973
1.1786126945434088,0.41685682539434016
1.1790497843615224,0.34290858631575455
1.179486874179636,0.2676671855597613
1.1799239639977497,0.22528196147372667
1.1803610538158633,0.21442298934850088
1.180798143633977,0.21886719343438896
1.1812352334520906,0.22358078797379496
1.1816723232702042,0.21806038398323951
1.1821094130883179,0.20145451569545597
1.1825465029064315,0.1833645439972765
1.1829835927245451,0.1736056745505174
1.1834206825426588,0.1742334610001841
1.1838577723607724,0.18117746881695565
1.184294862178886,0.18724470013030658
1.1847319519969997,0.18495893443829087
1.1851690418151133,0.17329908973315514
1.185606131633227,0.16090656811419993
1.1860432214513406,0.15814581305529307
1.1864803112694542,0.16688950457415053
1.1869174010875678,0.17992022071454042
1.1873544909056815,0.188469249782356
1.187791580723795,0.1895590953922439
1.1882286705419087,0.18739525491002876
1.1886657603600224,0.18759409408331276
1.189102850178136,0.19043868624286578
1.1895399399962496,0.1914895735685369
1.1899770298143633,0.18732930741933104
1.190414119632477,0.17798623541310252
1.1908512094505905,0.16606602843744214
1.1912882992687042,0.15665545295450542
1.1917253890868178,0.1552884455778877
1.1921624789049314,0.1628063775687032
1.192599568723045,0.17408098729423718
1.1930366585411587,0.1828001039088978
1.1934737483592723,0.18507196610362214
1.193910838177386,0.17915677677099984
1.1943479279954996,0.16603473583499637
1.1947850178136132,0.15069034266894038
1.1952221076317269,0.13932917166839992
1.1956591974498405,0.13427649650241244
1.1960962872679541,0.13337952342304887
1.1965333770860678,0.13454417333846624
1.1969704669041814,0.13851807780881809
1.197407556722295,0.1455970022317177
1.1978446465404087,0.15133132396339377
1.1982817363585223,0.14891517543507019
1.198718826176636,0.13627655974492398
1.1991559159947496,0.11846732722959094
1.1995930058128632,0.10320039271666423
1.2000300956309768,0.09589994225126112
1.2004671854490905,0.09736174165634603
1.2009042752672041,0.10397551244521754
1.2013413650853177,0.11246948976794403
1.2017784549034314,0.12493347626418787
1.202215544721545,0.14437512745977568
1.2026526345396586,0.1656278054047457
1.2030897243577723,0.178539775515415
1.203526814175886,0.1815975920063703
1.2039639039939996,0.1843261583520809
1.2044009938121132,0.1937624483217579
1.2048380836302268,0.20633989149086257
1.2052751734483405,0.21687122171484816
1.205712263266454,0.22798924072611282
1.2061493530845677,0.2443812787415416
1.2065864429026814,0.2632575697990366
1.207023532720795,0.2773147178748456
1.2074606225389086,0.28203512068955183
1.2078977123570223,0.27421863953933634
1.208334802175136,0.251475300541187
1.2087718919932495,0.22098737404521662
1.2092089818113632,0.19953745353260527
1.2096460716294768,0.19574021298528071
1.2100831614475904,0.19995129995235889
1.210520251265704,0.19800981981477236
1.2109573410838177,0.1865009054556183
1.2113944309019313,0.17044763528855852
1.211831520720045,0.15536660134373728
1.2122686105381586,0.14558284891364323
1.2127057003562722,0.14302493015160148
1.2131427901743859,0.14435448466939632
1.2135798799924995,0.1430432185206108
1.2140169698106131,0.1355869239834518
1.2144540596287268,0.12484325816065203
1.2148911494468404,0.11820049210308622
1.215328239264954,0.121781425751248
1.2157653290830677,0.13407997007008696
1.2162024189011813,0.14625966400182852
1.216639508719295,0.15084451246472666
1.2170765985374086,0.14851464389425773
1.2175136883555222,0.1446702776436791
1.2179507781736358,0.14200999239548104
1.2183878679917495,0.13944674098602175
1.218824957809863,0.13674750608881742
1.2192620476279767,0.13650323080460963
1.2196991374460904,0.14076343402213493
1.220136227264204,0.14883669291508136
1.2205733170823176,0.16008780459826974
1.2210104069004313,0.17479509201251955
1.221447496718545,0.1886593712263351
1.2218845865366585,0.19153307691178476
1.2223216763547722,0.17794693904248887
1.2227587661728858,0.1553325111156151
1.2231958559909994,0.13588794751803404
1.223632945809113,0.12375631862964678
1.2240700356272267,0.11512339403236548
1.2245071254453403,0.10692129227255763
1.224944215263454,0.10075513433332141
1.2253813050815676,0.10091132476658944
1.2258183948996813,0.11093747558026831
1.2262554847177949,0.130142246258981
1.2266925745359085,0.15332029816410997
1.2271296643540222,0.1756209776925943
1.2275667541721358,0.19547347209896665
1.2280038439902494,0.2103339381782515
1.228440933808363,0.21357831213014578
1.2288780236264767,0.2010385922331078
1.2293151134445903,0.17909763072049276
1.229752203262704,0.16062582424390462
1.2301892930808176,0.15188641645865528
1.2306263828989312,0.14764163591165894
1.2310634727170449,0.14045210063303215
1.2315005625351585,0.13021663115110985
1.2319376523532721,0.12183579655787884
1.2323747421713858,0.11754290350326389
1.2328118319894994,0.11549939512317957
1.233248921807613,0.11375156143493732
1.2336860116257267,0.1121038981158408
1.2341231014438403,0.11072262730852703
1.234560191261954,0.10903058394565766
1.2349972810800676,0.10633805995324588
1.2354343708981812,0.10284584523994131
1.2358714607162948,0.09917289936896569
1.2363085505344085,0.09468145750127119
1.236745640352522,0.08769257831687012
1.2371827301706357,0.07849683060741998
1.2376198199887494,0.07061466742779157
1.238056909806863,0.06737085715458238
1.2384939996249766,0.06843258868326366
1.2389310894430903,0.07128941128237223
1.239368179261204,0.07487118541641694
1.2398052690793175,0.07993077962384557
1.2402423588974312,0.08671141149552371
1.2406794487155448,0.09401640598295961
1.2411165385336584,0.1003750518013519
1.241553628351772,0.10473288487019783
1.2419907181698857,0.10590495204723628
1.2424278079879993,0.10268272320362384
1.242864897806113,0.09540530006108294
1.2433019876242266,0.08717722241676282
1.2437390774423402,0.082870537837028
1.2441761672604539,0.08611112383134145
1.2446132570785675,0.09594088520794468
1.2450503468966811,0.10577888640740034
1.2454874367147948,0.1074900341067768
1.2459245265329084,0.09940636001084212
1.246361616351022,0.09032455959488338
1.2467987061691357,0.09239617980088766
1.2472357959872493,0.10843958308992031
1.247672885805363,0.12812502899273734
1.2481099756234766,0.1380896352620102
1.2485470654415902,0.13444019192030826
1.2489841552597039,0.12421687064653777
1.2494212450778175,0.11625207211233647
1.2498583348959311,0.11308212570977846
1.2502954247140448,0.1120229385212972
1.2507325145321584,0.1113871957226481
1.251169604350272,0.11263688848943466
1.2516066941683857,0.11687275252571094
1.2520437839864993,0.1219581888846214
1.252480873804613,0.12367348769718196
1.2529179636227266,0.1186321355894855
1.2533550534408402,0.10681284213592705
1.2537921432589538,0.09223129410991567
1.2542292330770675,0.08074645015990546
1.254666322895181,0.0780091055075717
1.2551034127132947,0.08932811688412833
1.2555405025314084,0.1162674789577574
1.255977592349522,0.15039326984095916
1.2564146821676356,0.17621495798201603
1.2568517719857493,0.1849021702164462
1.257288861803863,0.18165480312420157
1.2577259516219765,0.17812222678170825
1.2581630414400902,0.1811478534631416
1.2586001312582038,0.18770540140917177
1.2590372210763174,0.1870421937316899
1.259474310894431,0.17059702591719667
1.2599114007125447,0.1426653678395729
1.2603484905306583,0.11716715308597549
1.260785580348772,0.10274273543029
1.2612226701668856,0.09689763675750714
1.2616597599849992,0.09508529645345035
1.2620968498031129,0.09754646488025272
1.2625339396212265,0.10454895634120896
1.2629710294393401,0.11154644556725847
1.2634081192574538,0.1136682299407393
1.2638452090755674,0.11174877598699676
1.264282298893681,0.10986634910851285
1.2647193887117947,0.10866215763274167
1.2651564785299083,0.10523316526307123
1.265593568348022,0.0994745058047147
1.2660306581661356,0.09667181874234798
1.2664677479842492,0.1019964665768496
1.2669048378023628,0.11424935481025952
1.2673419276204765,0.1275145034311873
1.2677790174385901,0.13923240503067905
1.2682161072567038,0.15363427035807756
1.2686531970748174,0.17440753224663297
1.269090286892931,0.19673374681497421
1.2695273767110447,0.21140555102709518
1.2699644665291583,0.21489952118998298
1.270401556347272,0.21009469071391898
1.2708386461653856,0.1991269893435741
1.2712757359834992,0.18185029903297598
1.2717128258016128,0.16070320198551263
1.2721499156197265,0.14167973101846248
1.27258700543784,0.13007265979531787
1.2730240952559537,0.12839718301228778
1.2734611850740674,0.13716474555177657
1.273898274892181,0.15285250145664872
1.2743353647102946,0.16527877312806089
1.2747724545284083,0.16364309126167398
1.275209544346522,0.1487233665696319
1.2756466341646355,0.13428750629907332
1.2760837239827492,0.1325885150948397
1.2765208138008628,0.1428328735257443
1.2769579036189764,0.1571834870448661
1.27739499343709,0.17235274189945213
1.2778320832552037,0.19007320578571268
1.2782691730733173,0.20975467016923485
1.278706262891431,0.22553836656379583
1.2791433527095446,0.23019584118724537
1.2795804425276582,0.22089188920269856
1.2800175323457719,0.20211172494023727
1.2804546221638855,0.18303793892731784
1.2808917119819991,0.17154319946103386
1.2813288018001128,0.17081031189079407
1.2817658916182264,0.18003264542358383
1.28220298143634,0.19552111459954746
1.2826400712544537,0.2117343124374289
1.2830771610725673,0.22414148354013294
1.283514250890681,0.2314506854913087
1.2839513407087946,0.2342738291961667
1.2843884305269082,0.23301245722687933
1.2848255203450218,0.22813997482002507
1.2852626101631355,0.22126828742902047
1.2856996999812491,0.21473665886772095
1.2861367897993627,0.20968013393271548
1.2865738796174764,0.20400343046370364
1.28701096943559,0.1936177364056769
1.2874480592537036,0.17762372953025635
1.2878851490718173,0.1605779279304562
1.288322238889931,0.1476777344335929
1.2887593287080445,0.14074223462383353
1.2891964185261582,0.14090054374564015
1.2896335083442718,0.1505290502654722
1.2900705981623855,0.1692988234601336
1.290507687980499,0.19170513782112586
1.2909447777986127,0.21053316220931834
1.2913818676167264,0.22112437756714587
1.29181895743484,0.2237341514508567
1.2922560472529536,0.22427852848475718
1.2926931370710673,0.23041833937154932
1.293130226889181,0.24437091362174548
1.2935673167072945,0.260745726443786
1.2940044065254082,0.2710698243624529
1.2944414963435218,0.2690473930699817
1.2948785861616354,0.2547108317198569
1.295315675979749,0.23674897716256058
1.2957527657978627,0.22767079954276084
1.2961898556159763,0.23324365706120503
1.29662694543409,0.24833727005254885
1.2970640352522036,0.26385486551947196
1.2975011250703172,0.27389969222486227
1.2979382148884309,0.2746382367911977
1.2983753047065445,0.26209182623533983
1.2988123945246581,0.23799210511053778
1.2992494843427718,0.21566997263750234
1.2996865741608854,0.21119607243026267
1.300123663978999,0.2262361611373588
1.3005607537971127,0.24594789063441866
1.3009978436152263,0.2554981386729865
1.30143493343334,0.2525994402752672
1.3018720232514536,0.2432174882903298
1.3023091130695672,0.23231875312789785
1.3027462028876808,0.22116540393015968
1.3031832927057945,0.20880703208148238
1.303620382523908,0.19454621426371727
1.3040574723420217,0.18112282421333714
1.3044945621601354,0.17419066511711373
1.304931651978249,0.1760047772123259
1.3053687417963626,0.18172057059508723
1.3058058316144763,0.18501064512602142
1.30624292143259,0.18526529789989996
1.3066800112507035,0.18608567262226497
1.3071171010688172,0.18916957308910684
1.3075541908869308,0.19392675409727705
1.3079912807050444,0.20091426170197665
1.308428370523158,0.21039327787233092
1.3088654603412717,0.2191444499951181
1.3093025501593853,0.22422098365006712
1.309739639977499,0.2276322759655054
1.3101767297956126,0.23092235559470325
1.3106138196137262,0.22831315843181182
1.3110509094318399,0.21397016636537197
1.3114879992499535,0.1940787501984323
1.3119250890680663,0.18217785422998806
1.31236217888618,0.1828811651977769
1.3127992687042935,0.18859295768424883
1.3132363585224072,0.19141146017880842
1.3136734483405208,0.1892849174076012
1.3141105381586344,0.18092159560405377
1.314547627976748,0.16460766784684808
1.3149847177948617,0.14406151499169043
1.3154218076129753,0.12803561432849925
1.315858897431089,0.12250013147406316
1.3162959872492026,0.12771624379500765
1.3167330770673162,0.14086006442995852
1.3171701668854299,0.155869975690772
1.3176072567035435,0.1637663355649683
1.3180443465216571,0.15951842266520064
1.3184814363397708,0.14718196151263974
1.3189185261578844,0.13489869223931655
1.319355615975998,0.12758039803437954
1.3197927057941117,0.1267991524995667
1.3202297956122253,0.13381385939380067
1.320666885430339,0.1483349625686729
1.3211039752484526,0.16517488765127622
1.3215410650665662,0.17588078364933543
1.3219781548846798,0.17582838484829963
1.3224152447027935,0.1682372081488739
1.3228523345209071,0.15894352313574722
1.3232894243390207,0.14918089579512842
1.3237265141571344,0.13758259862706415
1.324163603975248,0.12769689418423041
1.3246006937933616,0.12694809894878878
1.3250377836114753,0.13653155520411914
1.325474873429589,0.14806668627484726
1.3259119632477026,0.15361732769303732
1.3263490530658162,0.15463897203953186
1.3267861428839298,0.15721290368982568
1.3272232327020435,0.1624904620493471
1.327660322520157,0.16672155841616546
1.3280974123382707,0.16798114114564427
1.3285345021563844,0.167921679669179
1.328971591974498,0.16791036863502073
1.3294086817926116,0.16695443307523408
1.3298457716107253,0.1635209079593777
1.330282861428839,0.15826064349825855
1.3307199512469525,0.1551027155276163
1.3311570410650662,0.15883417843872877
1.3315941308831798,0.17007595444218013
1.3320312207012934,0.18366670495865642
1.332468310519407,0.19378902564631234
1.3329054003375207,0.1991036094980814
1.3333424901556343,0.20060212186592755
1.333779579973748,0.19706189635496046
1.3342166697918616,0.18711682560804244
1.3346537596099752,0.17466275618249286
1.3350908494280889,0.16722894124963245
1.3355279392462025,0.16824045618771116
1.3359650290643161,0.17428532525088153
1.3364021188824298,0.18073122941511288
1.3368392087005434,0.1868124729118917
1.337276298518657,0.193397212133312
1.3377133883367707,0.1987429685184658
1.3381504781548843,0.20045576100361687
1.338587567972998,0.200109223141926
1.3390246577911116,0.20077935012600018
1.3394617476092252,0.20070680398743276
1.3398988374273388,0.1951811370635455
1.3403359272454525,0.18439441629601336
1.340773017063566,0.17396144356266793
1.3412101068816797,0.16823055518606075
1.3416471966997934,0.16751027819199762
1.342084286517907,0.17044025229852425
1.3425213763360206,0.17502068892226474
1.3429584661541343,0.1780563739862973
1.343395555972248,0.1764770323108425
1.3438326457903615,0.17014764965461268
1.3442697356084752,0.16303385061854175
1.3447068254265888,0.16032195842568292
1.3451439152447024,0.16357182619562802
1.345581005062816,0.17003136606619457
1.3460180948809297,0.17666278652383297
1.3464551846990434,0.1819113248881929
1.346892274517157,0.18403969593353617
1.3473293643352706,0.18243083046453426
1.3477664541533843,0.18065214677175154
1.3482035439714979,0.1833745578776054
1.3486406337896115,0.19002324736806844
1.3490777236077252,0.19572597027462793
1.3495148134258388,0.1980403166959404
1.3499519032439524,0.19860140277800808
1.350388993062066,0.19896775923960666
1.3508260828801797,0.19873364335393348
1.3512631726982933,0.19728085795921926
1.351700262516407,0.1952280210989339
1.3521373523345206,0.19508975213265028
1.3525744421526342,0.20024999824437573
1.3530115319707479,0.2102179168399964
1.3534486217888615,0.21797666758779016
1.3538857116069751,0.21658589467429937
1.3543228014250888,0.20749920559484392
1.3547598912432024,0.19798515591216037
1.355196981061316,0.19187818094764109
1.3556340708794297,0.18735056769662023
1.3560711606975433,0.18232682948650974
1.356508250515657,0.17771825833986524
1.3569453403337706,0.17567022919877195
1.3573824301518842,0.17758292937580974
1.3578195199699978,0.18381935232166974
1.3582566097881115,0.19330605164920733
1.358693699606225,0.20323264508994401
1.3591307894243387,0.21099040228683164
1.3595678792424524,0.2171697670152039
1.360004969060566,0.2248008838351345
1.3604420588786796,0.23436377460686758
1.3608791486967933,0.24177533564445716
1.361316238514907,0.2431445850908399
1.3617533283330205,0.23882365532589978
1.3621904181511342,0.23079190917042688
1.3626275079692478,0.22010372240883588
1.3630645977873614,0.20984375770656966
1.363501687605475,0.2055811464653022
1.3639387774235887,0.20872983414474375
1.3643758672417023,0.21411135030147957
1.364812957059816,0.2177188319291756
1.3652500468779296,0.2215780182816445
1.3656871366960432,0.22761411448543598
1.3661242265141569,0.2325177620694745
1.3665613163322705,0.23200351002875036
1.3669984061503841,0.2254090522984767
1.3674354959684978,0.21446376183316632
1.3678725857866114,0.20195242504008074
1.368309675604725,0.1919654309747585
1.3687467654228387,0.18740844884470662
1.3691838552409523,0.18669028480695588
1.369620945059066,0.1845504542795582
1.3700580348771796,0.17668747776394977
1.3704951246952932,0.16530554627965022
1.3709322145134069,0.1601990061805932
1.3713693043315205,0.16963691721655752
1.3718063941496341,0.1896412311673805
1.3722434839677478,0.20850782665972672
1.3726805737858614,0.22076283112196132
1.373117663603975,0.22857400430270586
1.3735547534220887,0.23288315817865263
1.3739918432402023,0.2335759110369347
1.374428933058316,0.2346075734036747
1.3748660228764296,0.23894281257149466
1.3753031126945432,0.24224079043435803
1.3757402025126568,0.23861925850782142
1.3761772923307705,0.22788378724693148
1.376614382148884,0.2134239240594026
1.3770514719669977,0.19953185413571264
1.3774885617851114,0.19279903871712847
1.377925651603225,0.19872673790339254
1.3783627414213386,0.2141781991508236
1.3787998312394523,0.22795051290284027
1.379236921057566,0.23071958721521552
1.3796740108756795,0.2225264239652586
1.3801111006937932,0.21125419199612985
1.3805481905119068,0.20571540909383054
1.3809852803300204,0.20848383089569247
1.381422370148134,0.2133071020426283
1.3818594599662477,0.21165103098544039
1.3822965497843613,0.20339415407581748
1.382733639602475,0.19754083331154937
1.3831707294205886,0.20090616775176656
1.3836078192387022,0.21139757860927175
1.3840449090568159,0.22445678269427422
1.3844819988749295,0.23942479826508498
1.3849190886930431,0.2558503885188549
1.3853561785111568,0.2690712507496678
1.3857932683292704,0.2738041366238679
1.386230358147384,0.2697004972782064
1.3866674479654977,0.26151979161041244
1.3871045377836113,0.2554732682832443
1.387541627601725,0.25562210174075833
1.3879787174198386,0.2619115848815658
1.3884158072379522,0.27078785928413
1.3888528970560658,0.27800423948795633
1.3892899868741795,0.2812008212632998
1.3897270766922931,0.28034999416545875
1.3901641665104068,0.2764019962120839
1.3906012563285204,0.27007960242729984
1.391038346146634,0.2622212975141925
1.3914754359647477,0.25454880210550185
1.3919125257828613,0.2491010396332967
1.392349615600975,0.24691464403261945
1.3927867054190886,0.2472720220504945
1.3932237952372022,0.24799760615783914
1.3936608850553158,0.24772352706237158
1.3940979748734295,0.24858928108840622
1.394535064691543,0.2537491925194727
1.3949721545096567,0.2603881212060483
1.3954092443277704,0.2596977187775772
1.395846334145884,0.24725207199051116
1.3962834239639976,0.22893062173363685
1.3967205137821113,0.2134961481080935
1.397157603600225,0.2048728790747212
1.3975946934183385,0.2035485821188036
1.3980317832364522,0.2070839134076976
1.3984688730545658,0.20722546848584103
1.3989059628726794,0.19689307097023315
1.399343052690793,0.18204936392784687
1.3997801425089067,0.17602418316875817
1.4002172323270203,0.18197326296252211
1.400654322145134,0.19239330519937564
1.4010914119632476,0.2041424322277504
1.4015285017813612,0.2207719398390097
1.4019655915994749,0.24083974955903478
1.4024026814175885,0.25627161282034533
1.4028397712357021,0.2633509969532248
1.4032768610538158,0.2662633495459811
1.4037139508719294,0.2683846695121005
1.404151040690043,0.26734694622952954
1.4045881305081567,0.2623115428519546
1.4050252203262703,0.26191390039403045
1.405462310144384,0.27908696821213647
1.4058993999624976,0.31632808873561685
1.4063364897806112,0.35885071485721765
1.4067735795987248,0.38567375968456596
1.4072106694168385,0.38854261344011976
1.4076477592349521,0.3788421443502094
1.4080848490530657,0.3741429361107624
1.4085219388711794,0.37799641588807403
1.408959028689293,0.3771020708938617
1.4093961185074066,0.36248096949455805
1.4098332083255203,0.3481607272365766
1.410270298143634,0.35675344562691164
1.4107073879617475,0.3856439645554834
1.4111444777798612,0.4023934965497129
1.4115815675979748,0.381394762191763
1.4120186574160885,0.3329784710208576
1.412455747234202,0.2869878092431805
1.4128928370523157,0.25910159931490023
1.4133299268704294,0.24515179088056707
1.413767016688543,0.2387176139394533
1.4142041065066566,0.23958560903978474
1.4146411963247703,0.25063743524053234
1.415078286142884,0.27927835333519213
1.4155153759609975,0.33387757525819356
1.4159524657791112,0.4028917854650815
1.4163895555972248,0.44711167009903113
1.4168266454153384,0.4343514632655691
1.417263735233452,0.37716615687319155
1.4177008250515657,0.3176010977516563
1.4181379148696793,0.28093819524857694
1.418575004687793,0.26208844525528335
1.4190120945059066,0.24906074459989444
1.4194491843240202,0.23864302979157231
1.4198862741421339,0.2304610730816477
1.4203233639602475,0.222375442372807
1.4207604537783611,0.21538694989367824
1.4211975435964748,0.21388168309913572
1.4216346334145884,0.21789775802755643
1.422071723232702,0.2209758929304988
1.4225088130508157,0.21777508438221474
1.4229459028689293,0.2094663077200381
1.423382992687043,0.20128286507961604
1.4238200825051566,0.19853588770963942
1.4242571723232702,0.20211758145243924
1.4246942621413838,0.2029677604256856
1.4251313519594975,0.18656280150945254
1.425568441777611,0.1497694277546601
1.4260055315957247,0.10774815435090944
1.4264426214138384,0.07833761697463758
1.426879711231952,0.06622594136036959
1.4273168010500656,0.06758078827052419
1.4277538908681793,0.08120955095697294
1.428190980686293,0.10549284412465734
1.4286280705044065,0.12896892044175684
1.4290651603225202,0.13567193826128945
1.4295022501406338,0.122636766824287
1.4299393399587474,0.10424882733108247
1.430376429776861,0.09441976821461558
1.4308135195949747,0.09077466509231923
1.4312506094130883,0.08258953301367884
1.431687699231202,0.06919626221027873
1.4321247890493156,0.06288819100693628
1.4325618788674293,0.07434485050157968
1.4329989686855429,0.09968408394793875
1.4334360585036565,0.12379775641205834
1.4338731483217702,0.13573154200534207
1.4343102381398838,0.13752340743470962
1.4347473279579974,0.13671287417716044
1.435184417776111,0.1363596008329199
1.4356215075942247,0.13652662725889333
1.4360585974123383,0.13810592668416494
1.436495687230452,0.138967830940214
1.4369327770485656,0.13271630869905565
1.4373698668666792,0.11692036308790266
1.4378069566847929,0.09770626189857934
1.4382440465029065,0.08305254346523813
1.4386811363210201,0.07649988525057637
1.4391182261391338,0.07899643118662118
1.4395553159572474,0.09077779500244587
1.439992405775361,0.10824802136666167
1.4404294955934747,0.1233159156483518
1.4408665854115883,0.12961121761431796
1.441303675229702,0.12819386431042926
1.4417407650478156,0.12592013056582535
1.4421778548659292,0.12934725345651557
1.4426149446840428,0.13958370029046818
1.4430520345021565,0.15055199081974355
1.44348912432027,0.15331558483039895
1.4439262141383837,0.14518408737027108
1.4443633039564974,0.13284997067887158
1.444800393774611,0.12360736350446325
1.4452374835927246,0.11712309631379052
1.4456745734108383,0.10948596770214161
1.446111663228952,0.10025858277721729
1.4465487530470655,0.09157713264989263
1.4469858428651792,0.085957745806766
1.4474229326832928,0.08727160062526665
1.4478600225014064,0.09652316176761654
1.44829711231952,0.10584533531015396
1.4487342021376337,0.10530368982870308
1.4491712919557473,0.09537192016652948
1.449608381773861,0.08447532524153485
1.4500454715919746,0.07672429448409819
1.4504825614100882,0.07037881598151668
1.4509196512282019,0.06498672909105112
1.4513567410463155,0.06227766911850193
1.4517938308644291,0.062397911149154404
1.4522309206825428,0.06382435673604044
1.4526680105006564,0.06465842143877859
1.45310510031877,0.06291563255603251
1.4535421901368837,0.05897619851565076
1.4539792799549973,0.057171282812606854
1.454416369773111,0.0608862078163192
1.4548534595912246,0.06679313992336196
1.4552905494093382,0.06767126449175602
1.4557276392274519,0.0611860441171849
1.4561647290455655,0.05359409865937942
1.4566018188636791,0.053712652583537565
1.4570389086817928,0.06406447090244859
1.4574759984999064,0.07938815094535215
1.45791308831802,0.09307123842186896
1.4583501781361337,0.1023250285612344
1.4587872679542473,0.10811136074367866
1.459224357772361,0.11441008977387214
1.4596614475904746,0.1265652605787304
1.4600985374085882,0.145056013629981
1.4605356272267018,0.16186440266909563
1.4609727170448155,0.1683294481935904
1.461409806862929,0.16606141749446088
1.4618468966810427,0.16590449519022182
1.4622839864991564,0.176183130370281
1.46272107631727,0.19502329855243142
1.4631581661353836,0.21530549636203095
1.4635952559534973,0.23384798507276566
1.464032345771611,0.25019818526859045
1.4644694355897245,0.2576692916043641
1.4649065254078382,0.24502111907556498
1.4653436152259518,0.21026443906588635
1.4657807050440654,0.16620207370820575
1.466217794862179,0.13029095030677218
1.4666548846802927,0.1125886936543543
1.4670919744984063,0.11157241573126356
1.46752906431652,0.11828416314639081
1.4679661541346336,0.12593416828505918
1.4684032439527472,0.13436557991233364
1.4688403337708609,0.14355507734788606
1.4692774235889745,0.14915364451137084
1.4697145134070881,0.14839368993788368
1.4701516032252018,0.1439621849714773
1.4705886930433154,0.1398656191986376
1.471025782861429,0.13964612396248324
1.4714628726795427,0.1477560802955173
1.4718999624976563,0.1653746741645326
1.47233705231577,0.18545857582993716
1.4727741421338836,0.19763242394883113
1.4732112319519972,0.19817339971932077
1.4736483217701108,0.19269688995433712
1.4740854115882245,0.1897989500368337
1.4745225014063381,0.19338188211539545
1.4749595912244517,0.20011836245623257
1.4753966810425654,0.20365955237865158
1.475833770860679,0.2020946881261523
1.4762708606787927,0.20003712394789447
1.4767079504969063,0.20119263010764263
1.47714504031502,0.20230970800408737
1.4775821301331336,0.19967746563167427
1.4780192199512472,0.19756605896197366
1.4784563097693608,0.20293373220519026
1.4788933995874745,0.2151460849421092
1.479330489405588,0.22731659652089004
1.4797675792237017,0.23383435125758822
1.4802046690418154,0.23217538048294734
1.480641758859929,0.22324833291287025
1.4810788486780426,0.2139969314931757
1.4815159384961563,0.21349763659173554
1.48195302831427,0.2228883749987751
1.4823901181323835,0.2340433078521647
1.4828272079504972,0.23982242569555262
1.4832642977686108,0.2403331091257796
1.4837013875867244,0.23792624485356287
1.484138477404838,0.23212014433162506
1.4845755672229517,0.22268349229630618
1.4850126570410653,0.21394573626606744
1.485449746859179,0.21248917270472573
1.4858868366772926,0.22068165182981367
1.4863239264954062,0.23255427818522392
1.4867610163135199,0.23641519551717335
1.4871981061316335,0.22477388227460257
1.4876351959497471,0.20347604904950226
1.4880722857678608,0.187937523942302
1.4885093755859744,0.18831094404370324
1.488946465404088,0.20054070572064167
1.4893835552222017,0.2122782371413944
1.4898206450403153,0.21466130866154748
1.490257734858429,0.20848792649241907
1.4906948246765426,0.20164739084853353
1.4911319144946562,0.20041363409436008
1.4915690043127698,0.20235167428792794
1.4920060941308835,0.19943717600613678
1.492443183948997,0.18816151447052465
1.4928802737671107,0.17318815788321032
1.4933173635852244,0.16043449872595364
1.493754453403338,0.1504413436342562
1.4941915432214516,0.14059633202293248
1.4946286330395653,0.13104455436941181
1.495065722857679,0.12525532438989578
1.4955028126757925,0.12571085292739098
1.4959399024939062,0.13194723056829735
1.4963769923120198,0.1423483925101254
1.4968140821301334,0.15482229976439538
1.497251171948247,0.16634682865381398
1.4976882617663607,0.17481634429288162
1.4981253515844744,0.18006873931162515
1.498562441402588,0.18138220505397437
1.4989995312207016,0.17762071970772958
1.4994366210388153,0.17131176580986548
1.4998737108569289,0.16765624423299436
1.5003108006750425,0.16868973873419355
1.5007478904931562,0.17306137392851254
1.5011849803112698,0.18039156345436405
1.5016220701293834,0.19083246891601902
1.502059159947497,0.20185274466581646
1.5024962497656107,0.21019136644947164
1.5029333395837243,0.21692574451749438
1.503370429401838,0.2268380138383972
1.5038075192199516,0.24011788776318843
1.5042446090380652,0.24720686438154169
1.5046816988561789,0.23774383699350946
1.5051187886742925,0.21469834849215186
1.5055558784924061,0.1939129330379103
1.5059929683105198,0.18908975829326738
1.5064300581286334,0.2010792972236857
1.506867147946747,0.22064939854580762
1.5073042377648607,0.2376418349654825
1.5077413275829743,0.24715257685930556
1.508178417401088,0.24922789978241772
1.5086155072192016,0.2457562217265319
1.5090525970373152,0.239292225871753
1.5094896868554288,0.23163578361115175
1.5099267766735425,0.22081920524430582
1.510363866491656,0.20323128809307253
1.5108009563097697,0.18114219664101067
1.5112380461278834,0.16352462283780733
1.511675135945997,0.15674950347402078
1.5121122257641106,0.15797728325883284
1.5125493155822243,0.15928508034084263
1.512986405400338,0.1557908038700178
1.5134234952184515,0.1493231217698565
1.5138605850365652,0.14566244830132305
1.5142976748546788,0.1478411183843691
1.5147347646727924,0.15225528884699452
1.515171854490906,0.15312483600803825
1.5156089443090197,0.14950098078840462
1.5160460341271333,0.1447307163778168
1.516483123945246,0.1409873345314799
1.5169202137633597,0.13850602015791796
1.5173573035814734,0.1380897560251233
1.517794393399587,0.13986893059142808
1.5182314832177006,0.1414562593318596
1.5186685730358143,0.14113854541926696
1.519105662853928,0.1408316173504233
1.5195427526720415,0.14290794490065167
1.5199798424901552,0.146719493373851
1.5204169323082688,0.1508531012819579
1.5208540221263824,0.15612344227362737
1.521291111944496,0.16424645784525274
1.5217282017626097,0.17558737898880059
1.5221652915807233,0.18876094193785162
1.522602381398837,0.20105486145555324
1.5230394712169506,0.21069485694025522
1.5234765610350642,0.2192268229474381
1.5239136508531779,0.22793458513204462
1.5243507406712915,0.2322225525202121
1.5247878304894051,0.2255537934155725
1.5252249203075188,0.20909687162482876
1.5256620101256324,0.19175958054269207
1.526099099943746,0.181005436346662
1.5265361897618597,0.17790266326101542
1.5269732795799733,0.17932210630877135
1.527410369398087,0.18108160092931297
1.5278474592162006,0.18071497873635398
1.5282845490343142,0.1797266066853555
1.5287216388524278,0.1816187810254679
1.5291587286705415,0.18726770980180335
1.5295958184886551,0.1948838606881207
1.5300329083067687,0.2038427481306419
1.5304699981248824,0.2139843851550867
1.530907087942996,0.22134557366639318
1.5313441777611096,0.22063255337054755
1.5317812675792233,0.21331280849969472
1.532218357397337,0.20777693023424473
1.5326554472154506,0.20979723417994872
1.5330925370335642,0.21712219678477102
1.5335296268516778,0.22396587216441124
1.5339667166697915,0.2264638526681715
1.534403806487905,0.22322358681556284
1.5348408963060187,0.21442314848654445
1.5352779861241324,0.20233395650908917
1.535715075942246,0.1916661518232983
1.5361521657603596,0.18737493331477786
1.5365892555784733,0.1904371330199663
1.537026345396587,0.19665042286380774
1.5374634352147005,0.2015208747754051
1.5379005250328142,0.20445818485278128
1.5383376148509278,0.20576701977137588
1.5387747046690414,0.20352411108831747
1.539211794487155,0.1979718980282231
1.5396488843052687,0.19518097341140575
1.5400859741233823,0.20093072138614734
1.540523063941496,0.21263925473985507
1.5409601537596096,0.2205320032978153
1.5413972435777232,0.2162920081094594
1.5418343333958369,0.20065413120477177
1.5422714232139505,0.1834588900609053
1.5427085130320641,0.1748564697304804
1.5431456028501778,0.1761294056142441
1.5435826926682914,0.18118924792545177
1.544019782486405,0.18540514916678835
1.5444568723045187,0.18863232225621834
1.5448939621226323,0.19096170183904343
1.545331051940746,0.19060712284627956
1.5457681417588596,0.18596827980925482
1.5462052315769732,0.1769210551923899
1.5466423213950868,0.1653171516296674
1.5470794112132005,0.1554993340944874
1.547516501031314,0.15090810931931448
1.5479535908494277,0.14894966584947775
1.5483906806675414,0.14367858025270738
1.548827770485655,0.1347043418068918
1.5492648603037686,0.12838891223751256
1.5497019501218823,0.128518785588488
1.550139039939996,0.1303342481907078
1.5505761297581095,0.1265737928678369
1.5510132195762232,0.11713567001644534
1.5514503093943368,0.10994835921608434
1.5518873992124504,0.11202187915667876
1.552324489030564,0.12103966525215526
1.5527615788486777,0.12705390499497202
1.5531986686667913,0.12247289587050998
1.553635758484905,0.10941113029557428
1.5540728483030186,0.0966469350753009
1.5545099381211323,0.09034584922267433
1.5549470279392459,0.08972440445852643
1.5553841177573595,0.09148664821984578
1.5558212075754732,0.09474002038366607
1.5562582973935868,0.10009895543275711
1.5566953872117004,0.10813710705838275
1.557132477029814,0.12050785095715966
1.5575695668479277,0.13761804531792993
1.5580066566660413,0.15363583690621388
1.558443746484155,0.1595193120803564
1.5588808363022686,0.1524717655958863
1.5593179261203822,0.1378963198224552
1.5597550159384959,0.12291106871723419
1.5601921057566095,0.11274965804694424
1.5606291955747231,0.11162147895502991
1.5610662853928368,0.121349372613791
1.5615033752109504,0.13797762696094545
1.561940465029064,0.1521108019278099
1.5623775548471777,0.1550806230830178
1.5628146446652913,0.14594825651544913
1.563251734483405,0.13126016036198368
1.5636888243015186,0.11759221172564537
1.5641259141196322,0.10705739258155925
1.5645630039377458,0.10030778185969218
1.5650000937558595,0.09924194306736486
1.565437183573973,0.10407186829127893
1.5658742733920867,0.11046346670233287
1.5663113632102004,0.11291893634053374
1.566748453028314,0.11068669967914006
1.5671855428464276,0.10778734850088265
1.5676226326645413,0.10723108928974293
1.568059722482655,0.10844998536826685
1.5684968123007685,0.11073026616479682
1.5689339021188822,0.11501773397745606
1.5693709919369958,0.12103223424797784
1.5698080817551094,0.12625888608116018
1.570245171573223,0.1295008164491363
1.5706822613913367,0.13226454555447212
1.5711193512094503,0.13389828043510646
1.571556441027564,0.12804183397194704
1.5719935308456776,0.10911965867169013
1.5724306206637912,0.08219987402245532
1.5728677104819049,0.060836695661222295
1.5733048003000185,0.05354945071214768
1.5737418901181321,0.05641374232835066
1.5741789799362458,0.05968643842877443
1.5746160697543594,0.058017759510404394
1.575053159572473,0.05349250119597839
1.5754902493905867,0.051395881601786764
1.5759273392087003,0.054107242198962784
1.576364429026814,0.05879991339249387
1.5768015188449276,0.06122336677086164
1.5772386086630412,0.060998877968629864
1.5776756984811549,0.06201680283161336
1.5781127882992685,0.06824194348213046
1.5785498781173821,0.08003300683019984
1.5789869679354958,0.09373871286270873
1.5794240577536094,0.10455254336345207
1.579861147571723,0.11051455778338429
1.5802982373898367,0.11292860519366353
1.5807353272079503,0.11265778512550993
1.581172417026064,0.10913125551621052
1.5816095068441776,0.10388784760940259
1.5820465966622912,0.10096467755641293
1.5824836864804048,0.10228031704216971
1.5829207762985185,0.10595257796595622
1.583357866116632,0.1096908882108585
1.5837949559347457,0.11282636703394784
1.5842320457528594,0.11492425735597321
1.584669135570973,0.11506563722911714
1.5851062253890866,0.11309004050257056
1.5855433152072003,0.11000561831479343
1.585980405025314,0.1064626531989237
1.5864174948434275,0.10176567464717119
1.5868545846615412,0.09530494706104295
1.5872916744796548,0.08831838871118068
1.5877287642977684,0.08312563479252552
1.588165854115882,0.08093214554372281
1.5886029439339957,0.0813815517271738
1.5890400337521093,0.08391394141969742
1.589477123570223,0.08815743072015603
1.5899142133883366,0.09300980121332329
1.5903513032064502,0.0972117962160682
1.5907883930245639,0.1011556539559493
1.5912254828426775,0.105942165705303
1.5916625726607911,0.11061327515613276
1.5920996624789048,0.11316882951650155
1.5925367522970184,0.11396394203744144
1.592973842115132,0.11477500504196378
1.5934109319332457,0.11528380818517932
1.5938480217513593,0.1137019972359532
1.594285111569473,0.10958435484394582
1.5947222013875866,0.10351538405059947
1.5951592912057002,0.09599237067915393
1.5955963810238138,0.08849286494116072
1.5960334708419275,0.08351244819977646
1.5964705606600411,0.08213562429794638
1.5969076504781547,0.08292149217491904
1.5973447402962684,0.08420227068168724
1.597781830114382,0.08737003496183046
1.5982189199324957,0.09607261608893876
1.5986560097506093,0.10942349450585367
1.599093099568723,0.11877550679075721
1.5995301893868366,0.11788770477258334
1.5999672792049502,0.11387714244245883
1.6004043690230638,0.11917076526210602
1.6008414588411775,0.13475726208284045
1.601278548659291,0.1504018324567617
1.6017156384774047,0.15813544870234816
1.6021527282955184,0.1568264575776154
1.602589818113632,0.14784005781733117
1.6030269079317456,0.13465643054247242
1.6034639977498593,0.1231501202750969
1.603901087567973,0.11623815723126238
1.6043381773860865,0.11154649480821237
1.6047752672042002,0.10683128996323976
1.6052123570223138,0.10251891095327868
1.6056494468404274,0.09728300114306086
1.606086536658541,0.08778573366851582
1.6065236264766547,0.0765551238366861
1.6069607162947683,0.07493565293433273
1.607397806112882,0.09199532067585657
1.6078348959309956,0.12152626037679658
1.6082719857491092,0.14561475613110203
1.6087090755672229,0.15177887990017855
1.6091461653853365,0.14208585510873023
1.6095832552034501,0.12653846162121568
1.6100203450215638,0.11459386631164561
1.6104574348396774,0.11252347181022683
1.610894524657791,0.12061533955727877
1.6113316144759047,0.1314366361291825
1.6117687042940183,0.1362159573504667
1.612205794112132,0.1331436344707053
1.6126428839302456,0.1264523077692402
1.6130799737483592,0.1199175238789471
1.6135170635664728,0.11497427378388168
1.6139541533845865,0.112927030493727
1.6143912432027,0.11520911796744158
1.6148283330208137,0.12195183055799443
1.6152654228389274,0.1316837406210872
1.615702512657041,0.14156711970998084
1.6161396024751546,0.1484419964370885
1.6165766922932683,0.15181101292714436
1.617013782111382,0.1546941585989619
1.6174508719294955,0.1592590762183384
1.6178879617476092,0.16368132121038323
1.6183250515657228,0.1657383041071114
1.6187621413838365,0.16706554982878769
1.61919923120195,0.17090971785942144
1.6196363210200637,0.17668534385816495
1.6200734108381774,0.17983741497706318
1.620510500656291,0.17846288807691194
1.6209475904744046,0.1769820211948256
1.6213846802925183,0.1794572614011582
1.6218217701106319,0.1823401924673001
1.6222588599287455,0.17921767697291308
1.6226959497468592,0.17020373357165972
1.6231330395649728,0.16174736330265668
1.6235701293830864,0.1591105064422102
1.6240072192012,0.16176644790108272
1.6244443090193137,0.16495121144774544
1.6248813988374273,0.16575562341995806
1.625318488655541,0.16759212476540813
1.6257555784736546,0.17543983404866373
1.6261926682917682,0.1873903347839883
1.6266297581098819,0.19574685437439052
1.6270668479279955,0.1959118815733933
1.6275039377461091,0.1906218774875559
1.6279410275642228,0.1865281162565818
1.6283781173823364,0.18788633447264017
1.62881520720045,0.1923128837500697
1.6292522970185637,0.1937322406189719
1.6296893868366773,0.18960937686085963
1.630126476654791,0.18183993795229586
1.6305635664729046,0.17192219023793395
1.6310006562910182,0.1606672358092926
1.6314377461091318,0.15087735631806193
1.6318748359272455,0.1451913316528151
1.632311925745359,0.14345934363781582
1.6327490155634727,0.1455959457385439
1.6331861053815864,0.15313513155698982
1.6336231951997,0.16425435159551258
1.6340602850178136,0.1715334589844755
1.6344973748359273,0.170344576335187
1.634934464654041,0.16752216840481574
1.6353715544721545,0.17549879927596718
1.6358086442902682,0.19695324234980302
1.6362457341083818,0.21948692658930852
1.6366828239264954,0.22720366215326332
1.637119913744609,0.21579194249614816
1.6375570035627227,0.1947112227199051
1.6379940933808363,0.1750471537570478
1.63843118319895,0.15931919209448328
1.6388682730170636,0.14602812250004174
1.6393053628351772,0.13683373990563966
1.6397424526532909,0.1320492835038302
1.6401795424714045,0.12780374163645314
1.6406166322895182,0.1252918049766881
1.6410537221076318,0.13154429522497094
1.6414908119257454,0.14566944852822794
1.641927901743859,0.15846668023906701
1.6423649915619727,0.16704008466494905
1.6428020813800863,0.17370423151288567
1.6432391711982,0.17366356878089342
1.6436762610163136,0.1610665832946429
1.6441133508344272,0.14260599169031954
1.6445504406525409,0.1309002182916167
1.6449875304706545,0.12880874916443968
1.6454246202887681,0.1280657864703598
1.6458617101068818,0.11935504091251352
1.6462987999249954,0.10205710412538169
1.646735889743109,0.08640746720048918
1.6471729795612227,0.0831383017578424
1.6476100693793363,0.09149340134408003
1.64804715919745,0.10260593121436513
1.6484842490155636,0.1110150648039026
1.6489213388336772,0.11741641094647129
1.6493584286517908,0.12456821731407677
1.6497955184699045,0.13374082536512213
1.650232608288018,0.1439204004587719
1.6506696981061317,0.15639471729028973
1.6511067879242454,0.17569522838165308
1.651543877742359,0.1984323808953304
1.6519809675604726,0.21130287733426334
1.6524180573785863,0.21026596753115906
1.6528551471967,0.2072635733719017
1.6532922370148135,0.2099243760117541
1.6537293268329272,0.2126407341891414
1.6541664166510408,0.21328582903420815
1.6546035064691544,0.22017874656921196
1.655040596287268,0.23672377239487138
1.6554776861053817,0.25282597929225703
1.6559147759234953,0.25762981813646785
1.656351865741609,0.25300893698591964
1.6567889555597226,0.24831966119912519
1.6572260453778362,0.24719717867079563
1.6576631351959499,0.24765729198038294
1.6581002250140635,0.25026705837987834
1.6585373148321771,0.2553960245334
1.6589744046502908,0.25676148561415457
1.6594114944684044,0.2494271671017355
1.659848584286518,0.24017186567277785
1.6602856741046317,0.2384806132982618
1.6607227639227453,0.24103661833080278
1.661159853740859,0.2361700403164397
1.6615969435589726,0.22072262410629792
1.6620340333770862,0.20254670206459144
1.6624711231951999,0.1886607250162741
1.6629082130133135,0.17993249352512317
1.6633453028314271,0.17635131844549917
1.6637823926495408,0.1796714536642689
1.6642194824676544,0.18905096278701186
1.664656572285768,0.19856935935013806
1.6650936621038817,0.20245766065326024
1.6655307519219953,0.20134578947861967
1.665967841740109,0.19926780902212266
1.6664049315582226,0.1953097495211656
1.6668420213763362,0.1860788008191438
1.6672791111944498,0.1784852000621833
1.6677162010125635,0.18808057187678504
1.668153290830677,0.2165359015217317
1.6685903806487907,0.2420285408987794
1.6690274704669044,0.2426878669943237
1.669464560285018,0.22030901530660982
1.6699016501031316,0.1925228751837674
1.6703387399212453,0.17209123394118472
1.670775829739359,0.16151850680456595
1.6712129195574725,0.15826696167175566
1.6716500093755862,0.15758238102133465
1.6720870991936998,0.15454437505746127
1.6725241890118134,0.14741462123992868
1.672961278829927,0.13865029733807346
1.6733983686480407,0.13264214394835547
1.6738354584661543,0.13256102616818072
1.674272548284268,0.138911966885654
1.6747096381023816,0.1498069410099516
1.6751467279204952,0.1603683837017567
1.6755838177386089,0.16336736316836017
1.6760209075567225,0.15542505918078292
1.6764579973748361,0.14275321731090865
1.6768950871929498,0.13738729851080997
1.6773321770110634,0.1475579402022395
1.677769266829177,0.170733271100133
1.6782063566472907,0.19304683384469498
1.6786434464654043,0.1982610269904532
1.679080536283518,0.18194798001579246
1.6795176261016316,0.1549922283475309
1.6799547159197452,0.13152472663549258
1.6803918057378588,0.116956392079022
1.6808288955559725,0.1084830067656221
1.6812659853740861,0.10300381943053047
1.6817030751921997,0.10078697295337317
1.6821401650103134,0.10083606789438244
1.682577254828427,0.09744857502299642
1.6830143446465406,0.08699243936755534
1.6834514344646543,0.07475152917041923
1.683888524282768,0.06874343013650834
1.6843256141008816,0.07005164899050846
1.6847627039189952,0.0743048812433943
1.6851997937371088,0.07861183227586709
1.6856368835552225,0.08273160434953031
1.686073973373336,0.08611801608391143
1.6865110631914497,0.08646280062992073
1.6869481530095634,0.08143345045752193
1.687385242827677,0.07291621287764914
1.6878223326457906,0.06799660049085317
1.6882594224639043,0.07156350255384657
1.688696512282018,0.07885445422181013
1.6891336021001315,0.08024218802278835
1.6895706919182452,0.07359016665237243
1.6900077817363588,0.06795847380581818
1.6904448715544724,0.07343275245670985
1.690881961372586,0.08884353765706625
1.6913190511906997,0.10258094818961001
1.6917561410088133,0.10663104593952367
1.692193230826927,0.10522776867870444
1.6926303206450406,0.10561377302154083
1.6930674104631542,0.10569658474707615
1.6935045002812679,0.09823750206329572
1.6939415900993815,0.08396901645506802
1.6943786799174951,0.07252304014906961
1.6948157697356088,0.07075104971305868
1.6952528595537224,0.07592746120598891
1.695689949371836,0.0807703582855644
1.6961270391899497,0.08119779235787813
1.6965641290080633,0.07931686747071058
1.697001218826177,0.08160704256594356
1.6974383086442906,0.09231819242966041
1.6978753984624042,0.10568012546412783
1.6983124882805178,0.10938348891477394
1.6987495780986315,0.10109522258504909
1.699186667916745,0.0939827922052918
1.6996237577348587,0.09765273582437221
1.7000608475529724,0.10441836627101393
1.700497937371086,0.10535732494654135
1.7009350271891996,0.10599892074361869
1.7013721170073133,0.11351913633425688
1.701809206825427,0.12280456157614587
1.7022462966435405,0.12518324007526666
1.7026833864616542,0.1183080817438462
1.7031204762797678,0.10488155758952487
1.7035575660978814,0.0932326497711077
1.703994655915995,0.09441246722387488
1.7044317457341087,0.10787164371100676
1.7048688355522224,0.1177806368830194
1.705305925370336,0.11146286942138771
1.7057430151884496,0.09399233471720572
1.7061801050065633,0.08153999286442512
1.7066171948246769,0.08718215173708302
1.7070542846427905,0.11262086100963993
1.7074913744609042,0.14851458272042725
1.7079284642790178,0.18477907271010202
1.7083655540971314,0.21885801998454799
1.708802643915245,0.24606937365858236
1.7092397337333587,0.25027979209609313
1.7096768235514723,0.22118777529945272
1.710113913369586,0.17378914466382997
1.7105510031876996,0.13718708339894106
1.7109880930058132,0.13367740495046285
1.7114251828239269,0.16880609294563872
1.7118622726420405,0.22057668391647048
1.7122993624601541,0.24692037607019532
1.7127364522782678,0.23114406832704
1.7131735420963814,0.20578095969411242
1.713610631914495,0.20798225602282
1.7140477217326087,0.23210866041899864
1.7144848115507223,0.2462460746915529
1.714921901368836,0.235739205128722
1.7153589911869496,0.2127026857653693
1.7157960810050632,0.19244960261107139
1.7162331708231768,0.17649542197408113
1.7166702606412905,0.1613319953983523
1.717107350459404,0.15023423008977782
1.7175444402775177,0.1488846931301346
1.7179815300956314,0.1623053968904941
1.718418619913745,0.1961092685952568
1.7188557097318586,0.24150182090295114
1.7192927995499723,0.267303116695272
1.719729889368086,0.2509869877998266
1.7201669791861995,0.20756624222567804
1.7206040690043132,0.17049241484068572
1.721041158822426,0.15646086488195277
1.7214782486405396,0.158576510924772
1.7219153384586532,0.16373954992078474
1.7223524282767668,0.16899644420860174
1.7227895180948805,0.178129176260627
1.723226607912994,0.18646620452925208
1.7236636977311077,0.1842229552028864
1.7241007875492214,0.1744133111305968
1.724537877367335,0.1695854639589889
1.7249749671854486,0.17270633518395415
1.7254120570035623,0.1770947847910283
1.725849146821676,0.18135503918076418
1.7262862366397895,0.1913946968813407
1.7267233264579032,0.20866602779352159
1.7271604162760168,0.22441999387357545
1.7275975060941304,0.2283996043321885
1.728034595912244,0.21944059582938055
1.7284716857303577,0.2040304000281005
1.7289087755484713,0.18875499198744408
1.729345865366585,0.17795692916095068
1.7297829551846986,0.17277145695752102
1.7302200450028122,0.16804467606807189
1.7306571348209259,0.1557886504769019
1.7310942246390395,0.13602183360094747
1.7315313144571531,0.12020362520019491
1.7319684042752668,0.11944569619622293
1.7324054940933804,0.13140310053365498
1.732842583911494,0.14287294020196598
1.7332796737296077,0.14354029205908486
1.7337167635477213,0.1333587589132932
1.734153853365835,0.1181637724858531
1.7345909431839486,0.10189438297979647
1.7350280330020622,0.0851095550772201
1.7354651228201758,0.071271386657728
1.7359022126382895,0.06823019246659022
1.736339302456403,0.07672127598870926
1.7367763922745167,0.08486620248399734
1.7372134820926304,0.08410274647040797
1.737650571910744,0.08158589902510491
1.7380876617288576,0.0858228073795554
1.7385247515469713,0.09087793614174332
1.738961841365085,0.08664449743694912
1.7393989311831985,0.07474575387250511
1.7398360210013122,0.0647176894003874
1.7402731108194258,0.06427904694098113
1.7407102006375395,0.07904487731509015
1.741147290455653,0.10946175619107117
1.7415843802737667,0.14420178786322269
1.7420214700918804,0.17103403071725906
1.742458559909994,0.19537175158437362
1.7428956497281076,0.2304084443657104
1.7433327395462213,0.2701143150297309
1.743769829364335,0.29267794363102667
1.7442069191824485,0.2892596520233681
1.7446440090005622,0.27119114971229735
1.7450810988186758,0.25204910134032255
1.7455181886367894,0.2348749648435728
1.745955278454903,0.21236311069220817
1.7463923682730167,0.17613794614334372
1.7468294580911303,0.13125667227090093
1.747266547909244,0.09640841829686664
1.7477036377273576,0.08337304704232877
1.7481407275454712,0.08432619085757612
1.7485778173635849,0.08464134098047503
1.7490149071816985,0.08114005486122382
1.7494519969998121,0.08229160839939771
1.7498890868179258,0.09291480989909427
1.7503261766360394,0.10666004741112443
1.750763266454153,0.117790072345254
1.7512003562722667,0.130016257297033
1.7516374460903803,0.1444671735284012
1.752074535908494,0.1499560259859755
1.7525116257266076,0.136406169678752
1.7529487155447212,0.10987409728064759
1.7533858053628348,0.0860860042971892
1.7538228951809485,0.07503138216836613
1.754259984999062,0.07704336010724526
1.7546970748171757,0.08827133428537974
1.7551341646352894,0.10322623252281246
1.755571254453403,0.11480796845341143
1.7560083442715166,0.11941182754977661
1.7564454340896303,0.1215484820483401
1.756882523907744,0.1271219196460231
1.7573196137258575,0.13378836033472344
1.7577567035439712,0.13530328749072382
1.7581937933620848,0.13357076051352515
1.7586308831801984,0.13713933815502358
1.759067972998312,0.14735156391250145
1.7595050628164257,0.15502381781016142
1.7599421526345393,0.15246074325945694
1.760379242452653,0.14116391788984253
1.7608163322707666,0.1280238296798481
1.7612534220888802,0.1214890115365338
1.7616905119069939,0.1284199335059872
1.7621276017251075,0.14632575149664392
1.7625646915432212,0.1628518931920096
1.7630017813613348,0.17020089682742356
1.7634388711794484,0.17476475149127876
1.763875960997562,0.18688236028439906
1.7643130508156757,0.20750309018281965
1.7647501406337893,0.22970185524027104
1.765187230451903,0.246989996808185
1.7656243202700166,0.2562677158962746
1.7660614100881302,0.2577108275176002
1.7664984999062439,0.25426908524347536
1.7669355897243575,0.24860919492164232
1.7673726795424711,0.24103565080177342
1.7678097693605848,0.23250571652491647
1.7682468591786984,0.22751765693457557
1.768683948996812,0.23010260451097012
1.7691210388149257,0.23692123157367767
1.7695581286330393,0.23959810246735075
1.769995218451153,0.23651628953865558
1.7704323082692666,0.2350861825179201
1.7708693980873802,0.23810909502039052
1.7713064879054938,0.23710619107259148
1.7717435777236075,0.22409250830506053
1.772180667541721,0.202063681608327
1.7726177573598347,0.18194067952373305
1.7730548471779484,0.17486423169831097
1.773491936996062,0.18471607230244433
1.7739290268141756,0.2029707765542478
1.7743661166322893,0.21503491206244926
1.774803206450403,0.21523038096409516
1.7752402962685165,0.21086315047011142
1.7756773860866302,0.20991197689649835
1.7761144759047438,0.2118673468100975
1.7765515657228574,0.2134958605244699
1.776988655540971,0.21526877970933775
1.7774257453590847,0.21772296741119365
1.7778628351771983,0.21853645118267026
1.778299924995312,0.21625712588085746
1.7787370148134256,0.21210616100709598
1.7791741046315392,0.208574861388255
1.7796111944496529,0.20892337338367564
1.7800482842677665,0.21477592660018358
1.7804853740858801,0.22384203614678294
1.7809224639039938,0.23348536931578923
1.7813595537221074,0.24341549473975083
1.781796643540221,0.2514063619136109
1.7822337333583347,0.2510892709906318
1.7826708231764483,0.23790527558988708
1.783107912994562,0.2158146955878108
1.7835450028126756,0.19683374386344307
1.7839820926307892,0.1922349385717461
1.7844191824489029,0.20246154543850886
1.7848562722670165,0.21795755880753967
1.7852933620851301,0.2305490630597479
1.7857304519032438,0.2386906916235625
1.7861675417213574,0.24132375753463772
1.786604631539471,0.23581589614780166
1.7870417213575847,0.22448370855145203
1.7874788111756983,0.21382326599090856
1.787915900993812,0.20498722822379295
1.7883529908119256,0.19372053784871449
1.7887900806300392,0.1799796974713854
1.7892271704481528,0.1690247443722441
1.7896642602662665,0.16348285503035717
1.79010135008438,0.16121676976268592
1.7905384399024937,0.16066502507371724
1.7909755297206074,0.16354654948796118
1.791412619538721,0.17103874804566846
1.7918497093568346,0.1796371915180148
1.7922867991749483,0.18387743680748708
1.792723888993062,0.1828676244473795
1.7931609788111755,0.18052756017201463
1.7935980686292892,0.17880539326978231
1.7940351584474028,0.1746257736222105
1.7944722482655164,0.16585569708542688
1.79490933808363,0.1568889050085178
1.7953464279017437,0.15379662199976493
1.7957835177198573,0.15626871585341712
1.796220607537971,0.15986476510410277
1.7966576973560846,0.16343060255142872
1.7970947871741982,0.16803862804463893
1.7975318769923119,0.1723525968585969
1.7979689668104255,0.17573197874590102
1.7984060566285391,0.18166537753200931
1.7988431464466528,0.19110566447783156
1.7992802362647664,0.1965136762608823
1.79971732608288,0.19030391933782648
1.8001544159009937,0.17648808234764773
1.8005915057191073,0.16660550711232736
1.801028595537221,0.166097634303833
1.8014656853553346,0.1709703594204404
1.8019027751734482,0.175725310119744
1.8023398649915618,0.1783022372328428
1.8027769548096755,0.1779114970011193
1.8032140446277891,0.17395734246795347
1.8036511344459027,0.1687126902537515
1.8040882242640164,0.16609385887093137
1.80452531408213,0.16590435046935484
1.8049624039002437,0.1647058038517524
1.8053994937183573,0.16269836074100294
1.805836583536471,0.16233393604419305
1.8062736733545846,0.16127796244530762
1.8067107631726982,0.15561170691885604
1.8071478529908118,0.14867406439539724
1.8075849428089255,0.14836399502296185
1.808022032627039,0.15628136236789875
1.8084591224451527,0.16637284649912615
1.8088962122632664,0.17443173272869633
1.80933330208138,0.18232162619858203
1.8097703918994936,0.1910602243984622
1.8102074817176073,0.1963973487057813
1.810644571535721,0.19510077115099825
1.8110816613538345,0.19079535438909323
1.8115187511719482,0.18975733336155928
1.8119558409900618,0.19377710092690967
1.8123929308081754,0.19931980133179178
1.812830020626289,0.20111386757789337
1.8132671104444027,0.19539935133481331
1.8137042002625163,0.18277006107404406
1.81414129008063,0.16871737772526835
1.8145783798987436,0.15846270989503708
1.8150154697168572,0.15191731925064303
1.8154525595349709,0.14681172577191517
1.8158896493530845,0.14387806728752328
1.8163267391711981,0.14462788717628447
1.8167638289893118,0.14742013414528038
1.8172009188074254,0.14995767704351218
1.817638008625539,0.15232367091822166
1.8180750984436527,0.154945552676824
1.8185121882617663,0.15744848745486162
1.81894927807988,0.1601257597514027
1.8193863678979936,0.16280425588313502
1.8198234577161072,0.16455558714586735
1.8202605475342208,0.1667754259248619
1.8206976373523345,0.17032410961910302
1.821134727170448,0.16958900238969096
1.8215718169885617,0.1589914533402438
1.8220089068066754,0.14330202011084325
1.822445996624789,0.13118863321970106
1.8228830864429026,0.12325341050756207
1.8233201762610163,0.11596073783109838
1.82375726607913,0.11052335230233434
1.8241943558972435,0.10892896872700333
1.8246314457153572,0.1074516747200116
1.8250685355334708,0.10156202959474178
1.8255056253515844,0.09355628177636459
1.825942715169698,0.09113738638682853
1.8263798049878117,0.09977785691231326
1.8268168948059254,0.11690167823288056
1.827253984624039,0.13356788807864278
1.8276910744421526,0.14332162025632797
1.8281281642602663,0.1475530447267481
1.8285652540783799,0.15033769525791918
1.8290023438964935,0.15213641518297044
1.8294394337146072,0.1509650526787449
1.8298765235327208,0.14594064233419032
1.8303136133508344,0.13823873533065748
1.830750703168948,0.13081051131528673
1.8311877929870617,0.12656251510474667
1.8316248828051753,0.12508294150536792
1.832061972623289,0.12288757092068536
1.8324990624414026,0.1190187561398227
1.8329361522595162,0.11786268064532913
1.8333732420776299,0.12278552136622688
1.8338103318957435,0.1299582955819046
1.8342474217138571,0.13326664429989726
1.8346845115319708,0.13181866724680738
1.8351216013500844,0.12815390056074735
1.835558691168198,0.12356208954186268
1.8359957809863117,0.11869204777414077
1.8364328708044253,0.11437577204118597
1.836869960622539,0.11006142948776185
1.8373070504406526,0.10461871506853539
1.8377441402587662,0.09861420545024947
1.8381812300768798,0.0945825243529106
1.8386183198949935,0.09649123969439644
1.839055409713107,0.10744680162519729
1.8394924995312207,0.12451688342663027
1.8399295893493344,0.13791957503403712
1.840366679167448,0.13911843771862042
1.8408037689855616,0.12898567883069345
1.8412408588036753,0.1169604786498812
1.841677948621789,0.11287890010447033
1.8421150384399025,0.11878263626404884
1.8425521282580162,0.12786537492823688
1.8429892180761298,0.1313672427747362
1.8434263078942434,0.12592252663557044
1.843863397712357,0.11555289594309645
1.8443004875304707,0.10771465820741911
1.8447375773485843,0.10605318081787918
1.845174667166698,0.10912965573405056
1.8456117569848116,0.11691234772410015
1.8460488468029252,0.1301563072772655
1.8464859366210389,0.14306741260005232
1.8469230264391525,0.14818825469072672
1.8473601162572661,0.14620547373239587
1.8477972060753798,0.14080226990599487
1.8482342958934934,0.13126252891396253
1.848671385711607,0.11782774764590753
1.8491084755297207,0.10586865353310392
1.8495455653478343,0.10039740356973659
1.849982655165948,0.10028643404828641
1.8504197449840616,0.09849302081543333
1.8508568348021752,0.08939636300336347
1.8512939246202889,0.07541248649295142
1.8517310144384025,0.06187478854820006
1.8521681042565161,0.049783074798184355
1.8526051940746298,0.03903544354538036
1.8530422838927434,0.03142639880956938
1.853479373710857,0.02703601816316074
1.8539164635289707,0.024989897357725083
1.8543535533470843,0.02780702054835205
1.854790643165198,0.03930223884511101
1.8552277329833116,0.05873670559446773
1.8556648228014252,0.07918806190660097
1.8561019126195388,0.09221234772177034
1.8565390024376525,0.09535412365983963
1.856976092255766,0.09438045809382804
1.8574131820738797,0.09626510211834184
1.8578502718919934,0.101395945216467
1.858287361710107,0.10601610989353664
1.8587244515282206,0.11080843071794289
1.8591615413463343,0.1191513970779078
1.859598631164448,0.12599972582551958
1.8600357209825615,0.12106371649605793
1.8604728108006752,0.10686528440346742
1.8609099006187888,0.09933753790878126
1.8613469904369024,0.10640971396572327
1.861784080255016,0.11989148873307284
1.8622211700731297,0.130106094232483
1.8626582598912433,0.1346706150853059
1.863095349709357,0.13297690109042765
1.8635324395274706,0.12492473484186759
1.8639695293455842,0.1148337641477323
1.8644066191636979,0.10784449764538728
1.8648437089818115,0.1041518180005551
1.8652807987999251,0.10064516719214485
1.8657178886180388,0.09562877799346156
1.8661549784361524,0.09274212104662123
1.866592068254266,0.10047253957090292
1.8670291580723797,0.1211633908245141
1.8674662478904933,0.14278472100298645
1.867903337708607,0.15110336121130202
1.8683404275267206,0.1458171366393843
1.8687775173448342,0.13694947530835813
1.8692146071629478,0.13117208718939224
1.8696516969810615,0.12691395795493607
1.8700887867991751,0.11935217458095769
1.8705258766172888,0.10813929770750405
1.8709629664354024,0.09884177195791302
1.871400056253516,0.0951398670355835
1.8718371460716297,0.0945867761891815
1.8722742358897433,0.09557253635554316
1.872711325707857,0.10144885461579191
1.8731484155259706,0.1132043161108076
1.8735855053440842,0.12450874551724243
1.8740225951621978,0.12846886118606468
1.8744596849803115,0.12563337613199596
1.874896774798425,0.12273690466587009
1.8753338646165387,0.1247386310254068
1.8757709544346524,0.12994939734664573
1.876208044252766,0.1347337176141476
1.8766451340708796,0.1403219158695271
1.8770822238889933,0.1495396757528926
1.877519313707107,0.15926678805739128
1.8779564035252205,0.16228904289727256
1.8783934933433342,0.1547717387552537
1.8788305831614478,0.13900100953687322
1.8792676729795614,0.12185221125002917
1.879704762797675,0.11117396703005926
1.8801418526157887,0.11034747037875985
1.8805789424339023,0.11605227817758275
1.881016032252016,0.1218946578132792
1.8814531220701296,0.12286169430181416
1.8818902118882432,0.11773141718998195
1.8823273017063569,0.11092392817463724
1.8827643915244705,0.1107298406678703
1.8832014813425841,0.12116840416245624
1.8836385711606978,0.13652337066865922
1.8840756609788114,0.14728458308665293
1.884512750796925,0.14966164184013694
1.8849498406150387,0.14801049016809054
1.8853869304331523,0.150533994909146
1.885824020251266,0.16062252674064628
1.8862611100693796,0.16978981477548769
1.8866981998874932,0.1651833266987304
1.8871352897056068,0.14688488411415554
1.8875723795237205,0.12947604702059973
1.8880094693418341,0.12470846370726278
1.8884465591599477,0.13178605872147603
1.8888836489780614,0.1441054035352513
1.889320738796175,0.15484242423151598
1.8897578286142886,0.15723819643690032
1.8901949184324023,0.1498383661553355
1.890632008250516,0.13987978359465855
1.8910690980686296,0.13419656492556484
1.8915061878867432,0.13156974645854083
1.8919432777048568,0.1301752234658681
1.8923803675229705,0.13479049741239563
1.892817457341084,0.1481024123958771
1.8932545471591977,0.16056895912881547
1.8936916369773114,0.15890981079683245
1.894128726795425,0.1433356320224654
1.8945658166135386,0.12675976018711105
1.8950029064316523,0.11674395498947922
1.895439996249766,0.10963935083020447
1.8958770860678795,0.10302517583130809
1.8963141758859932,0.09987858743036167
1.8967512657041068,0.09952714314942697
1.8971883555222204,0.09765162480576335
1.897625445340334,0.09504862232716826
1.8980625351584477,0.09717098552187244
1.8984996249765613,0.10668544623309743
1.898936714794675,0.11992541871786107
1.8993738046127886,0.12834160928245567
1.8998108944309022,0.12592979725852474
1.9002479842490159,0.11775228124576621
1.9006850740671295,0.1153006969508663
1.9011221638852431,0.12229260085324888
1.9015592537033568,0.13204509606821255
1.9019963435214704,0.1371252097045285
1.902433433339584,0.13384347206894145
1.9028705231576977,0.1216875229424271
1.9033076129758113,0.10620983752239552
1.903744702793925,0.09708482033349368
1.9041817926120386,0.09881899700648582
1.9046188824301522,0.10980505128231262
1.9050559722482658,0.128018491506141
1.9054930620663795,0.1470222048758238
1.905930151884493,0.15325392457582568
1.9063672417026067,0.1409869182475368
1.9068043315207204,0.1228924665677136
1.907241421338834,0.11492492340124624
1.9076785111569476,0.11960071177684949
1.9081156009750613,0.13122204380708452
1.908552690793175,0.14602115292085247
1.9089897806112885,0.16084626025960724
1.9094268704294022,0.1717749539652754
1.9098639602475158,0.1790145254891411
1.9103010500656294,0.18660219461085684
1.910738139883743,0.19370639918200924
1.9111752297018567,0.19162102987999244
1.9116123195199703,0.17537817490321528
1.912049409338084,0.15381728420889632
1.9124864991561976,0.13930807708367013
1.9129235889743113,0.13343620985457863
1.9133606787924249,0.13317609941680636
1.9137977686105385,0.1409501144763317
1.9142348584286522,0.15627096693543094
1.9146719482467658,0.1693179304490659
1.9151090380648794,0.1737952354173745
1.915546127882993,0.17429646676386312
1.9159832177011067,0.17467015159238458
1.9164203075192203,0.17243612881272843
1.916857397337334,0.16742858699662286
1.9172944871554476,0.16301131225244533
1.9177315769735612,0.1594253560144783
1.9181686667916749,0.15565514792142068
1.9186057566097885,0.15287885731320344
1.9190428464279021,0.15033409782163568
1.9194799362460158,0.14607932016797723
1.9199170260641294,0.1438988645816289
1.920354115882243,0.14903447094452563
1.9207912057003567,0.15695267158623707
1.9212282955184703,0.1575077099078801
1.921665385336584,0.1489929477682586
1.9221024751546976,0.13673430584173502
1.9225395649728112,0.12221802522373526
1.9229766547909248,0.10664770225081874
1.9234137446090385,0.09804731861458683
1.923850834427152,0.10114656081656134
1.9242879242452657,0.10845622970146729
1.9247250140633794,0.11161041455431416
1.925162103881493,0.11127269071821745
1.9255991936996066,0.10956949742223435
1.9260362835177194,0.1051710479423458
1.926473373335833,0.09951785109634706
1.9269104631539467,0.0952461259307967
1.9273475529720603,0.08830958346874473
1.927784642790174,0.07464040623372024
1.9282217326082876,0.06195205601990313
1.9286588224264012,0.0616675103861944
1.9290959122445148,0.07108314805994616
1.9295330020626285,0.07545915834150556
1.929970091880742,0.07000986996834281
1.9304071816988557,0.06958128318200067
1.9308442715169694,0.08752305022874933
1.931281361335083,0.1134719051043551
1.9317184511531966,0.12626184174101765
1.9321555409713103,0.12019026223706483
1.932592630789424,0.10243614881605721
1.9330297206075375,0.0768814324249836
1.9334668104256512,0.04980694579643143
1.9339039002437648,0.037968214407125604
1.9343409900618784,0.05057879451264292
1.934778079879992,0.07567974224670604
1.9352151696981057,0.09795961189878628
1.9356522595162193,0.1126362416376571
1.936089349334333,0.11554430688240389
1.9365264391524466,0.10345395864309852
1.9369635289705602,0.08649407636814174
1.9374006187886739,0.07898495959593295
1.9378377086067875,0.08222985118061969
1.9382747984249011,0.08985772172490522
1.9387118882430148,0.09810290401420022
1.9391489780611284,0.10297378856332273
1.939586067879242,0.10160286603873601
1.9400231576973557,0.09914357592830988
1.9404602475154693,0.10202465899557327
1.940897337333583,0.10746233694385222
1.9413344271516966,0.10959219136584343
1.9417715169698102,0.10900618264914573
1.9422086067879238,0.10931238970532112
1.9426456966060375,0.11076120074257914
1.943082786424151,0.10882608263477986
1.9435198762422647,0.09657495622999736
1.9439569660603784,0.07262252768218548
1.944394055878492,0.04521878151979201
1.9448311456966056,0.023572570230120722
1.9452682355147193,0.010196296013370618
1.945705325332833,0.00382588166956275
1.9461424151509465,0.0037797236953480994
1.9465795049690602,0.010627361127528125
1.9470165947871738,0.022927278826772764
1.9474536846052874,0.03320096520150602
1.947890774423401,0.03540457263109315
1.9483278642415147,0.037402968987143195
1.9487649540596284,0.05205823026121441
1.949202043877742,0.07719147408898593
1.9496391336958556,0.10069347979531632
1.9500762235139693,0.11791821122305819
1.9505133133320829,0.1267034025469032
1.9509504031501965,0.11929231262815687
1.9513874929683102,0.09615532487546022
1.9518245827864238,0.0729521296997362
1.9522616726045374,0.06255108559911712
1.952698762422651,0.06273691049383458
1.9531358522407647,0.0664277064435874
1.9535729420588783,0.07327427229630497
1.954010031876992,0.08532081127456785
1.9544471216951056,0.09705776552672417
1.9548842115132192,0.09950124474632996
1.9553213013313329,0.0929292979077041
1.9557583911494465,0.08567933236290301
1.9561954809675601,0.08302511911494938
1.9566325707856738,0.08486266132723559
1.9570696606037874,0.08728112480664567
1.957506750421901,0.08325298285877931
1.9579438402400147,0.0708225754319577
1.9583809300581283,0.05744665286681634
1.958818019876242,0.05334530747968936
1.9592551096943556,0.07238795107729647
1.9596921995124692,0.12638263786661372
1.9601292893305828,0.19515945261899878
1.9605663791486965,0.23081692280745547
1.96100346896681,0.21750441596800388
1.9614405587849237,0.19064843851079166
1.9618776486030374,0.18464878211422836
1.962314738421151,0.19881290518942288
1.9627518282392646,0.21060525673634395
1.9631889180573783,0.196760955930664
1.963626007875492,0.15613447024945093
1.9640630976936055,0.11916884374570173
1.9645001875117192,0.11876111570284616
1.9649372773298328,0.1548465654667087
1.9653743671479464,0.19445271707089523
1.96581145696606,0.20215560409523367
1.9662485467841737,0.17417131441830275
1.9666856366022873,0.14459322158445345
1.967122726420401,0.14905871064078344
1.9675598162385146,0.1797875580858991
1.9679969060566282,0.18935332421072973
1.9684339958747419,0.1492003721199414
1.9688710856928555,0.08660192844282695
1.9693081755109691,0.04396109641881834
1.9697452653290828,0.02659489973456413
1.9701823551471964,0.016178699081405856
1.97061944496531,0.006956238109222597
1.9710565347834237,0.003377232327827061
1.9714936246015373,0.004698102532053112
1.971930714419651,0.009887893487798656
1.9723678042377646,0.025280966499962348
1.9728048940558782,0.05746466036081597
1.9732419838739919,0.10186552169407284
1.9736790736921055,0.14254034354467635
1.9741161635102191,0.1668988257421669
1.9745532533283328,0.18169208260609196
1.9749903431464464,0.20448618928457993
1.97542743296456,0.2329950016861144
1.9758645227826737,0.24143787196212838
1.9763016126007873,0.21958589213184573
1.976738702418901,0.1911627206759084
1.9771757922370146,0.17931083021603098
1.9776128820551282,0.17901238587102455
1.9780499718732418,0.1776684584121706
1.9784870616913555,0.17995691769759464
1.978924151509469,0.19309854443889532
1.9793612413275827,0.20382964130900527
1.9797983311456964,0.19557847222122568
1.98023542096381,0.1778235745581791
1.9806725107819236,0.17305838815288516
1.9811096006000373,0.18727172529056652
1.981546690418151,0.21229134056130988
1.9819837802362645,0.23771383073774247
1.9824208700543782,0.24831908520382648
1.9828579598724918,0.23194418846398931
1.9832950496906054,0.19701965735249313
1.983732139508719,0.16865360264228307
1.9841692293268327,0.1706805574948326
1.9846063191449463,0.21270628657373408
1.98504340896306,0.27465785414053523
1.9854804987811736,0.3071744402228438
1.9859175885992872,0.2772542547478892
1.9863546784174009,0.21098306739349676
1.9867917682355145,0.16477826071060772
1.9872288580536281,0.16151286137447246
1.9876659478717418,0.17664307994103354
1.9881030376898554,0.17793929365931999
1.988540127507969,0.15893544119242972
1.9889772173260827,0.13537133506098745
1.9894143071441963,0.12323140870138179
1.98985139696231,0.126554445202836
1.9902884867804236,0.1390964463533814
1.9907255765985372,0.14785566564493327
1.9911626664166509,0.1390866974945841
1.9915997562347645,0.11187508377894119
1.9920368460528781,0.08426903421980035
1.9924739358709918,0.0769165566245754
1.9929110256891054,0.08994074581424005
1.993348115507219,0.10389118119417562
1.9937852053253327,0.10677708895358592
1.9942222951434463,0.10906275472633868
1.99465938496156,0.12402766752983559
1.9950964747796736,0.14627249982681895
1.9955335645977872,0.1595480160637151
1.9959706544159008,0.1576900585618739
1.9964077442340145,0.1518401573846749
1.996844834052128,0.15485946226087263
1.9972819238702417,0.16090260873271942
1.9977190136883554,0.15477717221231033
1.998156103506469,0.13768182407451293
1.9985931933245826,0.12207908542572442
1.9990302831426963,0.110779013970922
1.99946737296081,0.10012801188400536
1.9999044627789235,0.09109006458291613
2.000341552597037,0.08912934210280087
2.000778642415151,0.099477418141702
2.0012157322332644,0.11736553646261265
2.001652822051378,0.13022695724818487
2.0020899118694917,0.1390934284572143
2.0025270016876053,0.15536705248634222
2.002964091505719,0.1743628647171706
2.0034011813238326,0.18280638689956355
2.0038382711419462,0.18160788881121231
2.00427536096006,0.17572179495741952
2.0047124507781735,0.16392976786150548
2.005149540596287,0.15093734929703803
2.0055866304144008,0.14583916263372412
2.0060237202325144,0.15002520406878267
2.006460810050628,0.1601466495583641
2.0068978998687417,0.1701365578915208
2.0073349896868553,0.1667282781272132
2.007772079504969,0.14092919768518844
2.0082091693230826,0.1058047958974044
2.008646259141196,0.08730608284537633
2.00908334895931,0.093309579766869
2.0095204387774235,0.1075970962314301
2.009957528595537,0.12179210076444656
2.0103946184136507,0.14708264807487154
2.0108317082317644,0.18047114801730113
2.011268798049878,0.19606513547548146
2.0117058878679916,0.18715695074589753
2.0121429776861053,0.17820865429670277
2.012580067504219,0.18401460529169342
2.0130171573223326,0.19319487891467954
2.013454247140446,0.19510366323320122
2.01389133695856,0.19235097563304296
2.0143284267766735,0.18642799007379524
2.014765516594787,0.17227243393949557
2.0152026064129007,0.1477739999620135
2.0156396962310144,0.11870948223330431
2.016076786049128,0.09488388560459714
2.0165138758672416,0.08314612234030325
2.0169509656853553,0.0832800133549185
2.017388055503469,0.09282506994759714
2.0178251453215825,0.11147575200443313
2.018262235139696,0.13612490265857272
2.01869932495781,0.16213814844810298
2.0191364147759234,0.19144710278576735
2.019573504594037,0.22450342215914224
2.0200105944121507,0.2503735299616649
2.0204476842302643,0.2622757251237176
2.020884774048378,0.26975046257827456
2.0213218638664916,0.2794451288922655
2.0217589536846052,0.28056964626936376
2.022196043502719,0.2614878197446099
2.0226331333208325,0.22680722875869153
2.023070223138946,0.1929657971581548
2.0235073129570598,0.1747506081291989
2.0239444027751734,0.17538782658145843
2.024381492593287,0.1872361732649816
2.0248185824114007,0.19974184855747387
2.0252556722295143,0.20298463119677584
2.025692762047628,0.1927508766429744
2.0261298518657416,0.17880125081409703
2.026566941683855,0.17644671716436802
2.027004031501969,0.1880662676938038
2.0274411213200825,0.201893780689461
2.027878211138196,0.20493504775584695
2.0283153009563097,0.19370452254511056
2.0287523907744234,0.17740849255188576
2.029189480592537,0.1694018654923087
2.0296265704106506,0.1726972245330571
2.0300636602287643,0.17713739881688814
2.030500750046878,0.17452089627212836
2.0309378398649915,0.1717318678259491
2.031374929683105,0.17840889913695857
2.031812019501219,0.1879869804512025
2.0322491093193324,0.1871608990340413
2.032686199137446,0.17630497548721072
2.0331232889555597,0.16626520075896586
2.0335603787736733,0.16202750806323915
2.033997468591787,0.15734688189779078
2.0344345584099006,0.14567398606055224
2.0348716482280143,0.13379351218675414
2.035308738046128,0.13315726136157732
2.0357458278642415,0.1412077531771975
2.036182917682355,0.15094811804803815
2.036620007500469,0.16794570103448847
2.0370570973185824,0.19658156814665137
2.037494187136696,0.22626665384728936
2.0379312769548097,0.2444910897223373
2.0383683667729233,0.2471396529047658
2.038805456591037,0.2367179789591969
2.0392425464091506,0.22240121164782534
2.0396796362272642,0.21276413441363967
2.040116726045378,0.206635244352272
2.0405538158634915,0.20172507621148986
2.040990905681605,0.20261997314788746
2.0414279954997188,0.21042433319300732
2.0418650853178324,0.2179765297854243
2.042302175135946,0.22158558552580976
2.0427392649540597,0.2269271997686788
2.0431763547721733,0.24015083114482697
2.043613444590287,0.25801120278050144
2.0440505344084006,0.26988138659647853
2.044487624226514,0.2686445073893255
2.044924714044628,0.25456976638566886
2.0453618038627415,0.23214583927014493
2.045798893680855,0.21164494474191692
2.0462359834989687,0.20403139161312758
2.0466730733170824,0.20729961365716446
2.047110163135196,0.21264584918818083
2.0475472529533096,0.21973364423027614
2.0479843427714233,0.22674338198005753
2.048421432589537,0.223181684946019
2.0488585224076505,0.2119214041481195
2.049295612225764,0.21263037985240282
2.049732702043878,0.22932369451201254
2.0501697918619914,0.2417923019517027
2.050606881680105,0.23541622367228304
2.0510439714982187,0.21562516394136583
2.0514810613163323,0.19584474671467592
2.051918151134446,0.18934541640319358
2.0523552409525596,0.20082930548715244
2.0527923307706732,0.21574923032573912
2.053229420588787,0.21593196696255057
2.0536665104069005,0.20368173452872515
2.054103600225014,0.19144962343759664
2.054540690043128,0.18308152461712343
2.0549777798612414,0.1799532799370875
2.055414869679355,0.1838560960182123
2.0558519594974687,0.18891874307614906
2.0562890493155823,0.18994911138163093
2.056726139133696,0.19280290124497543
2.0571632289518096,0.20270020737356803
2.057600318769923,0.21132767410916894
2.058037408588037,0.2053999794258205
2.0584744984061505,0.18617222789280236
2.058911588224264,0.17297971528981818
2.0593486780423778,0.18048839605318598
2.0597857678604914,0.20004715889308855
2.060222857678605,0.21390881347742732
2.0606599474967187,0.21845834842415135
2.0610970373148323,0.22240290043568806
2.061534127132946,0.2284347978833914
2.0619712169510596,0.2280134369680114
2.062408306769173,0.21711408634681886
2.062845396587287,0.2067671862975228
2.0632824864054005,0.2085748708992086
2.063719576223514,0.2193500261888283
2.0641566660416277,0.2281106359368794
2.0645937558597414,0.2298862195910559
2.065030845677855,0.23064482538263759
2.0654679354959686,0.23987105847367143
2.0659050253140823,0.25152974695834013
2.066342115132196,0.24279283163830015
2.0667792049503095,0.20706327375140673
2.067216294768423,0.16957307119155304
2.067653384586537,0.1532552995850274
2.0680904744046504,0.15211907109309505
2.068527564222764,0.15127690093667887
2.0689646540408777,0.14930660448367972
2.0694017438589913,0.15144805586200433
2.069838833677105,0.15959550919271356
2.0702759234952186,0.17291142406855203
2.0707130133133322,0.18555167923373792
2.071150103131446,0.18774515433351233
2.0715871929495595,0.1788409133810612
2.072024282767673,0.16926277643275042
2.0724613725857868,0.1645713442857908
2.0728984624039004,0.16091103906591
2.073335552222014,0.1527184035838747
2.0737726420401277,0.13291263273409645
2.0742097318582413,0.09837890229568413
2.074646821676355,0.0613319826161781
2.0750839114944686,0.03919169179011115
2.075521001312582,0.03698574764294716
2.075958091130696,0.05024219314193738
2.0763951809488095,0.06958417533713142
2.076832270766923,0.07853160651487821
2.0772693605850368,0.06893685962080164
2.0777064504031504,0.057894671535709506
2.078143540221264,0.0677242375171793
2.0785806300393777,0.09544327045401738
2.0790177198574913,0.12266537684174665
2.079454809675605,0.14399259801539294
2.0798918994937186,0.16411283092510015
2.080328989311832,0.18058351542122955
2.080766079129946,0.1901335611371398
2.0812031689480595,0.19970823988846154
2.081640258766173,0.2145030610118377
2.0820773485842867,0.2248236412906938
2.0825144384024004,0.21834446936960847
2.082951528220514,0.1986119386579651
2.0833886180386276,0.1799969124761082
2.0838257078567413,0.16981250102958678
2.084262797674855,0.16541861913932682
2.0846998874929685,0.16268626242099038
2.085136977311082,0.15768677974569148
2.085574067129196,0.14603145340463303
2.0860111569473094,0.1284090537095989
2.086448246765423,0.11147002612708135
2.0868853365835367,0.09863543956307574
2.0873224264016503,0.08660781955433053
2.087759516219764,0.07405832097741626
2.0881966060378776,0.06701572406492595
2.0886336958559912,0.07280309153641916
2.089070785674105,0.09051294233869575
2.0895078754922185,0.10837737572132221
2.089944965310332,0.11575278501587692
2.0903820551284458,0.11660440632854133
2.0908191449465594,0.1207810904524278
2.091256234764673,0.13020627836625542
2.0916933245827867,0.14467458646241313
2.0921304144009003,0.16321207856907427
2.092567504219014,0.1759851072606284
2.0930045940371276,0.17671095717959925
2.093441683855241,0.17255140858883164
2.093878773673355,0.16624205891117244
2.0943158634914685,0.15239495524987268
2.094752953309582,0.1354985291179378
2.0951900431276957,0.12539235748322894
2.0956271329458094,0.12217423617785195
2.096064222763923,0.12316456019649538
2.0965013125820366,0.1298250286779474
2.0969384024001503,0.13951799471289575
2.097375492218264,0.14546706941701232
2.0978125820363775,0.1463810087485731
2.098249671854491,0.14573790414139912
2.098686761672605,0.1446024157527876
2.0991238514907185,0.14196832679388924
2.099560941308832,0.13868640166008528
2.0999980311269457,0.13686648917702085
2.1004351209450594,0.13763197974142213
2.100872210763173,0.14150988961004812
2.1013093005812866,0.14896231845728294
2.1017463903994003,0.1612218465623545
2.102183480217514,0.18277227636037388
2.1026205700356275,0.21464520872415468
2.103057659853741,0.24250164965302745
2.103494749671855,0.24846910379147813
2.1039318394899684,0.23459810860177172
2.104368929308082,0.21455228126811315
2.1048060191261957,0.19245226970275628
2.1052431089443093,0.16922419910393807
2.105680198762423,0.15238240163846584
2.1061172885805366,0.14540000194379804
2.1065543783986502,0.14324483703873345
2.106991468216764,0.1426735679550968
2.1074285580348775,0.14390407463103477
2.107865647852991,0.14545820387839753
2.1083027376711048,0.14968528862465422
2.1087398274892184,0.16526711880481473
2.109176917307332,0.19053758470205068
2.1096140071254457,0.20588955908716738
2.1100510969435593,0.19698117800895473
2.110488186761673,0.17257375633267102
2.1109252765797866,0.149810178757294
2.1113623663979,0.13662148032939916
2.111799456216014,0.13314014661915088
2.1122365460341275,0.13584673892342086
2.112673635852241,0.13835662404033838
2.1131107256703547,0.13686176215053567
2.1135478154884684,0.1327429391609444
2.113984905306582,0.12810574526982602
2.1144219951246956,0.12474668552502098
2.1148590849428093,0.1246303456049469
2.115296174760923,0.1261271988858322
2.1157332645790365,0.12564043106660142
2.11617035439715,0.12377370181282916
2.116607444215264,0.12329678210299785
2.1170445340333774,0.1247752087344558
2.117481623851491,0.12892089660458753
2.1179187136696047,0.13692525850722143
2.1183558034877183,0.14673264916100495
2.118792893305832,0.15538805267430503
2.1192299831239456,0.16326352545263653
2.1196670729420592,0.17034266586199406
2.120104162760173,0.17340472812586066
2.1205412525782865,0.17173567311593727
2.1209783423964,0.1695515173903752
2.121415432214514,0.1699806719599734
2.1218525220326274,0.1714005342035855
2.122289611850741,0.16995834356204595
2.1227267016688547,0.16389660171746048
2.1231637914869683,0.15699604095642686
2.123600881305082,0.15604323803104506
2.1240379711231956,0.1613538729719208
2.1244750609413092,0.16386494574216948
2.124912150759423,0.1569987327616411
2.1253492405775365,0.14550719442395768
2.12578633039565,0.13609305705053737
2.1262234202137638,0.12781987510161882
2.1266605100318774,0.11848903370914894
2.127097599849991,0.10965702914871808
2.1275346896681047,0.10040400860829508
2.1279717794862183,0.08858494497534472
2.128408869304332,0.08059187359229661
2.1288459591224456,0.08659243671643922
2.129283048940559,0.1042500759981596
2.129720138758673,0.11886503425132226
2.1301572285767865,0.12186767897672043
2.130594318394899,0.11902301559205238
2.131031408213013,0.11798252050606697
2.1314684980311265,0.11870063034035275
2.13190558784924,0.1189223517333439
2.1323426776673537,0.11907915238145304
2.1327797674854674,0.12111343519118789
2.133216857303581,0.12699724401912615
2.1336539471216946,0.1337401611882425
2.1340910369398083,0.13332812764238683
2.134528126757922,0.12635157268219935
2.1349652165760356,0.12492237437546715
2.135402306394149,0.13323229773266862
2.135839396212263,0.14078332420029804
2.1362764860303765,0.14208038215804003
2.13671357584849,0.14495043634089316
2.1371506656666037,0.15232972165364442
2.1375877554847174,0.1545175324965928
2.138024845302831,0.1468649760835174
2.1384619351209446,0.13800751014584273
2.1388990249390583,0.13548200678760527
2.139336114757172,0.13801267272552406
2.1397732045752855,0.1442649675979191
2.140210294393399,0.15614111475147943
2.140647384211513,0.1711395734098986
2.1410844740296264,0.1818301096409011
2.14152156384774,0.18236988708566865
2.1419586536658537,0.16909385634473068
2.1423957434839673,0.14602321458984788
2.142832833302081,0.1298493852057009
2.1432699231201946,0.12735091009703484
2.1437070129383082,0.12179306506117483
2.144144102756422,0.10457404723214796
2.1445811925745355,0.08901783853857255
2.145018282392649,0.07995653260512704
2.1454553722107628,0.06904648607242618
2.1458924620288764,0.059737719024599005
2.14632955184699,0.06295865934930886
2.1467666416651037,0.07553953002549987
2.1472037314832173,0.08386757628300852
2.147640821301331,0.08054036462705647
2.1480779111194446,0.06683233556479715
2.148515000937558,0.04759097755208199
2.148952090755672,0.03117507308968331
2.1493891805737855,0.0259539503352983
2.149826270391899,0.03324691808532441
2.1502633602100127,0.05218091786556765
2.1507004500281264,0.08631972567676768
2.15113753984624,0.13373748252124973
2.1515746296643536,0.17903326739454953
2.1520117194824673,0.20496637316607355
2.152448809300581,0.2075103874652992
2.1528858991186945,0.19813458037786932
2.153322988936808,0.19210981849403064
2.153760078754922,0.19479712345397607
2.1541971685730354,0.20381097796636632
2.154634258391149,0.21838008231224212
2.1550713482092627,0.23659255287359307
2.1555084380273764,0.25132364339353674
2.15594552784549,0.25718601750088627
2.1563826176636036,0.25531323603157174
2.1568197074817173,0.24795639859693283
2.157256797299831,0.23524195949527377
2.1576938871179445,0.2204173579934845
2.158130976936058,0.21074889767551447
2.158568066754172,0.2087186032850144
2.1590051565722854,0.20803532181191361
2.159442246390399,0.20172167264581378
2.1598793362085127,0.19159877804400768
2.1603164260266263,0.18763099445849976
2.16075351584474,0.1967735886443109
2.1611906056628536,0.21312508170178243
2.1616276954809672,0.22322161260670745
2.162064785299081,0.2232020389677309
2.1625018751171945,0.22267384659324804
2.162938964935308,0.22687837474376465
2.1633760547534218,0.22917500021864812
2.1638131445715354,0.22652464661039368
2.164250234389649,0.22549858872248402
2.1646873242077627,0.22961994335694186
2.1651244140258763,0.2327371247731356
2.16556150384399,0.22650300157267925
2.1659985936621036,0.21085851580607584
2.166435683480217,0.19243355497587397
2.166872773298331,0.1726593751296162
2.1673098631164445,0.15135720021585025
2.167746952934558,0.13870971619562666
2.1681840427526717,0.14288403419846005
2.1686211325707854,0.1575174816638468
2.169058222388899,0.17776008396993423
2.1694953122070126,0.20404799748846622
2.1699324020251263,0.22475875262546427
2.17036949184324,0.22847705992090303
2.1708065816613535,0.22580561348166503
2.171243671479467,0.22774608572886446
2.171680761297581,0.22481153244115218
2.1721178511156944,0.2117942979822773
2.172554940933808,0.2021250481388664
2.1729920307519217,0.20356471418477134
2.1734291205700353,0.20902915113143025
2.173866210388149,0.21342225695222425
2.1743033002062626,0.218305338450573
2.1747403900243762,0.22390178823494947
2.17517747984249,0.22565047527313417
2.1756145696606035,0.2168268546242284
2.176051659478717,0.19730001404170452
2.176488749296831,0.17783664959520995
2.1769258391149444,0.168053374971397
2.177362928933058,0.16475503968173166
2.1778000187511717,0.15979823891359327
2.1782371085692853,0.15396692151375815
2.178674198387399,0.15487740732267993
2.1791112882055126,0.1632061618084145
2.179548378023626,0.16971346516179944
2.17998546784174,0.1688035868751103
2.1804225576598535,0.1663563369149484
2.180859647477967,0.16893993404756974
2.1812967372960808,0.17495328568564378
2.1817338271141944,0.1817301245990499
2.182170916932308,0.19167406888299868
2.1826080067504217,0.20550512532371118
2.1830450965685353,0.2138292325851328
2.183482186386649,0.20313057110790922
2.1839192762047626,0.17602261219275306
2.184356366022876,0.15623666290936122
2.18479345584099,0.1607784733825995
2.1852305456591035,0.17925882832433038
2.185667635477217,0.19334505257422788
2.1861047252953307,0.1998787225627873
2.1865418151134444,0.20289381325080996
2.186978904931558,0.2004354583535444
2.1874159947496716,0.19181597832491173
2.1878530845677853,0.18361419514661698
2.188290174385899,0.17877844389022846
2.1887272642040125,0.17352641296307122
2.189164354022126,0.16898338712969502
2.18960144384024,0.17099497805895075
2.1900385336583534,0.17892881745751868
2.190475623476467,0.1859167354805857
2.1909127132945807,0.18800022497794647
2.1913498031126943,0.18705949226710836
2.191786892930808,0.18559798006798678
2.1922239827489216,0.18460521293446622
2.1926610725670352,0.1872842253500954
2.193098162385149,0.19543354268309182
2.1935352522032625,0.20332398219406844
2.193972342021376,0.20445203346708593
2.1944094318394898,0.19932238032402097
2.1948465216576034,0.19288481230170415
2.195283611475717,0.19030333960188048
2.1957207012938307,0.19363844711606903
2.1961577911119443,0.1986762004169455
2.196594880930058,0.19667398843552086
2.1970319707481716,0.18324987737459078
2.197469060566285,0.16652696707030626
2.197906150384399,0.15849006185574327
2.1983432402025125,0.15935507953456376
2.198780330020626,0.16294672287214523
2.1992174198387398,0.16776767078232888
2.1996545096568534,0.17009964774056194
2.200091599474967,0.16403012508877995
2.2005286892930807,0.15452074529633225
2.2009657791111943,0.15137758295716575
2.201402868929308,0.1531840739777377
2.2018399587474216,0.1517140665639319
2.202277048565535,0.14467471835806006
2.202714138383649,0.13560712583106446
2.2031512282017625,0.12801688202075603
2.203588318019876,0.12403733907263084
2.2040254078379897,0.1238996873873379
2.2044624976561034,0.12389692327034282
2.204899587474217,0.11930330477318722
2.2053366772923306,0.11084552745110475
2.2057737671104443,0.10376324823181347
2.206210856928558,0.10061694658765641
2.2066479467466715,0.09948164053885823
2.207085036564785,0.0986959562583547
2.207522126382899,0.0996451033895275
2.2079592162010124,0.10367268820651698
2.208396306019126,0.1078375950537936
2.2088333958372397,0.1071061400029488
2.2092704856553533,0.10206275536818207
2.209707575473467,0.10012921396637131
2.2101446652915806,0.10695058534857811
2.2105817551096942,0.12069302955625572
2.211018844927808,0.13485349338494876
2.2114559347459215,0.143018263548035
2.211893024564035,0.14237902807346284
2.2123301143821488,0.13474618704977087
2.2127672042002624,0.12440834683913203
2.213204294018376,0.11629598968291445
2.2136413838364897,0.11457348930555329
2.2140784736546033,0.11949156436000345
2.214515563472717,0.12624493091213337
2.2149526532908306,0.12927286838385096
2.215389743108944,0.12740475865408357
2.215826832927058,0.12452884621957538
2.2162639227451715,0.12547033089314202
2.216701012563285,0.12965182670594874
2.2171381023813987,0.1314961580864215
2.2175751921995124,0.12979078640268604
2.218012282017626,0.129079515243334
2.2184493718357396,0.13145249688515384
2.2188864616538533,0.13724670150838658
2.219323551471967,0.1494625203927828
2.2197606412900805,0.16799088176396884
2.220197731108194,0.18390167773189733
2.220634820926308,0.18780245061190398
2.2210719107444215,0.18505646042910762
2.221509000562535,0.19022509337952595
2.2219460903806487,0.20163661193281754
2.2223831801987624,0.20371634386063645
2.222820270016876,0.19622811893984987
2.2232573598349896,0.19179885945585667
2.2236944496531033,0.1900114902998444
2.224131539471217,0.1833201282786767
2.2245686292893305,0.17718742222621955
2.225005719107444,0.17816573640719385
2.225442808925558,0.17639075268273288
2.2258798987436714,0.16328756821891063
2.226316988561785,0.14859729512969455
2.2267540783798987,0.1406725665800588
2.2271911681980123,0.134026271142239
2.227628258016126,0.12937957674803707
2.2280653478342396,0.13998813655159706
2.2285024376523532,0.16900567891165572
2.228939527470467,0.1971009756827064
2.2293766172885805,0.20207001543325934
2.229813707106694,0.18629861560134375
2.2302507969248078,0.17083964169478003
2.2306878867429214,0.1672353600998099
2.231124976561035,0.17415390617999324
2.2315620663791487,0.18669469311415238
2.2319991561972623,0.193757588177989
2.232436246015376,0.1864502829831176
2.2328733358334896,0.17025814570296402
2.233310425651603,0.1556777731687573
2.233747515469717,0.1474047379647662
2.2341846052878305,0.14370413026786794
2.234621695105944,0.13765475628613372
2.2350587849240577,0.12607523679159086
2.2354958747421714,0.11571909476446231
2.235932964560285,0.11262854841730616
2.2363700543783986,0.11364404793792111
2.2368071441965123,0.11501509903956354
2.237244234014626,0.12153546923959276
2.2376813238327395,0.13868235144256355
2.238118413650853,0.16025604854740633
2.238555503468967,0.1759385237696007
2.2389925932870804,0.18663120169533973
2.239429683105194,0.19850260291264288
2.2398667729233077,0.20911579494656518
2.2403038627414213,0.21099391401640255
2.240740952559535,0.1996743345964201
2.2411780423776486,0.17446907691464272
2.2416151321957622,0.14451915268683554
2.242052222013876,0.12803962722366155
2.2424893118319895,0.12845634290032457
2.242926401650103,0.12815257642210612
2.243363491468217,0.11941131593868436
2.2438005812863304,0.11348686109382754
2.244237671104444,0.11508764009535387
2.2446747609225577,0.11749614368334202
2.2451118507406713,0.11685010008362026
2.245548940558785,0.11280838099969724
2.2459860303768986,0.10487173445132848
2.2464231201950122,0.0933175705501441
2.246860210013126,0.08061225953049762
2.2472972998312395,0.07275069141787217
2.247734389649353,0.07195910306131192
2.2481714794674668,0.07104071850827884
2.2486085692855804,0.0684135020482601
2.249045659103694,0.07555647149311187
2.2494827489218077,0.09556132152855999
2.2499198387399213,0.11432119554370668
2.250356928558035,0.12190901015827685
2.2507940183761486,0.12395772953213356
2.251231108194262,0.12981399121158804
2.251668198012376,0.14099395534803577
2.2521052878304895,0.14912907739691214
2.252542377648603,0.14420892414255412
2.2529794674667167,0.130704136118518
2.2534165572848304,0.1262651112606348
2.253853647102944,0.13556599375299908
2.2542907369210576,0.142278850797202
2.2547278267391713,0.13477218086304193
2.255164916557285,0.12133873504537915
2.2556020063753985,0.11609101857779958
2.256039096193512,0.1210098681373551
2.256476186011626,0.12452696030021201
2.2569132758297394,0.11774944743985652
2.257350365647853,0.10674339984870505
2.2577874554659667,0.10363488627615366
2.2582245452840803,0.11281375541580717
2.258661635102194,0.12834183347360814
2.2590987249203076,0.14048214293675776
2.2595358147384212,0.1448605738589148
2.259972904556535,0.1434058450396777
2.2604099943746485,0.1379356179498552
2.260847084192762,0.13007430673671574
2.261284174010876,0.12560936788218147
2.2617212638289894,0.13170455990981306
2.262158353647103,0.14820040321575179
2.2625954434652167,0.16525035333919427
2.2630325332833303,0.1747184344292087
2.263469623101444,0.1797191634252046
2.2639067129195576,0.18392712055716728
2.264343802737671,0.18296565838857712
2.264780892555785,0.17935038307120682
2.2652179823738985,0.1854606703411539
2.265655072192012,0.19882985975462927
2.2660921620101258,0.19891577059758717
2.2665292518282394,0.1760677649784999
2.266966341646353,0.14518356249460423
2.2674034314644667,0.12947719236419933
2.2678405212825803,0.13711673081964973
2.268277611100694,0.15390152362895942
2.2687147009188076,0.16372523663262878
2.269151790736921,0.1694339084789834
2.269588880555035,0.1809907492760792
2.2700259703731485,0.1952376469462549
2.270463060191262,0.2006720949187414
2.2709001500093757,0.1934113566890662
2.2713372398274894,0.18065077615702435
2.271774329645603,0.1710426731281777
2.2722114194637166,0.16785891882709278
2.2726485092818303,0.17094476944630163
2.273085599099944,0.17536830631933514
2.2735226889180575,0.1725989417826383
2.273959778736171,0.1625337088749884
2.274396868554285,0.15313361291036248
2.2748339583723984,0.14703072191703
2.275271048190512,0.1439727585427776
2.2757081380086257,0.14584691097952923
2.2761452278267393,0.144196838479314
2.276582317644853,0.12445099096437369
2.2770194074629666,0.09370340176094001
2.2774564972810802,0.07796457136296728
2.277893587099194,0.08963929783920767
2.2783306769173075,0.11835506319127174
2.278767766735421,0.1449210865264746
2.2792048565535348,0.15598608527979316
2.2796419463716484,0.1553132045624481
2.280079036189762,0.15458951671635793
2.2805161260078757,0.15334801603995213
2.2809532158259893,0.1453402259354463
2.281390305644103,0.13442025859100953
2.2818273954622166,0.1264260952356626
2.28226448528033,0.1197523276875252
2.282701575098444,0.11350006832302742
2.2831386649165575,0.11287607771390172
2.283575754734671,0.12484956502010273
2.2840128445527847,0.15037949587883018
2.2844499343708984,0.17757541740251634
2.284887024189012,0.19154628772617355
2.2853241140071257,0.192305829469408
2.2857612038252393,0.188705213160375
2.286198293643353,0.18284502610199627
2.2866353834614666,0.17608212553404415
2.28707247327958,0.17855614422802266
2.287509563097694,0.20015577799856774
2.2879466529158075,0.23485646321115242
2.288383742733921,0.2583668635215467
2.2888208325520347,0.2489234350769411
2.2892579223701484,0.21416928237169058
2.289695012188262,0.18865217326998554
2.2901321020063756,0.19732377765210732
2.2905691918244893,0.22755675544630757
2.291006281642603,0.24625175695009768
2.2914433714607165,0.23807362320619366
2.29188046127883,0.2162269752919171
2.292317551096944,0.20027275130851868
2.2927546409150574,0.19403082966798904
2.293191730733171,0.1902458336303567
2.2936288205512847,0.18608772490070996
2.2940659103693983,0.18007519097314573
2.294503000187512,0.16806777864463526
2.2949400900056256,0.1541735672894649
2.2953771798237392,0.14763208516252532
2.295814269641853,0.14632122679206822
2.2962513594599665,0.14101617010883635
2.29668844927808,0.13419232658433353
2.2971255390961938,0.13917148369666565
2.2975626289143074,0.15851899998259747
2.297999718732421,0.17752545034565584
2.2984368085505347,0.18657258421036524
2.2988738983686483,0.1940005459365406
2.299310988186762,0.20639033989300573
2.2997480780048756,0.21723744254465147
2.300185167822989,0.2224725496611568
2.300622257641103,0.22059163539109192
2.3010593474592165,0.2054667671658756
2.30149643727733,0.18432740584593385
2.3019335270954437,0.1760986682455272
2.3023706169135574,0.18271602080174681
2.302807706731671,0.19310301059534504
2.3032447965497846,0.20151116182438752
2.3036818863678983,0.20333835848819892
2.304118976186012,0.19576281972179044
2.3045560660041255,0.1854539618585252
2.304993155822239,0.182345495107803
2.305430245640353,0.1880005163772142
2.3058673354584664,0.19169197148110445
2.30630442527658,0.18140503616712186
2.3067415150946937,0.1600669409100701
2.3071786049128074,0.14313312738177345
2.307615694730921,0.1413486137403465
2.3080527845490346,0.15096221268838367
2.3084898743671483,0.16094191337276498
2.308926964185262,0.16806883821869628
2.3093640540033755,0.176293848038723
2.309801143821489,0.1833093776771355
2.310238233639603,0.18303627348300858
2.3106753234577164,0.17710468954588637
2.31111241327583,0.17123989081280389
2.3115495030939437,0.16624833793793226
2.3119865929120573,0.16195245914864692
2.312423682730171,0.16341691614206452
2.3128607725482846,0.17263711068918622
2.3132978623663982,0.18533013280291175
2.313734952184512,0.20168654300802738
2.3141720420026255,0.21966570495583754
2.314609131820739,0.22680491378363823
2.3150462216388528,0.21698106782751325
2.3154833114569664,0.19707779529772187
2.31592040127508,0.1812302340771601
2.3163574910931937,0.18364446849210933
2.3167945809113073,0.19472916506017532
2.317231670729421,0.1885994120986756
2.3176687605475346,0.16860792684475645
2.318105850365648,0.16200114530680768
2.318542940183762,0.17476867611471328
2.3189800300018755,0.18960616109142753
2.319417119819989,0.19510392062404194
2.3198542096381027,0.19271631456415964
2.3202912994562164,0.1861907733874329
2.32072838927433,0.1813252668048481
2.3211654790924436,0.18294984450159985
2.3216025689105573,0.184274589182712
2.322039658728671,0.17849445277623754
2.3224767485467845,0.1723347963609736
2.322913838364898,0.17013502040667236
2.323350928183012,0.1642937446205203
2.3237880180011254,0.15126447491701603
2.324225107819239,0.13938535110577419
2.3246621976373527,0.13613621010902982
2.3250992874554663,0.13910585703917025
2.32553637727358,0.14612651999355605
2.3259734670916936,0.16204214372775444
2.3264105569098072,0.18299971464100603
2.326847646727921,0.19205557284230798
2.3272847365460345,0.18501246570509886
2.327721826364148,0.17726411758411345
2.328158916182262,0.17654733761550584
2.3285960060003754,0.17455810676644004
2.329033095818489,0.16607997568439922
2.3294701856366027,0.15567642015911518
2.3299072754547163,0.1484012792460685
2.33034436527283,0.1457757104810228
2.3307814550909436,0.14726641894089815
2.331218544909057,0.14973403386646406
2.331655634727171,0.15142457589155867
2.3320927245452845,0.15663169501718105
2.332529814363398,0.16488876336427818
2.3329669041815118,0.16440362609358689
2.3334039939996254,0.15073525707165097
2.333841083817739,0.1359123662092349
2.3342781736358527,0.12931727028951226
2.3347152634539663,0.12732288754401813
2.335152353272079,0.12511964654207822
2.3355894430901927,0.12442424057313226
2.3360265329083063,0.1280100587966225
2.33646362272642,0.13560911991379035
2.3369007125445336,0.14561894589680327
2.337337802362647,0.15501476705586087
2.337774892180761,0.15988232780187533
2.3382119819988745,0.15878438605521059
2.338649071816988,0.1530717881964409
2.3390861616351017,0.14706081448969371
2.3395232514532154,0.14710160311351958
2.339960341271329,0.15465548972037782
2.3403974310894426,0.1638972100180835
2.3408345209075563,0.16788330854444947
2.34127161072567,0.16463853326781494
2.3417087005437836,0.1582227016856497
2.342145790361897,0.1529991625552824
2.342582880180011,0.14930751917520865
2.3430199699981245,0.14675346083083207
2.343457059816238,0.14532194234620763
2.3438941496343517,0.14282759587727206
2.3443312394524654,0.1382914706006165
2.344768329270579,0.13593554709735572
2.3452054190886926,0.1393403318364669
2.3456425089068063,0.14585410593753984
2.34607959872492,0.1512530424626389
2.3465166885430335,0.15478643909473916
2.346953778361147,0.1587791457446818
2.347390868179261,0.1659762179514545
2.3478279579973744,0.17708184303812566
2.348265047815488,0.18962642908929847
2.3487021376336017,0.19772475107518342
2.3491392274517153,0.19885469461340408
2.349576317269829,0.2006062944040055
2.3500134070879426,0.2091761171108371
2.3504504969060562,0.2168940513865623
2.35088758672417,0.2133194897595201
2.3513246765422835,0.2017238996197333
2.351761766360397,0.1935800110182623
2.3521988561785108,0.19228810843267266
2.3526359459966244,0.19406696464089232
2.353073035814738,0.19421425099326245
2.3535101256328517,0.18502460458634462
2.3539472154509653,0.16789912886166913
2.354384305269079,0.159467585958627
2.3548213950871926,0.16514175255864122
2.355258484905306,0.1724722425673167
2.35569557472342,0.17660763772167457
2.3561326645415335,0.18248449508813835
2.356569754359647,0.19090228640710444
2.3570068441777607,0.19729304336783823
2.3574439339958744,0.1964247502177116
2.357881023813988,0.19278812648261298
2.3583181136321016,0.19886442701540472
2.3587552034502153,0.21422170721077344
2.359192293268329,0.2266997764168881
2.3596293830864425,0.23340459914354367
2.360066472904556,0.24067421896884333
2.36050356272267,0.2504809478032076
2.3609406525407834,0.25650034983439496
2.361377742358897,0.2523688028373446
2.3618148321770107,0.242899695066933
2.3622519219951243,0.23758318689409438
2.362689011813238,0.2350566036978426
2.3631261016313516,0.22973162954937792
2.3635631914494653,0.2227707579102969
2.364000281267579,0.21515056725464918
2.3644373710856925,0.20744717213002595
2.364874460903806,0.20462746190753167
2.36531155072192,0.20781896545476589
2.3657486405400334,0.2132710450481631
2.366185730358147,0.2204114168155987
2.3666228201762607,0.2295098944462314
2.3670599099943743,0.2385769789686902
2.367496999812488,0.24957270382274274
2.3679340896306016,0.26917096489672254
2.3683711794487152,0.2954022825153266
2.368808269266829,0.314354400220031
2.3692453590849425,0.3209084744339755
2.369682448903056,0.3255949981415812
2.3701195387211698,0.33528817396139293
2.3705566285392834,0.3478742695080041
2.370993718357397,0.358928761258833
2.3714308081755107,0.36035457792352765
2.3718678979936243,0.35048877424843866
2.372304987811738,0.34611129172527216
2.3727420776298516,0.36463044606633366
2.373179167447965,0.39512526164707584
2.373616257266079,0.40532469041083985
2.3740533470841925,0.38811272691082666
2.374490436902306,0.37263988230879425
2.3749275267204197,0.3748090560581624
2.3753646165385334,0.3813851470541451
2.375801706356647,0.37988490926102025
2.3762387961747606,0.36546541133951244
2.3766758859928743,0.3447581369064725
2.377112975810988,0.3358558468039496
2.3775500656291015,0.3359845392280261
2.377987155447215,0.3262549178140944
2.378424245265329,0.31264295250528057
2.3788613350834424,0.30854435653613915
2.379298424901556,0.30430387290448724
2.3797355147196697,0.29073699828342886
2.3801726045377833,0.2687580958123852
2.380609694355897,0.23764129121616026
2.3810467841740106,0.20526028168151478
2.3814838739921242,0.1802265067342228
2.381920963810238,0.15759436500347812
2.3823580536283515,0.1396197404159232
2.382795143446465,0.13876468648236878
2.383232233264579,0.14922110484364018
2.3836693230826924,0.14926780674060489
2.384106412900806,0.13189113638607142
2.3845435027189197,0.106877527838827
2.3849805925370333,0.08049235803635044
2.385417682355147,0.059597903467631004
2.3858547721732606,0.05846020868467611
2.386291861991374,0.07424774992320378
2.386728951809488,0.0796175972378753
2.3871660416276015,0.06411015087799683
2.387603131445715,0.053497306939206395
2.3880402212638288,0.0619305732332812
2.3884773110819424,0.0682597836859813
2.388914400900056,0.0646161670410731
2.3893514907181697,0.06635208756218303
2.3897885805362833,0.06774626850638314
2.390225670354397,0.05494431313624689
2.3906627601725106,0.04037223847142081
2.391099849990624,0.03713610670608717
2.391536939808738,0.037278793658384726
2.3919740296268515,0.032277432596867064
2.392411119444965,0.02583541577426512
2.3928482092630787,0.025656761055566663
2.3932852990811924,0.031211879223973834
2.393722388899306,0.03468447713757517
2.3941594787174196,0.03675455924061955
2.3945965685355333,0.04596023205853117
2.395033658353647,0.058663302305952285
2.3954707481717605,0.058941741331442844
2.395907837989874,0.04635932593328568
2.396344927807988,0.04098348472587744
2.3967820176261014,0.046366497946718946
2.397219107444215,0.04336957149722803
2.3976561972623287,0.03080541309958542
2.3980932870804423,0.02489935025473083
2.398530376898556,0.024475983115422345
2.3989674667166696,0.018833214977714473
2.3994045565347832,0.010547122018220879
2.399841646352897,0.006615212940465346
2.4002787361710105,0.007398849892579096
2.400715825989124,0.010066542587665176
2.4011529158072378,0.011621273426455917
2.4015900056253514,0.011451296304648213
2.402027095443465,0.011225230799293901
2.4024641852615787,0.011224378041723168
2.4029012750796923,0.01123187377373448
2.403338364897806,0.010701402644751076
2.4037754547159196,0.007807634955577147
2.404212544534033,0.003417432033793109
2.404649634352147,0.0006861125036751028
2.4050867241702605,5.7853251721257306e-05
2.405523813988374,3.4137963215744777e-05
2.4059609038064877,1.2079735719515162e-05
2.4063979936246014,9.052435565229842e-06
2.406835083442715,5.775595401794607e-06
2.4072721732608287,1.3150309755566353e-05
2.4077092630789423,0.00011741377331264838
2.408146352897056,0.00031548679565387945
2.4085834427151696,0.0003822226415042679
2.409020532533283,0.00022066091315716375
2.409457622351397,4.887607999431967e-05
2.4098947121695105,1.314494281312795e-06
2.410331801987624,2.6084031339713097e-06
2.4107688918057377,9.931579361927472e-07
2.4112059816238514,7.35478510515201e-07
2.411643071441965,7.145997682637414e-07
2.4120801612600786,4.6100850595553136e-07
2.4125172510781923,5.352012175387831e-07
2.412954340896306,3.9989165844484936e-07
2.4133914307144195,4.2666721516947007e-07
2.413828520532533,3.8054841234618264e-07
2.414265610350647,3.68288167690638e-07
2.4147027001687604,3.7148338571540957e-07
2.415139789986874,3.44635866166976e-07
2.4155768798049877,3.696902268073284e-07
2.4160139696231013,3.4459900864269583e-07
2.416451059441215,3.784230102923201e-07
2.4168881492593286,3.6289511577328074e-07
2.4173252390774422,4.0022491703037853e-07
2.417762328895556,4.010858742508538e-07
2.4181994187136695,4.3589173371275616e-07
2.418636508531783,4.66276679436262e-07
2.4190735983498968,4.879742879368248e-07
2.4195106881680104,5.675439721817369e-07
2.419947777986124,5.677416086673438e-07
2.4203848678042377,7.121085049366731e-07
2.4208219576223513,7.039246819267056e-07
2.421259047440465,9.051681210875419e-07
2.4216961372585786,9.51762062664989e-07
2.422133227076692,1.1596929765184875e-06
2.422570316894806,1.4029026876895725e-06
2.4230074067129195,1.5282150030763945e-06
2.423444496531033,2.2024829067576503e-06
2.4238815863491467,2.188322704772148e-06
2.4243186761672604,3.596304739199957e-06
2.424755765985374,3.6909922918073977e-06
2.4251928558034876,6.093324704636608e-06
2.4256299456216013,7.840194349325561e-06
2.426067035439715,1.1154890855877958e-05
2.4265041252578285,2.187927910597541e-05
2.426941215075942,2.5428846651896816e-05
2.427378304894056,9.105637036891315e-05
2.4278153947121695,0.00011432104225483489
2.428252484530283,0.0012989656667727945
2.4286895743483967,0.008160015980941992
2.4291266641665104,0.021862752679148008
2.429563753984624,0.032927282674593814
2.4300008438027376,0.030867738393391807
2.4304379336208513,0.01923455310359313
2.430875023438965,0.01597365890911771
2.4313121132570785,0.03238981429750968
2.431749203075192,0.05076772957544351
2.432186292893306,0.04978239398022928
2.4326233827114194,0.04562790274283296
2.433060472529533,0.06325360382729407
2.4334975623476467,0.09379458692935042
2.4339346521657603,0.11873125681668427
2.434371741983874,0.1311349477738144
2.4348088318019876,0.1202571402420857
2.4352459216201012,0.08258131146021364
2.435683011438215,0.04023363509319574
2.4361201012563285,0.015468764565185464
2.436557191074442,0.0062467620314098716
2.4369942808925558,0.002207802517802675
2.4374313707106694,0.00037677311678431644
2.437868460528783,0.00011297464522876613
2.4383055503468967,0.00013103994368777536
2.4387426401650103,0.0004518644775409875
2.439179729983124,0.002324453412740793
2.4396168198012376,0.007588791949227077
2.440053909619351,0.01584241058300682
2.440490999437465,0.022721839486573997
2.4409280892555785,0.024346534142641162
2.441365179073692,0.020924514871138777
2.4418022688918057,0.014572552942042138
2.4422393587099194,0.008706720951790689
2.442676448528033,0.009735523698786174
2.4431135383461466,0.021955958926000056
2.4435506281642603,0.040523247919605876
2.443987717982374,0.056514901010056504
2.4444248078004875,0.06752173179818782
2.444861897618601,0.08045282083639467
2.445298987436715,0.10565480796159435
2.4457360772548284,0.13745532060861043
2.446173167072942,0.14817240414083188
2.4466102568910557,0.1324376275222108
2.4470473467091693,0.127011555670233
2.447484436527283,0.1507238703074382
2.4479215263453966,0.17908479264987417
2.4483586161635102,0.19144910301449072
2.448795705981624,0.1894740002562449
2.4492327957997375,0.18161451582745816
2.449669885617851,0.1753688653798808
2.450106975435965,0.17413929238289133
2.4505440652540784,0.17873262704013057
2.450981155072192,0.18648022425238506
2.4514182448903057,0.1915451000274297
2.4518553347084193,0.18730186629795892
2.452292424526533,0.1691327951090749
2.4527295143446466,0.14962795024331024
2.4531666041627602,0.14592459700508326
2.453603693980874,0.14727778568472877
2.4540407837989875,0.13782930112484984
2.454477873617101,0.12888874078343182
2.4549149634352148,0.13772186986724702
2.4553520532533284,0.15900106479635595
2.455789143071442,0.17259460988186065
2.4562262328895557,0.171798122146587
2.4566633227076693,0.1688252099825777
2.457100412525783,0.1781137245076178
2.4575375023438966,0.19794870288890704
2.45797459216201,0.20640685642165324
2.458411681980124,0.19563145294832457
2.4588487717982375,0.18084717298019762
2.459285861616351,0.16327211968041216
2.4597229514344647,0.14235595292185046
2.4601600412525784,0.13781164434307874
2.460597131070692,0.15110888887784685
2.4610342208888056,0.15324902768829687
2.4614713107069193,0.13177141738428116
2.461908400525033,0.11049091219694525
2.4623454903431465,0.11376726646086896
2.46278258016126,0.13775293243947637
2.463219669979374,0.16437410483306278
2.4636567597974874,0.1828882882140997
2.464093849615601,0.1939891450496025
2.4645309394337147,0.20638127954604515
2.4649680292518283,0.2252632600266129
2.465405119069942,0.24084603835928878
2.4658422088880556,0.23844371314071644
2.4662792987061692,0.21989671460991805
2.466716388524283,0.20485580247324592
2.4671534783423965,0.202375680563507
2.46759056816051,0.19807047442950207
2.468027657978624,0.18549951818657304
2.4684647477967374,0.17631394266788764
2.468901837614851,0.17648253635825556
2.4693389274329647,0.18432974542367248
2.4697760172510783,0.191093468949866
2.470213107069192,0.18670016382836882
2.4706501968873056,0.1851993966047014
2.471087286705419,0.2054227373067534
2.471524376523533,0.2303877366371803
2.4719614663416465,0.23066450841400724
2.47239855615976,0.20775339879425195
2.4728356459778738,0.18448324253306195
2.4732727357959874,0.17302368991689138
2.473709825614101,0.17041105876406548
2.4741469154322147,0.17220428146056252
2.4745840052503283,0.17483208102937148
2.475021095068442,0.17194880606422466
2.4754581848865556,0.16337182248554183
2.475895274704669,0.15774098415286011
2.476332364522783,0.15887795424877832
2.4767694543408965,0.16262677324960378
2.47720654415901,0.16437863413412454
2.4776436339771237,0.16194333763962088
2.4780807237952374,0.15765262585438838
2.478517813613351,0.15836053967032182
2.4789549034314646,0.16634646337084455
2.4793919932495783,0.1765594853667277
2.479829083067692,0.1872969059955872
2.4802661728858055,0.19408770454847976
2.480703262703919,0.18454871191225328
2.481140352522033,0.16443190451556816
2.4815774423401464,0.15563657569822245
2.48201453215826,0.15990235617545853
2.4824516219763737,0.16241891751368728
2.4828887117944873,0.15848902786185076
2.483325801612601,0.1530376854225332
2.4837628914307146,0.15117588900463105
2.4841999812488282,0.15459235141758002
2.484637071066942,0.1606654849176224
2.4850741608850555,0.16943187153453168
2.485511250703169,0.18202661093838612
2.4859483405212828,0.1914052833531398
2.4863854303393964,0.1928079403853721
2.48682252015751,0.19332493688305272
2.4872596099756237,0.19764197344145057
2.4876966997937373,0.20040238049423184
2.488133789611851,0.1968848924678677
2.4885708794299646,0.18538240212657128
2.489007969248078,0.16318155480990942
2.489445059066192,0.13780478368685015
2.4898821488843055,0.12779600273404665
2.490319238702419,0.1358659607366993
2.4907563285205327,0.14411264250905603
2.4911934183386464,0.1405965788915689
2.49163050815676,0.13033959463389766
2.4920675979748736,0.12722215898042866
2.4925046877929873,0.1387597064165581
2.492941777611101,0.15393861423327557
2.4933788674292146,0.15923044943670897
2.493815957247328,0.1577897060193655
2.494253047065442,0.15918388280478157
2.4946901368835555,0.16505702818396026
2.495127226701669,0.16981739719190117
2.4955643165197827,0.16949213665610602
2.4960014063378964,0.16555380930084387
2.49643849615601,0.15888706580250253
2.4968755859741236,0.15094920950293542
2.4973126757922373,0.15084263004379608
2.497749765610351,0.1655612885748776
2.4981868554284645,0.18669158970075286
2.498623945246578,0.2020104985257921
2.499061035064692,0.2063887505214286
2.4994981248828054,0.1972362336565361
2.499935214700919,0.18109207324078613
2.5003723045190327,0.17002013756151535
2.5008093943371463,0.163553384134608
2.50124648415526,0.1554423484359511
2.5016835739733736,0.1476343404689191
2.5021206637914872,0.14515066225961032
2.502557753609601,0.1461241171733722
2.5029948434277145,0.14359814843326432
2.503431933245828,0.1365832194378644
2.5038690230639418,0.13345166443807538
2.5043061128820554,0.14015150611715085
2.504743202700169,0.14516448147545255
2.5051802925182827,0.13450343844112247
2.5056173823363963,0.12012027838193211
2.50605447215451,0.12038087741757263
2.5064915619726236,0.13130024395325793
2.506928651790737,0.14122710176606332
2.507365741608851,0.14740318230792407
2.5078028314269645,0.15415876141756804
2.508239921245078,0.16364545799079436
2.5086770110631917,0.17090625153180689
2.5091141008813054,0.17430367594112864
2.509551190699419,0.17872584125031674
2.5099882805175326,0.1863872412873127
2.5104253703356463,0.1934866485728693
2.51086246015376,0.19570897761974343
2.5112995499718735,0.19478148426533987
2.511736639789987,0.19526301002566382
2.512173729608101,0.19885703400518362
2.5126108194262144,0.20340574786787619
2.513047909244328,0.20300263768344548
2.5134849990624417,0.1924093775425783
2.5139220888805553,0.17548632470761755
2.514359178698669,0.1670643375369846
2.5147962685167826,0.17827055631766345
2.5152333583348963,0.2039159197876912
2.51567044815301,0.22941695006564514
2.5161075379711235,0.24287252486070895
2.516544627789237,0.24670776367641947
2.516981717607351,0.2520280919275001
2.5174188074254644,0.2515078345589061
2.517855897243578,0.234241798777247
2.5182929870616917,0.22187843812628086
2.5187300768798053,0.2323679798806344
2.519167166697919,0.2469662292877477
2.5196042565160326,0.25364651898866347
2.5200413463341462,0.2586053193258692
2.52047843615226,0.2587660124656036
2.5209155259703735,0.2535425049619209
2.521352615788487,0.24715257198795076
2.5217897056066008,0.23013883282332714
2.5222267954247144,0.2001565722847962
2.522663885242828,0.17880312084223773
2.5231009750609417,0.17955642300616215
2.5235380648790553,0.1898594543167938
2.523975154697169,0.19245119570575714
2.5244122445152826,0.18401674461129267
2.524849334333396,0.17797080557676728
2.52528642415151,0.18622284129534475
2.5257235139696235,0.19806327094983275
2.526160603787737,0.19709095869696375
2.5265976936058507,0.18615360341914927
2.5270347834239644,0.17751358597588376
2.527471873242078,0.1788765178826291
2.5279089630601916,0.1874744844988668
2.5283460528783053,0.18882466382680135
2.528783142696419,0.18056972180507164
2.5292202325145325,0.1735369733627638
2.529657322332646,0.16555904697120644
2.53009441215076,0.15804097176656562
2.5305315019688734,0.16518424143234864
2.530968591786987,0.18254529764684865
2.5314056816051007,0.192717246351762
2.5318427714232143,0.19507055605883097
2.532279861241328,0.19357241253626561
2.5327169510594416,0.18216747339823636
2.5331540408775552,0.166596654870218
2.533591130695669,0.16236754382168034
2.5340282205137825,0.1688570394157641
2.534465310331896,0.17469210748889655
2.53490240015001,0.17281177473389825
2.5353394899681234,0.16957943950062773
2.535776579786237,0.17773591745723555
2.5362136696043507,0.19103196622051258
2.5366507594224643,0.1961751728773292
2.537087849240578,0.19847992550307253
2.5375249390586916,0.20477917242134766
2.537962028876805,0.20873628450334145
2.538399118694919,0.21154718629690752
2.5388362085130325,0.22339201173014372
2.539273298331146,0.23347299995207232
2.539710388149259,0.22766068330452982
2.5401474779673725,0.2218822243702497
2.540584567785486,0.22931235266671196
2.5410216576035998,0.2381556283551591
2.5414587474217134,0.2398717119522673
2.541895837239827,0.24178356466292322
2.5423329270579407,0.24898347929043885
2.5427700168760543,0.24881995878317878
2.543207106694168,0.23382594846748458
2.5436441965122816,0.22286459606012654
2.544081286330395,0.22580180512999795
2.544518376148509,0.2241439121279453
2.5449554659666225,0.21026373057317543
2.545392555784736,0.19864178670032512
2.5458296456028497,0.19403593711108297
2.5462667354209634,0.18737600179252553
2.546703825239077,0.17645842294409805
2.5471409150571906,0.17009026327915341
2.5475780048753043,0.17660084188197758
2.548015094693418,0.18995010219326428
2.5484521845115315,0.19273760159689582
2.548889274329645,0.17926039792759152
2.549326364147759,0.15920505173640034
2.5497634539658725,0.14717503426258913
2.550200543783986,0.1560175360044614
2.5506376336020997,0.17569739783080665
2.5510747234202134,0.18103502004932112
2.551511813238327,0.1722364937261292
2.5519489030564406,0.16632708032801632
2.5523859928745543,0.16060509799245565
2.552823082692668,0.14509071877697857
2.5532601725107815,0.13010763053978763
2.553697262328895,0.1317251334805714
2.554134352147009,0.15003010226418648
2.5545714419651224,0.17168102155486564
2.555008531783236,0.18399155292657715
2.5554456216013497,0.18640722303282917
2.5558827114194633,0.18175966202943297
2.556319801237577,0.17168945442263212
2.5567568910556906,0.16472989115575773
2.5571939808738042,0.16500389383350847
2.557631070691918,0.16550813881277934
2.5580681605100315,0.16385597802204147
2.558505250328145,0.16713125705509133
2.5589423401462588,0.17428832579285453
2.5593794299643724,0.17349097418482012
2.559816519782486,0.16354351588243826
2.5602536096005997,0.15325514772261148
2.5606906994187133,0.1461270332243938
2.561127789236827,0.1411536568660691
2.5615648790549406,0.139042104661151
2.562001968873054,0.14325417223574352
2.562439058691168,0.15145611175506837
2.5628761485092815,0.15490435786053136
2.563313238327395,0.15589632674720114
2.5637503281455087,0.1607013702219886
2.5641874179636224,0.15693014402735547
2.564624507781736,0.14165207992012688
2.5650615975998496,0.13688097650930045
2.5654986874179633,0.1456506750884021
2.565935777236077,0.15463646000279324
2.5663728670541905,0.15942405695958456
2.566809956872304,0.15399645816479293
2.567247046690418,0.14185618074230832
2.5676841365085314,0.1360516008611641
2.568121226326645,0.13514468903333593
2.5685583161447587,0.13220620037206376
2.5689954059628723,0.12630447545229107
2.569432495780986,0.11742939797253375
2.5698695855990996,0.10812672317392975
2.5703066754172132,0.10282700992637538
2.570743765235327,0.10438549022661468
2.5711808550534405,0.11463698808894585
2.571617944871554,0.1305701485810081
2.572055034689668,0.1419783309300397
2.5724921245077814,0.14073780934125665
2.572929214325895,0.12795410629443837
2.5733663041440087,0.11084759885493779
2.5738033939621223,0.09649236087196592
2.574240483780236,0.08831795206778086
2.5746775735983496,0.08905134791793683
2.5751146634164632,0.09699635795930912
2.575551753234577,0.10604254807527351
2.5759888430526905,0.11645653727957765
2.576425932870804,0.1260239784230349
2.5768630226889178,0.1278289343241577
2.5773001125070314,0.12443638240783429
2.577737202325145,0.117746373867247
2.5781742921432587,0.10697036876074614
2.5786113819613723,0.10403974202995657
2.579048471779486,0.1140674298996928
2.5794855615975996,0.11903689595137064
2.579922651415713,0.11625842509195576
2.580359741233827,0.12894424631862628
2.5807968310519405,0.15747698459961862
2.581233920870054,0.17801397914383313
2.5816710106881677,0.180535166069096
2.5821081005062814,0.1754863975018362
2.582545190324395,0.17817451944662355
2.5829822801425086,0.18194879588371754
2.5834193699606223,0.1716146020997071
2.583856459778736,0.15549202936216105
2.5842935495968495,0.14143692373005237
2.584730639414963,0.1306298403274894
2.585167729233077,0.13717813766103007
2.5856048190511904,0.16361674559569014
2.586041908869304,0.18545659838916234
2.5864789986874177,0.18307979709688918
2.5869160885055313,0.16746191103604677
2.587353178323645,0.15507556328333702
2.5877902681417586,0.14246141980642896
2.5882273579598722,0.12947751392110188
2.588664447777986,0.1267965102539267
2.5891015375960995,0.1342607639192222
2.589538627414213,0.14251637553069338
2.589975717232327,0.1462184499273913
2.5904128070504404,0.15031495403700595
2.590849896868554,0.1567474627546715
2.5912869866866677,0.1571089677951483
2.5917240765047813,0.16428332611146343
2.592161166322895,0.19117421516034652
2.5925982561410086,0.209426475237969
2.593035345959122,0.20708423693139028
2.593472435777236,0.20856079203693487
2.5939095255953495,0.2184169015447872
2.594346615413463,0.2232215805996544
2.5947837052315768,0.2166515033184455
2.5952207950496904,0.20317155006883497
2.595657884867804,0.19265040545656845
2.5960949746859177,0.18621766652523022
2.5965320645040313,0.18111934954677725
2.596969154322145,0.18311775717127524
2.5974062441402586,0.19994338954436622
2.597843333958372,0.23483424477247716
2.598280423776486,0.27948444847808707
2.5987175135945995,0.3030417406466103
2.599154603412713,0.28298881858963787
2.5995916932308267,0.24683590471342318
2.6000287830489404,0.2306429752561734
2.600465872867054,0.23308255270253148
2.6009029626851676,0.24608660207269514
2.6013400525032813,0.259704119199675
2.601777142321395,0.25704411111423314
2.6022142321395085,0.24220829756333456
2.602651321957622,0.23066116509418463
2.603088411775736,0.2318140540866585
2.6035255015938494,0.23660648905333886
2.603962591411963,0.22167574718433677
2.6043996812300767,0.19169457784877977
2.6048367710481903,0.16585365904240726
2.605273860866304,0.14382719416917844
2.6057109506844176,0.12774816975739792
2.6061480405025312,0.12615820414568837
2.606585130320645,0.13577887541898098
2.6070222201387585,0.14384549902586577
2.607459309956872,0.1410096675604455
2.6078963997749858,0.13220587863350294
2.6083334895930994,0.12615141167952856
2.608770579411213,0.12436280851619443
2.6092076692293267,0.12730760830234286
2.6096447590474403,0.1333569712423867
2.610081848865554,0.13984533729551432
2.6105189386836676,0.15120108824649478
2.610956028501781,0.16819333780623263
2.611393118319895,0.17718257874622206
2.6118302081380085,0.17037733210718597
2.612267297956122,0.15941658901524133
2.6127043877742357,0.15579448170284166
2.6131414775923494,0.15434611692426187
2.613578567410463,0.1482127494677146
2.6140156572285767,0.14587680885967313
2.6144527470466903,0.15310003435699365
2.614889836864804,0.16103337077300184
2.6153269266829176,0.1652271811858821
2.615764016501031,0.1688974086985299
2.616201106319145,0.17063735495171967
2.6166381961372585,0.16832252938168277
2.617075285955372,0.16289980147047461
2.6175123757734857,0.15421754690188874
2.6179494655915994,0.14983389950133458
2.618386555409713,0.16450312174078133
2.6188236452278266,0.19497665935202704
2.6192607350459403,0.21590142954614014
2.619697824864054,0.21385745943473472
2.6201349146821675,0.202059204007392
2.620572004500281,0.18951030004765507
2.621009094318395,0.17525926243652773
2.6214461841365084,0.17384289021643248
2.621883273954622,0.19442127669013357
2.6223203637727357,0.21778852928321565
2.6227574535908493,0.2294676115514869
2.623194543408963,0.2363722411395651
2.6236316332270766,0.2437819398767845
2.6240687230451902,0.2485878435041476
2.624505812863304,0.24864871312398962
2.6249429026814175,0.24380736157585578
2.625379992499531,0.23311801843827146
2.6258170823176448,0.21986007190201587
2.6262541721357584,0.2153203062719621
2.626691261953872,0.22223768665578783
2.6271283517719857,0.22968420566214426
2.6275654415900993,0.23590865728509483
2.628002531408213,0.24705142224778734
2.6284396212263266,0.2579540317719506
2.62887671104444,0.25810798687715397
2.629313800862554,0.2482360947144276
2.6297508906806675,0.2394778447524746
2.630187980498781,0.23539592298011236
2.6306250703168947,0.23201349675619423
2.6310621601350084,0.23153570026552042
2.631499249953122,0.23448568699251732
2.6319363397712356,0.23609705494500602
2.6323734295893493,0.2322453504280573
2.632810519407463,0.2187689557410683
2.6332476092255765,0.19891616445092777
2.63368469904369,0.18701641174422706
2.634121788861804,0.19082673723292445
2.6345588786799174,0.19967395095697543
2.634995968498031,0.2032616775676042
2.6354330583161447,0.20105583970599583
2.6358701481342584,0.19224382833031445
2.636307237952372,0.17850404312471593
2.6367443277704856,0.166572988504232
2.6371814175885993,0.1603538454589833
2.637618507406713,0.16173327236074067
2.6380555972248265,0.17185543376300697
2.63849268704294,0.17736170100823984
2.638929776861054,0.17002263246461857
2.6393668666791674,0.16423065214473678
2.639803956497281,0.16489597243280962
2.6402410463153947,0.16945206519233144
2.6406781361335083,0.17880031276289152
2.641115225951622,0.18452442524158563
2.6415523157697356,0.18205445317565433
2.6419894055878492,0.17449800445395616
2.642426495405963,0.16380486336512265
2.6428635852240765,0.15261792917405975
2.64330067504219,0.14067574592955842
2.6437377648603038,0.13005400386463756
2.6441748546784174,0.12736390417234128
2.644611944496531,0.12606560636005334
2.6450490343146447,0.11760613494850315
2.6454861241327583,0.1110656880558809
2.645923213950872,0.11264859309077954
2.6463603037689856,0.1212278187068406
2.646797393587099,0.13502076695236712
2.647234483405213,0.14813906229116874
2.6476715732233265,0.1608516793739601
2.64810866304144,0.17125565215316965
2.6485457528595537,0.17054244228756907
2.6489828426776674,0.15845658657339645
2.649419932495781,0.14354807807692907
2.6498570223138946,0.13396146477403764
2.6502941121320083,0.13189276702402128
2.650731201950122,0.1378631436458437
2.6511682917682355,0.14909052844989837
2.651605381586349,0.15096985383812028
2.652042471404463,0.1321098187629516
2.6524795612225764,0.10206678744829649
2.65291665104069,0.08257650724717602
2.6533537408588037,0.08609015147715038
2.6537908306769173,0.10458727824474365
2.654227920495031,0.11735574889573623
2.6546650103131446,0.10872348442246134
2.6551021001312582,0.08895669276160471
2.655539189949372,0.07869978532102229
2.6559762797674855,0.07744389131424977
2.656413369585599,0.07801157723084859
2.656850459403713,0.07869049445058933
2.6572875492218264,0.07770538449264819
2.65772463903994,0.07566989876427162
2.6581617288580537,0.07242293067316531
2.6585988186761673,0.06660573994542633
2.659035908494281,0.06099434144832509
2.6594729983123946,0.05833182491754184
2.659910088130508,0.05552193086742069
2.660347177948622,0.06062079462375092
2.6607842677667355,0.08487836247509065
2.661221357584849,0.11010330705328196
2.6616584474029628,0.11574908017483868
2.6620955372210764,0.11002659183126207
2.66253262703919,0.10962449270356457
2.6629697168573037,0.11652169645202515
2.6634068066754173,0.11739037919095265
2.663843896493531,0.10416771545422443
2.6642809863116446,0.08431751973840827
2.664718076129758,0.07132255800150865
2.665155165947872,0.07462012767974609
2.6655922557659855,0.09164219884884497
2.666029345584099,0.10781376069714552
2.6664664354022127,0.11161961928416901
2.6669035252203264,0.10712310179332576
2.66734061503844,0.10305224825743453
2.6677777048565536,0.1036968535945015
2.6682147946746673,0.1121592311918864
2.668651884492781,0.12675886847196366
2.6690889743108945,0.14365048002940703
2.669526064129008,0.1600102812606722
2.669963153947122,0.17142389210181785
2.6704002437652354,0.17818257473367025
2.670837333583349,0.181634708035592
2.6712744234014627,0.18053564855081788
2.6717115132195763,0.18149049240676998
2.67214860303769,0.18858071853832012
2.6725856928558036,0.19331980607400154
2.6730227826739172,0.19388112374899996
2.673459872492031,0.19661650412930778
2.6738969623101445,0.1926386518149859
2.674334052128258,0.16895410991342977
2.6747711419463718,0.14411323114988042
2.6752082317644854,0.14168657022508596
2.675645321582599,0.14780422506373955
2.6760824114007127,0.14981863446764948
2.6765195012188263,0.159181713315827
2.67695659103694,0.17265329316736322
2.6773936808550536,0.17354671528552698
2.677830770673167,0.1631380526600988
2.678267860491281,0.15763134883102706
2.6787049503093945,0.1616767175909865
2.679142040127508,0.16250589618267863
2.6795791299456218,0.15417462291468134
2.6800162197637354,0.14948443306410925
2.680453309581849,0.15588507824827033
2.6808903993999627,0.15913185024114126
2.6813274892180763,0.14541314564893582
2.68176457903619,0.12277691009128455
2.6822016688543036,0.11202299912356051
2.682638758672417,0.12079818234024775
2.683075848490531,0.13821947462999418
2.6835129383086445,0.154180196468074
2.683950028126758,0.16680545681699033
2.6843871179448717,0.17020075579270014
2.6848242077629854,0.15579340670488806
2.685261297581099,0.1398763812867406
2.6856983873992126,0.14458224557965085
2.6861354772173263,0.15437913734471578
2.68657256703544,0.14690510553493655
2.6870096568535535,0.133244697299072
2.687446746671667,0.13630364251861993
2.687883836489781,0.15658206640878894
2.6883209263078944,0.17332005308074963
2.688758016126008,0.16706758302932648
2.6891951059441217,0.1475400249738961
2.6896321957622353,0.14264057918560838
2.690069285580349,0.14844376272528545
2.6905063753984626,0.14595281014498163
2.6909434652165762,0.14050438160148518
2.69138055503469,0.14049401925439015
2.6918176448528035,0.14350249663518552
2.692254734670917,0.1519263359556035
2.6926918244890308,0.16865771809530544
2.6931289143071444,0.1891852066298289
2.693566004125258,0.20621975036933418
2.6940030939433717,0.20825285961781578
2.6944401837614853,0.1905953068850966
2.694877273579599,0.16569781652194404
2.6953143633977126,0.1492732628916101
2.695751453215826,0.14283756554098834
2.69618854303394,0.1340468195368029
2.6966256328520535,0.12725432349782076
2.697062722670167,0.13847569134789972
2.6974998124882807,0.1488419538959787
2.6979369023063944,0.13541571751669962
2.698373992124508,0.1158961459758701
2.6988110819426216,0.11176867695966901
2.6992481717607353,0.1153647338528095
2.699685261578849,0.10853766084625212
2.7001223513969626,0.09799092492391924
2.700559441215076,0.10554546349175162
2.70099653103319,0.1256147651984352
2.7014336208513035,0.1370508392863426
2.701870710669417,0.14098417805434732
2.7023078004875307,0.16028996140861088
2.7027448903056444,0.1773500207458725
2.703181980123758,0.1600417992935637
2.7036190699418716,0.16294421321373218
2.7040561597599853,0.207995417715413
2.704493249578099,0.22319308205647018
2.7049303393962125,0.1902010294546273
2.705367429214326,0.15142017695527973
2.70580451903244,0.14173284084372556
2.7062416088505534,0.14831240710164753
2.706678698668667,0.11828145200111671
2.7071157884867807,0.05469643522824573
2.7075528783048943,0.012448309491192048
2.707989968123008,0.008040393524555805
2.7084270579411216,0.02302291630151212
2.7088641477592352,0.036395119390341804
2.709301237577349,0.03688955620801117
2.7097383273954625,0.031986033150286954
2.710175417213576,0.040895882164899124
2.7106125070316898,0.061034964938460556
2.7110495968498034,0.05946253183339756
2.711486686667917,0.061042209888752814
2.7119237764860307,0.10791761716298355
2.7123608663041443,0.1445109558265655
2.712797956122258,0.14434001750548073
2.7132350459403716,0.15474147919601364
2.713672135758485,0.17289240478519566
2.714109225576599,0.17771214507223942
2.7145463153947125,0.17055812425940484
2.714983405212826,0.16035814319231712
2.7154204950309397,0.16177582072748045
2.7158575848490534,0.16648562860191282
2.716294674667167,0.16023894570213823
2.7167317644852806,0.14618012946638806
2.7171688543033943,0.12827193617368787
2.717605944121508,0.11337062147562885
2.7180430339396215,0.10298696289261033
2.718480123757735,0.09045283339735098
2.718917213575849,0.08710310250528604
2.7193543033939624,0.10281107999913766
2.719791393212076,0.11914108194198383
2.7202284830301897,0.1136569051760904
2.7206655728483033,0.08236232455875449
2.721102662666417,0.06321617923669595
2.7215397524845306,0.09300406153551165
2.7219768423026443,0.12286466439383954
2.722413932120758,0.1040798177724895
2.7228510219388715,0.07066232432988984
2.723288111756985,0.054073245284938766
2.723725201575099,0.04855116937638958
2.7241622913932124,0.04684023722816612
2.724599381211326,0.05100394551260627
2.7250364710294397,0.06424169772933543
2.7254735608475533,0.06949555439537591
2.725910650665667,0.05278475562138186
2.7263477404837806,0.03131953208595582
2.7267848303018942,0.018907009267848218
2.727221920120008,0.010709637697049013
2.7276590099381215,0.003989579723103164
2.728096099756235,0.0012642211404529438
2.7285331895743488,0.006788466970243624
2.7289702793924624,0.02750056801772916
2.729407369210576,0.061637506761312466
2.7298444590286897,0.09224215882059936
2.7302815488468033,0.10792686697433562
2.730718638664917,0.10815075102191617
2.7311557284830306,0.09160429822610834
2.731592818301144,0.07349566100121825
2.732029908119258,0.07825511958942022
2.7324669979373715,0.10269324446551871
2.732904087755485,0.12340380885190272
2.7333411775735987,0.12418982490794782
2.7337782673917124,0.11678473182555335
2.734215357209826,0.12051563319129392
2.7346524470279396,0.1239968175409076
2.7350895368460533,0.11557883991334715
2.735526626664167,0.10764925752830347
2.7359637164822805,0.11063132674133168
2.736400806300394,0.1204818903070608
2.736837896118508,0.13428438075719668
2.7372749859366214,0.15697889679994928
2.737712075754735,0.18183975949975964
2.7381491655728487,0.19546173016322393
2.7385862553909623,0.21323061781240618
2.739023345209076,0.24396395641348365
2.7394604350271896,0.24286939938541963
2.7398975248453032,0.2051491675391433
2.740334614663417,0.1815488051152471
2.7407717044815305,0.16854204180338425
2.741208794299644,0.14436377523152805
2.741645884117758,0.13252460238328218
2.7420829739358714,0.13977969740948692
2.742520063753985,0.1397548547093964
2.7429571535720987,0.12790946716519416
2.7433942433902123,0.12870999407767422
2.743831333208326,0.14795008765347675
2.7442684230264387,0.14973507817854456
2.7447055128445523,0.1293351742614111
2.745142602662666,0.12499899545303618
2.7455796924807796,0.13993499471052923
2.7460167822988932,0.16193269193790205
2.746453872117007,0.18348153629737213
2.7468909619351205,0.1893313230843578
2.747328051753234,0.19856205542911423
2.7477651415713478,0.2174360250555377
2.7482022313894614,0.20864528592500184
2.748639321207575,0.18274830856654453
2.7490764110256887,0.18063852262845817
2.7495135008438023,0.1946222180470851
2.749950590661916,0.18728815548291142
2.7503876804800296,0.15614262560631226
2.750824770298143,0.13739523658772565
2.751261860116257,0.14612068231575545
2.7516989499343705,0.16504411760262042
2.752136039752484,0.1787496483208108
2.7525731295705977,0.1882419988937384
2.7530102193887114,0.18362517596147482
2.753447309206825,0.1652628480696492
2.7538843990249386,0.16679868194701225
2.7543214888430523,0.1875926805337302
2.754758578661166,0.20393501079245707
2.7551956684792795,0.20686439164120293
2.755632758297393,0.18635138321601846
2.756069848115507,0.15776676080503452
2.7565069379336204,0.1579057671284895
2.756944027751734,0.17949603414497503
2.7573811175698477,0.1842720187226854
2.7578182073879614,0.18165482466418653
2.758255297206075,0.19506251794242951
2.7586923870241886,0.21555745497462991
2.7591294768423023,0.2301917900358915
2.759566566660416,0.23825101904106633
2.7600036564785295,0.24125606690580365
2.760440746296643,0.22496899562684994
2.760877836114757,0.18194290291247875
2.7613149259328704,0.13629732518932303
2.761752015750984,0.1135629333636944
2.7621891055690977,0.10919649851163589
2.7626261953872113,0.10599794855246121
2.763063285205325,0.09990634020251048
2.7635003750234386,0.11964772423247065
2.7639374648415522,0.17755442076476294
2.764374554659666,0.21936016612695314
2.7648116444777795,0.23133183314574504
2.765248734295893,0.2544954861877195
2.7656858241140068,0.28627140271774143
2.7661229139321204,0.29848225216209306
2.766560003750234,0.2841569567458874
2.7669970935683477,0.25683223053575943
2.7674341833864613,0.23252511848770677
2.767871273204575,0.21443518996477898
2.7683083630226886,0.19227446121874295
2.768745452840802,0.1736879544908417
2.769182542658916,0.16628450273192086
2.7696196324770295,0.16748869328222735
2.770056722295143,0.17822755951639704
2.7704938121132567,0.18044210944896896
2.7709309019313704,0.17329590383063254
2.771367991749484,0.17449962154334195
2.7718050815675976,0.17288295547236013
2.7722421713857113,0.15825866864732863
2.772679261203825,0.1450242356313214
2.7731163510219385,0.1346416392352002
2.773553440840052,0.12434961939799381
2.773990530658166,0.12812135451139847
2.7744276204762794,0.14191983830013458
2.774864710294393,0.14977581477191618
2.7753018001125067,0.1524836606975644
2.7757388899306203,0.1591314436731077
2.776175979748734,0.17033877004361744
2.7766130695668476,0.17223795404585657
2.7770501593849612,0.16824031368817385
2.777487249203075,0.16676723670813948
2.7779243390211885,0.16113146381180934
2.778361428839302,0.15588358068667688
2.778798518657416,0.1422455915149417
2.7792356084755294,0.11549836241804164
2.779672698293643,0.10173289206485926
2.7801097881117567,0.11257955207153543
2.7805468779298703,0.13376437589310636
2.780983967747984,0.14022018951437953
2.7814210575660976,0.12724119225444058
2.781858147384211,0.12722276887287806
2.782295237202325,0.1456903184392999
2.7827323270204385,0.14296734979580464
2.783169416838552,0.11111922529663597
2.7836065066566658,0.08147673779933508
2.7840435964747794,0.07081159082971998
2.784480686292893,0.0811379153286923
2.7849177761110067,0.10299342389811492
2.7853548659291203,0.10935809931003405
2.785791955747234,0.0983038981239777
2.7862290455653476,0.08880154141915494
2.786666135383461,0.08458542660207195
2.787103225201575,0.08931387336923254
2.7875403150196885,0.0960551021670955
2.787977404837802,0.09542570707168174
2.7884144946559157,0.09519506567795015
2.7888515844740294,0.09724430275651649
2.789288674292143,0.09619918344669473
2.7897257641102566,0.09847928647888807
2.7901628539283703,0.10973980421864218
2.790599943746484,0.11139951578670478
2.7910370335645975,0.09748769815365621
2.791474123382711,0.0916398900447595
2.791911213200825,0.09551032065231534
2.7923483030189384,0.09009156344970816
2.792785392837052,0.0786443892343927
2.7932224826551657,0.07538479064054711
2.7936595724732793,0.08255318706100541
2.794096662291393,0.09000919102444338
2.7945337521095066,0.09090443849685324
2.7949708419276202,0.09027070696885012
2.795407931745734,0.08681243124822545
2.7958450215638475,0.08368804238619558
2.796282111381961,0.0958840225385723
2.796719201200075,0.12111826632237911
2.7971562910181884,0.13583950822585553
2.797593380836302,0.12914771480599346
2.7980304706544157,0.11871991674830261
2.7984675604725293,0.11760144777400654
2.798904650290643,0.11799113431111279
2.7993417401087566,0.11082374736025043
2.79977882992687,0.1015003333565084
2.800215919744984,0.09572387908226557
2.8006530095630975,0.08793186908090769
2.801090099381211,0.08396765041898324
2.8015271891993248,0.08159270950749263
2.8019642790174384,0.07792446813418352
2.802401368835552,0.08198824368770816
2.8028384586536657,0.0868565568463656
2.8032755484717793,0.08666508952580994
2.803712638289893,0.08262889587374533
2.8041497281080066,0.0860350186215404
2.80458681792612,0.10630961762873128
2.805023907744234,0.13072339571176173
2.8054609975623475,0.14042249102286788
2.805898087380461,0.13095176834725727
2.8063351771985747,0.1189605179528371
2.8067722670166884,0.11307350730480281
2.807209356834802,0.10551516430346994
2.8076464466529156,0.09926515270233191
2.8080835364710293,0.10204550742376994
2.808520626289143,0.10743874220403858
2.8089577161072565,0.11132842857109436
2.80939480592537,0.11786408291213703
2.809831895743484,0.12463563745805739
2.8102689855615974,0.1272185802208675
2.810706075379711,0.11584200258315909
2.8111431651978247,0.0988470986254254
2.8115802550159383,0.1002499935431731
2.812017344834052,0.11468326289839388
2.8124544346521656,0.12807969703909022
2.8128915244702792,0.1384985366993245
2.813328614288393,0.1423961460752549
2.8137657041065065,0.13303718931080105
2.81420279392462,0.1244126121904476
2.8146398837427338,0.1394605612945903
2.8150769735608474,0.16271861315459785
2.815514063378961,0.17410124345094766
2.8159511531970747,0.17467740390378744
2.8163882430151883,0.16552316188064684
2.816825332833302,0.15730392133312407
2.8172624226514156,0.15544386913860733
2.817699512469529,0.15977620457606487
2.818136602287643,0.17267639362263448
2.8185736921057565,0.1854574176145323
2.81901078192387,0.19153539126043073
2.8194478717419837,0.19496988430606607
2.8198849615600974,0.19863161822597405
2.820322051378211,0.19580456297978582
2.8207591411963246,0.1910455409091296
2.8211962310144383,0.18364911000568154
2.821633320832552,0.16163584594291197
2.8220704106506656,0.15459024713018024
2.822507500468779,0.17177747823913206
2.822944590286893,0.16663014303743715
2.8233816801050065,0.13859589024244687
2.82381876992312,0.12134693091716145
2.8242558597412337,0.11673099354487579
2.8246929495593474,0.11687450442608426
2.825130039377461,0.11277590760462286
2.8255671291955746,0.09884658218917519
2.8260042190136883,0.09917352009795143
2.826441308831802,0.12884708994746047
2.8268783986499155,0.14427200540631274
2.827315488468029,0.12728071381505074
2.827752578286143,0.1128769242449211
2.8281896681042564,0.10534433759632027
2.82862675792237,0.10982198222252712
2.8290638477404837,0.13709965714013603
2.8295009375585973,0.15810067075006753
2.829938027376711,0.14840824013587559
2.8303751171948246,0.12516265143161004
2.8308122070129382,0.10456228418825386
2.831249296831052,0.08776331061557809
2.8316863866491655,0.08350648616192143
2.832123476467279,0.09011356756543838
2.8325605662853928,0.10145717442725055
2.8329976561035064,0.10681890050677464
2.83343474592162,0.09901641006884664
2.8338718357397337,0.08774811643902759
2.8343089255578473,0.08137865106979927
2.834746015375961,0.08410133524185544
2.8351831051940746,0.09513819954130166
2.835620195012188,0.11158425939509489
2.836057284830302,0.11849524241613775
2.8364943746484155,0.11987712535695495
2.836931464466529,0.13570484512033323
2.8373685542846427,0.145325789930367
2.8378056441027564,0.1354242962976756
2.83824273392087,0.11641036162016438
2.8386798237389836,0.10673882895682789
2.8391169135570973,0.11507985959213789
2.839554003375211,0.1185462509353257
2.8399910931933245,0.10319947895127389
2.840428183011438,0.09040371518367964
2.840865272829552,0.09989320860322747
2.8413023626476654,0.1111128623054035
2.841739452465779,0.1051906788914667
2.8421765422838927,0.09189998231398626
2.8426136321020063,0.08934659468853755
2.84305072192012,0.09375713322385462
2.8434878117382336,0.09036688749054457
2.8439249015563473,0.079107070727171
2.844361991374461,0.06657259961609945
2.8447990811925745,0.06054395031661255
2.845236171010688,0.0576348912504629
2.845673260828802,0.055306330461697646
2.8461103506469154,0.05296026520766448
2.846547440465029,0.045713731520059545
2.8469845302831427,0.039267024083479055
2.8474216201012563,0.03771943287973991
2.84785870991937,0.03748839211645966
2.8482957997374836,0.04267531581633344
2.8487328895555972,0.05129312573758893
2.849169979373711,0.05646184005136721
2.8496070691918245,0.0657922654944249
2.850044159009938,0.0865986887505822
2.8504812488280518,0.10095408479306313
2.8509183386461654,0.0905645878355134
2.851355428464279,0.08047688837290205
2.8517925182823927,0.09312650099717555
2.8522296081005063,0.10941908529962453
2.85266669791862,0.10491611495912354
2.8531037877367336,0.09869658705136082
2.853540877554847,0.11045351830842358
2.853977967372961,0.1154398147202039
2.8544150571910745,0.11172350038912995
2.854852147009188,0.11357626600988553
2.8552892368273017,0.12012532816217547
2.8557263266454154,0.12434377522022573
2.856163416463529,0.11668034372415678
2.8566005062816426,0.10474937181268511
2.8570375960997563,0.1020311960699374
2.85747468591787,0.10479202467140558
2.8579117757359835,0.10190021223598442
2.858348865554097,0.09404552911152772
2.858785955372211,0.08822288931532825
2.8592230451903244,0.0906973336343582
2.859660135008438,0.1164398330169335
2.8600972248265517,0.13635822163271266
2.8605343146446653,0.12339330232399333
2.860971404462779,0.1072735362122066
2.8614084942808926,0.09806968159910015
2.8618455840990062,0.10083919266183568
2.86228267391712,0.11261860757950283
2.8627197637352335,0.11404080676857054
2.863156853553347,0.11109355554127225
2.863593943371461,0.11105531502887474
2.8640310331895744,0.12324916919316735
2.864468123007688,0.15664366796346577
2.8649052128258017,0.16991249396089558
2.8653423026439153,0.14217434737642928
2.865779392462029,0.12191331865978224
2.8662164822801426,0.1329719380922
2.866653572098256,0.14504615700441123
2.86709066191637,0.15418137698136575
2.8675277517344835,0.1783663742936945
2.867964841552597,0.18849700380090337
2.8684019313707108,0.1520112567840061
2.8688390211888244,0.12469794281747712
2.869276111006938,0.14788545018246615
2.8697132008250517,0.17801771670629987
2.8701502906431653,0.1835307646047998
2.870587380461279,0.1772051041372797
2.8710244702793926,0.161756950308262
2.871461560097506,0.12511275473944508
2.87189864991562,0.08574074569264992
2.8723357397337335,0.056443929775844406
2.872772829551847,0.05247606263747613
2.8732099193699607,0.07690699470475794
2.8736470091880744,0.11624004650635143
2.874084099006188,0.152364440690318
2.8745211888243016,0.18342405692713473
2.8749582786424153,0.19306284945433536
2.875395368460529,0.16561028885876533
2.8758324582786425,0.1900010827403586
2.876269548096756,0.22044722105229977
2.87670663791487,0.21494572805605663
2.8771437277329834,0.24166013349555443
2.877580817551097,0.2169968382996552
2.8780179073692107,0.15515804808305614
2.8784549971873243,0.1450157655300297
2.878892087005438,0.13580965946510787
2.8793291768235516,0.11133438420685467
2.8797662666416652,0.08989416938605069
2.880203356459779,0.06423608279662538
2.8806404462778925,0.04812310722448331
2.881077536096006,0.045561594286320874
2.8815146259141198,0.08743977623093327
2.8819517157322334,0.1893910852642962
2.882388805550347,0.262321460681957
2.8828258953684607,0.2369859209018488
2.8832629851865743,0.14179879586549085
2.883700075004688,0.0497244585594229
2.8841371648228016,0.008252077941300076
2.884574254640915,0.0007945908375497629
2.885011344459029,0.00038993026503960146
2.8854484342771425,0.0008951361166217447
2.885885524095256,0.009449238171950963
2.8863226139133698,0.031628163445335325
2.8867597037314834,0.04939114031835593
2.887196793549597,0.05787903909182462
2.8876338833677107,0.06937030063570221
2.8880709731858243,0.0731990461037467
2.888508063003938,0.06624310903118616
2.8889451528220516,0.0570708967183083
2.889382242640165,0.040142724224423734
2.889819332458279,0.0237975706568535
2.8902564222763925,0.04867270358598635
2.890693512094506,0.09322133905687986
2.8911306019126197,0.09471399176003166
2.8915676917307334,0.07394775644041314
2.892004781548847,0.06900542910565564
2.8924418713669606,0.07111500564370324
2.8928789611850743,0.06450770116885601
2.893316051003188,0.055531830482994884
2.8937531408213015,0.05193152674515656
2.894190230639415,0.04963713259359742
2.894627320457529,0.05592040030634008
2.8950644102756424,0.08800438682142624
2.895501500093756,0.14107143960495666
2.8959385899118697,0.17520832830416894
2.8963756797299833,0.16311549495407832
2.896812769548097,0.14331895748784668
2.8972498593662106,0.14245124274482018
2.8976869491843242,0.14433604144753964
2.898124039002438,0.13549720896956427
2.8985611288205515,0.1287945125598077
2.898998218638665,0.1498114509629203
2.8994353084567788,0.1606669695947412
2.8998723982748924,0.13047494361695267
2.900309488093006,0.10008070614754869
2.9007465779111197,0.09846138709976592
2.9011836677292333,0.10262600582884704
2.901620757547347,0.0862602139887814
2.9020578473654606,0.058338506821364634
2.902494937183574,0.0557142163006439
2.902932027001688,0.11135647487655487
2.9033691168198015,0.1860573792677093
2.903806206637915,0.2211657754148228
2.9042432964560287,0.2496800637540443
2.9046803862741424,0.2807507970505216
2.905117476092256,0.2728375351276207
2.9055545659103696,0.21247428599449347
2.9059916557284833,0.16459783306743758
2.906428745546597,0.16389632396434525
2.9068658353647105,0.16832283343258223
2.907302925182824,0.17563690181211364
2.907740015000938,0.17313026033036755
2.9081771048190515,0.15739637153403757
2.908614194637165,0.16273605594718132
2.9090512844552787,0.16444307606594613
2.9094883742733924,0.14149507227234984
2.909925464091506,0.14251699968769163
2.9103625539096196,0.1815076394049962
2.9107996437277333,0.23851092651124994
2.911236733545847,0.24082681955396448
2.9116738233639605,0.20593980597556225
2.912110913182074,0.2223174608851087
2.912548003000188,0.23374322769666475
2.9129850928183014,0.19470505457431947
2.913422182636415,0.19270743812496208
2.9138592724545287,0.2243057744812516
2.9142963622726423,0.2230672419407743
2.914733452090756,0.20011315641817307
2.9151705419088696,0.1852063258691335
2.9156076317269832,0.18070326555983146
2.916044721545097,0.1138498674772139
2.9164818113632105,0.029160330409708946
2.916918901181324,0.0030238853919224563
2.9173559909994378,0.01935430081261396
2.9177930808175514,0.10452138411848337
2.918230170635665,0.19123269250354616
2.9186672604537787,0.13300225373279273
2.9191043502718923,0.030275035167658445
2.919541440090006,0.0014528724929425694
2.9199785299081196,0.00048664895519278306
2.920415619726233,0.00012179858229393749
2.920852709544347,8.295562042994964e-05
2.9212897993624605,4.092707212199271e-05
2.921726889180574,4.527534595087982e-05
2.9221639789986877,3.1092415855804104e-05
2.9226010688168014,6.065543279273958e-05
2.923038158634915,0.00011419880938561108
2.9234752484530286,0.00013914548676765434
2.9239123382711423,0.0017988192241506565
2.924349428089256,0.014170937483059498
2.9247865179073695,0.04752191818462065
2.925223607725483,0.10722148217106718
2.925660697543597,0.17012924349706257
2.9260977873617104,0.2088839373713596
2.926534877179824,0.1882146452614597
2.9269719669979377,0.12931307200311762
2.9274090568160513,0.063710389273646
2.927846146634165,0.021388447893033593
2.9282832364522786,0.004367263884278388
2.9287203262703922,8.235998652392717e-05
2.929157416088506,0.00022203069027739724
2.9295945059066195,4.613989938533882e-05
2.930031595724733,7.077474658294738e-05
2.930468685542847,8.15920198398725e-05
2.9309057753609604,0.00013380974532530902
2.931342865179074,0.0002884613070585285
2.9317799549971877,0.003328120875740273
2.9322170448153013,0.02742600120097603
2.932654134633415,0.06709241397836159
2.9330912244515286,0.09413621342209368
2.9335283142696422,0.1256527804193269
2.933965404087756,0.15581573923684516
2.9344024939058695,0.18263292710424112
2.934839583723983,0.21980129745036647
2.9352766735420968,0.26798413710499974
2.9357137633602104,0.3069540326746189
2.936150853178324,0.3721464276027596
2.9365879429964377,0.4070684598294768
2.9370250328145513,0.35547238318148183
2.937462122632665,0.2774723608725059
2.9378992124507786,0.192665904155683
2.938336302268892,0.12616483405910786
2.938773392087006,0.08251708009919556
2.9392104819051195,0.06234371498056277
2.939647571723233,0.05165170762045467
2.9400846615413467,0.050273000751108896
2.9405217513594604,0.057455457905458994
2.940958841177574,0.06071648189982382
2.9413959309956876,0.06232790334977651
2.9418330208138013,0.06532901390471955
2.942270110631915,0.06694073214703881
2.9427072004500285,0.06521085814118255
2.943144290268142,0.06438094944144272
2.943581380086256,0.06722753195790686
2.9440184699043694,0.06803696077603086
2.944455559722483,0.06955194507572449
2.9448926495405967,0.07820790215781108
2.9453297393587103,0.08912218056191086
2.945766829176824,0.09145344500135778
2.9462039189949376,0.10999115906330248
2.9466410088130512,0.15612163543299545
2.947078098631165,0.17294904412119488
2.9475151884492785,0.13996196396035007
2.947952278267392,0.09809787810080864
2.948389368085506,0.07619247842728151
2.9488264579036185,0.07261213141592351
2.949263547721732,0.0750623108665025
2.949700637539846,0.07599382571054343
2.9501377273579594,0.075761271076818
2.950574817176073,0.07768853432467904
2.9510119069941867,0.07982347133538994
2.9514489968123003,0.07754686819628644
2.951886086630414,0.0786306154793972
2.9523231764485276,0.08742962590610033
2.9527602662666412,0.08993885381611207
2.953197356084755,0.08139803442323963
2.9536344459028685,0.07565830024821874
2.954071535720982,0.07206165511130333
2.9545086255390958,0.06509040214657184
2.9549457153572094,0.059762014779328444
2.955382805175323,0.05533745322937097
2.9558198949934367,0.050692554182532885
2.9562569848115503,0.048595868159767866
2.956694074629664,0.04633791916437172
2.9571311644477776,0.04420195416928593
2.957568254265891,0.04311394289985287
2.958005344084005,0.044192645795409616
2.9584424339021185,0.05265244029142602
2.958879523720232,0.06698584399414831
2.9593166135383457,0.0761316031710482
2.9597537033564594,0.07859762333542848
2.960190793174573,0.07560875373991535
2.9606278829926866,0.0719609500223426
2.9610649728108003,0.07463280575763794
2.961502062628914,0.08321360288397608
2.9619391524470275,0.08735275966855004
2.962376242265141,0.08425433277345425
2.962813332083255,0.08295518540830304
2.9632504219013684,0.0854892462030713
2.963687511719482,0.08610485875368526
2.9641246015375957,0.0851400894418671
2.9645616913557093,0.08348594491370728
2.964998781173823,0.08354154752012981
2.9654358709919366,0.08648255676309831
2.9658729608100503,0.0892338830384912
2.966310050628164,0.09065732689938086
2.9667471404462775,0.09158212523807027
2.967184230264391,0.08822097239048755
2.967621320082505,0.08394857602382708
2.9680584099006184,0.0849124366935933
2.968495499718732,0.0881723405718891
2.9689325895368457,0.09144541855021347
2.9693696793549593,0.09754846214793822
2.969806769173073,0.10233380576225481
2.9702438589911866,0.10343055284377725
2.9706809488093002,0.10240756846450592
2.971118038627414,0.10294145486214376
2.9715551284455275,0.1067774306547902
2.971992218263641,0.1060405066831305
2.9724293080817548,0.09791320873816751
2.9728663978998684,0.09246423884101308
2.973303487717982,0.0960854341340616
2.9737405775360957,0.1030440040900302
2.9741776673542093,0.10589954289510999
2.974614757172323,0.10752170831696839
2.9750518469904366,0.1087455076927054
2.97548893680855,0.10562147706881997
2.975926026626664,0.10284683292880924
2.9763631164447775,0.10679224490447418
2.976800206262891,0.11557201292591404
2.9772372960810047,0.11955018669721454
2.9776743858991184,0.12154260873274972
2.978111475717232,0.12841291144716022
2.9785485655353456,0.13388906745687437
2.9789856553534593,0.13743997320848064
2.979422745171573,0.14367994140591658
2.9798598349896865,0.15144479395790358
2.9802969248078,0.16514450425027527
2.980734014625914,0.1718335149667101
2.9811711044440274,0.17333083296451315
2.981608194262141,0.18369128905647417
2.9820452840802547,0.17640297564729018
2.9824823738983683,0.16014906659276276
2.982919463716482,0.14738328494037703
2.9833565535345956,0.13762690243922543
2.9837936433527092,0.13316041829694772
2.984230733170823,0.12612594602935415
2.9846678229889365,0.12103685413845988
2.98510491280705,0.11904282410713096
2.985542002625164,0.11313580107049773
2.9859790924432774,0.10913814765207167
2.986416182261391,0.10908678595509631
2.9868532720795047,0.10814563213376736
2.9872903618976183,0.10451387365035882
2.987727451715732,0.0991692341898597
2.9881645415338456,0.09420978517793141
2.988601631351959,0.09029895258215333
2.989038721170073,0.08964499634977852
2.9894758109881865,0.09105010102139453
2.9899129008063,0.09042304633755262
2.9903499906244138,0.09016744004046284
2.9907870804425274,0.09218975941599014
2.991224170260641,0.09210258339021182
2.9916612600787547,0.0911733824954772
2.9920983498968683,0.09328522196868548
2.992535439714982,0.09330134303333412
2.9929725295330956,0.08999184604232104
2.993409619351209,0.08568739056814063
2.993846709169323,0.08341681827255032
2.9942837989874365,0.08482508727226831
2.99472088880555,0.08598553999799018
2.9951579786236637,0.08591586281602341
2.9955950684417774,0.08317138796116087
2.996032158259891,0.07752111137070046
2.9964692480780046,0.07244183976765917
2.9969063378961183,0.07118776462093664
2.997343427714232,0.07576294232685397
2.9977805175323455,0.08105073816814547
2.998217607350459,0.08191372117919689
2.998654697168573,0.09649094533964263
2.9990917869866864,0.13786432533858073
2.9995288768048,0.15049978134263792
2.9999659666229137,0.1320630893654045
3.0004030564410273,0.12387778403720687
3.000840146259141,0.11925783013146289
3.0012772360772546,0.10619818709489351
3.0017143258953682,0.13164486487210242
3.002151415713482,0.22303662898555737
3.0025885055315955,0.2669140027902817
3.003025595349709,0.2372598626468562
3.0034626851678228,0.2097747781870216
3.0038997749859364,0.1916894161087543
3.00433686480405,0.18627693424383823
3.0047739546221637,0.21423345022853707
3.0052110444402773,0.23112245287729752
3.005648134258391,0.21709044682544154
3.0060852240765046,0.19873447151803653
3.006522313894618,0.188735789998435
3.006959403712732,0.16387560503276397
3.0073964935308455,0.1295561520849083
3.007833583348959,0.12370196079139172
3.0082706731670728,0.11255902673691985
3.0087077629851864,0.10381238779652165
3.0091448528033,0.11374818653820737
3.0095819426214137,0.13069522054282423
3.0100190324395273,0.136821201210312
3.010456122257641,0.1327885827448543
3.0108932120757546,0.12975798016871792
3.011330301893868,0.12424415727164831
3.011767391711982,0.10624363208988032
3.0122044815300955,0.10442133906818654
3.012641571348209,0.12753754399360143
3.0130786611663227,0.15071526272554212
3.0135157509844364,0.15580690236711586
3.01395284080255,0.14685657507768854
3.0143899306206636,0.14046310367650303
3.0148270204387773,0.14175902333680696
3.015264110256891,0.15055494627984725
3.0157012000750045,0.1544859370684877
3.016138289893118,0.13563976673901304
3.016575379711232,0.12748065372392728
3.0170124695293454,0.13761380154877326
3.017449559347459,0.13081850436418543
3.0178866491655727,0.1133920585444764
3.0183237389836863,0.11139082044956895
3.0187608288018,0.11158929105542459
3.0191979186199136,0.13304973483443322
3.0196350084380272,0.15121796917910785
3.020072098256141,0.1316433986494849
3.0205091880742545,0.1051144434931848
3.020946277892368,0.0969527840440629
3.0213833677104818,0.09959789621276778
3.0218204575285954,0.1168062047193839
3.022257547346709,0.13649745647881448
3.0226946371648227,0.14045072824403357
3.0231317269829363,0.1261538314042607
3.02356881680105,0.11562017172275163
3.0240059066191636,0.11228243600228781
3.024442996437277,0.12220299989343737
3.024880086255391,0.1462541391409479
3.0253171760735045,0.15326027508685722
3.025754265891618,0.12839366645824898
3.0261913557097317,0.11182182465532678
3.0266284455278454,0.11513479367778955
3.027065535345959,0.10825610093993003
3.0275026251640726,0.10676518446037389
3.0279397149821863,0.12415608224829551
3.0283768048003,0.12426180776466575
3.0288138946184135,0.10755751532214942
3.029250984436527,0.07850277284160587
3.029688074254641,0.04729285626227635
3.0301251640727545,0.046632618238447984
3.030562253890868,0.06584675521591145
3.0309993437089817,0.08850717873398925
3.0314364335270954,0.07566677505870942
3.031873523345209,0.05211152738028323
3.0323106131633226,0.048354310262345365
3.0327477029814363,0.04707593817926107
3.03318479279955,0.05508779927436429
3.0336218826176635,0.07776152888033228
3.034058972435777,0.07963765799898537
3.034496062253891,0.06793479151829107
3.0349331520720044,0.06397058442002748
3.035370241890118,0.0636506611855084
3.0358073317082317,0.06219035702570336
3.0362444215263453,0.07089584514986065
3.036681511344459,0.1132296291006261
3.0371186011625726,0.13870619225332642
3.0375556909806862,0.11790092449389376
3.0379927807988,0.10463945718179268
3.0384298706169135,0.10604387057017749
3.038866960435027,0.10875139399849502
3.0393040502531408,0.11876127893038442
3.0397411400712544,0.1094857970891404
3.040178229889368,0.08368480769490581
3.0406153197074817,0.07192618157000685
3.0410524095255953,0.07586469533683857
3.041489499343709,0.08383731713072393
3.0419265891618226,0.086314852283083
3.042363678979936,0.08380495070487423
3.04280076879805,0.07568318997522208
3.0432378586161635,0.05639907941802696
3.043674948434277,0.04457688089446991
3.0441120382523907,0.05769460118109791
3.0445491280705044,0.08399895360747368
3.044986217888618,0.08915586325328531
3.0454233077067316,0.08005810804930834
3.0458603975248453,0.06710729997111338
3.046297487342959,0.05823119271813244
3.0467345771610725,0.06512398798848114
3.047171666979186,0.08416457471256154
3.0476087567973,0.09358788861332266
3.0480458466154134,0.0827773727818721
3.048482936433527,0.06855788685563553
3.0489200262516407,0.06242758928666949
3.0493571160697543,0.06260343205398874
3.049794205887868,0.06159639562397345
3.0502312957059816,0.06963032664483089
3.0506683855240952,0.09792902026028724
3.051105475342209,0.10166746354213119
3.0515425651603225,0.0816307267231126
3.051979654978436,0.07022705085471498
3.05241674479655,0.05668604634278267
3.0528538346146634,0.047674706099894285
3.053290924432777,0.04842616571503911
3.0537280142508907,0.07700935217783104
3.0541651040690043,0.10257084597819197
3.054602193887118,0.09165670002319312
3.0550392837052316,0.0796848226905756
3.0554763735233452,0.0894526986235775
3.055913463341459,0.08595284466113487
3.0563505531595725,0.0728203520139493
3.056787642977686,0.09522492613963081
3.0572247327957998,0.11668082475469932
3.0576618226139134,0.11673057863036639
3.058098912432027,0.1243180949461523
3.0585360022501407,0.15586280219702361
3.0589730920682543,0.1727605489185218
3.059410181886368,0.10824157939848224
3.0598472717044816,0.07113448724149776
3.060284361522595,0.10071396483218555
3.060721451340709,0.10890016192786998
3.0611585411588225,0.1127671486381928
3.061595630976936,0.14159777444128954
3.0620327207950497,0.17118765051938528
3.0624698106131634,0.15344293339972231
3.062906900431277,0.09693332621402255
3.0633439902493906,0.06865914031341716
3.0637810800675043,0.06376060878573654
3.064218169885618,0.07550113010804631
3.0646552597037315,0.1221153927631614
3.065092349521845,0.16801162067149314
3.065529439339959,0.15751885781089303
3.0659665291580724,0.09046459160261278
3.066403618976186,0.07448559673270956
3.0668407087942997,0.033189869998317724
3.0672777986124133,0.01226451245749336
3.067714888430527,0.013788243954400781
3.0681519782486406,0.0035427338877123157
3.0685890680667542,0.018345466240729212
3.069026157884868,0.09048409841143226
3.0694632477029815,0.1351211126852487
3.069900337521095,0.10992234317892911
3.070337427339209,0.0786105939280092
3.0707745171573224,0.05097422622676364
3.071211606975436,0.02977389220422514
3.0716486967935497,0.045307184060131636
3.0720857866116633,0.09581670207037267
3.072522876429777,0.15399770597570497
3.0729599662478906,0.16646738710248873
3.073397056066004,0.19085036497219562
3.073834145884118,0.2700934725028204
3.0742712357022315,0.2622496959032265
3.074708325520345,0.17503388554975677
3.0751454153384588,0.12877319263427506
3.0755825051565724,0.15001146527050543
3.076019594974686,0.21406857904071716
3.0764566847927997,0.23573854890882465
3.0768937746109133,0.18820563722735034
3.077330864429027,0.171418260877837
3.0777679542471406,0.18109138502284702
3.078205044065254,0.1870959725399684
3.078642133883368,0.3120153418723564
3.0790792237014815,0.411230394897584
3.079516313519595,0.3648354043159112
3.0799534033377087,0.30401468701125556
3.0803904931558224,0.2153572983347495
3.080827582973936,0.1568921029426078
3.0812646727920496,0.18769638328138308
3.0817017626101633,0.24257034836505462
3.082138852428277,0.3580789941022417
3.0825759422463905,0.43954183828734733
3.083013032064504,0.3746143682992785
3.083450121882618,0.2407471093688611
3.0838872117007314,0.19017645562705385
3.084324301518845,0.20918540683903228
3.0847613913369587,0.19172873618900846
3.0851984811550723,0.25788986642313383
3.085635570973186,0.36521625982543465
3.0860726607912996,0.3475357393740846
3.0865097506094132,0.2970015401992873
3.086946840427527,0.221025215511125
3.0873839302456405,0.18862778038826353
3.087821020063754,0.1906228908908618
3.0882581098818678,0.248846697298805
3.0886951996999814,0.3605151557039755
3.089132289518095,0.3878452454802049
3.0895693793362087,0.2550338945333502
3.0900064691543223,0.17785960536337217
3.090443558972436,0.16678940918983678
3.0908806487905496,0.15054097193210939
3.091317738608663,0.14338382103364497
3.091754828426777,0.2068021558289978
3.0921919182448905,0.20682563721956243
3.092629008063004,0.12557818530591042
3.0930660978811177,0.0861212942441459
3.0935031876992314,0.0904564898838958
3.093940277517345,0.10019889271115227
3.0943773673354587,0.13177226805621758
3.0948144571535723,0.1775141761655313
3.095251546971686,0.18258336759971308
3.0956886367897996,0.14975642313208407
3.096125726607913,0.13218287425636868
3.096562816426027,0.1388160875655306
3.0969999062441405,0.15257323480534654
3.097436996062254,0.14780653850191788
3.0978740858803677,0.11289640109634967
3.0983111756984814,0.1085330227826918
3.098748265516595,0.13616057869620707
3.0991853553347086,0.11818699022061396
3.0996224451528223,0.07125901911569106
3.100059534970936,0.04626897430891142
3.1004966247890495,0.047168279456246534
3.100933714607163,0.061712819220077424
3.101370804425277,0.06779947161592986
3.1018078942433904,0.06613830550577385
3.102244984061504,0.10033107073288668
3.1026820738796177,0.15554051403212013
3.1031191636977313,0.1913698618383902
3.103556253515845,0.18498376463532917
3.1039933433339586,0.1632300764378709
3.1044304331520722,0.15161206648374195
3.104867522970186,0.15242312060714888
3.1053046127882995,0.15002427626318654
3.105741702606413,0.14420789928742123
3.1061787924245268,0.15080189915361705
3.1066158822426404,0.18518507721390964
3.107052972060754,0.2184746249025777
3.1074900618788677,0.19906140661756686
3.1079271516969813,0.1616823257584608
3.108364241515095,0.14935004038902713
3.1088013313332086,0.16375740429397934
3.109238421151322,0.1852822524004448
3.109675510969436,0.16617747416752437
3.1101126007875495,0.1415418441580722
3.110549690605663,0.15322732033050385
3.1109867804237767,0.19475181257592108
3.1114238702418904,0.19913375599444053
3.111860960060004,0.18703251137362584
3.1122980498781176,0.19040765196570744
3.1127351396962313,0.190830897225392
3.113172229514345,0.18097778864912015
3.1136093193324585,0.2025564608484794
3.114046409150572,0.2246998611528618
3.114483498968686,0.20631839299589164
3.1149205887867994,0.19720596959513578
3.115357678604913,0.16003731673235946
3.1157947684230267,0.12076203609582678
3.1162318582411404,0.15166412961295309
3.116668948059254,0.19250223902396926
3.1171060378773676,0.2609547610304311
3.1175431276954813,0.34273866582498635
3.117980217513595,0.3187918101407709
3.1184173073317085,0.21413223966936945
3.118854397149822,0.1967388829050103
3.119291486967936,0.17827158407765792
3.1197285767860494,0.1514653657152412
3.120165666604163,0.15399960993697978
3.1206027564222767,0.15218811086603165
3.1210398462403903,0.16238823640786956
3.121476936058504,0.1611694380568533
3.1219140258766176,0.14760579711308094
3.1223511156947312,0.19397078525779046
3.122788205512845,0.25315753927234674
3.1232252953309585,0.2682291173884369
3.123662385149072,0.3052909799629117
3.1240994749671858,0.3535091030285762
3.1245365647852994,0.27792653140627566
3.124973654603413,0.12512536543738031
3.1254107444215267,0.10876209332366238
3.1258478342396403,0.10868566617059162
3.126284924057754,0.07309421376830916
3.1267220138758676,0.056642345983124245
3.127159103693981,0.05827962948662817
3.127596193512095,0.09199895222913398
3.1280332833302085,0.10281444180017237
3.128470373148322,0.10294790315614001
3.1289074629664357,0.09796515680925541
3.1293445527845494,0.12100607840291898
3.129781642602663,0.09407345866847823
3.1302187324207766,0.04362471924761664
3.1306558222388903,0.02953642114580319
3.131092912057004,0.010772275748763036
3.1315300018751175,0.0002931006467894631
3.131967091693231,0.00012002522980867601
3.132404181511345,3.825840243454266e-05
3.1328412713294584,1.8718034780709243e-05
3.133278361147572,1.961353625365591e-05
3.1337154509656857,1.388749675264191e-05
3.1341525407837993,2.376339444651845e-05
3.134589630601913,6.176182799458824e-05
3.1350267204200266,7.287468987324197e-05
3.1354638102381402,0.00011104634149730222
3.135900900056254,0.0011097828212901363
3.1363379898743675,0.015635557582705316
3.136775079692481,0.18491734559640888
3.137212169510595,0.23653331784199422
3.1376492593287084,0.04043163358580014
3.138086349146822,0.0009753802397125249
3.1385234389649357,0.0011953010482831257
3.1389605287830493,0.024959445420264632
3.139397618601163,0.1623587790795844
3.1398347084192766,0.39164305164132507
3.14027179823739,0.34746736113813653
3.140708888055504,0.05755321994119511
3.1411459778736175,0.0023275809791248334
3.141583067691731,0.007913663158194867
3.1420201575098448,0.16392150471759856
3.1424572473279584,0.2697110881878296
3.142894337146072,0.16340422985825037
3.1433314269641857,0.40095153383683557
3.1437685167822993,0.3112887339343631
3.144205606600413,0.04926897957720028
3.1446426964185266,0.07182253383019968
3.14507978623664,0.029920690959373688
3.145516876054754,0.022046620455611503
3.1459539658728675,0.3262218230389754
3.146391055690981,0.7684478119690042
3.1468281455090947,0.6309152125720016
3.1472652353272084,0.24628275249049575
3.147702325145322,0.02598745706682846
3.1481394149634356,0.08269421199323791
3.1485765047815493,0.5271071623993588
3.149013594599663,0.6287311401537974
3.1494506844177765,0.2016675582080288
3.14988777423589,0.02373833334420717
3.150324864054004,0.002100327013123093
3.1507619538721174,0.023544752513102337
3.151199043690231,0.2577014296981526
3.1516361335083447,0.4954869154959908
3.1520732233264583,0.19918309979602475
3.152510313144572,0.008208709388083497
3.1529474029626856,0.002616811049674195
3.1533844927807984,0.01827828417602595
3.153821582598912,0.2194135311546548
3.1542586724170256,0.22179343226591847
3.1546957622351393,0.01883468906020568
3.155132852053253,0.0013446092518944526
3.1555699418713665,4.113631157514975e-05
3.15600703168948,6.691445814637323e-05
3.156444121507594,7.330179275060219e-05
3.1568812113257074,2.3807243269328683e-05
3.157318301143821,3.823859625455937e-06
3.1577553909619347,9.073325169305366e-06
3.1581924807800483,9.525967816261112e-06
3.158629570598162,3.602617356906623e-06
3.1590666604162756,1.508916594799099e-06
3.1595037502343892,2.8864618623518886e-06
3.159940840052503,2.666088973653566e-06
3.1603779298706165,1.1237461623008357e-06
3.16081501968873,7.87137194568707e-07
3.1612521095068438,1.2544804343726451e-06
3.1616891993249574,1.055698306798121e-06
3.162126289143071,5.056036292649608e-07
3.1625633789611847,4.603185722713193e-07
3.1630004687792983,6.437265491567601e-07
3.163437558597412,5.12667063413086e-07
3.1638746484155256,2.7939387355975276e-07
3.164311738233639,2.885636734215277e-07
3.164748828051753,3.6803780115633594e-07
3.1651859178698665,2.857418156571091e-07
3.16562300768798,1.743335833631761e-07
3.1660600975060937,1.9030599728270108e-07
3.1664971873242074,2.2779343405692484e-07
3.166934277142321,1.7603437934118807e-07
3.1673713669604346,1.1744143684660486e-07
3.1678084567785483,1.3076225764819852e-07
3.168245546596662,1.5011847028326206e-07
3.1686826364147755,1.1701033039668042e-07
3.169119726232889,8.33939126721001e-08
3.169556816051003,9.309234866906005e-08
3.1699939058691164,1.0422530085409749e-07
3.17043099568723,8.25708507561362e-08
3.1708680855053437,6.162812633284813e-08
3.1713051753234573,6.84396968009878e-08
3.171742265141571,7.570392873677938e-08
3.1721793549596846,6.120316880026336e-08
3.1726164447777983,4.708504555329301e-08
3.173053534595912,5.18611989551241e-08
3.1734906244140255,5.727339968244929e-08
3.173927714232139,4.734653088382881e-08
3.174364804050253,3.708005263964872e-08
3.1748018938683664,4.046745917913899e-08
3.17523898368648,4.502709964323993e-08
3.1756760735045937,3.8120633717998654e-08
3.1761131633227073,3.008337788427941e-08
3.176550253140821,3.250195912435673e-08
3.1769873429589346,3.6760653518264136e-08
3.1774244327770482,3.195875199626887e-08
3.177861522595162,2.519124455470733e-08
3.1782986124132755,2.6859311837678093e-08
3.178735702231389,3.116833553291251e-08
3.1791727920495028,2.7987936667588334e-08
3.1796098818676164,2.1881666020936838e-08
3.18004697168573,2.2827926068607608e-08
3.1804840615038437,2.7428185479614548e-08
3.1809211513219573,2.572180757060209e-08
3.181358241140071,1.990137055350698e-08
3.1817953309581846,1.9960932918886842e-08
3.182232420776298,2.4974506116340463e-08
3.182669510594412,2.4884132457822243e-08
3.1831066004125255,1.9214846807104166e-08
3.183543690230639,1.8034925929573563e-08
3.1839807800487527,2.3376541650283357e-08
3.1844178698668664,2.5281144758604437e-08
3.18485495968498,1.9972119645928678e-08
3.1852920495030936,1.7077536896278235e-08
3.1857291393212073,2.23037275297064e-08
3.186166229139321,2.6688873638934747e-08
3.1866033189574345,2.2452745139627552e-08
3.187040408775548,1.7443069265557543e-08
3.187477498593662,2.1595100459940314e-08
3.1879145884117754,2.876737905406557e-08
3.188351678229889,2.694512836596084e-08
3.1887887680480027,1.989059842522793e-08
3.1892258578661163,2.1463927629765644e-08
3.18966294768423,3.107121250320947e-08
3.1901000375023436,3.354733873832455e-08
3.1905371273204572,2.557438240311107e-08
3.190974217138571,2.283270974682621e-08
3.1914113069566845,3.328654693980436e-08
3.191848396774798,4.196862512174073e-08
3.192285486592912,3.584384208496015e-08
3.1927225764110254,2.7697700131512385e-08
3.193159666229139,3.583303034538784e-08
3.1935967560472527,5.1578720884779917e-08
3.1940338458653663,5.18636548152658e-08
3.19447093568348,3.9308130748377325e-08
3.1949080255015936,4.0822671899431436e-08
3.195345115319707,6.210544308193643e-08
3.195782205137821,7.444684806721694e-08
3.1962192949559345,6.20868916219259e-08
3.196656384774048,5.308407022626677e-08
3.1970934745921618,7.520400417055544e-08
3.1975305644102754,1.0505866914474072e-07
3.197967654228389,1.022031964555975e-07
3.1984047440465027,8.118919387094136e-08
3.1988418338646163,9.629794474292034e-08
3.19927892368273,1.4884752047997507e-07
3.1997160135008436,1.721800434090081e-07
3.200153103318957,1.4173048517632457e-07
3.200590193137071,1.359028141277215e-07
3.2010272829551845,2.1750168784589135e-07
3.201464372773298,3.058330418680837e-07
3.2019014625914117,2.8361806543650955e-07
3.2023385524095254,2.2027026055567393e-07
3.202775642227639,3.221681959542353e-07
3.2032127320457526,5.848300594801845e-07
3.2036498218638663,6.921619617835097e-07
3.20408691168198,4.977768347239441e-07
3.2045240015000935,4.611864898028641e-07
3.204961091318207,1.1316176752906021e-06
3.205398181136321,2.077624833959585e-06
3.2058352709544344,2.04146136750033e-06
3.206272360772548,1.0300410048762858e-06
3.2067094505906617,1.8268395626155424e-06
3.2071465404087753,7.269915472952374e-06
3.207583630226889,1.4267347557887742e-05
3.2080207200450026,1.318300331677151e-05
3.2084578098631162,3.735181328884146e-06
3.20889489968123,3.213159548734457e-05
3.2093319894993435,0.0002525509161428106
3.209769079317457,0.0010847030879019884
3.2102061691355708,0.004413387449224021
3.2106432589536844,0.19781329813863482
3.211080348771798,0.2577683811461475
3.2115174385899117,0.018167533167864836
3.2119545284080253,0.001523753316156645
3.212391618226139,0.00017729523508381968
3.2128287080442526,5.1873868537935294e-05
3.213265797862366,6.347585824062974e-05
3.21370288768048,5.7702161279039634e-05
3.2141399774985935,0.00016856629298780818
3.214577067316707,0.0009069541483415079
3.2150141571348207,0.004150729998194938
3.2154512469529344,0.02775237569511943
3.215888336771048,0.8165942235351651
3.2163254265891617,1.0303739461483428
3.2167625164072753,0.08435733652140916
3.217199606225389,0.005311569272870826
3.2176366960435026,0.0007240240492378097
3.218073785861616,0.00012441351133080165
3.21851087567973,0.0001390003239989882
3.2189479654978435,0.0006167965159794761
3.219385055315957,0.0029821791233362142
3.2198221451340707,0.019590514553042636
3.2202592349521844,0.47404204790379173
3.220696324770298,0.4603097170826486
3.2211334145884116,0.5842832592926117
3.2215705044065253,1.2012800489450715
3.222007594224639,0.23285536452094371
3.2224446840427525,0.004700933357980619
3.222881773860866,0.0006741961312806472
3.22331886367898,0.0003512434983170366
3.2237559534970934,0.00046056024450712613
3.224193043315207,0.0007830676537633766
3.2246301331333207,0.0014189717831954477
3.2250672229514343,0.0037235569765024647
3.225504312769548,0.5136375017995765
3.2259414025876616,1.2242539078761179
3.2263784924057752,0.22189089024687098
3.226815582223889,0.004474420099047506
3.2272526720420025,0.0004532955569624985
3.227689761860116,0.00021400700175476346
3.2281268516782298,0.00022160990256680658
3.2285639414963434,0.00018818906923732335
3.229001031314457,7.799088367180675e-05
3.2294381211325707,0.0005078053421402647
3.2298752109506843,0.08885488994064185
3.230312300768798,0.32160292824047476
3.2307493905869116,0.06984937723964577
3.231186480405025,0.0009105061926661869
3.231623570223139,1.1143440723722846e-05
3.2320606600412525,4.23516129413381e-05
3.232497749859366,5.171086346229354e-05
3.2329348396774797,3.386351067298147e-05
3.2333719294955934,1.4749727811207866e-05
3.233809019313707,4.173790157128521e-06
3.2342461091318206,1.220899623874656e-06
3.2346831989499343,1.7305544751071883e-06
3.235120288768048,2.5004671003180737e-06
3.2355573785861615,2.3783026156924003e-06
3.235994468404275,1.6176685734725394e-06
3.236431558222389,8.513224594318972e-07
3.2368686480405024,4.487845486737705e-07
3.237305737858616,3.975973901096296e-07
3.2377428276767297,4.884408442028823e-07
3.2381799174948434,5.332821841263236e-07
3.238617007312957,4.6889548806088236e-07
3.2390540971310706,3.388644455958609e-07
3.2394911869491843,2.201413983155568e-07
3.239928276767298,1.606690219180026e-07
3.2403653665854115,1.588777996680164e-07
3.240802456403525,1.802771495584886e-07
3.241239546221639,1.883994400729867e-07
3.2416766360397524,1.6773207224328666e-07
3.242113725857866,1.276474999620568e-07
3.2425508156759797,8.995212881559316e-08
3.2429879054940933,7.148502438196064e-08
3.243424995312207,7.370277598487121e-08
3.2438620851303206,8.453107337644939e-08
3.2442991749484342,8.897167598051741e-08
3.244736264766548,7.982424107476655e-08
3.2451733545846615,6.123867663261765e-08
3.245610444402775,4.385210293661802e-08
3.2460475342208888,3.622672169622006e-08
3.2464846240390024,3.911191651533776e-08
3.246921713857116,4.607226251052446e-08
3.2473588036752297,4.9046304421249237e-08
3.2477958934933433,4.419760340904707e-08
3.248232983311457,3.394200422470644e-08
3.2486700731295706,2.432942507078164e-08
3.249107162947684,2.030095225070025e-08
3.249544252765798,2.241306581879827e-08
3.2499813425839115,2.7055135493171612e-08
3.250418432402025,2.9484919739880847e-08
3.2508555222201387,2.7196371411067276e-08
3.2512926120382524,2.1295529838330848e-08
3.251729701856366,1.525722356184382e-08
3.2521667916744796,1.22800252370079e-08
3.2526038814925933,1.3198082185789702e-08
3.253040971310707,1.624072809063387e-08
3.2534780611288205,1.852561748634052e-08
3.253915150946934,1.8064763988494997e-08
3.254352240765048,1.4919777070972757e-08
3.2547893305831614,1.0893517414613707e-08
3.255226420401275,8.16425933210157e-09
3.2556635102193887,7.871368650785081e-09
3.2561006000375023,9.53772576375842e-09
3.256537689855616,1.156494830741125e-08
3.2569747796737296,1.2345878365207774e-08
3.2574118694918432,1.1233734869618968e-08
3.257848959309957,8.807440081888902e-09
3.2582860491280705,6.3755045319947625e-09
3.258723138946184,5.117690439873486e-09
3.259160228764298,5.414572152524793e-09
3.2595973185824114,6.725422242507164e-09
3.260034408400525,8.006534169595513e-09
3.2604714982186387,8.358726077414327e-09
3.2609085880367523,7.509811531221375e-09
3.261345677854866,5.888531108013904e-09
3.2617827676729796,4.3062504880937495e-09
3.2622198574910932,3.4734155084389508e-09
3.262656947309207,3.632108801735721e-09
3.2630940371273205,4.4834606790715215e-09
3.263531126945434,5.406761386214212e-09
3.2639682167635478,5.816652664929612e-09
3.2644053065816614,5.456677695781423e-09
3.264842396399775,4.48942201775603e-09
3.2652794862178887,3.3664128211028794e-09
3.2657165760360023,2.5724616134953646e-09
3.266153665854116,2.386184493409739e-09
3.2665907556722296,2.770344327749941e-09
3.267027845490343,3.4256647538812433e-09
3.267464935308457,3.960812429023418e-09
3.2679020251265705,4.0832679030946e-09
3.268339114944684,3.720941558262972e-09
3.2687762047627977,3.0289563738991065e-09
3.2692132945809114,2.294607386584824e-09
3.269650384399025,1.7964960685514963e-09
3.2700874742171386,1.6851816463519985e-09
3.2705245640352523,1.933712202125169e-09
3.270961653853366,2.369176177143122e-09
3.2713987436714795,2.760895603346266e-09
3.271835833489593,2.920869004266159e-09
3.272272923307707,2.7744930412832982e-09
3.2727100131258204,2.3769031252674884e-09
3.273147102943934,1.8765881054559227e-09
3.2735841927620477,1.4474574834797853e-09
3.2740212825801613,1.220165751920371e-09
3.274458372398275,1.2383267419441658e-09
3.2748954622163886,1.4523888942280934e-09
3.2753325520345022,1.748305705939398e-09
3.275769641852616,1.995414081632849e-09
3.2762067316707295,2.0939290130209856e-09
3.276643821488843,2.005798854728951e-09
3.277080911306957,1.7602991743208913e-09
3.2775180011250704,1.4363886832336181e-09
3.277955090943184,1.131262570373944e-09
3.2783921807612977,9.267445661358605e-10
3.2788292705794113,8.653573245573112e-10
3.279266360397525,9.416531915083594e-10
3.2797034502156386,1.1095183135634906e-09
3.280140540033752,1.3005850766034686e-09
3.280577629851866,1.44724552342412e-09
3.2810147196699795,1.5018346873409102e-09
3.281451809488093,1.4477442406080304e-09
3.2818888993062068,1.3003196687490594e-09
3.2823259891243204,1.0989568470845526e-09
3.282763078942434,8.93505003891504e-10
3.2832001687605477,7.300015219689859e-10
3.2836372585786613,6.393629431169392e-10
3.284074348396775,6.312849370123935e-10
3.2845114382148886,6.946254713215167e-10
3.284948528033002,8.025411504624889e-10
3.285385617851116,9.207401751656835e-10
3.2858227076692295,1.0163946970224404e-09
3.286259797487343,1.0654167229144872e-09
3.2866968873054567,1.0565553406811632e-09
3.2871339771235704,9.923601589271961e-10
3.287571066941684,8.867221106177428e-10
3.2880081567597976,7.606204194881738e-10
3.2884452465779113,6.369888574077233e-10
3.288882336396025,5.358510670149797e-10
3.2893194262141385,4.709333542632052e-10
3.289756516032252,4.47844267284216e-10
3.290193605850366,4.6413032544464166e-10
3.2906306956684794,5.107537213253136e-10
3.291067785486593,5.746615864187254e-10
3.2915048753047067,6.413752204387843e-10
3.2919419651228203,6.978545134988344e-10
3.292379054940934,7.340382875831951e-10
3.2928161447590476,7.443006428734975e-10
3.2932532345771612,7.277114035557835e-10
3.293690324395275,6.871637709372678e-10
3.2941274142133885,6.287851628517231e-10
3.294564504031502,5.603869035167906e-10
3.2950015938496158,4.90242179407133e-10
3.2954386836677294,4.2585404125547244e-10
3.295875773485843,3.731785537512352e-10
3.2963128633039567,3.3598391497578535e-10
3.2967499531220703,3.158090214448571e-10
3.297187042940184,3.1221072019719567e-10
3.2976241327582976,3.2284679711730833e-10
3.298061222576411,3.442897480703937e-10
3.298498312394525,3.72525466525877e-10
3.2989354022126385,4.033721389411777e-10
3.299372492030752,4.330026458236621e-10
3.2998095818488657,4.5819257180219036e-10
3.3002466716669794,4.766632946345106e-10
3.300683761485093,4.86992734899496e-10
3.3011208513032066,4.886401910804737e-10
3.3015579411213203,4.819327289035403e-10
3.301995030939434,4.676941560459826e-10
3.3024321207575476,4.4729339257569993e-10
3.302869210575661,4.22275761521034e-10
3.303306300393775,3.942361613780449e-10
3.3037433902118885,3.649042170760799e-10
3.304180480030002,3.3567253048854e-10
3.3046175698481157,3.077750625581327e-10
3.3050546596662294,2.8217826987637186e-10
3.305491749484343,2.5955727768426053e-10
3.3059288393024566,2.402549183593542e-10
3.3063659291205703,2.2451290527062418e-10
3.306803018938684,2.1231573089872825e-10
3.3072401087567975,2.0338435982074245e-10
3.307677198574911,1.9745280350141106e-10
3.308114288393025,1.9413241198559437e-10
3.3085513782111384,1.930206025492115e-10
3.308988468029252,1.936510678131909e-10
3.3094255578473657,1.955748289996695e-10
3.3098626476654793,1.984503909784103e-10
3.310299737483593,2.0189498176332107e-10
3.3107368273017066,2.0560452869644296e-10
3.3111739171198202,2.093564609515922e-10
3.311611006937934,2.1293342870214094e-10
3.3120480967560475,2.1617804847546068e-10
3.312485186574161,2.189857542239171e-10
3.3129222763922748,2.2127087378370812e-10
3.3133593662103884,2.2300001642710446e-10
3.313796456028502,2.2416013089738585e-10
3.3142335458466157,2.2476338956666878e-10
3.3146706356647293,2.2482776992331095e-10
3.315107725482843,2.2437293393114866e-10
3.3155448153009566,2.234021901034312e-10
3.31598190511907,2.2197079621583588e-10
3.316418994937184,2.201356869026548e-10
3.3168560847552975,2.17915281894851e-10
3.317293174573411,2.1535591305686348e-10
3.3177302643915247,2.1248081948132075e-10
3.3181673542096384,2.093024547981886e-10
3.318604444027752,2.058793988313586e-10
3.3190415338458656,2.021492076538736e-10
3.3194786236639793,1.981459283304671e-10
3.319915713482093,1.9395964935133053e-10
3.3203528033002065,1.8946602414864733e-10
3.32078989311832,1.8481017818286794e-10
3.321226982936434,1.7988419902369728e-10
3.3216640727545474,1.747513527920204e-10
3.322101162572661,1.6937720388062163e-10
3.3225382523907747,1.6383241037628449e-10
3.3229753422088883,1.5808155500627557e-10
3.323412432027002,1.5217023311517056e-10
3.3238495218451156,1.4611526326436852e-10
3.3242866116632293,1.4001308304276135e-10
3.324723701481343,1.339250206787475e-10
3.3251607912994565,1.2792579295969737e-10
3.32559788111757,1.2209453514824274e-10
3.326034970935684,1.165479283611784e-10
3.3264720607537974,1.1142149374184894e-10
3.326909150571911,1.0683468596931407e-10
3.3273462403900247,1.029750659743361e-10
3.3277833302081383,9.98976278299974e-11
3.328220420026252,9.781913888170003e-11
3.3286575098443656,9.682308289829093e-11
3.3290945996624792,9.695485594001798e-11
3.329531689480593,9.830473690662073e-11
3.3299687792987065,1.008104151789157e-10
3.33040586911682,1.0440760502140724e-10
3.3308429589349338,1.0893539679827789e-10
3.3312800487530474,1.1414549049168784e-10
3.331717138571161,1.19705306503959e-10
3.3321542283892747,1.2521653114952195e-10
3.3325913182073883,1.3026946714547397e-10
3.333028408025502,1.343812420092952e-10
3.3334654978436156,1.3707345440684932e-10
3.333902587661729,1.3795695485734915e-10
3.334339677479843,1.3672364905174234e-10
3.3347767672979565,1.332136156135777e-10
3.33521385711607,1.2756211708928313e-10
3.3356509469341837,1.199710682311781e-10
3.3360880367522974,1.1098886498533328e-10
3.336525126570411,1.0130759191702066e-10
3.3369622163885246,9.180606379921223e-11
3.3373993062066383,8.350538033983426e-11
3.337836396024752,7.722002392734412e-11
3.3382734858428655,7.372850452712784e-11
3.338710575660979,7.339296876866945e-11
3.339147665479093,7.616022516163459e-11
3.3395847552972064,8.166663469276247e-11
3.34002184511532,8.896963537435566e-11
3.3404589349334337,9.673574713754384e-11
3.3408960247515473,1.035241280300352e-10
3.341333114569661,1.0793932859779492e-10
3.3417702043877746,1.0890773104649742e-10
3.3422072942058882,1.0589715724278033e-10
3.342644384024002,9.922648210339035e-11
3.3430814738421155,8.988131935595203e-11
3.343518563660229,7.957024311397779e-11
3.343955653478343,7.032945560023479e-11
3.3443927432964564,6.401111353047621e-11
3.34482983311457,6.200628255355963e-11
3.3452669229326837,6.467371134893168e-11
3.3457040127507973,7.112919989077339e-11
3.346141102568911,7.960468408495843e-11
3.3465781923870246,8.744445190483079e-11
3.347015282205138,9.222683778344972e-11
3.347452372023252,9.223402850553555e-11
3.3478894618413655,8.708677232699501e-11
3.348326551659479,7.799265185155028e-11
3.3487636414775928,6.756868276471079e-11
3.3492007312957064,5.897721426322218e-11
3.34963782111382,5.4935145272673176e-11
3.3500749109319337,5.672227047890773e-11
3.3505120007500473,6.333296372647961e-11
3.350949090568161,7.2128885143463e-11
3.3513861803862746,7.94177146118869e-11
3.351823270204388,8.19088386313882e-11
3.352260360022502,7.818503828249029e-11
3.3526974498406155,6.939950745397334e-11
3.353134539658729,5.902343766578783e-11
3.3535716294768427,5.143496622366444e-11
3.3540087192949564,4.983780106761463e-11
3.35444580911307,5.4666813246023437e-11
3.3548828989311836,6.334798553460428e-11
3.3553199887492973,7.115848124287192e-11
3.355757078567411,7.368215345459222e-11
3.3561941683855245,6.923602688214922e-11
3.356631258203638,5.975482591697686e-11
3.357068348021752,5.0116834589084795e-11
3.3575054378398654,4.5570138404240793e-11
3.357942527657978,4.8425033244925145e-11
3.358379617476092,5.661792591745302e-11
3.3588167072942055,6.471470995095727e-11
3.359253797112319,6.722778051190498e-11
3.3596908869304327,6.206910789762836e-11
3.3601279767485464,5.2180637256049164e-11
3.36056506656666,4.397150258431718e-11
3.3610021563847736,4.274854496350986e-11
3.3614392462028873,4.9025911499481215e-11
3.361876336021001,5.7826517549559194e-11
3.3623134258391145,6.21381545882548e-11
3.362750515657228,5.817477840229502e-11
3.363187605475342,4.8628401129960083e-11
3.3636246952934554,4.069790943084642e-11
3.364061785111569,4.046739379653945e-11
3.3644988749296827,4.773738106354327e-11
3.3649359647477963,5.5889012534055054e-11
3.36537305456591,5.7266917407585677e-11
3.3658101443840236,5.021087495135693e-11
3.3662472342021372,4.070578138781305e-11
3.366684324020251,3.71759335500251e-11
3.3671214138383645,4.253562092526021e-11
3.367558503656478,5.114228265869707e-11
3.3679955934745918,5.392186535528911e-11
3.3684326832927054,4.76034363540454e-11
3.368869773110819,3.822701915164892e-11
3.3693068629289327,3.5260861643409446e-11
3.3697439527470463,4.140626593898854e-11
3.37018104256516,4.944215204789388e-11
3.3706181323832736,4.98331168169069e-11
3.371055222201387,4.1680118676598846e-11
3.371492312019501,3.399154628204146e-11
3.3719294018376145,3.538726044555373e-11
3.372366491655728,4.3697852194585685e-11
3.3728035814738417,4.8131248536431535e-11
3.3732406712919554,4.260354168214767e-11
3.373677761110069,3.370170308425557e-11
3.3741148509281826,3.253014314643347e-11
3.3745519407462963,4.010340499572923e-11
3.37498903056441,4.5631376847777695e-11
3.3754261203825235,4.1054396702547236e-11
3.375863210200637,3.220436940416981e-11
3.376300300018751,3.1211045296681513e-11
3.3767373898368644,3.8953730971114194e-11
3.377174479654978,4.3425904614881535e-11
3.3776115694730917,3.7394711982298786e-11
3.3780486592912053,2.958746886384088e-11
3.378485749109319,3.156642972656872e-11
3.3789228389274326,3.9592550264692117e-11
3.3793599287455462,4.026678643933441e-11
3.37979701856366,3.190296564769234e-11
3.3802341083817735,2.7937749585466807e-11
3.380671198199887,3.4389304291518496e-11
3.381108288018001,3.9653953522314197e-11
3.3815453778361144,3.396210885099257e-11
3.381982467654228,2.6876947254891302e-11
3.3824195574723417,3.054214796693959e-11
3.3828566472904553,3.7648091741776376e-11
3.383293737108569,3.4448381520843246e-11
3.3837308269266826,2.6464751579485405e-11
3.3841679167447962,2.836212744098594e-11
3.38460500656291,3.583029175068729e-11
3.3850420963810235,3.356821990169329e-11
3.385479186199137,2.5605968675755112e-11
3.3859162760172508,2.743945661757266e-11
3.3863533658353644,3.461020674381121e-11
3.386790455653478,3.159251749289433e-11
3.3872275454715917,2.419389871154876e-11
3.3876646352897053,2.773397474701607e-11
3.388101725107819,3.378899761715296e-11
3.3885388149259326,2.8434258200032313e-11
3.388975904744046,2.3129204078796202e-11
3.38941299456216,2.9250385598758e-11
3.3898500843802735,3.204644147481396e-11
3.390287174198387,2.4495200768336875e-11
3.3907242640165007,2.385578157792084e-11
3.3911613538346144,3.098488009361635e-11
3.391598443652728,2.8001491888697665e-11
3.3920355334708416,2.1700265114681727e-11
3.3924726232889553,2.7055143000816274e-11
3.392909713107069,2.989396452933249e-11
3.3933468029251825,2.245109432492106e-11
3.393783892743296,2.3312726289521795e-11
3.39422098256141,2.9488757557576795e-11
3.3946580723795234,2.405785411975415e-11
3.395095162197637,2.098774778338112e-11
3.3955322520157507,2.7840311087176257e-11
3.3959693418338643,2.5200821731676643e-11
3.396406431651978,1.9828641686787595e-11
3.3968435214700916,2.6056958406761604e-11
3.3972806112882052,2.554351142742875e-11
3.397717701106319,1.92641363126656e-11
3.3981547909244325,2.468502857123541e-11
3.398591880742546,2.5252063212324263e-11
3.39902897056066,1.8756708565065175e-11
3.3994660603787734,2.3909773297518917e-11
3.399903150196887,2.4454244734039576e-11
3.4003402400150007,1.823197089057522e-11
3.4007773298331143,2.371198096157267e-11
3.401214419651228,2.3143983971764144e-11
3.4016515094693416,1.7752456495368014e-11
3.402088599287455,2.3877116052088815e-11
3.402525689105569,2.1212444804218792e-11
3.4029627789236825,1.7875446164055754e-11
3.403399868741796,2.4006620961038023e-11
3.4038369585599098,1.882770661920467e-11
3.4042740483780234,1.8967768358654457e-11
3.404711138196137,2.3133225855999545e-11
3.4051482280142507,1.673420504192865e-11
3.4055853178323643,2.093234572371351e-11
3.406022407650478,2.0629853781886406e-11
3.4064594974685916,1.6368630274518997e-11
3.406896587286705,2.2212362049496475e-11
3.407333677104819,1.696720997643972e-11
3.4077707669229325,1.8652951978679074e-11
3.408207856741046,2.0462408846898705e-11
3.4086449465591597,1.535846072553777e-11
3.4090820363772734,2.1047920252081672e-11
3.409519126195387,1.623809990015386e-11
3.4099562160135006,1.7997706103269186e-11
3.4103933058316143,1.903170080620958e-11
3.410830395649728,1.5005990604956202e-11
3.4112674854678415,2.022045670802397e-11
3.411704575285955,1.4507918126765714e-11
3.412141665104069,1.8811878494768018e-11
3.4125787549221824,1.611055807977928e-11
3.413015844740296,1.6181302268403392e-11
3.4134529345584097,1.7921271824995933e-11
3.4138900243765233,1.4081075260855187e-11
3.414327114194637,1.8780461210091025e-11
3.4147642040127506,1.333403754234762e-11
3.4152012938308642,1.8338769067478023e-11
3.415638383648978,1.3551298306346077e-11
3.4160754734670915,1.7205734733903627e-11
3.416512563285205,1.4234789764153341e-11
3.4169496531033188,1.5807372149169525e-11
3.4173867429214324,1.4885657687111402e-11
3.417823832739546,1.4661226930625608e-11
3.4182609225576597,1.5379176043465855e-11
3.4186980123757733,1.3735211027911814e-11
3.419135102193887,1.54702229230245e-11
3.4195721920120006,1.314882534570394e-11
3.420009281830114,1.534767866010162e-11
3.420446371648228,1.278747811332145e-11
3.4208834614663415,1.500610010288238e-11
3.421320551284455,1.2605126936249258e-11
3.4217576411025687,1.4490475128645188e-11
3.4221947309206824,1.2657238186084182e-11
3.422631820738796,1.3786953092817575e-11
3.4230689105569096,1.2974358546838443e-11
3.4235060003750233,1.276577188325907e-11
3.423943090193137,1.3462936590654751e-11
3.4243801800112506,1.1650330274846735e-11
3.424817269829364,1.4073876422953864e-11
3.425254359647478,1.064262125304558e-11
3.4256914494655915,1.438096882516932e-11
3.426128539283705,1.0142634879066089e-11
3.4265656291018187,1.3853703696548351e-11
3.4270027189199324,1.064697388127418e-11
3.427439808738046,1.2271057600470898e-11
3.4278768985561596,1.2076189416526835e-11
3.4283139883742733,1.0235510660428927e-11
3.428751078192387,1.3206090332786711e-11
3.4291881680105005,9.340532949203416e-12
3.429625257828614,1.2536951917322657e-11
3.430062347646728,1.0621746536627307e-11
3.4304994374648414,1.003138033417421e-11
3.430936527282955,1.238211117444326e-11
3.4313736171010687,8.79284160345994e-12
3.4318107069191823,1.1498196791241558e-11
3.432247796737296,1.0640719298557513e-11
3.4326848865554096,8.736009364391908e-12
3.4331219763735232,1.1844670379545508e-11
3.433559066191637,9.091089629015371e-12
3.4339961560097505,9.150914580685258e-12
3.434433245827864,1.1348668384999238e-11
3.4348703356459778,8.337337392638193e-12
3.4353074254640914,9.246023760914995e-12
3.435744515282205,1.0912970105866539e-11
3.4361816051003187,7.91409119101332e-12
3.4366186949184323,8.719074931029192e-12
3.437055784736546,1.0566023088000689e-11
3.4374928745546596,7.962730799741539e-12
3.437929964372773,7.856617099069906e-12
3.438367054190887,1.019104279733918e-11
3.4388041440090005,8.531385759007493e-12
3.439241233827114,6.905627093411479e-12
3.4396783236452277,8.964872438141706e-12
3.4401154134633414,9.413433137515543e-12
3.440552503281455,7.0232006017702995e-12
3.4409895930995686,6.93632450056654e-12
3.4414266829176823,8.956944512064131e-12
3.441863772735796,8.655582962199917e-12
3.4423008625539095,6.451837642037264e-12
3.442737952372023,6.412654916178044e-12
3.443175042190137,8.229327060212914e-12
3.4436121320082504,8.502505442795435e-12
3.444049221826364,6.713891987584567e-12
3.4444863116444777,5.594554846669295e-12
3.4449234014625914,6.560399024950825e-12
3.445360491280705,7.924607643914814e-12
3.4457975810988186,7.76524593782044e-12
3.4462346709169323,6.292676917101262e-12
3.446671760735046,5.138667369299595e-12
3.4471088505531595,5.353871720628648e-12
3.447545940371273,6.446136079948992e-12
3.447983030189387,7.31675485519628e-12
3.4484201200075004,7.133177668151816e-12
3.448857209825614,6.1210731372198e-12
3.4492942996437277,5.049526045340146e-12
3.4497313894618413,4.3765621981655e-12
3.450168479279955,4.415753478142726e-12
3.4506055690980686,4.846770371685733e-12
3.4510426589161822,5.524122949655067e-12
3.451479748734296,6.00091918309787e-12
3.4519168385524095,6.196341693061907e-12
3.452353928370523,6.200855068419436e-12
3.4527910181886368,5.944788565734477e-12
3.4532281080067504,5.590687354814921e-12
3.453665197824864,5.240013762557579e-12
3.4541022876429777,4.826150151505334e-12
3.4545393774610913,4.552639284732449e-12
3.454976467279205,4.343712871889709e-12
3.4554135570973186,4.122739693227995e-12
3.455850646915432,4.044052799141035e-12
3.456287736733546,4.034551922456002e-12
3.4567248265516595,4.0658456076237565e-12
3.457161916369773,4.216202303588071e-12
3.4575990061878867,4.365911307672637e-12
3.4580360960060004,4.433621804078637e-12
3.458473185824114,4.486389617248135e-12
3.4589102756422276,4.2626054389255815e-12
3.4593473654603413,3.8278494998535654e-12
3.459784455278455,3.131905866951458e-12
3.4602215450965685,2.2935831591877316e-12
3.460658634914682,1.8035648857576703e-12
3.461095724732796,1.958905350691394e-12
3.4615328145509094,2.6719119545095286e-12
3.461969904369023,3.40605538493976e-12
3.4624069941871367,3.204445410714726e-12
3.4628440840052503,2.138194591188744e-12
3.463281173823364,1.1951812480588166e-12
3.4637182636414776,1.4587561889407703e-12
3.4641553534595912,2.6432271794346884e-12
3.464592443277705,2.512270074979847e-12
3.4650295330958185,1.0010511244021785e-12
3.465466622913932,9.012452023746018e-13
3.465903712732046,2.155239410296764e-12
3.4663408025501594,1.5585646280092764e-12
3.466777892368273,3.4082403120557293e-13
3.4672149821863867,1.4520258633954643e-12
3.4676520720045003,1.4601226085093917e-12
3.468089161822614,-1.2315228787368025e-13
3.4685262516407276,1.2808495113901664e-12
3.468963341458841,4.5187934263119103e-13
3.469400431276955,3.9319398359133696e-14
3.4698375210950685,1.020218051469267e-12
3.470274610913182,-6.55160011043435e-13
3.4707117007312958,8.3398581386058e-13
3.4711487905494094,-8.935850355202877e-13
3.471585880367523,5.316750888248616e-13
3.4720229701856367,-1.204929579193752e-12
3.4724600600037503,3.3548845217267963e-13
3.472897149821864,-1.4090378862287206e-12
3.4733342396399776,-1.532850196731671e-13
3.473771329458091,-1.193777499297967e-12
3.474208419276205,-1.3568103218273915e-12
3.4746455090943185,-4.668567713364327e-13
3.475082598912432,-2.0145047328776415e-12
3.4755196887305457,-1.6929799237108086e-12
3.4759567785486594,-8.97057555075328e-13
3.476393868366773,-1.9341730483941413e-12
3.4768309581848866,-2.65452482011253e-12
3.4772680480030003,-2.1248843759237623e-12
3.477705137821114,-1.5459921393324013e-12
3.4781422276392275,-1.7612601367029624e-12
3.478579317457341,-2.4531727977059028e-12
3.479016407275455,-3.109580943117579e-12
3.4794534970935684,-3.647370957701799e-12
3.479890586911682,-3.795628414938292e-12
3.4803276767297957,-3.9902237392384445e-12
3.4807647665479093,-4.129981650447136e-12
3.481201856366023,-4.243166028964483e-12
3.4816389461841366,-4.156600295499364e-12
3.4820760360022502,-3.7253348527688375e-12
3.482513125820364,-3.5001808562911373e-12
3.4829502156384775,-4.173560717585674e-12
3.483387305456591,-5.291546048273485e-12
3.4838243952747048,-4.915238559850628e-12
3.4842614850928184,-4.2623522322730445e-12
3.484698574910932,-5.867380857119985e-12
3.4851356647290457,-5.0149194545424295e-12
3.4855727545471593,-6.054124454682611e-12
3.486009844365273,-5.472532377741732e-12
3.4864469341833866,-6.89485239911678e-12
3.4868840240015,-6.025237132710752e-12
3.487321113819614,-6.5066566413757836e-12
3.4877582036377275,-7.646363025396635e-12
3.488195293455841,-7.91767948791185e-12
3.4886323832739548,-8.034302677458628e-12
3.4890694730920684,-8.251853471771036e-12
3.489506562910182,-8.811446551488154e-12
3.4899436527282957,-9.287787259852858e-12
3.4903807425464093,-8.836352645879938e-12
3.490817832364523,-9.035144273597555e-12
3.4912549221826366,-1.035301518556773e-11
3.49169201200075,-9.859987620509216e-12
3.492129101818864,-1.0457165556070813e-11
3.4925661916369775,-1.1888585866905767e-11
3.493003281455091,-1.2472661166955928e-11
3.4934403712732047,-1.2681807123599721e-11
3.4938774610913184,-1.2448954564877322e-11
3.494314550909432,-1.4336119432785788e-11
3.4947516407275456,-1.4256008955204285e-11
3.4951887305456593,-1.4975119276230955e-11
3.495625820363773,-1.6823970023638897e-11
3.4960629101818865,-1.7387180564795253e-11
3.4965,-1.9021983539169164e-11
